mmsi,Date,Time,longitude,latitude,sog,cog,heading,vessel_name,imo,call_sign,vessel_type,status,length,width,draft,cargo,transceiver
419104332,2026-03-31,03:43:54,92.20433,12.07062,0.0,33.7,308.0,NAVRATNA PRIDE,,VT2654,35,2.0,30,5.0,,70.0,A
419781618,2026-03-31,10:40:27,79.41702,9.07111,0.0,16.5,,CORAL TRADER,IMO5255341,VU8327,65,8.0,200,34.0,,30.0,A
419564139,2026-03-31,11:27:25,74.98081,12.89954,0.0,95.3,287.0,RAJHANS EXPLORER,,VU8710,55,1.0,18,20.0,,57.0,B
419018451,2026-03-31,10:41:09,80.66305,13.06298,0.0,,,DURGA PRINCE,,8T8095,69,,35,12.0,,31.0,B
419182278,2026-03-31,06:00:43,74.70388,13.12346,0.0,256.6,,AGNI EXPRESS,,8T8393,37,0.0,200,3.0,,31.0,A
419738299,2026-03-31,17:12:33,74.69424,12.88378,1.7,127.5,,PEARL VOYAGER,IMO1333872,AT7317,90,,200,,,99.0,A
419773602,2026-03-31,13:47:52,73.36182,18.81851,0.0,,,YAMUNA I,IMO8050097,8T2081,37,2.0,12,9.0,,70.0,B
419169985,2026-03-31,09:29:39,74.59321,13.02972,0.0,,37.0,VAYU II,IMO8425135,ATG849,51,,120,,,37.0,A
419824493,2026-03-31,12:29:02,74.60839,12.98054,0.0,33.2,141.0,SAMUDRA QUEEN,IMO8680112,AT9826,37,2.0,35,,3.6,31.0,B
419692322,2026-03-31,15:00:40,72.64862,19.23388,0.0,,55.0,KAVERI GLORY,,VU3036,30,7.0,12,10.0,,99.0,A
419142940,2026-03-31,03:56:48,86.8505,20.19198,0.0,138.6,130.0,NAVRATNA PRINCE,,,37,,250,,4.8,52.0,A
419823662,2026-03-31,22:24:36,86.88361,20.23425,0.0,154.7,335.0,DURGA DEVI,IMO2148951,VU4332,37,0.0,80,,1.9,71.0,A
419763201,2026-03-31,15:28:44,74.86755,13.08247,0.0,330.2,,SEA QUEEN VOYAGER,IMO7986872,ATG743,52,,100,30.0,4.4,37.0,A
419581223,2026-03-31,13:56:45,92.17707,11.8477,7.3,149.6,215.0,GANGA EXPLORER,IMO5466889,ATG346,57,,30,,,70.0,A
419990162,2026-03-31,16:48:35,73.64641,15.30609,0.0,274.0,215.0,OSV MEENA,IMO5310033,8T2327,31,1.0,20,25.0,10.6,,A
419241904,2026-03-31,20:57:50,92.57599,12.14981,0.0,,124.0,SEA QUEEN III,IMO9058651,AT0671,57,,200,,,71.0,B
419776945,2026-03-31,08:56:17,79.42898,8.752,4.4,205.1,172.0,YAMUNA PIONEER,IMO5494808,VT3678,60,,200,30.0,1.2,,A
419957885,2026-03-31,15:29:31,85.05543,15.15117,0.0,90.5,98.0,VISHAL PRINCE,,8T8941,53,3.0,35,7.0,9.9,,B
419427109,2026-03-31,10:21:08,82.99749,17.65238,0.9,41.1,251.0,TUG SAMRAT,IMO1318699,VU8677,52,,50,12.0,,,A
419341232,2026-03-31,20:05:50,70.1505,22.50268,0.0,11.7,,SAMUDRA PRINCE,,VU4210,37,,180,,6.5,,A
419887719,2026-03-31,01:27:04,70.31114,17.7036,0.0,,,MATSYA I,IMO2787429,ATG175,30,8.0,250,,,,A
419807154,2026-03-31,11:46:12,70.56491,23.27255,0.0,236.7,211.0,SHIVA GLORY,IMO3482477,,38,,300,7.0,1.2,,A
419712748,2026-03-31,09:57:18,80.27778,13.086,0.0,,,MONSOON VOYAGER,IMO8404499,ATG278,31,,120,34.0,,80.0,A
419360576,2026-03-31,14:03:24,85.95606,15.87718,0.0,,,KAMAL GLORY,,,70,2.0,25,14.0,6.0,,B
419657809,2026-03-31,02:29:28,74.62243,13.01064,0.0,156.2,,KRISHNA,,AT5562,31,3.0,150,7.0,,,B
419923747,2026-03-31,09:17:46,92.6583,12.07869,0.0,,300.0,VIJAY MARINER,,ATG136,83,,28,12.0,11.4,30.0,A
419974395,2026-03-31,07:58:25,88.29221,21.69671,0.0,,330.0,PSV INDRA,,ATG232,57,,35,32.0,4.4,,A
419517123,2026-03-31,14:28:09,85.09733,15.91376,0.0,95.2,,KONKAN III,IMO7098593,ATG461,52,2.0,10,,2.5,60.0,B
419586926,2026-03-31,23:50:41,70.10812,22.98935,0.0,248.4,,KONKAN PIONEER,,VT7139,65,0.0,30,,10.8,,A
419933529,2026-03-31,00:06:11,76.49252,10.24042,0.0,,67.0,GODAVARI,,,57,8.0,12,30.0,,57.0,B
419084700,2026-03-31,17:26:21,78.96478,8.95576,12.8,26.4,311.0,RAJHANS VOYAGER,,AT7896,31,,14,48.0,,36.0,A
419657661,2026-03-31,11:22:46,80.19944,13.23209,2.7,,47.0,INDRA I,IMO8851656,VT4945,53,1.0,20,6.0,3.8,99.0,A
419493689,2026-03-31,22:20:22,92.83079,11.66809,0.0,10.4,,PRIYA EXPLORER,,VT1836,37,8.0,18,16.0,,70.0,A
419229014,2026-03-31,16:07:59,88.10364,21.58853,0.0,124.2,,SAGAR EXPRESS,,VT3432,37,5.0,14,2.0,6.4,,B
419851606,2026-03-31,00:40:56,80.15045,12.76229,7.7,255.3,58.0,OCEAN STAR GLORY,IMO5161369,VT6453,83,,12,32.0,7.6,90.0,A
419312432,2026-03-31,21:55:57,73.49521,15.60549,17.1,167.0,296.0,OCEAN STAR VOYAGER,IMO5271774,8T0581,74,5.0,10,3.0,,99.0,B
419867980,2026-03-31,16:22:27,69.06472,17.21497,0.0,344.7,,SAGAR EXPRESS,IMO7889255,ATG659,31,,200,14.0,,37.0,B
419251925,2026-03-31,11:17:42,85.17587,15.59544,0.0,111.4,,KAMAL II,IMO6850542,AT7332,52,2.0,14,,,,B
419296222,2026-03-31,22:44:45,79.1626,8.79932,0.0,349.0,229.0,OM PRINCE,,ATG746,36,,18,,2.7,71.0,A
419818141,2026-03-31,05:50:12,75.98841,10.19318,0.0,,13.0,CORAL II,,,37,,200,,2.7,99.0,A
419779010,2026-03-31,09:19:04,75.01414,12.68971,11.0,40.0,154.0,OCEAN STAR GLORY,,ATG980,36,,300,6.0,1.0,70.0,A
419851888,2026-03-31,18:28:55,86.62909,20.22332,0.0,91.3,34.0,RAJHANS VOYAGER,,AT2772,53,2.0,60,3.0,1.5,30.0,A
419868740,2026-03-31,23:33:10,73.9185,15.36418,0.0,,,CORAL VOYAGER,IMO7758416,,53,,18,34.0,2.3,37.0,B
419627570,2026-03-31,12:50:10,88.26158,21.54795,0.0,27.0,186.0,GANGA STAR,IMO7021355,8T0927,55,7.0,12,40.0,5.6,37.0,A
419027868,2026-03-31,04:17:15,74.71776,12.75617,0.0,,102.0,SHAKTI II,IMO5518844,VU5831,60,,22,30.0,7.9,,A
419911467,2026-03-31,19:08:23,80.35992,13.02755,0.0,231.2,348.0,JALDOOT QUEEN,IMO2680182,VU5358,31,,25,8.0,7.9,37.0,A
419829922,2026-03-31,23:59:01,88.0201,21.9216,0.0,297.0,,YAMUNA PRIDE,IMO0784473,ATG471,57,0.0,50,30.0,5.3,,A
419625881,2026-03-31,11:37:07,74.71976,12.67351,0.0,104.4,315.0,GODAVARI VOYAGER,,8T7747,83,0.0,40,32.0,,30.0,B
419974801,2026-03-31,15:41:22,73.66947,15.30868,0.0,144.2,99.0,SHAKTI TRADER,IMO9912165,AT8523,36,,100,3.0,2.7,57.0,A
419982595,2026-03-31,05:54:59,78.35556,8.8199,10.7,255.1,8.0,RAJHANS MARINER,IMO0974993,8T7289,52,8.0,250,9.0,12.9,30.0,A
419263689,2026-03-31,17:10:14,68.68684,17.70751,0.0,,244.0,NAVRATNA VOYAGER,IMO4973348,AT4375,37,,25,12.0,9.5,,A
419404157,2026-03-31,23:52:59,74.57124,12.88745,0.0,49.4,300.0,NEELAM EXPRESS,,ATG120,30,,18,20.0,12.0,71.0,A
419540193,2026-03-31,19:29:03,72.22984,11.18027,16.6,317.5,,VARUNA I,,VT5478,37,,16,32.0,3.4,,A
419205493,2026-03-31,06:23:22,88.07439,21.71098,0.0,31.2,,LAKSHMI TRADER,,AT5499,37,0.0,35,9.0,2.5,,A
419145933,2026-03-31,04:51:47,83.64107,17.66398,6.7,,,TARA MATA,,VT9108,52,,120,6.0,11.7,71.0,B
419718707,2026-03-31,04:48:14,82.89619,17.66544,0.0,260.3,,PSV SURYA,IMO0170462,ATG567,50,8.0,250,34.0,11.8,60.0,A
419300478,2026-03-31,15:26:31,83.04801,17.95869,0.0,,57.0,GANGA EXPRESS,,,52,0.0,250,3.0,1.6,60.0,A
419284395,2026-03-31,21:01:30,86.52447,20.42077,0.0,354.8,211.0,VISHAL PRIDE,IMO0568566,,30,8.0,120,30.0,,,A
419866882,2026-03-31,14:08:30,74.83802,12.722,0.0,33.3,97.0,SAGAR II,,8T3735,37,,8,,13.0,90.0,A
419936385,2026-03-31,10:18:21,78.06556,8.77019,4.7,,,GODAVARI PRIDE,,VU0489,37,,28,6.0,,36.0,A
419477725,2026-03-31,06:09:45,73.56043,15.47793,0.0,,,MONSOON STAR,IMO3120387,8T9770,52,0.0,50,2.0,,37.0,A
419211823,2026-03-31,06:59:16,88.03355,21.40193,0.0,134.3,289.0,TARA I,,8T7002,52,1.0,50,,,,A
419339740,2026-03-31,02:42:24,92.75164,11.33645,0.0,334.3,,PEARL II,,8T6856,55,,300,4.0,13.2,52.0,A
419599965,2026-03-31,01:04:43,88.11044,21.82684,4.1,155.4,338.0,RATNA II,,VU6551,57,1.0,28,25.0,4.4,33.0,B
419886101,2026-03-31,12:53:08,86.84911,20.36785,0.0,105.0,,RATNA MATA,,VU4447,40,2.0,50,10.0,7.1,,B
419993712,2026-03-31,11:05:32,73.25994,18.82483,0.0,158.4,,KAVERI DEVI,,AT4793,31,7.0,40,16.0,,60.0,B
419073741,2026-03-31,14:53:47,92.4634,11.16701,0.0,,37.0,NAVRATNA MATA,IMO6805891,,51,,35,7.0,,71.0,A
419610143,2026-03-31,18:35:35,72.75013,10.94639,0.0,,,OM III,,VT1254,32,7.0,20,32.0,7.0,80.0,A
419401051,2026-03-31,05:59:02,70.04798,17.72147,0.0,,,TRISHUL EXPLORER,,VU7966,52,,20,,11.1,,B
419255371,2026-03-31,09:33:07,93.2591,11.58738,5.6,220.0,178.0,KRISHNA II,IMO5134125,8T6692,37,,18,30.0,,33.0,B
419422579,2026-03-31,01:57:06,79.19077,9.27111,3.5,346.9,253.0,SHAKTI DEVI,,VU4043,37,,60,,,31.0,A
419858078,2026-03-31,07:57:24,86.49021,13.80725,0.0,314.8,134.0,AGNI EXPRESS,,AT9629,60,,20,3.0,,33.0,A
419494812,2026-03-31,14:59:08,71.10114,18.47746,0.0,89.9,,SAMRAT TRADER,IMO6711684,AT7759,52,,12,25.0,,90.0,A
419637454,2026-03-31,12:17:50,86.8967,20.04142,0.0,16.5,235.0,VIJAY,IMO6324241,AT1520,74,,300,9.0,2.1,36.0,A
419938700,2026-03-31,12:30:32,79.15339,9.29289,0.0,82.4,52.0,CORAL STAR,IMO2189092,VU2697,37,3.0,14,,8.4,52.0,A
419341389,2026-03-31,21:50:44,93.22954,11.3419,0.0,73.9,,TUG SHIVA,,8T1805,36,7.0,150,20.0,,90.0,B
419104300,2026-03-31,14:29:23,83.25084,17.80286,7.5,29.7,315.0,YAMUNA STAR,IMO6914630,ATG179,31,,250,7.0,,33.0,A
419884252,2026-03-31,09:47:07,93.17988,11.14167,6.0,97.9,,MEENA DEVI,IMO2524191,8T0003,37,0.0,40,6.0,13.0,,A
419353654,2026-03-31,02:50:08,86.77133,20.03358,0.0,,205.0,KRISHNA VOYAGER,,AT3494,37,,35,,,,A
419206038,2026-03-31,12:36:46,87.75768,21.75477,6.0,305.6,53.0,MEENA STAR,IMO1038657,VT9182,90,8.0,150,3.0,13.1,,A
419557431,2026-03-31,07:22:49,73.51538,15.61209,1.9,167.7,274.0,VIJAY TRADER,IMO1249035,,57,,40,32.0,,33.0,A
419788317,2026-03-31,03:42:37,78.90717,8.78388,0.0,,,RAJHANS TRADER,IMO1013721,AT1070,79,,50,18.0,5.8,50.0,A
419447209,2026-03-31,22:32:36,88.14911,21.71782,15.9,21.9,70.0,RATNA,IMO5787598,AT2059,52,3.0,25,,6.9,,A
419133480,2026-03-31,07:59:18,86.5719,20.63787,0.0,63.4,357.0,MALABAR STAR,IMO3784270,,51,,8,32.0,,90.0,A
419500292,2026-03-31,04:02:18,79.47634,9.2164,6.7,210.9,165.0,SHIVA VOYAGER,,8T5392,32,8.0,300,12.0,,70.0,B
419029593,2026-03-31,23:17:19,86.39845,20.60568,0.0,124.8,,BRAHMAPUTRA GLORY,,VT5410,31,0.0,50,,7.2,60.0,B
419932710,2026-03-31,10:44:14,72.37567,18.66335,6.2,57.9,47.0,GANGA PRIDE,IMO2962015,VU6884,90,5.0,14,3.0,7.9,30.0,A
419149731,2026-03-31,00:56:13,75.03623,12.98291,0.0,111.0,,CORAL QUEEN,,VU7047,36,,25,40.0,,,B
419693806,2026-03-31,19:01:35,80.59352,13.12841,0.0,171.4,17.0,OCEAN STAR STAR,,VU2332,70,0.0,250,20.0,11.3,70.0,A
419168685,2026-03-31,10:03:22,82.85989,18.03373,12.6,40.5,,VAYU III,IMO8564679,VT2462,57,,300,18.0,12.1,36.0,B
419450544,2026-03-31,10:12:25,79.31091,9.21494,0.0,,,SEA QUEEN II,,ATG785,37,0.0,18,4.0,7.3,99.0,B
419023303,2026-03-31,01:12:14,80.46371,13.43442,4.9,181.8,,SHAKTI QUEEN,IMO7985524,VT4060,36,,20,9.0,9.5,52.0,A
419722903,2026-03-31,09:11:21,88.32019,21.9544,0.0,152.5,178.0,KAMAL EXPLORER,IMO0858994,VT7154,36,,25,,12.2,33.0,A
419096520,2026-03-31,23:51:44,83.57553,17.53648,0.0,,97.0,OM PIONEER,IMO2824172,8T2513,52,7.0,28,,5.1,37.0,A
419709991,2026-03-31,17:11:34,71.10249,17.00143,0.0,,77.0,SAMRAT GLORY,,VU1752,35,,8,25.0,10.5,90.0,A
419296666,2026-03-31,17:22:53,77.96965,8.47264,0.0,,271.0,RATNA EXPRESS,IMO5421689,VT0447,52,,30,,13.4,57.0,A
419260332,2026-03-31,07:41:21,72.33519,10.97175,0.0,135.0,,TUG GANGA,,,51,,120,10.0,,71.0,A
419184992,2026-03-31,15:14:56,79.33126,8.76295,0.0,282.4,311.0,KAVERI PIONEER,IMO4208737,VT0119,36,,12,32.0,,71.0,A
419470120,2026-03-31,10:34:45,78.1056,8.85606,0.0,3.5,331.0,OCEAN STAR TRADER,IMO1552166,AT6762,37,1.0,10,7.0,12.4,,A
419965902,2026-03-31,17:35:18,69.73385,15.83881,0.0,235.7,347.0,NEELAM VOYAGER,IMO9163756,,53,,180,3.0,,,A
419175354,2026-03-31,01:49:59,83.15291,17.7404,0.0,,229.0,SHIVA,,8T8019,37,,100,34.0,,,A
419758997,2026-03-31,23:55:36,77.90846,8.72152,0.0,,149.0,ANAND DEVI,,ATG149,37,3.0,40,8.0,,,A
419917798,2026-03-31,04:54:07,86.20864,13.51301,10.0,301.9,,VISHAL STAR,,8T5866,71,,22,10.0,5.3,90.0,A
419984858,2026-03-31,23:01:53,74.87863,12.72583,0.0,353.2,91.0,AGNI PIONEER,IMO9968460,VT6200,52,3.0,18,12.0,2.8,90.0,B
419057198,2026-03-31,08:10:00,72.39008,10.94902,0.0,249.4,195.0,GODAVARI I,,8T7359,80,,20,8.0,,,B
419160648,2026-03-31,09:37:14,69.95502,23.08399,0.0,,305.0,KRISHNA DEVI,IMO8515832,8T2688,79,8.0,22,8.0,5.1,90.0,B
419801573,2026-03-31,23:23:02,88.51712,21.69691,0.0,,58.0,KAMAL PIONEER,IMO8770435,VT2880,40,1.0,200,,6.3,,A
419120750,2026-03-31,03:11:11,69.95191,22.67799,0.0,327.9,,OSV AGNI,IMO9190158,,37,,28,25.0,11.3,33.0,A
419684245,2026-03-31,00:24:21,86.38626,20.33855,0.1,,156.0,YAMUNA PRIDE,IMO8222394,VU9087,53,,250,4.0,,50.0,A
419149135,2026-03-31,17:41:22,80.14454,13.19307,0.0,,86.0,TRISHUL TRADER,IMO2577754,VT2914,36,,20,,,,A
419996930,2026-03-31,20:04:58,74.77381,13.13639,0.0,131.7,,DURGA II,,VU9282,36,,150,40.0,,,A
419373145,2026-03-31,08:31:13,73.33927,18.59813,6.5,,,KAMAL TRADER,IMO4989266,VT8463,37,,35,,12.1,33.0,A
419184322,2026-03-31,05:43:45,77.921,8.88038,0.0,259.2,245.0,MONSOON,,,51,,200,32.0,8.2,,B
419699041,2026-03-31,07:53:09,80.59384,13.49422,3.1,,,BRAHMAPUTRA GLORY,IMO1366210,8T6291,38,2.0,180,44.0,,31.0,A
419980686,2026-03-31,13:29:06,69.78687,17.59293,16.9,284.2,,SAMRAT III,,VU1498,71,8.0,8,2.0,2.5,71.0,A
419651269,2026-03-31,09:14:04,74.7888,12.92166,11.0,271.7,285.0,SAMUDRA MARINER,IMO6213721,ATG589,37,0.0,200,,11.3,70.0,A
419435190,2026-03-31,13:59:34,70.46853,16.70193,0.0,,327.0,KAMAL MARINER,,8T8392,30,0.0,200,,2.1,52.0,A
419693801,2026-03-31,03:16:58,86.69138,20.4583,0.0,346.7,,LAKSHMI TRADER,,8T1845,37,,25,,,52.0,A
419577907,2026-03-31,04:13:59,74.92319,12.8296,0.0,288.0,180.0,RATNA MARINER,,AT1827,30,7.0,150,10.0,,36.0,A
419334333,2026-03-31,09:05:28,79.36736,8.91362,0.0,243.2,314.0,OM PIONEER,IMO7947284,8T2086,65,,10,32.0,,,B
419750036,2026-03-31,21:09:13,70.56184,22.8616,0.0,85.3,313.0,MONSOON PIONEER,,ATG292,33,,14,,,36.0,A
419702672,2026-03-31,22:57:40,83.47827,17.87645,0.0,143.4,30.0,VAYU GLORY,IMO4558845,,36,1.0,250,44.0,,,A
419558771,2026-03-31,13:52:27,88.51528,21.571,0.0,151.8,,NEELAM VOYAGER,,AT9647,30,,100,25.0,3.3,80.0,A
419132611,2026-03-31,02:19:21,84.16148,14.91956,0.0,37.4,,RATNA MARINER,,,70,,8,3.0,11.8,57.0,B
419487282,2026-03-31,21:30:41,86.7451,20.39173,0.0,327.1,,SAMUDRA STAR,,,37,2.0,80,34.0,,57.0,A
419493085,2026-03-31,06:51:56,80.2158,13.14844,2.9,298.2,40.0,OCEAN STAR TRADER,,AT6312,36,2.0,200,25.0,,36.0,A
419080214,2026-03-31,09:48:03,69.7082,22.93842,0.0,177.6,,SAGAR VOYAGER,,VU0461,37,,20,,11.4,,A
419730371,2026-03-31,18:58:26,88.0613,21.36676,0.0,57.1,281.0,KAVERI PIONEER,IMO3136502,8T1630,36,0.0,300,30.0,,36.0,A
419950052,2026-03-31,19:31:40,72.38614,10.60066,0.0,289.9,98.0,SAMUDRA I,IMO7848739,AT5749,37,,100,6.0,,57.0,B
419620959,2026-03-31,08:41:38,76.4803,9.68801,0.0,188.6,282.0,GODAVARI III,,VT2203,36,1.0,14,3.0,,60.0,B
419405391,2026-03-31,00:28:35,69.97422,16.12621,0.0,168.5,,KONKAN I,IMO4801413,VT1386,79,3.0,250,9.0,,60.0,A
419957612,2026-03-31,06:34:04,86.76027,20.30328,9.6,,,TRISHUL VOYAGER,IMO9836845,ATG600,37,5.0,100,,4.8,36.0,A
419048889,2026-03-31,20:48:42,73.66339,15.17264,0.0,320.2,,YAMUNA II,IMO7279194,,31,,10,14.0,11.2,99.0,A
419906048,2026-03-31,01:29:57,76.0961,9.98895,0.0,18.2,,TARA EXPRESS,,VU2517,55,,120,18.0,6.0,80.0,A
419783769,2026-03-31,07:08:23,86.66697,20.64796,0.0,279.6,294.0,MALABAR PRINCE,,VT4259,52,,60,,,,A
419103924,2026-03-31,00:30:00,78.03307,8.93257,0.0,75.2,104.0,OCEAN STAR STAR,IMO0698042,,55,,180,10.0,9.2,,A
419104636,2026-03-31,18:30:55,84.94637,13.79881,0.0,67.1,,OSV KRISHNA,,VU0555,52,5.0,100,,,,B
419432562,2026-03-31,03:11:47,92.91359,11.62486,0.0,150.2,,NAVRATNA STAR,,,71,,20,6.0,,33.0,A
419925188,2026-03-31,04:18:37,73.53731,15.65371,0.0,316.8,210.0,MATSYA STAR,IMO1220994,8T3933,55,0.0,300,30.0,11.6,71.0,A
419772233,2026-03-31,01:10:24,80.64035,13.47505,0.0,,104.0,OCEAN STAR DEVI,IMO7366096,ATG999,74,,300,3.0,,,A
419886086,2026-03-31,18:47:29,72.35188,11.27007,0.0,278.4,85.0,OSV PRIYA,IMO7181298,,51,8.0,8,7.0,,57.0,A
419211175,2026-03-31,03:06:21,83.48285,17.60727,0.0,136.3,,PRIYA QUEEN,IMO2064474,VT2309,40,5.0,80,30.0,,36.0,B
419767199,2026-03-31,00:14:21,74.82186,12.9284,0.0,17.6,334.0,OSV SEA QUEEN,,VT1622,32,,300,44.0,,80.0,A
419145561,2026-03-31,15:33:30,79.18249,8.73896,0.0,118.5,,KAMAL II,IMO9469548,8T5299,51,,200,30.0,,80.0,A
419010713,2026-03-31,22:24:09,85.00138,14.74212,0.0,4.1,144.0,JALDOOT VOYAGER,IMO1556990,VU5577,30,,80,6.0,,50.0,A
419084958,2026-03-31,19:30:39,72.64806,19.04288,0.0,23.8,15.0,ANAND EXPLORER,,,37,,30,3.0,,50.0,A
419384215,2026-03-31,01:21:41,72.55502,11.23068,0.4,325.7,,GODAVARI STAR,IMO1823076,8T1040,53,,30,,,80.0,B
419435334,2026-03-31,10:04:21,83.3869,17.91823,0.0,98.5,,JALDOOT VOYAGER,,AT9321,31,,30,34.0,2.6,71.0,A
419016629,2026-03-31,21:34:53,88.10667,21.7521,0.0,294.2,,VIJAY STAR,,ATG174,31,,22,,,52.0,A
419577017,2026-03-31,04:06:36,77.95248,8.72675,0.0,182.8,54.0,NAVRATNA GLORY,,8T3827,52,8.0,20,40.0,,50.0,A
419219719,2026-03-31,21:42:08,80.55762,13.14407,3.2,25.1,,MEENA II,,,37,,200,,9.3,37.0,B
419733549,2026-03-31,11:05:17,70.65337,18.31003,0.0,209.7,261.0,KONKAN I,,AT1403,31,,40,48.0,5.8,60.0,A
419723865,2026-03-31,15:11:27,73.85204,15.74847,0.0,233.4,,INDRA PRIDE,IMO9692786,ATG653,89,2.0,8,40.0,,37.0,B
419950097,2026-03-31,13:25:10,70.3905,22.98153,0.0,167.3,312.0,SURYA MARINER,IMO5807787,AT6544,37,2.0,180,,8.0,57.0,B
419049047,2026-03-31,03:00:14,70.48376,22.57686,0.0,99.1,,SHAKTI PIONEER,IMO4372805,VU9276,71,8.0,60,48.0,,30.0,A
419027674,2026-03-31,17:20:25,72.62602,11.10194,6.8,170.8,222.0,GODAVARI MATA,IMO0185694,AT1496,74,,22,,,33.0,A
419010618,2026-03-31,03:46:59,92.9703,11.42182,0.0,8.5,,AGNI III,,ATG921,60,2.0,60,4.0,12.5,,A
419421406,2026-03-31,14:08:53,76.47336,9.68604,4.8,,,PRIYA PRIDE,,ATG410,33,1.0,25,25.0,,,A
419425690,2026-03-31,18:45:52,92.67377,11.92519,0.0,194.4,,MALABAR VOYAGER,IMO6015851,AT3280,37,,28,,8.9,,B
419320309,2026-03-31,08:40:58,83.28244,17.35039,5.5,347.9,173.0,TUG YAMUNA,IMO8782931,,57,2.0,8,,8.7,71.0,A
419041792,2026-03-31,21:31:09,72.38702,19.33096,0.0,22.7,,GODAVARI III,IMO9825309,VT1426,90,,120,7.0,12.6,,B
419620710,2026-03-31,00:15:46,73.84105,15.20348,16.0,,,KAMAL GLORY,,8T0927,36,,200,12.0,1.1,,A
419958837,2026-03-31,22:48:31,87.90498,21.42114,14.3,179.1,22.0,SAMUDRA VOYAGER,IMO7010822,ATG811,37,,150,40.0,,50.0,A
419531363,2026-03-31,13:40:21,70.25528,15.72059,1.0,,232.0,KAVERI PIONEER,IMO3520904,,37,,18,14.0,4.7,90.0,B
419298316,2026-03-31,18:59:49,83.32326,18.09653,0.0,5.2,126.0,RAJHANS STAR,IMO0600780,ATG717,37,,120,2.0,6.1,50.0,A
419074279,2026-03-31,21:15:01,73.1762,18.89581,15.7,,320.0,SURYA EXPLORER,IMO5804649,VU1950,52,,250,,2.4,70.0,A
419281832,2026-03-31,12:11:39,74.7371,12.66813,0.0,,164.0,MATSYA I,,ATG881,36,,250,,6.6,,A
419371162,2026-03-31,10:29:57,84.4943,13.73084,0.0,,,NAVRATNA STAR,IMO6704310,VU8569,30,,30,30.0,,57.0,B
419242437,2026-03-31,13:32:25,84.14196,15.80925,6.4,344.1,,PRIYA QUEEN,,,36,7.0,60,10.0,,71.0,A
419257828,2026-03-31,10:58:46,70.63107,22.52493,13.8,333.9,,OM MARINER,IMO9297517,VU8140,37,,22,25.0,,36.0,A
419430187,2026-03-31,03:10:52,85.4714,14.68327,0.0,327.0,,LAKSHMI MARINER,,ATG813,37,,50,25.0,,,A
419299123,2026-03-31,11:02:25,83.63931,17.99402,1.2,31.8,139.0,INDRA PRINCE,,8T7049,40,5.0,60,9.0,1.0,,B
419146273,2026-03-31,01:02:08,70.69433,22.77722,0.0,209.1,,AGNI PIONEER,IMO9042902,VU5204,37,7.0,35,3.0,,60.0,A
419192855,2026-03-31,10:57:42,76.11751,10.06878,0.0,296.3,265.0,ANAND III,,VU8988,57,,14,20.0,,30.0,A
419527985,2026-03-31,06:16:11,93.07749,11.03451,0.0,247.6,107.0,AGNI II,,ATG031,31,,100,40.0,2.5,31.0,A
419119393,2026-03-31,06:43:39,92.27467,11.03511,0.0,341.5,,DURGA II,,VT8334,57,,120,,2.2,,B
419592712,2026-03-31,12:55:07,85.54275,14.77228,0.0,44.5,69.0,SAGAR II,,,37,5.0,28,25.0,,52.0,A
419752071,2026-03-31,14:25:52,79.968,13.22684,2.6,,86.0,SEA QUEEN EXPLORER,,ATG499,89,,200,18.0,,57.0,A
419711477,2026-03-31,08:24:14,87.82968,21.30769,0.0,179.3,91.0,OCEAN STAR III,IMO8773477,8T5880,52,,14,18.0,11.7,30.0,B
419427624,2026-03-31,14:09:57,83.39002,17.38751,11.9,,259.0,CORAL PIONEER,IMO4500902,AT9056,36,1.0,35,20.0,9.3,71.0,A
419141520,2026-03-31,19:36:11,76.41802,9.92655,10.2,96.0,301.0,GODAVARI III,IMO1357852,AT6371,37,,25,3.0,,,A
419919541,2026-03-31,20:37:22,79.02584,8.98516,0.0,181.6,339.0,OCEAN STAR MATA,IMO8208297,ATG489,35,,200,3.0,5.6,,A
419665136,2026-03-31,09:43:07,79.05387,9.08763,10.8,85.8,14.0,JALDOOT PRIDE,,VU2420,60,,25,34.0,,,A
419159416,2026-03-31,13:13:56,92.57627,12.06286,0.0,85.0,,KAMAL TRADER,IMO1391559,VU6321,38,2.0,25,25.0,11.8,60.0,A
419586734,2026-03-31,05:16:33,78.34282,8.8794,0.0,302.8,,JALDOOT EXPLORER,,AT1837,57,8.0,40,10.0,,37.0,A
419756041,2026-03-31,17:54:07,83.52293,17.63037,0.0,296.7,259.0,JALDOOT VOYAGER,IMO0027206,AT5911,37,2.0,300,,,,B
419724295,2026-03-31,10:15:35,73.55913,15.3987,0.0,7.5,,VIJAY PRINCE,,VT6969,51,5.0,35,,,,B
419713334,2026-03-31,10:29:03,72.54505,10.80566,0.0,358.2,346.0,GANGA MARINER,IMO3973597,,33,,30,18.0,,80.0,A
419180053,2026-03-31,17:08:46,71.31797,18.49022,0.0,1.9,195.0,JALDOOT I,IMO4287572,,37,,25,5.0,13.2,99.0,A
419644948,2026-03-31,11:23:46,80.4895,12.83199,0.0,,,NEELAM QUEEN,,ATG617,30,0.0,300,34.0,,99.0,A
419134228,2026-03-31,09:55:55,86.44868,20.4142,0.0,189.3,,VAYU VOYAGER,,VT6591,36,7.0,12,,9.2,37.0,A
419509759,2026-03-31,04:42:30,74.83619,12.62921,0.0,267.7,308.0,PEARL II,,ATG642,37,1.0,50,,8.5,,B
419377674,2026-03-31,20:30:01,88.08803,21.27218,0.0,156.2,20.0,PRIYA DEVI,IMO8147617,VU4386,89,5.0,120,,,52.0,B
419454918,2026-03-31,00:35:32,69.87955,23.16158,3.3,16.3,152.0,SHAKTI TRADER,,VU3219,52,,14,20.0,1.1,,B
419697499,2026-03-31,13:08:01,92.91012,12.15577,0.0,45.0,,GANGA PRINCE,IMO2368314,VU7601,52,,300,,,70.0,A
419960501,2026-03-31,22:57:09,79.14941,8.95907,0.0,13.3,,SHIVA EXPRESS,IMO8069581,ATG717,51,,35,25.0,1.3,36.0,B
419383959,2026-03-31,23:55:08,83.4284,18.00654,7.0,299.8,,OCEAN STAR PRINCE,,ATG223,60,,14,,7.2,60.0,A
419545228,2026-03-31,01:09:50,78.96838,8.90264,0.0,,,PRIYA MATA,IMO1077119,VT8081,57,,20,16.0,4.7,60.0,A
419255213,2026-03-31,15:59:14,84.01976,15.80766,15.0,122.8,43.0,RATNA STAR,IMO8632666,8T5072,52,,100,4.0,,33.0,A
419029084,2026-03-31,15:15:59,80.34289,13.2447,0.0,327.2,,PEARL GLORY,IMO8997563,VT0856,51,2.0,120,12.0,7.4,,A
419008943,2026-03-31,11:03:58,92.23253,12.18435,0.0,93.5,63.0,KRISHNA,IMO3998935,8T2683,52,1.0,150,,5.5,80.0,A
419110627,2026-03-31,07:49:12,80.321,12.99544,10.6,313.8,325.0,SHIVA PRIDE,IMO2827728,VT3770,37,,35,5.0,6.1,70.0,B
419215454,2026-03-31,10:42:12,82.96371,17.93296,0.0,337.2,145.0,AGNI PIONEER,,,60,,150,,10.8,,A
419287772,2026-03-31,11:50:26,70.32359,23.12477,7.0,122.0,,ANAND,IMO4818139,VT9837,53,,14,34.0,,,B
419718956,2026-03-31,21:26:27,72.27792,19.38437,7.9,8.7,195.0,ANAND MARINER,,VT2462,31,,30,7.0,1.7,50.0,A
419461033,2026-03-31,21:44:10,86.82667,20.29509,0.0,96.9,283.0,NEELAM,,VT3824,37,,12,48.0,10.8,,A
419868700,2026-03-31,16:55:02,85.95918,15.36219,0.0,336.0,306.0,YAMUNA MATA,,8T9141,52,,16,,12.0,,A
419547435,2026-03-31,12:26:18,74.64707,13.1754,0.0,232.7,243.0,JALDOOT DEVI,IMO8118071,ATG956,30,,300,2.0,5.6,30.0,A
419453194,2026-03-31,08:03:06,74.6678,12.89629,0.0,,326.0,SHIVA QUEEN,IMO9992192,VU4938,69,5.0,250,,,,B
419060566,2026-03-31,09:58:38,70.19557,23.0183,0.0,318.1,,PEARL PRINCE,,VT3613,38,3.0,28,4.0,2.2,90.0,A
419431735,2026-03-31,01:58:54,79.04205,9.01181,1.3,275.0,296.0,CORAL VOYAGER,IMO1207049,VT1080,89,,40,5.0,,,A
419767699,2026-03-31,03:41:14,78.31976,9.01255,0.0,211.6,,KAVERI STAR,IMO4567972,VT0249,30,8.0,200,16.0,,33.0,B
419545089,2026-03-31,23:56:43,92.70853,11.06878,0.0,151.9,,KAVERI DEVI,IMO7959959,AT2170,35,,8,48.0,,36.0,A
419636205,2026-03-31,00:21:36,69.81519,22.53002,0.0,,184.0,VISHAL EXPRESS,IMO2583230,AT1026,30,1.0,20,12.0,5.6,,B
419611223,2026-03-31,06:58:44,83.10436,17.85548,0.0,,300.0,GODAVARI EXPRESS,,VU8973,38,,250,44.0,,,A
419787255,2026-03-31,19:07:55,92.69375,11.85878,4.8,,332.0,RATNA EXPLORER,,ATG925,36,5.0,16,4.0,7.5,30.0,B
419567766,2026-03-31,13:22:50,79.12942,8.89021,0.0,95.6,42.0,TARA TRADER,IMO1115083,AT4443,38,,300,,1.1,99.0,A
419690782,2026-03-31,14:28:21,74.57593,13.034,4.2,260.0,43.0,MONSOON PRINCE,,VT5292,33,,8,,11.4,52.0,A
419845909,2026-03-31,01:10:21,71.35791,15.96107,5.9,352.8,200.0,BRAHMAPUTRA GLORY,IMO4121820,8T7023,37,,40,12.0,,57.0,B
419025662,2026-03-31,04:01:55,70.44314,22.91841,0.0,46.8,,SAMRAT MARINER,IMO8743027,,52,,22,32.0,8.1,57.0,A
419475469,2026-03-31,06:22:34,80.39419,12.84366,7.8,327.8,291.0,TUG MATSYA,IMO8413768,,52,7.0,14,,5.1,37.0,A
419701765,2026-03-31,14:32:22,78.90644,8.938,0.0,117.7,248.0,SHAKTI STAR,IMO4220912,8T6210,31,5.0,35,7.0,,36.0,A
419816470,2026-03-31,21:46:47,73.17054,19.27689,0.0,327.1,8.0,KAVERI II,,VU2068,90,,30,34.0,,,A
419331552,2026-03-31,00:32:45,80.21135,12.95299,0.0,236.8,319.0,KRISHNA DEVI,IMO1892419,ATG252,30,,250,30.0,,57.0,A
419890309,2026-03-31,04:31:00,76.35435,10.09275,0.0,49.5,103.0,OSV SEA QUEEN,IMO7524508,ATG403,35,7.0,20,34.0,,,A
419968527,2026-03-31,22:55:46,72.33398,19.39384,0.0,337.7,,RATNA MATA,,AT2336,60,,28,12.0,13.1,,A
419566277,2026-03-31,15:23:23,83.45826,17.88794,14.8,7.1,,PRIYA QUEEN,,ATG468,71,,30,,,30.0,B
419576665,2026-03-31,13:58:56,83.32065,17.81284,0.0,357.2,289.0,MALABAR MATA,IMO5066337,,57,,250,2.0,9.1,,A
419439920,2026-03-31,04:15:00,72.93351,11.01552,0.0,186.6,216.0,DURGA EXPLORER,IMO6119524,ATG402,37,,12,20.0,,33.0,A
419237281,2026-03-31,16:24:29,86.44066,20.0988,0.0,,209.0,ANAND II,,AT1509,71,3.0,250,5.0,,71.0,A
419138069,2026-03-31,18:56:07,86.79639,15.78409,0.0,217.5,,KONKAN EXPLORER,,,99,,14,2.0,,33.0,A
419843579,2026-03-31,23:59:20,70.48069,17.04474,0.0,6.0,,NEELAM DEVI,,VT5671,53,8.0,20,,,80.0,A
419714872,2026-03-31,16:14:55,85.622,14.94651,0.0,271.1,45.0,PSV CORAL,IMO3471287,,99,,150,44.0,,,A
419863341,2026-03-31,10:35:38,70.44058,22.58914,0.0,206.2,,TUG RAJHANS,IMO6655289,VT6087,50,7.0,28,9.0,,,A
419954814,2026-03-31,20:53:51,83.24602,17.96295,12.7,,,NEELAM I,IMO2764208,ATG756,36,8.0,28,12.0,,52.0,A
419904729,2026-03-31,05:00:30,80.61777,13.08595,0.0,264.6,294.0,CORAL PRIDE,IMO2015720,,57,,150,,8.8,30.0,A
419749261,2026-03-31,16:52:54,79.06513,9.09019,0.0,4.2,62.0,GANGA DEVI,,8T2676,52,5.0,14,14.0,,33.0,A
419688871,2026-03-31,18:53:33,79.3913,9.02339,0.0,,,PSV GODAVARI,,,52,,12,34.0,10.4,31.0,A
419826034,2026-03-31,01:40:51,86.34841,15.05833,11.9,50.3,160.0,NAVRATNA MATA,,,90,0.0,20,6.0,,70.0,B
419542961,2026-03-31,20:01:09,74.9922,12.82907,0.0,340.0,355.0,MATSYA PRINCE,IMO9892625,ATG609,35,3.0,14,34.0,7.9,71.0,A
419423401,2026-03-31,13:43:54,86.85535,14.16668,0.0,63.2,,MALABAR MARINER,IMO9102562,8T8967,60,,8,,9.2,,A
419539672,2026-03-31,15:58:55,85.50669,15.89541,5.0,187.4,117.0,MONSOON VOYAGER,IMO1131290,,65,5.0,80,,,80.0,B
419881609,2026-03-31,06:55:27,70.64248,17.73775,0.0,87.9,,ANAND MATA,IMO2152850,ATG251,30,,22,,11.7,57.0,A
419096348,2026-03-31,01:17:23,86.54506,16.17748,0.0,221.5,181.0,PEARL PIONEER,,VU1882,37,8.0,80,2.0,9.2,52.0,A
419628417,2026-03-31,23:53:39,79.11224,8.7971,0.0,318.0,56.0,BRAHMAPUTRA I,,ATG416,30,,250,6.0,,,A
419211022,2026-03-31,12:31:44,83.0392,17.91391,0.0,154.6,4.0,TRISHUL EXPRESS,IMO8234143,ATG371,36,,20,40.0,2.9,52.0,A
419260931,2026-03-31,01:51:18,78.2701,8.76498,0.0,121.0,261.0,KONKAN TRADER,IMO6350200,,30,7.0,80,,2.3,57.0,A
419110825,2026-03-31,13:07:40,72.82305,10.78911,0.0,85.7,299.0,SEA QUEEN III,,VU3711,70,,28,,,30.0,A
419848557,2026-03-31,22:55:57,92.18125,12.09302,0.0,60.1,66.0,KAVERI EXPLORER,IMO8812786,ATG694,80,3.0,18,40.0,,90.0,B
419844344,2026-03-31,20:06:11,70.23357,22.72393,0.0,339.0,68.0,RATNA PRINCE,IMO0595518,VU6945,57,,8,16.0,13.1,30.0,B
419164983,2026-03-31,16:05:58,74.799,12.76128,14.5,56.0,222.0,VISHAL GLORY,,VU9724,71,0.0,18,18.0,3.3,52.0,A
419182091,2026-03-31,13:45:28,77.85813,8.51602,0.0,,137.0,TUG VAYU,IMO5132797,AT5723,51,0.0,25,48.0,1.3,60.0,B
419620303,2026-03-31,15:33:05,78.02211,8.66199,16.6,247.2,57.0,VARUNA PIONEER,,AT1092,99,2.0,30,44.0,,71.0,A
419514754,2026-03-31,02:46:49,72.98244,11.18937,0.0,115.3,,MATSYA STAR,,VU6557,31,8.0,50,,,,A
419687887,2026-03-31,19:23:12,86.35853,20.11108,0.0,253.0,1.0,OM STAR,IMO0552472,8T6333,60,,14,6.0,,50.0,A
419917920,2026-03-31,05:20:52,77.89624,8.4974,10.2,53.9,,MONSOON VOYAGER,,VT4120,52,,18,32.0,6.0,57.0,A
419984362,2026-03-31,09:53:48,86.93378,15.0645,0.0,144.1,200.0,SURYA GLORY,IMO6620563,VT1595,55,0.0,18,34.0,3.6,37.0,A
419034199,2026-03-31,01:38:01,86.33198,20.50316,0.0,3.1,,PEARL PIONEER,IMO1568182,,38,8.0,10,12.0,9.5,71.0,A
419322889,2026-03-31,23:42:59,83.20798,17.91491,0.0,,220.0,RATNA PRINCE,IMO9129710,,52,5.0,12,30.0,,33.0,B
419551127,2026-03-31,09:23:29,86.28944,16.43545,0.0,,249.0,OCEAN STAR STAR,,8T5516,65,,250,3.0,,,B
419021462,2026-03-31,20:45:28,78.08293,8.49379,0.0,125.6,,VAYU EXPLORER,IMO3651559,ATG147,37,0.0,80,6.0,5.0,,A
419567303,2026-03-31,00:50:07,84.80954,15.55101,0.0,51.0,41.0,KAMAL PRINCE,IMO4201654,AT6778,52,,50,,,,B
419319925,2026-03-31,11:31:26,73.37058,19.4258,0.0,,208.0,INDRA GLORY,IMO9103368,8T6353,52,,150,2.0,5.5,37.0,A
419776655,2026-03-31,19:45:02,80.16866,13.47926,16.7,154.2,304.0,TRISHUL MARINER,IMO1111096,,37,,14,48.0,8.3,,A
419378613,2026-03-31,17:05:48,86.38125,14.55184,8.4,2.7,114.0,KRISHNA PRIDE,IMO0600025,8T9552,36,,22,,,99.0,B
419626265,2026-03-31,18:50:00,73.87601,15.28858,0.0,,,GODAVARI PRINCE,,,60,,150,6.0,,31.0,A
419275233,2026-03-31,10:48:38,73.88579,15.65427,14.5,277.3,140.0,OSV VAYU,,VT1244,32,2.0,80,,3.6,90.0,A
419713665,2026-03-31,23:04:00,69.03942,17.92565,0.0,237.4,16.0,OCEAN STAR,,VT3908,37,0.0,16,,2.4,50.0,A
419244731,2026-03-31,12:41:25,92.66045,11.78231,14.6,184.5,98.0,MATSYA EXPLORER,,8T4237,35,,50,,,70.0,A
419955172,2026-03-31,01:13:44,85.22942,14.25919,0.0,143.4,165.0,YAMUNA PIONEER,,VT0505,33,3.0,30,9.0,,60.0,B
419491966,2026-03-31,11:34:12,78.9298,8.81889,0.0,356.4,63.0,RATNA,,8T0742,51,8.0,120,32.0,9.1,,A
419445561,2026-03-31,20:15:35,72.23766,10.89505,5.4,177.6,,NEELAM I,IMO2156321,AT8004,79,0.0,28,4.0,,52.0,A
419297125,2026-03-31,05:23:18,72.97267,11.21024,7.4,240.5,,GODAVARI DEVI,,AT1583,52,,12,30.0,1.2,99.0,B
419153988,2026-03-31,11:24:32,72.56322,10.74946,0.0,329.0,186.0,KAVERI EXPLORER,,VU4912,37,,14,9.0,6.8,,B
419541815,2026-03-31,15:42:34,74.70851,12.83816,6.0,98.1,332.0,KAVERI EXPLORER,,8T7861,74,,14,9.0,,36.0,A
419439666,2026-03-31,03:41:18,74.86501,13.09444,0.0,282.8,,TUG DURGA,IMO9743251,AT7207,36,8.0,18,,,30.0,B
419907371,2026-03-31,01:38:41,79.49425,9.04036,0.0,,51.0,MALABAR TRADER,IMO4570545,8T7148,53,0.0,50,9.0,2.8,36.0,A
419531361,2026-03-31,09:58:23,71.19766,17.5364,0.0,95.5,169.0,KRISHNA PRINCE,,AT9167,37,,35,12.0,,33.0,A
419849824,2026-03-31,17:43:29,75.90936,10.12987,0.0,297.1,250.0,LAKSHMI I,,AT8821,37,5.0,20,20.0,2.0,,A
419666144,2026-03-31,21:44:15,76.30735,9.98834,0.0,245.9,69.0,KRISHNA GLORY,IMO6612875,AT7567,35,,60,,,,B
419439852,2026-03-31,22:36:21,86.50534,20.3459,13.6,45.3,,MEENA II,,VT5914,70,,30,3.0,,80.0,A
419828723,2026-03-31,23:17:22,79.08653,8.88054,0.0,289.9,102.0,AGNI MATA,,ATG087,30,8.0,14,12.0,,,A
419979162,2026-03-31,23:09:47,73.14352,18.52002,0.0,171.4,341.0,MATSYA EXPLORER,,ATG662,51,0.0,14,40.0,8.3,,B
419705277,2026-03-31,10:04:54,72.85077,18.53998,0.0,125.5,199.0,SAMRAT VOYAGER,IMO2446176,8T2988,32,5.0,30,,,52.0,A
419231177,2026-03-31,11:47:02,72.84684,11.28506,0.0,,,OCEAN STAR TRADER,,VT7590,37,2.0,300,25.0,,36.0,B
419743326,2026-03-31,19:14:35,79.24926,8.81538,0.0,,2.0,SURYA VOYAGER,,8T7339,37,,35,,,57.0,A
419191284,2026-03-31,03:40:26,70.30149,22.73057,0.0,295.6,128.0,ANAND MARINER,,8T9846,37,,300,5.0,,71.0,A
419643502,2026-03-31,07:26:09,86.94692,20.46371,0.0,84.8,,SAGAR PIONEER,IMO6991872,VT1078,52,,50,30.0,,,A
419389608,2026-03-31,17:33:19,73.08453,19.26882,7.7,197.8,,KAVERI VOYAGER,,,90,3.0,8,9.0,,60.0,A
419301027,2026-03-31,06:34:30,76.26145,9.83848,0.0,46.7,336.0,NAVRATNA PRINCE,IMO5374584,VU8458,30,,35,,8.8,,B
419348315,2026-03-31,05:10:07,72.77833,18.63213,0.0,,138.0,TARA I,,ATG066,37,,20,18.0,6.4,37.0,A
419095493,2026-03-31,00:59:44,78.11045,8.94754,0.0,290.6,347.0,TRISHUL MATA,,ATG320,99,,25,,10.6,70.0,B
419454490,2026-03-31,04:31:33,76.4016,10.04647,15.3,166.5,238.0,JALDOOT PRINCE,,VT4985,37,1.0,25,10.0,7.2,33.0,B
419031028,2026-03-31,16:01:52,86.80215,19.97937,0.0,351.0,180.0,VAYU II,IMO1813359,ATG164,30,2.0,180,16.0,,,A
419902504,2026-03-31,05:27:49,70.32711,15.57661,0.0,338.3,298.0,TARA II,IMO3989868,8T0978,53,,25,,4.7,,A
419375137,2026-03-31,14:55:29,78.15339,8.66119,16.5,217.8,214.0,NAVRATNA EXPRESS,IMO6929445,VT6682,60,,20,,1.2,,B
419120602,2026-03-31,02:39:30,70.61862,23.36688,0.0,45.9,,BRAHMAPUTRA III,IMO0157676,ATG229,31,,8,40.0,9.4,50.0,B
419941347,2026-03-31,12:25:10,72.88023,18.97121,9.1,102.7,,YAMUNA PRIDE,IMO9951542,,30,5.0,22,7.0,,90.0,A
419421388,2026-03-31,06:08:51,73.40183,19.43305,0.0,,13.0,TRISHUL GLORY,IMO7411767,VU4151,36,,30,7.0,,,A
419506185,2026-03-31,06:55:55,79.42654,9.09668,0.0,88.5,,VISHAL DEVI,,VT8306,36,1.0,180,,,70.0,B
419357824,2026-03-31,08:26:34,69.97067,17.50393,0.0,195.6,112.0,VARUNA PRIDE,IMO5361275,AT6277,70,,22,2.0,,90.0,B
419545667,2026-03-31,15:28:51,78.01099,8.99742,0.0,229.0,229.0,YAMUNA III,IMO9952980,VT6155,50,,10,32.0,,99.0,A
419425563,2026-03-31,20:07:56,72.22886,11.25201,0.0,,21.0,RATNA I,,,36,,16,,,,A
419008921,2026-03-31,21:24:55,72.68455,10.65543,0.0,153.0,154.0,SAMRAT DEVI,,VU6847,35,,120,32.0,1.2,,B
419173906,2026-03-31,08:27:03,79.98716,13.08145,0.0,,,RAJHANS EXPRESS,,ATG893,36,,25,20.0,5.2,,B
419604387,2026-03-31,19:51:51,83.03859,18.06758,8.3,,,INDRA,,VU3710,37,8.0,200,32.0,,52.0,A
419644859,2026-03-31,13:31:50,86.50314,20.06616,0.0,186.9,236.0,INDRA QUEEN,IMO7056227,,37,0.0,20,8.0,7.7,30.0,B
419215835,2026-03-31,22:53:40,72.59103,18.58117,16.4,210.4,,KAVERI II,IMO1342491,,79,,40,14.0,,,B
419732033,2026-03-31,03:19:31,68.93,17.34477,0.0,,26.0,OM VOYAGER,,VU8666,60,,100,14.0,,,A
419268774,2026-03-31,04:22:40,86.54373,20.25479,0.0,,,KAVERI EXPLORER,,VT3758,36,3.0,28,14.0,5.6,30.0,A
419476044,2026-03-31,22:45:55,72.28651,19.03662,12.9,358.9,251.0,NAVRATNA III,,,55,,18,6.0,11.4,57.0,A
419518439,2026-03-31,00:36:25,76.4398,10.05319,0.0,326.0,187.0,MEENA II,,VU4127,79,0.0,20,32.0,,30.0,B
419515791,2026-03-31,20:36:51,71.25403,15.76449,0.0,66.8,,KONKAN GLORY,,VU4324,57,0.0,28,7.0,8.1,99.0,A
419244741,2026-03-31,17:50:10,78.31342,8.66817,0.0,,197.0,TRISHUL PIONEER,IMO4358841,VU4374,50,,100,48.0,,50.0,B
419051502,2026-03-31,15:20:34,83.57238,17.56934,0.0,110.2,,RAJHANS PRIDE,IMO7345957,AT0381,37,8.0,25,40.0,,,B
419392250,2026-03-31,03:17:28,76.38089,10.10949,0.0,165.8,,RATNA PRINCE,,VU8507,36,2.0,80,34.0,,71.0,B
419316252,2026-03-31,14:33:33,72.85583,11.21842,13.1,214.8,177.0,NEELAM QUEEN,IMO5558099,VT3273,53,0.0,50,4.0,9.2,37.0,B
419046226,2026-03-31,18:50:09,78.94958,8.97895,0.0,236.0,6.0,VIJAY,IMO6604641,ATG857,31,,35,,,,A
419205943,2026-03-31,18:44:48,79.17299,9.13658,0.0,,235.0,SAMUDRA PRIDE,,VT8424,70,7.0,60,14.0,1.4,80.0,A
419321812,2026-03-31,05:15:58,87.96976,21.54488,0.0,,,SAGAR STAR,IMO1681546,VU4161,30,3.0,28,44.0,11.7,90.0,B
419736424,2026-03-31,18:15:40,93.1917,11.72555,0.0,1.8,,GODAVARI III,,,36,7.0,180,,8.6,52.0,A
419867805,2026-03-31,12:24:02,75.99107,10.14358,15.4,75.8,344.0,SAMRAT II,IMO8513854,AT7702,37,,180,16.0,,,B
419736826,2026-03-31,22:06:16,85.18725,13.87048,0.0,205.4,,JALDOOT PRIDE,,8T4551,90,7.0,120,18.0,,,B
419226408,2026-03-31,12:09:45,72.74668,11.02495,1.8,350.6,325.0,DURGA II,IMO6059329,VT5096,36,,20,7.0,10.0,,A
419524103,2026-03-31,21:01:47,80.3826,12.89604,0.0,350.1,,ANAND EXPRESS,IMO1006876,,60,,300,34.0,,,B
419704605,2026-03-31,14:32:34,92.87956,11.61387,0.0,,,MONSOON VOYAGER,,ATG341,31,,12,,7.1,37.0,B
419574949,2026-03-31,01:18:05,72.43074,10.61842,0.0,202.8,,OM GLORY,IMO2229464,VT3942,32,,35,,13.5,,A
419298585,2026-03-31,13:45:42,79.00147,8.99115,0.0,174.2,,NEELAM STAR,,VT3577,37,,8,,10.3,30.0,A
419581488,2026-03-31,19:34:41,68.66792,18.41131,0.0,,,VIJAY QUEEN,,8T4131,52,2.0,10,8.0,,57.0,A
419513717,2026-03-31,03:02:09,83.3215,17.3799,0.0,204.9,,RAJHANS GLORY,IMO4694725,8T4448,37,3.0,250,34.0,8.8,,B
419058772,2026-03-31,06:30:35,72.61557,18.86842,16.7,123.2,93.0,KRISHNA MATA,,ATG149,31,3.0,16,14.0,,99.0,A
419587964,2026-03-31,08:19:39,71.06871,16.91595,0.0,110.2,161.0,MONSOON,IMO6065274,,37,3.0,300,10.0,5.7,90.0,B
419833987,2026-03-31,09:58:28,70.02548,22.74314,8.6,,337.0,RATNA TRADER,IMO9601054,ATG417,80,,12,,,99.0,A
419938173,2026-03-31,11:56:10,86.4825,20.48395,0.0,248.2,,KONKAN GLORY,IMO3257375,AT4902,52,,50,,,,B
419509608,2026-03-31,11:54:29,72.65985,10.89361,0.0,,57.0,TARA GLORY,IMO3164772,VT2957,60,,50,2.0,,52.0,A
419562439,2026-03-31,11:53:30,83.01027,17.82289,0.0,321.5,295.0,VISHAL III,,VT2851,57,,22,8.0,,,A
419502716,2026-03-31,00:55:32,80.49193,13.29515,6.8,157.8,,DURGA MATA,,VT7955,31,8.0,12,32.0,4.2,57.0,A
419661554,2026-03-31,02:22:39,80.14056,13.37825,0.0,,241.0,GODAVARI I,,8T0282,83,,10,3.0,,37.0,A
419262282,2026-03-31,06:36:44,78.32193,9.00497,0.0,110.2,,TUG OM,,ATG086,30,,18,7.0,5.4,,A
419776872,2026-03-31,21:57:51,79.18575,8.70043,0.0,46.1,,SHIVA PRINCE,,VU3116,52,,14,9.0,,,B
419988942,2026-03-31,11:56:24,80.36349,13.22896,0.0,,323.0,PRIYA I,IMO3265097,AT3967,35,3.0,25,34.0,,,A
419245787,2026-03-31,03:30:48,92.72289,11.41085,0.0,153.5,278.0,AGNI III,IMO4254768,VT8268,36,3.0,250,,,60.0,A
419988085,2026-03-31,19:38:27,74.76852,13.1683,0.0,244.9,316.0,NAVRATNA PRIDE,IMO4064686,ATG524,74,0.0,300,34.0,,,A
419622723,2026-03-31,14:14:40,72.5128,11.01687,0.0,,141.0,RAJHANS STAR,,,37,,8,48.0,4.9,71.0,A
419741897,2026-03-31,05:35:42,70.61051,23.47899,0.0,341.7,130.0,SHIVA MARINER,,,37,,35,,,52.0,A
419444856,2026-03-31,09:08:51,84.30339,13.74928,0.0,210.8,,SHIVA EXPLORER,IMO6091919,,31,3.0,250,44.0,,50.0,B
419798066,2026-03-31,00:56:00,74.82831,12.70844,0.0,,,MALABAR PIONEER,IMO3470574,VU3885,36,,18,,,,A
419541165,2026-03-31,22:38:20,83.15616,17.44895,4.8,,,AGNI PRINCE,IMO8848826,VT3119,80,,16,14.0,,,A
419991537,2026-03-31,01:29:04,75.04561,12.69301,0.0,,,PRIYA,,8T7768,37,,20,20.0,7.5,,A
419454655,2026-03-31,08:32:43,76.47485,9.86424,0.0,286.3,,OM VOYAGER,,VU5837,57,5.0,10,25.0,7.2,33.0,B
419805721,2026-03-31,12:54:13,72.9337,19.21264,0.0,256.8,,NAVRATNA MARINER,,8T6289,36,,180,,5.5,31.0,B
419623392,2026-03-31,06:35:55,73.1244,19.46459,0.0,340.5,350.0,INDRA VOYAGER,,VU6471,37,2.0,20,9.0,9.1,,B
419409080,2026-03-31,13:35:09,70.68513,22.50173,0.0,138.5,,KAVERI DEVI,,AT1295,65,,60,7.0,11.2,70.0,B
419144152,2026-03-31,21:29:06,83.24812,18.02018,0.0,,,JALDOOT II,,VU7360,57,7.0,80,40.0,,,B
419988683,2026-03-31,10:17:15,76.01882,9.91874,17.0,145.5,251.0,OCEAN STAR EXPLORER,,AT0803,31,1.0,150,40.0,,60.0,A
419635806,2026-03-31,18:30:33,83.14666,17.44263,0.0,,,YAMUNA,,VT4035,30,,22,,6.0,70.0,A
419694346,2026-03-31,00:22:20,80.12247,13.03091,16.2,91.2,354.0,NEELAM II,IMO1271285,AT6484,52,,25,,,,B
419732807,2026-03-31,17:25:59,70.53309,22.72865,0.0,87.0,,DURGA PRINCE,IMO5090254,AT7306,37,8.0,28,32.0,3.3,,A
419713984,2026-03-31,20:16:27,73.64053,15.47827,0.0,147.5,,SAGAR STAR,IMO3060906,VT3098,52,1.0,80,40.0,,,A
419794577,2026-03-31,05:34:32,80.07907,13.40356,0.0,346.6,,PSV PRIYA,,8T3625,37,,50,20.0,,57.0,A
419628333,2026-03-31,06:57:10,86.81051,20.6136,0.0,324.0,209.0,OM III,IMO7496033,VU6862,37,,20,18.0,,71.0,A
419693265,2026-03-31,17:03:37,74.90757,13.04308,0.0,,43.0,BRAHMAPUTRA II,,VU2341,71,,30,,6.6,33.0,A
419822261,2026-03-31,19:22:50,70.18499,16.72904,0.0,,,SAGAR STAR,IMO7672095,8T9270,32,,150,,,31.0,B
419462135,2026-03-31,10:38:38,92.19969,12.13851,10.9,,,DURGA TRADER,IMO0752034,ATG504,37,,30,34.0,,,A
419463766,2026-03-31,01:18:36,92.55017,11.32434,6.6,146.5,,MATSYA II,IMO1581021,VU5129,40,,12,,10.2,70.0,B
419751910,2026-03-31,05:03:01,73.49869,15.59764,0.0,,119.0,KAMAL PRINCE,IMO3792749,VT7280,52,1.0,20,10.0,,80.0,A
419325326,2026-03-31,23:07:49,79.14737,8.87803,0.0,,123.0,SAMUDRA MARINER,IMO1017509,ATG170,52,1.0,35,44.0,1.8,99.0,A
419757475,2026-03-31,19:52:34,85.76169,14.07086,0.0,,,VIJAY GLORY,IMO2660256,VU6506,60,2.0,18,8.0,5.9,50.0,B
419624843,2026-03-31,06:54:56,83.19628,17.87898,0.0,175.4,,OM MARINER,,ATG367,30,,200,7.0,,70.0,A
419845525,2026-03-31,20:34:58,85.34123,13.68937,0.0,340.0,,MATSYA VOYAGER,IMO5325939,VU7970,70,7.0,14,,8.8,57.0,A
419176342,2026-03-31,13:14:41,79.04795,8.73541,0.0,128.2,287.0,GODAVARI PRINCE,IMO3991403,8T4366,36,0.0,20,6.0,,52.0,B
419276829,2026-03-31,16:10:14,72.41884,10.5862,5.0,102.5,,JALDOOT DEVI,,ATG806,31,7.0,30,,1.4,,A
419802711,2026-03-31,05:05:38,74.01407,15.46367,0.0,349.9,211.0,MEENA MATA,,VU8137,30,2.0,25,9.0,,30.0,A
419700332,2026-03-31,05:00:45,83.45477,17.55836,0.0,183.6,,SAGAR PRINCE,IMO3397051,AT8263,52,2.0,200,44.0,,,B
419453546,2026-03-31,04:20:19,88.10643,21.56132,17.4,73.6,,KAVERI MARINER,IMO3945703,AT3804,53,0.0,18,14.0,12.8,50.0,A
419927789,2026-03-31,10:23:20,72.95026,11.03362,0.0,,317.0,LAKSHMI MARINER,,VU1053,30,,35,4.0,9.2,,A
419247310,2026-03-31,17:20:56,73.88489,15.21755,0.0,97.2,245.0,PEARL EXPLORER,,ATG620,52,,250,,,80.0,A
419043370,2026-03-31,23:40:20,73.2784,19.02585,10.1,285.0,24.0,OM QUEEN,,8T8255,31,8.0,40,16.0,5.3,,B
419865619,2026-03-31,09:13:07,69.57601,16.49841,0.0,320.2,320.0,ANAND STAR,IMO3616188,,37,1.0,25,34.0,3.1,,B
419155868,2026-03-31,23:55:00,79.11068,8.83144,0.0,81.3,,LAKSHMI MATA,IMO7214364,8T1300,70,0.0,20,,9.5,,A
419560945,2026-03-31,14:07:02,78.22155,8.63227,0.0,,255.0,CORAL III,,AT7060,30,,12,30.0,2.2,,A
419765397,2026-03-31,01:15:01,76.32242,9.98158,8.1,34.2,,SHAKTI II,IMO7496804,8T7274,57,2.0,180,14.0,,31.0,B
419306260,2026-03-31,11:00:20,73.85982,15.35404,0.0,,59.0,SEA QUEEN,,ATG085,32,,80,3.0,8.0,31.0,A
419768321,2026-03-31,00:52:40,73.84878,15.49225,0.0,200.6,336.0,NEELAM PRINCE,,,37,8.0,10,,,70.0,A
419253733,2026-03-31,17:17:07,82.98793,17.4713,0.0,52.6,261.0,SURYA QUEEN,,AT3460,57,8.0,30,18.0,,52.0,A
419279862,2026-03-31,08:47:12,86.84117,20.15134,0.0,150.2,,MATSYA GLORY,IMO5489547,ATG989,30,,150,6.0,2.1,50.0,B
419144449,2026-03-31,18:41:47,74.6445,13.15609,0.0,125.4,171.0,TRISHUL PRINCE,IMO2435885,ATG982,37,,28,48.0,,50.0,B
419536749,2026-03-31,16:42:52,86.72419,20.05244,4.5,,1.0,SHIVA GLORY,IMO8948963,ATG791,60,,30,5.0,,30.0,A
419418842,2026-03-31,03:29:28,69.11468,17.56017,0.0,3.5,,NEELAM TRADER,IMO5320895,VU6389,36,,12,,13.2,57.0,A
419633792,2026-03-31,06:19:06,68.50951,16.33841,12.1,208.6,197.0,MONSOON GLORY,,ATG960,36,,20,30.0,11.9,30.0,B
419679352,2026-03-31,02:48:59,88.05213,21.75914,0.0,78.4,140.0,SEA QUEEN DEVI,IMO9317069,ATG076,36,,12,20.0,3.9,37.0,A
419398983,2026-03-31,01:19:17,86.28213,14.59372,0.0,33.2,25.0,PRIYA MARINER,,VU3642,38,,12,44.0,,,A
419487623,2026-03-31,00:37:32,79.32752,8.81723,0.0,,273.0,VISHAL STAR,IMO2305248,8T8062,37,2.0,16,6.0,8.6,90.0,A
419721329,2026-03-31,01:32:20,69.70057,22.87743,8.3,243.8,,KAMAL PIONEER,IMO9648628,VU0319,70,,14,,5.8,30.0,A
419036279,2026-03-31,05:05:29,87.94559,21.44158,0.0,325.2,204.0,VIJAY STAR,,,37,,14,12.0,,,A
419945887,2026-03-31,01:28:31,85.43838,16.10589,0.0,111.7,,MATSYA I,,8T5076,32,,60,16.0,4.6,60.0,B
419768089,2026-03-31,18:25:15,70.63295,23.46813,6.8,263.2,73.0,CORAL TRADER,,,71,5.0,16,8.0,,33.0,B
419430120,2026-03-31,09:40:00,92.36291,11.94441,0.0,332.8,,KONKAN DEVI,IMO4988558,8T8493,60,,50,30.0,12.7,,A
419944128,2026-03-31,08:08:31,79.47371,8.83137,0.0,333.3,258.0,BRAHMAPUTRA MARINER,,ATG150,53,8.0,50,6.0,13.2,50.0,A
419776936,2026-03-31,15:39:34,79.26634,8.87188,0.0,215.2,42.0,PRIYA PRIDE,IMO1200720,,31,,300,16.0,2.1,37.0,A
419910903,2026-03-31,06:11:13,69.97108,17.97257,0.0,221.5,313.0,SAMUDRA QUEEN,IMO8179340,AT2775,30,,200,18.0,,99.0,A
419337220,2026-03-31,02:53:34,72.42722,19.40017,0.0,53.7,,TRISHUL PRIDE,,8T9437,50,0.0,40,8.0,,90.0,A
419776572,2026-03-31,11:54:08,72.72672,11.06591,0.0,,128.0,PRIYA I,IMO3897432,VT5595,37,7.0,80,32.0,,,B
419486899,2026-03-31,22:17:25,73.88876,15.61183,0.0,,22.0,SURYA DEVI,IMO6799359,AT4039,30,5.0,8,32.0,,36.0,A
419014886,2026-03-31,00:35:42,83.4857,18.06208,0.0,276.7,,VARUNA III,IMO6852830,VT5370,36,1.0,25,7.0,9.4,52.0,A
419514488,2026-03-31,23:15:57,70.57322,23.48281,0.0,343.2,,AGNI MATA,IMO8781794,AT1526,31,3.0,25,,,90.0,A
419225288,2026-03-31,07:04:10,83.35526,18.03977,0.5,285.3,,OCEAN STAR DEVI,IMO1378765,VU0073,37,0.0,8,16.0,,,A
419219881,2026-03-31,21:35:10,74.04768,15.44661,0.0,,326.0,VARUNA I,IMO0424624,ATG185,37,1.0,28,20.0,13.3,80.0,A
419899151,2026-03-31,03:27:52,84.95494,15.804,0.0,209.5,25.0,NAVRATNA II,IMO8984841,VT4615,60,,16,4.0,12.8,57.0,A
419681429,2026-03-31,20:25:56,69.50219,16.24273,0.0,227.0,,DURGA EXPRESS,IMO0849378,ATG396,31,,28,16.0,13.2,70.0,A
419916497,2026-03-31,00:03:10,84.57349,14.71663,0.0,,297.0,SAGAR EXPRESS,IMO0162341,VU1061,52,7.0,16,,,,A
419847323,2026-03-31,14:10:14,78.36487,8.97197,11.9,176.0,25.0,MEENA GLORY,IMO3614244,VT7819,37,,200,9.0,9.6,,A
419273720,2026-03-31,08:32:06,88.53919,21.50767,0.0,39.5,267.0,KAMAL MARINER,IMO0191344,8T9982,31,,8,,,60.0,A
419073214,2026-03-31,15:28:05,74.80172,13.08276,0.0,34.6,,MALABAR DEVI,IMO8573680,VT9236,37,0.0,50,,,60.0,A
419333510,2026-03-31,09:20:14,72.39433,19.055,5.0,321.4,,SEA QUEEN EXPRESS,,8T2073,31,,14,4.0,,30.0,A
419578201,2026-03-31,22:50:09,86.43478,20.41711,0.0,265.4,,MEENA GLORY,,,35,,20,16.0,12.0,71.0,A
419276025,2026-03-31,01:16:44,83.56432,17.84755,0.0,76.2,55.0,KAMAL MATA,IMO9957298,VU7629,52,,25,44.0,,30.0,A
419687191,2026-03-31,04:36:57,70.60081,16.18921,0.0,201.6,,KAMAL QUEEN,IMO3230898,VU8815,53,,25,10.0,2.7,52.0,A
419231829,2026-03-31,16:06:19,70.24673,23.22092,0.0,165.9,172.0,GANGA,,8T1137,57,1.0,120,48.0,,70.0,A
419556184,2026-03-31,10:38:11,74.93766,12.65102,10.8,103.4,39.0,OCEAN STAR I,,8T6700,60,,250,,,31.0,B
419482669,2026-03-31,04:28:34,74.61165,12.68956,0.0,133.0,,SAGAR I,IMO0633699,8T5098,57,2.0,10,,,,A
419880442,2026-03-31,19:55:58,86.7927,14.99534,9.3,258.5,331.0,SURYA STAR,IMO9428946,VT3625,36,,14,,4.1,,A
419625540,2026-03-31,06:47:36,80.4406,12.88326,0.0,,,MATSYA MARINER,IMO8803153,8T8245,37,2.0,300,3.0,5.2,71.0,A
419333353,2026-03-31,19:09:31,74.87533,12.78904,0.0,,46.0,AGNI I,IMO3391373,,51,,10,,,90.0,B
419756178,2026-03-31,14:49:32,72.61958,11.07623,0.0,75.1,,JALDOOT STAR,IMO8036577,AT9160,37,,40,16.0,,31.0,A
419189418,2026-03-31,10:38:24,74.73641,12.8382,0.0,272.3,,SEA QUEEN MATA,,AT5561,32,1.0,10,12.0,,,A
419537666,2026-03-31,01:41:16,83.44707,17.37679,0.0,,28.0,SEA QUEEN II,IMO0627153,,35,,25,14.0,,33.0,A
419776829,2026-03-31,07:40:37,84.8712,15.99417,0.0,,,BRAHMAPUTRA MARINER,,8T8260,90,3.0,35,,,,A
419908599,2026-03-31,02:21:38,79.00907,8.87146,0.3,357.0,84.0,MONSOON EXPLORER,IMO4899718,8T5969,51,3.0,150,5.0,,70.0,A
419231234,2026-03-31,05:08:39,72.65113,10.8439,0.0,146.8,285.0,MONSOON,IMO2348389,8T5382,37,,28,,,,B
419965082,2026-03-31,14:47:25,86.77359,20.20111,0.0,33.6,293.0,YAMUNA,IMO6123859,VT4346,37,,150,,,99.0,A
419730086,2026-03-31,21:51:34,77.88756,8.98114,1.0,181.4,342.0,GANGA I,IMO6809414,VT5076,51,,100,,,71.0,A
419344077,2026-03-31,16:07:04,86.34073,20.22352,0.0,,,JALDOOT II,IMO7760299,,51,5.0,100,34.0,13.1,57.0,A
419552356,2026-03-31,03:57:29,83.2214,18.04173,0.0,244.0,83.0,RATNA MATA,IMO5277895,VU3718,31,5.0,150,,,30.0,A
419480164,2026-03-31,10:22:04,84.61467,14.20952,0.0,143.4,,DURGA QUEEN,IMO1021798,VT3486,53,2.0,30,,9.6,90.0,A
419831828,2026-03-31,11:35:38,80.35794,12.97078,0.0,177.4,,AGNI GLORY,IMO0673682,VT5068,37,2.0,18,7.0,,,A
419058714,2026-03-31,14:44:35,86.66599,20.46274,0.0,26.2,,SAGAR TRADER,,8T4802,83,,10,,,,B
419694842,2026-03-31,10:51:17,70.70627,16.51316,0.0,233.0,,SAGAR GLORY,,VU8676,38,,250,7.0,8.7,90.0,B
419177987,2026-03-31,13:59:53,86.70222,20.54992,7.9,258.6,66.0,SAGAR VOYAGER,IMO0623504,AT6695,50,,8,5.0,12.2,80.0,A
419442867,2026-03-31,21:36:43,78.34588,8.53421,0.0,229.7,,PEARL EXPRESS,IMO3891562,AT2857,53,,30,18.0,8.2,70.0,A
419589513,2026-03-31,18:22:03,70.06923,23.21062,0.5,,286.0,VARUNA TRADER,,8T1891,51,,180,30.0,,50.0,A
419015364,2026-03-31,03:12:41,76.09606,9.92221,0.0,78.0,,KAMAL III,,AT0094,60,,200,5.0,10.6,90.0,B
419698198,2026-03-31,17:13:02,86.88444,20.37355,0.0,97.8,263.0,ANAND STAR,IMO8660598,ATG874,65,,16,,,71.0,A
419965594,2026-03-31,06:28:21,83.34151,17.54363,0.0,292.4,170.0,TUG SAGAR,,VU9313,79,,14,,1.9,50.0,B
419368214,2026-03-31,11:02:29,76.27015,9.96189,6.9,,,SHAKTI MARINER,IMO2025825,VT8328,36,,20,4.0,,71.0,A
419910601,2026-03-31,18:55:03,74.54609,12.75743,12.9,124.2,241.0,VISHAL QUEEN,IMO7754584,ATG290,52,7.0,12,,,,B
419316082,2026-03-31,16:00:10,84.52665,15.43626,0.0,,,GANGA VOYAGER,,8T9362,52,,30,40.0,,33.0,A
419553983,2026-03-31,11:39:29,86.59251,20.16564,8.8,,112.0,GANGA VOYAGER,,ATG912,37,,150,25.0,8.1,33.0,A
419978713,2026-03-31,17:51:08,92.26593,11.981,0.0,47.0,,PEARL I,IMO2004879,ATG888,31,,250,8.0,,71.0,A
419386003,2026-03-31,00:37:52,76.45353,9.83126,0.0,39.4,,TARA,IMO9295014,AT8309,69,,150,,,57.0,A
419260221,2026-03-31,07:32:44,74.00439,15.67004,17.3,167.9,27.0,AGNI III,,,57,2.0,180,3.0,,,A
419393049,2026-03-31,07:00:24,80.32892,12.96985,11.9,234.2,,VARUNA QUEEN,,8T6825,31,0.0,30,6.0,4.6,,A
419556103,2026-03-31,20:42:42,86.78619,20.03974,0.0,279.4,232.0,MALABAR VOYAGER,IMO6423041,VU0270,36,8.0,180,7.0,8.0,33.0,A
419716690,2026-03-31,15:00:46,74.61884,12.67589,0.0,123.2,,NEELAM MARINER,,,52,,40,30.0,10.6,,A
419915795,2026-03-31,13:32:34,76.46746,10.1561,0.0,,236.0,AGNI MATA,,ATG831,31,,12,30.0,,60.0,A
419712901,2026-03-31,12:28:40,92.33458,11.55615,0.8,36.6,117.0,VARUNA PIONEER,IMO4743621,VT0962,83,7.0,100,16.0,,57.0,A
419805339,2026-03-31,14:39:26,74.01324,15.63592,16.6,320.2,76.0,INDRA DEVI,,,50,5.0,50,5.0,,90.0,A
419079771,2026-03-31,09:11:11,72.56523,19.24883,0.0,295.3,,LAKSHMI VOYAGER,,VT5204,52,,10,40.0,,,B
419731379,2026-03-31,15:59:02,92.55867,11.9764,0.0,,50.0,SHIVA DEVI,IMO3325623,8T9949,37,,180,,,37.0,A
419203708,2026-03-31,16:46:30,79.00292,9.02433,0.0,302.7,337.0,VAYU II,,8T9898,60,,16,5.0,6.6,99.0,B
419480186,2026-03-31,09:28:03,76.3547,9.73294,0.0,187.8,,SHAKTI,IMO0048067,VT2369,37,1.0,40,,,,B
419429688,2026-03-31,05:28:38,80.36288,13.30173,18.0,239.2,,TARA PRIDE,,ATG832,36,,300,34.0,5.2,,B
419962409,2026-03-31,15:21:04,92.83179,11.33965,0.0,,219.0,SURYA GLORY,,VT6225,37,,200,20.0,7.8,,A
419486883,2026-03-31,22:21:28,73.43201,18.87309,0.0,,,TUG TARA,,VT9359,30,,20,20.0,,30.0,A
419045881,2026-03-31,14:35:08,75.91316,10.14804,0.0,270.1,134.0,SAGAR PRINCE,IMO4096617,ATG182,31,5.0,150,34.0,,80.0,A
419782141,2026-03-31,16:07:25,76.49717,9.96018,0.0,,320.0,NAVRATNA EXPRESS,IMO9698748,AT1559,36,,250,3.0,,71.0,B
419536051,2026-03-31,02:33:45,83.43256,17.63799,4.1,74.6,,RAJHANS TRADER,,ATG700,52,0.0,200,40.0,,70.0,A
419466489,2026-03-31,15:50:04,80.1615,13.02837,0.0,,159.0,SHAKTI VOYAGER,IMO0974533,8T0623,69,7.0,40,,11.7,52.0,A
419016599,2026-03-31,12:38:05,74.86688,12.63222,0.0,307.9,77.0,TRISHUL DEVI,IMO7462591,VT1241,83,1.0,100,10.0,7.5,30.0,B
419017986,2026-03-31,17:31:11,92.25342,12.18996,0.0,,183.0,PSV SHAKTI,,AT2612,57,,10,8.0,,57.0,A
419596807,2026-03-31,20:10:27,77.95128,8.9414,0.0,111.5,,SAMUDRA PIONEER,IMO4006445,ATG523,36,1.0,20,,13.3,60.0,B
419917763,2026-03-31,08:50:36,88.29281,21.71605,0.0,,284.0,OM PIONEER,IMO8019630,VU0693,52,,100,6.0,12.2,,A
419018167,2026-03-31,17:15:50,82.90357,17.71135,0.0,100.4,,NAVRATNA PRINCE,IMO5179937,8T1053,36,,120,,7.4,,B
419996988,2026-03-31,05:38:36,70.29655,17.793,0.0,173.2,245.0,SAMUDRA EXPLORER,,8T8642,60,5.0,20,34.0,8.4,36.0,A
419218706,2026-03-31,05:43:13,86.95022,15.19974,0.0,256.1,108.0,LAKSHMI QUEEN,,VT1867,31,8.0,10,2.0,,,B
419610814,2026-03-31,06:53:38,78.02326,8.92812,0.0,323.1,,DURGA I,IMO4682354,8T5100,52,,8,,6.1,,A
419596715,2026-03-31,00:42:41,69.79855,15.63823,16.1,151.9,,TARA II,IMO3407851,8T4970,37,,35,,,37.0,A
419899962,2026-03-31,14:08:30,88.17236,21.82793,0.0,,,GANGA PIONEER,IMO6257197,VT9320,57,1.0,300,16.0,,,A
419604180,2026-03-31,20:48:45,77.8937,8.53352,0.0,,60.0,INDRA DEVI,,VT1882,37,5.0,300,40.0,2.7,33.0,B
419589170,2026-03-31,09:37:26,93.1995,11.43973,0.0,245.1,23.0,SAMRAT STAR,,ATG090,57,0.0,40,,12.2,30.0,A
419247282,2026-03-31,20:23:19,88.45838,21.90994,0.0,32.0,264.0,RATNA II,,ATG850,52,,35,34.0,10.4,31.0,A
419927115,2026-03-31,06:46:10,79.9349,13.29803,6.5,19.2,102.0,RAJHANS VOYAGER,IMO0741894,AT4329,37,,150,34.0,11.8,33.0,A
419716198,2026-03-31,05:08:34,84.93256,14.10655,0.0,324.5,36.0,JALDOOT EXPLORER,,ATG435,37,,22,,,,B
419606739,2026-03-31,19:57:01,74.60082,13.03065,0.0,,,KRISHNA EXPLORER,IMO8055077,VT6579,37,7.0,35,18.0,,30.0,B
419551074,2026-03-31,01:00:11,88.46159,21.68007,0.0,358.7,,GANGA STAR,,ATG602,31,,40,44.0,,,A
419201227,2026-03-31,11:25:23,72.48588,11.22008,0.0,56.8,,YAMUNA QUEEN,IMO5947950,VT7173,31,2.0,120,,,50.0,A
419100649,2026-03-31,07:52:21,84.03661,15.81858,0.0,1.1,,VARUNA II,,8T1359,37,,120,16.0,,71.0,A
419056100,2026-03-31,14:50:19,85.73283,15.20818,11.6,,280.0,OM TRADER,,VU7842,40,,150,12.0,,99.0,A
419677625,2026-03-31,11:56:43,72.66753,18.54282,0.2,76.5,130.0,VIJAY TRADER,,,37,,150,6.0,3.8,31.0,A
419906053,2026-03-31,00:12:16,88.19463,21.96726,0.0,87.4,59.0,INDRA,,ATG598,37,,150,7.0,,52.0,A
419033620,2026-03-31,05:09:02,80.04923,12.98298,4.6,320.3,64.0,MALABAR QUEEN,,VT2362,37,,180,7.0,,31.0,B
419059161,2026-03-31,04:04:48,83.14714,17.46915,0.0,,,VAYU EXPLORER,IMO0053789,VT8692,52,,80,,,,A
419822720,2026-03-31,01:57:54,73.62673,15.27825,0.0,,30.0,MATSYA PRINCE,IMO8116599,VT2020,36,,25,6.0,,57.0,A
419135302,2026-03-31,18:19:33,69.74703,22.83547,0.0,,29.0,SHAKTI GLORY,IMO6919832,VT2916,57,1.0,40,44.0,,60.0,A
419438419,2026-03-31,14:05:37,77.8987,8.5405,0.0,151.1,28.0,MONSOON EXPLORER,IMO0636219,ATG550,40,5.0,25,12.0,6.5,,B
419339650,2026-03-31,11:00:23,88.11289,21.50154,0.0,138.7,60.0,MONSOON STAR,IMO5854218,VT8799,83,,50,6.0,,80.0,B
419964338,2026-03-31,12:20:11,79.3321,9.23242,0.0,,,RATNA EXPRESS,,VT3115,52,,8,,,,B
419475769,2026-03-31,09:46:00,93.19942,12.13129,0.0,129.7,,CORAL MATA,,ATG342,99,1.0,28,16.0,9.7,,B
419481526,2026-03-31,21:41:51,73.67273,15.62192,0.0,303.8,122.0,RATNA PIONEER,IMO9142614,,69,,150,8.0,,99.0,A
419430796,2026-03-31,08:00:37,87.8334,21.56632,0.0,10.8,62.0,ANAND STAR,IMO1587184,VU5426,38,,25,,,30.0,A
419208652,2026-03-31,08:06:11,68.89617,16.8884,0.0,146.4,1.0,SAGAR PIONEER,IMO7810558,VT0027,71,,12,12.0,,36.0,A
419943913,2026-03-31,14:29:26,82.91948,17.80204,0.0,71.4,318.0,PEARL QUEEN,IMO0929735,,52,,35,,2.9,,B
419393899,2026-03-31,06:20:46,72.81842,18.78631,0.0,281.4,116.0,SAGAR DEVI,,8T7082,31,,14,,11.4,30.0,B
419126158,2026-03-31,08:05:32,70.18066,17.17483,0.0,346.8,322.0,SAMUDRA EXPLORER,IMO5742233,VU2280,52,,28,,,,A
419225606,2026-03-31,06:39:51,79.49583,9.07076,0.0,324.0,,SURYA III,IMO4674130,AT3841,37,,8,4.0,5.8,30.0,A
419639756,2026-03-31,02:18:11,76.18569,9.81611,0.0,,,MATSYA II,,AT5640,37,,12,,8.4,50.0,B
419520702,2026-03-31,00:39:40,74.54498,12.86076,0.3,34.6,45.0,RATNA PRIDE,IMO9678976,,30,,12,7.0,12.2,90.0,A
419276075,2026-03-31,20:59:59,85.42546,15.1043,0.0,85.4,,KRISHNA PRINCE,,,52,8.0,20,,,71.0,A
419120219,2026-03-31,02:31:17,78.05946,8.46411,0.0,357.4,,TUG LAKSHMI,,ATG644,36,,50,30.0,,,A
419636560,2026-03-31,09:21:16,79.14402,8.71982,0.0,169.2,,VIJAY GLORY,,8T5296,40,3.0,10,16.0,10.0,50.0,B
419276364,2026-03-31,08:32:51,85.84224,16.05998,0.0,220.2,144.0,BRAHMAPUTRA TRADER,IMO4344149,,37,,150,,,99.0,B
419743946,2026-03-31,09:36:16,73.25413,19.26088,0.0,52.6,168.0,YAMUNA MATA,IMO4132109,VT2170,31,,100,16.0,,50.0,B
419220300,2026-03-31,10:59:13,76.08263,9.9097,0.0,260.4,,MALABAR III,,,32,,40,16.0,8.4,70.0,B
419086199,2026-03-31,07:57:06,85.08149,14.28327,0.0,250.4,113.0,KONKAN I,IMO4236220,VU4742,36,5.0,200,5.0,3.9,70.0,A
419800852,2026-03-31,20:43:10,79.24954,8.92886,0.0,,,SAGAR MARINER,,VU3850,30,2.0,120,,6.3,,A
419332829,2026-03-31,08:30:41,72.64623,18.36949,0.0,,117.0,SHAKTI II,IMO1675076,,35,,35,14.0,10.4,71.0,A
419123984,2026-03-31,17:45:15,73.61251,15.16743,0.0,16.8,234.0,GANGA II,IMO2224050,ATG487,89,,80,48.0,,52.0,B
419240658,2026-03-31,08:16:44,86.40786,20.59435,0.0,,32.0,OSV BRAHMAPUTRA,,AT4823,37,,20,25.0,,31.0,A
419018780,2026-03-31,08:34:54,92.76336,12.17902,0.0,,37.0,VARUNA I,IMO3925199,AT2951,30,,18,,,36.0,B
419220542,2026-03-31,05:15:19,70.37913,22.67615,0.0,212.7,,OSV KAVERI,,AT7048,53,,180,,1.1,90.0,A
419968519,2026-03-31,11:24:14,73.7481,15.55912,0.0,143.0,107.0,MONSOON EXPRESS,,ATG752,70,,150,6.0,2.0,60.0,B
419205922,2026-03-31,21:34:23,76.45444,9.6928,17.2,78.6,162.0,NEELAM PRIDE,,VU6294,52,2.0,40,4.0,,,A
419133138,2026-03-31,01:28:21,73.272,19.03868,0.0,23.1,,SURYA PIONEER,IMO8158268,ATG640,31,,14,32.0,8.0,,A
419006298,2026-03-31,18:07:31,80.09564,13.11953,0.0,,326.0,KRISHNA III,IMO2342192,ATG221,80,3.0,28,4.0,3.0,,A
419478911,2026-03-31,17:09:02,79.39523,8.96791,0.0,207.1,333.0,JALDOOT,,ATG602,52,0.0,35,,7.7,52.0,A
419050524,2026-03-31,08:53:37,70.1495,18.19743,0.0,199.1,,SAMRAT I,,ATG276,51,,18,,,,A
419376185,2026-03-31,23:07:10,70.24233,23.13111,14.6,63.7,126.0,LAKSHMI II,,VU3392,37,,100,9.0,,,B
419750677,2026-03-31,14:02:26,70.45552,22.54345,0.0,,275.0,RATNA II,IMO7976178,AT9698,65,3.0,28,16.0,,,A
419665686,2026-03-31,06:13:09,88.41355,21.48312,2.5,73.5,,NEELAM TRADER,IMO0742990,ATG296,80,8.0,28,,8.2,30.0,B
419974748,2026-03-31,12:48:49,92.44107,12.02073,0.0,,154.0,VIJAY MATA,IMO5369881,AT9804,37,5.0,180,7.0,7.4,30.0,A
419102627,2026-03-31,01:25:22,78.2111,8.62393,0.0,,183.0,OSV SAMRAT,IMO0574883,ATG418,57,7.0,22,2.0,,30.0,A
419056619,2026-03-31,21:42:56,78.3967,8.57198,17.1,105.4,289.0,VARUNA PRIDE,,,37,,8,48.0,6.9,,A
419136510,2026-03-31,08:24:27,76.46982,9.82738,0.0,141.6,,KONKAN QUEEN,,,40,,16,5.0,,99.0,A
419622219,2026-03-31,00:17:17,76.28112,9.77927,11.9,285.4,157.0,GODAVARI PIONEER,IMO9652138,VT7124,37,,20,5.0,,30.0,A
419622117,2026-03-31,08:37:21,70.39992,17.42028,0.0,153.2,328.0,GODAVARI VOYAGER,IMO2294252,AT1618,36,7.0,180,4.0,,,A
419549147,2026-03-31,16:32:00,76.35881,9.93297,0.0,278.0,,VIJAY III,,8T7344,65,,30,9.0,7.7,31.0,A
419113389,2026-03-31,06:38:03,80.27955,12.72995,0.0,292.3,,LAKSHMI MARINER,IMO6251521,AT6535,37,3.0,100,3.0,8.1,,A
419446717,2026-03-31,16:07:04,72.67399,11.24681,0.0,355.2,202.0,CORAL PRIDE,,VT9999,51,,14,3.0,7.9,70.0,A
419521189,2026-03-31,14:54:46,87.97999,21.43241,11.7,,264.0,OCEAN STAR GLORY,IMO7285759,8T2819,55,0.0,12,,,,A
419248839,2026-03-31,16:27:05,71.27869,16.88637,0.0,329.6,,YAMUNA PRIDE,IMO2868112,VT3885,57,,14,4.0,,99.0,A
419590099,2026-03-31,22:56:51,79.16718,9.20004,0.0,113.6,,KONKAN II,IMO5880705,ATG011,50,,150,4.0,,99.0,B
419425513,2026-03-31,15:31:54,72.88734,18.42088,0.0,307.9,21.0,YAMUNA GLORY,,,30,,100,30.0,10.5,57.0,A
419896933,2026-03-31,12:51:38,74.87259,12.97121,0.0,,220.0,RATNA II,IMO6639792,VT1643,52,,180,3.0,,57.0,B
419028966,2026-03-31,14:55:21,72.60398,19.44694,9.4,290.5,349.0,VIJAY VOYAGER,IMO3584640,VT0388,30,0.0,20,2.0,7.1,,B
419144471,2026-03-31,19:15:19,72.45359,10.68393,0.0,207.1,22.0,SEA QUEEN,IMO2884987,AT5135,37,,60,,2.5,36.0,A
419881164,2026-03-31,01:16:42,74.80439,13.16827,0.0,182.6,240.0,NEELAM EXPRESS,,ATG704,55,1.0,8,44.0,,50.0,A
419028262,2026-03-31,12:41:42,74.47371,12.70012,0.0,310.4,,VIJAY STAR,,VT0079,52,5.0,20,7.0,13.5,60.0,A
419979412,2026-03-31,05:15:00,72.57249,10.93519,10.6,54.4,,VISHAL PIONEER,,AT2240,50,,300,48.0,3.2,,A
419034686,2026-03-31,03:36:44,92.66987,11.25813,2.7,161.5,,OSV BRAHMAPUTRA,IMO3662195,8T9005,32,,30,2.0,7.2,90.0,A
419073971,2026-03-31,06:53:59,72.56118,10.52769,0.0,,289.0,CORAL DEVI,,,38,5.0,300,,,31.0,B
419170744,2026-03-31,08:54:56,80.01576,13.4866,0.0,,67.0,LAKSHMI STAR,,8T4120,32,,60,,5.7,71.0,A
419513276,2026-03-31,02:52:21,87.99009,21.68214,0.0,97.3,354.0,SAGAR STAR,,VT5891,40,,120,,,90.0,A
419478686,2026-03-31,04:37:13,74.48527,12.82762,0.0,112.3,,TARA III,IMO7499216,VT6983,37,,200,,,37.0,B
419647082,2026-03-31,04:16:10,74.69613,13.17928,0.0,,86.0,SHIVA STAR,IMO5503300,,32,,22,,13.4,70.0,A
419088991,2026-03-31,04:25:01,74.45159,12.84372,0.0,,321.0,KAVERI GLORY,IMO9897906,,36,7.0,12,34.0,13.5,30.0,B
419984336,2026-03-31,04:19:23,69.23296,17.66904,0.0,188.4,,SAMUDRA VOYAGER,IMO9420340,,40,3.0,22,10.0,1.4,70.0,A
419494667,2026-03-31,05:23:54,92.76064,11.11459,0.0,291.6,,INDRA EXPRESS,IMO9402620,8T1745,52,2.0,35,,6.1,36.0,B
419004129,2026-03-31,03:26:52,84.41847,15.18004,0.0,197.6,,MALABAR,,ATG100,57,,22,3.0,6.1,33.0,B
419271012,2026-03-31,07:18:00,86.20502,13.88146,16.7,24.7,,KONKAN,IMO6653446,AT2276,36,,28,,,50.0,A
419734724,2026-03-31,08:33:05,77.89984,9.02666,0.0,58.7,,VISHAL EXPLORER,IMO0866656,VU4197,31,,60,,,57.0,A
419290350,2026-03-31,01:19:44,80.54502,13.44612,5.5,,64.0,KRISHNA I,,ATG821,69,2.0,200,,,33.0,B
419206441,2026-03-31,04:30:16,70.19306,23.21026,0.0,191.2,,BRAHMAPUTRA MARINER,IMO8218849,8T0664,37,0.0,14,,3.3,50.0,A
419123016,2026-03-31,01:51:19,76.21674,10.09638,0.0,178.8,,KAVERI QUEEN,,VT9789,37,,10,4.0,,36.0,B
419131719,2026-03-31,16:59:22,72.23647,10.94382,13.5,318.2,,MEENA MATA,,AT7855,51,,12,,5.3,,A
419728878,2026-03-31,00:07:33,83.329,17.92351,0.0,,54.0,OCEAN STAR DEVI,IMO2239964,VT8375,40,3.0,50,,12.2,90.0,A
419855780,2026-03-31,00:32:10,73.97088,15.30414,0.0,76.8,95.0,SAGAR EXPLORER,IMO6857467,,60,,35,4.0,9.6,,A
419215016,2026-03-31,10:51:24,78.90265,8.93304,0.0,71.1,332.0,VARUNA PRINCE,IMO1983924,AT8130,36,0.0,14,20.0,,,A
419215167,2026-03-31,13:16:45,72.99133,11.07145,12.6,256.6,,KRISHNA II,,VT4764,51,2.0,150,,2.5,60.0,A
419281775,2026-03-31,03:35:08,73.90905,15.50537,0.0,122.9,,SEA QUEEN GLORY,,VT2446,52,,50,25.0,1.5,31.0,A
419087156,2026-03-31,09:35:47,72.99593,10.88455,13.5,239.2,50.0,GANGA QUEEN,IMO4148572,VU9254,37,,40,,,,B
419664207,2026-03-31,23:45:51,68.93145,17.54958,0.0,339.4,,INDRA PIONEER,IMO3868790,VT4886,37,,18,3.0,,37.0,A
419892739,2026-03-31,15:13:23,72.4619,11.26559,15.4,,160.0,SHAKTI I,IMO8977554,VT9038,52,5.0,18,30.0,,,A
419022271,2026-03-31,03:52:28,72.86411,11.16873,11.7,153.3,251.0,ANAND PIONEER,,8T6983,32,0.0,14,,,90.0,A
419269801,2026-03-31,09:41:23,73.74727,15.38851,1.4,,230.0,TUG TARA,,VT5004,70,,18,,,52.0,A
419729476,2026-03-31,08:47:55,69.16688,15.51599,10.1,272.2,31.0,JALDOOT VOYAGER,,8T3272,37,,12,,2.5,,A
419960266,2026-03-31,16:28:38,77.95299,8.64868,0.0,128.1,250.0,GANGA GLORY,IMO8864067,ATG020,55,,300,5.0,11.5,30.0,A
419543904,2026-03-31,09:25:53,86.70935,20.58971,0.0,125.4,105.0,SURYA I,,AT5019,80,,28,,9.5,99.0,B
419884393,2026-03-31,08:56:31,73.95988,15.24732,0.0,213.1,275.0,NEELAM III,,AT4129,40,0.0,30,44.0,,70.0,A
419123763,2026-03-31,02:44:23,83.14736,17.54719,0.0,138.2,,BRAHMAPUTRA III,IMO2671317,ATG264,40,,250,32.0,6.0,,B
419617300,2026-03-31,20:47:32,86.91555,20.41189,0.0,314.8,97.0,NEELAM VOYAGER,,AT3219,31,1.0,250,3.0,,57.0,A
419792542,2026-03-31,05:34:56,84.7088,15.00516,0.0,252.1,,KRISHNA DEVI,IMO6769333,8T9865,53,1.0,180,3.0,,,A
419085858,2026-03-31,19:18:41,73.55308,15.59329,13.9,255.7,,PEARL DEVI,,VU5435,30,7.0,150,18.0,3.0,50.0,A
419825624,2026-03-31,16:16:58,73.80339,15.39671,0.0,232.5,,VARUNA QUEEN,IMO0966270,,36,8.0,30,,5.5,31.0,A
419003910,2026-03-31,03:04:22,86.83411,20.12193,0.0,48.4,237.0,LAKSHMI I,,,80,,80,3.0,4.5,,A
419762643,2026-03-31,19:08:27,92.11767,11.42479,5.9,62.4,46.0,NEELAM III,,VU6109,37,5.0,12,20.0,,52.0,A
419137277,2026-03-31,23:58:29,69.92983,17.07008,0.0,151.9,,MATSYA PRIDE,IMO7551887,,33,,80,44.0,3.4,33.0,A
419483744,2026-03-31,09:43:58,69.91902,22.99621,0.0,286.5,,LAKSHMI QUEEN,,8T5362,37,8.0,10,10.0,,,A
419009538,2026-03-31,12:16:39,88.34353,21.45036,0.0,140.7,,SAGAR EXPRESS,IMO1460476,AT3788,51,5.0,60,3.0,,,A
419646726,2026-03-31,08:30:49,80.62106,13.43969,0.0,,44.0,SAMRAT I,IMO2772910,AT5078,60,8.0,22,16.0,12.0,30.0,A
419746983,2026-03-31,07:41:32,72.77804,18.92966,3.8,,61.0,MONSOON PRIDE,IMO7941908,8T6538,31,,10,18.0,3.6,,A
419898760,2026-03-31,11:27:56,72.87853,11.01014,0.0,205.5,,JALDOOT PRIDE,IMO1867066,VT1629,30,0.0,150,40.0,,,B
419827182,2026-03-31,15:14:37,93.02336,12.15893,0.0,166.9,3.0,SAMUDRA QUEEN,,VT3983,60,,22,14.0,,30.0,A
419996706,2026-03-31,21:48:07,73.94172,15.52016,0.0,,271.0,DURGA TRADER,IMO3021781,8T0664,99,,30,48.0,,30.0,A
419928150,2026-03-31,07:16:16,84.34331,15.82413,0.0,148.4,,NAVRATNA I,IMO1726282,ATG824,35,,30,2.0,1.2,,A
419927411,2026-03-31,15:15:12,86.71464,20.24609,2.0,309.0,241.0,KAMAL STAR,IMO3917026,AT4435,31,,200,7.0,,,A
419120424,2026-03-31,05:54:33,88.07626,21.49915,0.0,337.9,114.0,MATSYA GLORY,,VT3967,36,0.0,28,9.0,,80.0,A
419536481,2026-03-31,19:23:53,79.36733,9.17386,0.0,,359.0,PRIYA III,,ATG738,70,7.0,300,18.0,,36.0,A
419679986,2026-03-31,10:19:45,86.70703,20.04054,10.2,,,PSV VISHAL,IMO6226992,,31,8.0,60,40.0,,52.0,B
419929983,2026-03-31,07:50:24,76.18648,9.98171,17.5,255.6,95.0,TUG RATNA,,8T4931,57,7.0,100,,8.5,33.0,A
419014407,2026-03-31,14:31:24,73.8982,15.52016,0.0,266.8,,YAMUNA MARINER,,8T7528,53,,150,44.0,,52.0,A
419405920,2026-03-31,18:52:52,73.58928,15.3521,10.3,357.5,,PEARL STAR,IMO9805682,VT7530,36,,50,,6.4,57.0,A
419043474,2026-03-31,04:23:16,93.25724,11.38159,11.8,237.7,207.0,KAVERI QUEEN,,AT0361,30,,18,3.0,,99.0,A
419938733,2026-03-31,16:44:03,72.47062,18.70792,0.0,99.0,,GANGA GLORY,IMO8623510,ATG651,57,,80,48.0,,,A
419732895,2026-03-31,02:51:23,76.48296,9.88012,0.0,200.9,0.0,VAYU VOYAGER,IMO7449653,VT6077,40,0.0,8,40.0,11.4,37.0,A
419184039,2026-03-31,19:52:36,73.77378,15.19886,12.3,141.7,20.0,JALDOOT EXPLORER,IMO4078802,VU9516,37,,300,44.0,3.5,80.0,A
419039744,2026-03-31,00:45:08,82.89274,17.70578,13.8,175.4,,TUG SAGAR,IMO1991843,,99,,16,18.0,,60.0,A
419526321,2026-03-31,04:03:26,86.50669,20.23229,0.0,52.8,,MATSYA PIONEER,IMO4708231,VT4619,52,,22,40.0,12.0,,A
419623596,2026-03-31,00:06:03,77.93272,9.03573,0.0,5.9,,KAMAL EXPLORER,,VT6306,30,8.0,8,16.0,,31.0,A
419409891,2026-03-31,00:23:55,79.25542,9.05198,0.0,289.9,14.0,BRAHMAPUTRA QUEEN,IMO7597953,8T2600,31,,50,3.0,13.1,,A
419544920,2026-03-31,11:36:54,76.26298,9.9841,0.0,81.0,285.0,SEA QUEEN EXPLORER,,VU4456,40,8.0,18,,5.6,70.0,A
419660361,2026-03-31,15:17:30,79.15383,8.88576,0.0,161.6,,MALABAR II,,VT5301,37,,200,4.0,11.1,30.0,B
419905224,2026-03-31,11:00:12,70.0264,22.74529,0.0,20.4,,GODAVARI GLORY,IMO5719189,ATG469,37,3.0,40,5.0,3.4,70.0,B
419768057,2026-03-31,01:47:25,72.99506,11.27646,12.5,288.4,135.0,SAMRAT QUEEN,,ATG733,30,,16,44.0,,36.0,A
419440282,2026-03-31,11:43:46,74.68687,12.69832,14.5,,334.0,RATNA QUEEN,,AT2023,32,2.0,14,10.0,1.0,36.0,A
419844234,2026-03-31,18:00:33,88.17022,21.68372,0.0,287.8,,BRAHMAPUTRA STAR,IMO0756999,,37,,14,2.0,,36.0,A
419262277,2026-03-31,17:01:08,82.91035,17.463,0.0,343.7,,LAKSHMI PRINCE,IMO0360595,8T4241,30,,300,,2.7,,A
419758267,2026-03-31,15:18:02,73.45145,15.4915,0.0,5.0,207.0,PEARL TRADER,IMO1497459,8T3183,38,,150,,,,A
419498609,2026-03-31,22:34:53,68.54262,17.9416,0.0,51.4,223.0,RAJHANS TRADER,IMO1212898,VT1594,31,,22,10.0,9.7,57.0,A
419239847,2026-03-31,10:55:44,73.83218,15.6837,6.1,268.7,,INDRA PRINCE,IMO8705841,VT6134,57,,40,12.0,,,A
419058679,2026-03-31,09:48:22,86.43496,20.50775,0.0,,227.0,NAVRATNA I,IMO2616620,,37,7.0,30,25.0,6.1,,B
419655575,2026-03-31,03:38:10,85.41078,14.01644,0.0,18.8,172.0,INDRA MARINER,IMO5166545,,60,,28,10.0,,37.0,A
419386860,2026-03-31,18:39:42,72.85647,11.1692,0.0,,209.0,MATSYA STAR,IMO8602050,8T3094,70,1.0,250,40.0,,99.0,B
419797245,2026-03-31,05:33:55,86.5538,20.02666,0.0,,237.0,SHIVA MARINER,IMO0957394,AT9802,55,8.0,300,44.0,,99.0,A
419158925,2026-03-31,18:57:14,75.91054,10.15492,0.0,55.3,,NAVRATNA PRIDE,IMO9514186,8T2308,52,,16,44.0,,80.0,A
419196233,2026-03-31,06:07:41,86.21049,14.78809,6.5,,84.0,KAMAL PRINCE,,VU0662,60,,200,4.0,,,B
419882426,2026-03-31,13:10:23,79.14859,9.03788,0.0,,120.0,OM III,IMO8902237,8T0065,52,,300,34.0,,60.0,B
419795417,2026-03-31,15:19:04,83.32468,17.5511,0.0,303.4,236.0,SHIVA I,IMO4589626,VU8488,37,,100,,,52.0,A
419961219,2026-03-31,01:00:51,87.82057,21.46699,0.0,55.7,276.0,VAYU MATA,IMO0706690,VT7923,37,,150,34.0,,36.0,B
419649703,2026-03-31,11:30:42,72.80229,18.939,0.0,358.7,,RATNA III,IMO3155505,VT5218,30,,250,9.0,9.9,30.0,B
419831141,2026-03-31,11:14:04,70.4542,18.35292,0.0,,,SHAKTI III,,8T9109,35,,60,44.0,,36.0,A
419456844,2026-03-31,15:00:03,84.88033,15.22351,0.0,294.9,,YAMUNA STAR,IMO7378315,ATG572,60,,250,6.0,,,A
419029158,2026-03-31,13:24:32,70.4276,17.48567,0.0,81.6,,MALABAR TRADER,IMO9660734,ATG746,53,,35,48.0,,71.0,B
419161705,2026-03-31,00:28:40,84.23077,16.19268,12.0,203.2,,KRISHNA TRADER,IMO6094837,AT0292,31,,250,,,,A
419509962,2026-03-31,04:14:39,86.56398,20.08203,8.3,356.3,39.0,RATNA TRADER,,VT2223,99,,120,3.0,,52.0,A
419759017,2026-03-31,16:28:09,88.25853,21.46192,5.0,43.3,315.0,SURYA GLORY,,AT6426,36,0.0,40,9.0,2.6,70.0,A
419695592,2026-03-31,23:16:42,73.67538,15.56119,0.0,107.5,,JALDOOT VOYAGER,,AT5134,83,,25,34.0,,60.0,A
419473314,2026-03-31,13:09:02,76.31745,10.08873,6.7,,76.0,RAJHANS GLORY,IMO7953120,8T5437,31,,50,5.0,,50.0,A
419187314,2026-03-31,07:30:17,86.95682,20.1772,4.5,173.2,323.0,JALDOOT II,IMO1096856,AT7068,60,0.0,50,40.0,,31.0,A
419230600,2026-03-31,06:43:27,73.75132,15.26101,0.0,327.5,,VAYU III,,ATG670,32,1.0,25,,8.1,99.0,A
419382222,2026-03-31,10:07:01,72.52853,19.53946,0.0,66.3,190.0,OCEAN STAR I,IMO1348433,VU3252,52,,14,8.0,10.2,,A
419523428,2026-03-31,14:33:13,76.26565,10.13249,0.0,62.4,220.0,RAJHANS PIONEER,,ATG349,36,,35,7.0,11.4,,A
419266559,2026-03-31,02:24:54,76.13405,10.10842,0.0,314.0,,OM PIONEER,,8T5247,37,,40,,9.3,60.0,A
419298532,2026-03-31,10:32:43,74.90299,13.14647,0.0,107.2,41.0,MONSOON PRINCE,IMO8354346,8T6390,37,,40,34.0,,36.0,B
419161538,2026-03-31,03:01:58,70.21527,23.39694,3.5,31.8,,OM QUEEN,IMO0148967,VT8264,37,,16,,6.0,90.0,B
419625429,2026-03-31,23:02:26,73.62792,15.65547,0.0,330.1,55.0,RAJHANS MARINER,,8T4811,55,,300,,8.1,52.0,A
419683353,2026-03-31,21:50:53,70.08963,22.60488,0.0,,,TARA PRINCE,,AT3767,36,,25,,,,A
419101679,2026-03-31,07:52:58,73.34045,19.54277,1.6,3.8,,GANGA I,IMO2028866,ATG801,52,,22,12.0,,37.0,A
419484203,2026-03-31,11:37:24,73.86722,15.40528,0.0,,302.0,TARA VOYAGER,IMO1171321,AT0247,71,0.0,100,,2.1,,B
419452719,2026-03-31,07:45:34,85.53023,14.92931,0.0,309.6,36.0,SHIVA MARINER,IMO1619423,VT5401,57,3.0,30,8.0,,71.0,A
419684552,2026-03-31,11:45:59,73.89376,15.54359,0.0,50.0,,RAJHANS TRADER,IMO5669489,8T3005,30,1.0,200,14.0,,52.0,A
419842271,2026-03-31,16:35:27,73.90625,15.39252,0.0,9.3,4.0,MATSYA III,IMO0686240,8T7100,52,8.0,180,3.0,,31.0,B
419207623,2026-03-31,18:15:32,93.14422,11.14606,0.0,82.5,92.0,PSV OM,,VU5999,32,5.0,25,4.0,10.4,,A
419511350,2026-03-31,11:26:51,74.01621,15.73031,0.0,275.7,,VARUNA III,IMO5780978,VU8010,30,5.0,28,14.0,2.0,90.0,B
419144786,2026-03-31,16:32:04,75.97734,10.18027,0.0,230.9,312.0,SHIVA,IMO3789121,8T7436,37,,30,14.0,,90.0,B
419408429,2026-03-31,00:01:26,79.15796,9.06165,0.0,129.3,,MEENA EXPLORER,,VU7457,37,0.0,30,6.0,2.2,71.0,A
419980253,2026-03-31,23:07:13,72.82469,18.68642,0.0,,151.0,VISHAL VOYAGER,IMO0842324,AT8004,37,1.0,16,12.0,5.1,99.0,A
419585574,2026-03-31,21:17:51,71.00229,16.65252,10.1,5.4,188.0,NEELAM STAR,IMO5945231,8T2863,36,0.0,16,44.0,,70.0,B
419217429,2026-03-31,05:03:17,78.95221,8.71587,0.0,325.8,,YAMUNA DEVI,IMO0632503,,70,3.0,100,3.0,,30.0,A
419619019,2026-03-31,08:42:53,88.2452,21.36932,8.8,30.5,,BRAHMAPUTRA PRIDE,,,33,7.0,300,,,,A
419079923,2026-03-31,00:01:01,76.33617,10.11778,0.0,267.4,,NAVRATNA II,,ATG437,37,,14,44.0,10.5,,A
419177666,2026-03-31,12:22:42,72.81512,18.56215,16.1,24.1,294.0,GODAVARI DEVI,IMO6190223,,31,1.0,200,34.0,6.5,99.0,A
419353223,2026-03-31,17:42:19,69.85531,22.85574,15.6,294.7,,SHIVA II,,8T4300,37,,22,,10.7,90.0,A
419313246,2026-03-31,12:32:44,86.89602,20.38846,0.0,45.6,,KAVERI DEVI,,AT3820,31,1.0,25,,11.0,52.0,A
419673512,2026-03-31,17:45:43,74.01584,15.31779,0.0,,344.0,OM PRIDE,,AT9622,74,,150,,11.4,52.0,A
419069296,2026-03-31,11:54:19,78.36525,9.00729,0.0,,,NEELAM VOYAGER,IMO9793442,,52,,50,,,,B
419804579,2026-03-31,16:52:50,78.96973,8.78216,0.0,165.2,,JALDOOT STAR,IMO3720945,,31,8.0,60,2.0,6.1,,B
419630112,2026-03-31,05:31:03,72.30881,19.48898,0.0,181.2,,YAMUNA PRINCE,IMO3679608,8T9671,57,3.0,30,48.0,8.6,,B
419208564,2026-03-31,20:41:22,93.1405,11.0624,0.0,274.8,,LAKSHMI II,,ATG175,37,,300,48.0,12.0,,B
419044104,2026-03-31,02:14:12,76.1434,9.68832,0.0,27.3,169.0,DURGA PRINCE,IMO7558030,VT1685,52,8.0,14,,6.6,,B
419027169,2026-03-31,19:11:30,92.34505,11.77501,12.6,33.6,199.0,AGNI II,IMO7675983,VU6170,60,,30,34.0,3.4,60.0,A
419657285,2026-03-31,08:59:23,77.99848,8.59365,0.0,101.6,337.0,OM VOYAGER,IMO1584668,VU0302,37,,18,25.0,10.4,,A
419451502,2026-03-31,11:38:54,70.64339,23.01786,0.0,1.6,,OM STAR,IMO0738277,VT1842,30,7.0,80,48.0,5.9,70.0,B
419121024,2026-03-31,05:07:36,73.74332,15.55508,0.0,125.5,,OCEAN STAR PRIDE,IMO9971659,ATG676,90,5.0,180,18.0,3.9,37.0,B
419522426,2026-03-31,13:16:19,73.57017,15.42534,0.0,301.5,132.0,TUG KONKAN,IMO7360157,8T1150,51,1.0,40,6.0,1.4,52.0,B
419347597,2026-03-31,20:15:16,69.45593,16.10992,0.0,,307.0,SAMRAT II,IMO6386643,VT3172,36,8.0,16,32.0,5.9,,A
419724000,2026-03-31,23:57:02,73.84844,15.47766,1.6,284.3,301.0,PRIYA DEVI,IMO6303356,VU6930,57,,10,3.0,,36.0,B
419810480,2026-03-31,06:18:59,83.03451,18.08592,0.0,23.2,,OSV NEELAM,,VU7661,51,,40,7.0,,90.0,A
419681594,2026-03-31,16:42:24,70.80731,18.44418,0.0,328.0,45.0,YAMUNA EXPRESS,,ATG397,37,,16,5.0,,,B
419376501,2026-03-31,14:45:54,79.31405,8.95628,1.8,,,MONSOON EXPRESS,,AT0162,40,,18,40.0,6.3,,B
419093761,2026-03-31,14:23:16,84.56178,14.47459,0.0,166.9,,GODAVARI VOYAGER,IMO7726597,VT8385,40,,8,,12.8,90.0,A
419578939,2026-03-31,02:32:51,86.8718,13.91723,15.5,126.3,272.0,KRISHNA MATA,,,52,,8,44.0,,33.0,B
419875703,2026-03-31,23:23:41,72.48541,18.51956,0.0,122.3,329.0,PSV ANAND,IMO0695222,VU6931,60,,18,3.0,,,A
419266249,2026-03-31,16:25:43,78.32556,8.73174,0.0,251.0,353.0,PEARL PIONEER,IMO7406873,AT4534,52,,25,18.0,,,A
419834834,2026-03-31,20:26:45,72.95182,10.68291,6.4,,253.0,KAMAL VOYAGER,,,89,,100,30.0,,36.0,A
419983443,2026-03-31,15:40:42,86.59956,15.57153,0.0,,,SEA QUEEN QUEEN,IMO6720073,8T3907,37,,80,,8.4,,A
419380162,2026-03-31,12:11:59,86.54804,20.19581,0.0,107.9,336.0,BRAHMAPUTRA EXPRESS,IMO2794337,AT3111,40,2.0,35,40.0,13.4,50.0,B
419428662,2026-03-31,12:31:21,70.06348,22.55111,0.0,199.4,178.0,TRISHUL I,IMO1935117,AT5553,80,,50,6.0,7.8,57.0,B
419461215,2026-03-31,17:19:01,78.28315,8.70391,0.0,273.9,51.0,KAMAL III,IMO7620990,VU1963,37,,22,44.0,12.9,,A
419505998,2026-03-31,05:12:02,70.53154,15.87513,13.0,,,KAMAL MATA,IMO4851420,,36,,40,12.0,11.7,,A
419134275,2026-03-31,13:30:38,80.3851,13.07325,0.0,105.4,,KAVERI MARINER,,AT3102,33,,14,48.0,1.2,70.0,B
419926517,2026-03-31,07:46:40,79.40511,9.00554,0.0,267.6,250.0,RAJHANS EXPRESS,,AT7376,51,,8,16.0,7.4,30.0,A
419599153,2026-03-31,02:03:22,74.45621,12.79068,0.0,47.1,266.0,YAMUNA MARINER,IMO0295867,VT3040,37,,20,10.0,,37.0,B
419236881,2026-03-31,01:37:32,70.24946,22.74359,0.0,,160.0,VAYU MARINER,,,36,3.0,120,7.0,4.0,,A
419681636,2026-03-31,00:19:44,74.85054,12.9392,1.5,356.4,307.0,KRISHNA DEVI,,VT0521,55,,14,,12.4,52.0,B
419508951,2026-03-31,06:33:52,74.67279,12.60385,0.0,,155.0,OM STAR,IMO5561927,VT3771,79,,16,20.0,5.4,80.0,A
419783055,2026-03-31,18:00:04,74.77668,12.65907,15.3,,23.0,VARUNA EXPLORER,IMO4466276,VU0411,32,,14,12.0,9.4,37.0,A
419968636,2026-03-31,09:32:11,83.16064,17.97338,6.8,,11.0,NEELAM,,ATG936,40,,12,16.0,,,B
419127065,2026-03-31,21:47:01,74.99471,12.63865,0.0,208.4,231.0,AGNI MATA,,,38,1.0,150,18.0,11.6,71.0,B
419849749,2026-03-31,22:21:57,80.15258,13.18021,0.0,38.3,142.0,MONSOON PIONEER,IMO1898106,,37,,250,14.0,,,A
419975572,2026-03-31,15:05:18,70.3088,23.09668,0.0,,108.0,RAJHANS I,,VU0130,52,,80,16.0,9.5,52.0,A
419613179,2026-03-31,19:10:59,76.35259,9.99704,0.0,87.3,307.0,BRAHMAPUTRA MATA,,VU9981,36,2.0,25,8.0,,,A
419174192,2026-03-31,11:44:53,86.74055,20.56472,0.0,,,VISHAL PRINCE,,,31,,150,44.0,,,A
419531563,2026-03-31,01:55:10,88.36745,21.20694,8.5,187.6,318.0,KRISHNA PIONEER,IMO9872408,8T9217,50,,20,14.0,10.5,52.0,A
419339736,2026-03-31,16:29:12,72.39523,19.18089,0.0,350.8,92.0,MATSYA III,IMO8306323,AT0181,52,5.0,18,,,,A
419243509,2026-03-31,11:12:04,80.61556,12.98083,1.6,,,VARUNA III,,8T8913,30,,28,48.0,,71.0,A
419826110,2026-03-31,23:24:39,73.8199,15.38,0.0,,123.0,TRISHUL QUEEN,IMO9533861,VT1839,52,,22,12.0,,37.0,A
419283463,2026-03-31,07:20:20,79.22328,9.10473,0.0,92.6,,OCEAN STAR TRADER,IMO8654243,VU6928,53,7.0,60,10.0,11.3,99.0,B
419895947,2026-03-31,22:59:39,79.15615,8.84924,16.3,102.0,307.0,SAGAR TRADER,IMO8830099,VU8873,65,,180,48.0,,52.0,B
419994706,2026-03-31,03:52:38,80.41398,13.38268,15.7,210.3,,YAMUNA MATA,,ATG156,71,,50,,1.0,,A
419016744,2026-03-31,20:29:50,69.11323,17.54927,0.0,219.8,,MATSYA VOYAGER,IMO0566937,VT2428,37,8.0,300,34.0,,31.0,A
419250385,2026-03-31,17:51:31,80.20111,12.83794,0.0,,127.0,MONSOON I,IMO3585301,,36,,16,25.0,5.7,90.0,A
419048527,2026-03-31,16:44:09,78.13491,8.67563,16.0,117.9,,VARUNA PRINCE,IMO4689633,,36,,16,8.0,6.5,,A
419731744,2026-03-31,13:00:35,80.03845,13.40891,0.0,,227.0,JALDOOT DEVI,IMO4759443,8T5295,52,3.0,60,,,90.0,A
419768740,2026-03-31,09:39:12,71.09973,15.56758,0.0,29.0,179.0,OM PRINCE,IMO3099000,AT0656,31,,16,,10.0,,A
419653523,2026-03-31,04:44:16,84.09568,14.78951,0.0,310.1,238.0,SURYA I,IMO4956119,8T8996,99,,12,34.0,,,A
419661447,2026-03-31,16:20:09,80.41427,12.77441,11.7,240.7,,CORAL STAR,IMO0525659,VT8914,37,,300,9.0,,57.0,A
419054739,2026-03-31,19:28:47,79.95367,13.4317,0.0,77.8,198.0,RATNA PRINCE,IMO1478524,AT2035,37,,14,,,80.0,B
419735186,2026-03-31,15:03:33,76.19814,10.17024,0.0,32.5,187.0,PSV DURGA,,ATG581,52,7.0,180,,5.6,31.0,B
419559909,2026-03-31,19:01:27,76.37619,10.18172,0.0,349.5,192.0,AGNI EXPLORER,IMO9238319,8T9180,60,,120,,11.8,,A
419421959,2026-03-31,16:52:07,72.8105,10.69373,0.0,62.4,79.0,TARA MARINER,IMO1331555,VT1530,33,3.0,28,12.0,6.5,80.0,A
419965984,2026-03-31,11:23:27,76.40365,9.89407,0.0,,,RAJHANS III,,8T4520,53,8.0,12,,11.0,,A
419691008,2026-03-31,23:10:20,69.834,23.16415,13.3,192.7,,SHIVA PIONEER,IMO6269962,,32,,80,,,30.0,A
419257228,2026-03-31,22:50:21,80.02632,13.26277,0.5,328.5,,KAVERI GLORY,IMO2951452,VT5802,53,,40,3.0,,99.0,A
419654747,2026-03-31,14:31:55,92.50928,11.72838,0.0,92.6,,PEARL TRADER,,,50,8.0,35,,,60.0,B
419765699,2026-03-31,08:39:09,70.65898,22.88935,0.0,318.5,302.0,KAVERI EXPLORER,,8T4719,31,,100,2.0,,,B
419953829,2026-03-31,10:33:10,76.35209,10.00347,0.0,344.4,225.0,TARA PRIDE,IMO0953267,,36,,100,32.0,,,A
419629258,2026-03-31,06:45:23,71.2187,15.97655,0.0,273.6,111.0,OSV DURGA,,AT6767,37,,40,10.0,7.9,,B
419597521,2026-03-31,08:24:44,78.41258,8.5704,0.0,246.1,,SHIVA TRADER,IMO7411486,VU6751,74,,180,30.0,5.2,52.0,A
419156419,2026-03-31,14:41:01,80.09007,13.17908,0.0,203.6,,KAVERI I,,8T7224,30,2.0,25,,,70.0,A
419680984,2026-03-31,15:52:13,87.81625,21.23945,0.0,,,BRAHMAPUTRA EXPRESS,,8T6671,40,7.0,25,,,52.0,A
419746272,2026-03-31,01:45:01,88.06607,21.79951,0.0,224.6,,MALABAR PRIDE,,VU8502,52,,35,,,71.0,A
419077558,2026-03-31,05:03:07,69.88239,22.65871,0.0,143.1,136.0,OCEAN STAR,IMO5199198,,37,,12,6.0,9.6,90.0,A
419531649,2026-03-31,19:42:55,73.90597,15.6056,0.0,238.6,225.0,RAJHANS I,IMO5549434,ATG877,37,1.0,50,40.0,2.8,70.0,B
419076341,2026-03-31,12:35:21,74.72997,12.95625,0.0,,329.0,VARUNA TRADER,,,37,,80,6.0,12.8,60.0,A
419135474,2026-03-31,03:28:02,78.23922,8.64728,0.0,,274.0,RAJHANS PIONEER,IMO9475816,VU8413,37,8.0,20,,9.0,37.0,A
419469714,2026-03-31,17:56:19,93.07123,11.58697,0.0,350.6,,KAMAL PRINCE,IMO4560170,ATG101,50,,250,2.0,1.5,80.0,A
419794907,2026-03-31,19:46:11,80.65533,13.17791,0.0,143.2,,RATNA PRIDE,,AT3673,37,,35,32.0,1.6,33.0,B
419341335,2026-03-31,03:52:35,72.25953,10.98967,3.4,327.8,,PEARL EXPRESS,,8T6714,89,,20,2.0,,,A
419582608,2026-03-31,06:20:20,86.84575,14.52812,0.0,322.8,,PRIYA MATA,IMO8669112,VU2142,52,,40,,,60.0,A
419594657,2026-03-31,09:36:56,88.48177,21.41828,0.0,,143.0,NAVRATNA VOYAGER,,ATG380,30,7.0,20,,9.0,70.0,A
419841847,2026-03-31,02:55:21,74.54949,13.00246,0.0,238.2,124.0,AGNI QUEEN,,ATG030,89,,40,12.0,,,B
419618376,2026-03-31,05:15:24,72.58655,10.79854,0.0,229.1,48.0,KAMAL EXPLORER,IMO4186930,VU6456,30,,60,12.0,8.7,,A
419906490,2026-03-31,20:33:17,92.87421,11.90083,0.0,121.0,,AGNI II,IMO5891368,,51,8.0,8,25.0,2.5,36.0,A
419625260,2026-03-31,05:07:08,73.89098,15.40407,13.6,132.0,5.0,KAVERI PIONEER,IMO8439106,VU5174,60,,40,40.0,9.6,,A
419401283,2026-03-31,06:53:44,70.21323,22.83042,11.4,203.8,112.0,VAYU DEVI,IMO1703056,VT9412,57,,300,18.0,2.2,,B
419953376,2026-03-31,20:20:18,74.72213,13.05363,15.0,167.3,31.0,RAJHANS GLORY,IMO3173033,8T6757,36,,30,,4.8,,B
419473181,2026-03-31,12:32:26,78.35708,8.96387,0.0,,,KRISHNA DEVI,,,37,1.0,150,30.0,12.0,,A
419572897,2026-03-31,05:31:23,73.57605,15.55987,0.0,339.5,,CORAL MATA,IMO6066992,ATG138,51,,120,30.0,10.6,,B
419957039,2026-03-31,20:34:15,69.62875,16.7188,0.0,,227.0,PSV RATNA,IMO1289622,VT6824,57,3.0,20,9.0,,36.0,A
419060694,2026-03-31,08:14:56,92.83437,11.00277,0.0,122.7,200.0,INDRA MATA,,VT0644,32,,120,14.0,,36.0,B
419804255,2026-03-31,11:19:25,68.51938,17.08822,4.5,,67.0,TRISHUL MATA,IMO7860203,VU2131,60,,12,,,,B
419928798,2026-03-31,17:37:23,73.74824,15.68133,0.0,90.6,,AGNI DEVI,IMO9644160,VU8880,60,,30,,3.2,,A
419022017,2026-03-31,13:08:17,75.94009,10.21827,5.0,223.0,356.0,MONSOON STAR,IMO5015269,AT2036,69,0.0,30,,,36.0,A
419872383,2026-03-31,14:29:13,86.59837,20.40098,0.0,,78.0,NAVRATNA VOYAGER,IMO1970150,8T6797,37,2.0,16,16.0,2.6,60.0,A
419233297,2026-03-31,00:08:11,79.4106,9.04521,0.0,181.9,52.0,KONKAN VOYAGER,IMO1639714,VT7574,83,,28,7.0,,70.0,A
419259188,2026-03-31,08:39:20,92.88376,11.21338,17.1,261.9,330.0,SAMUDRA MARINER,,AT4978,57,,40,16.0,5.2,,A
419802990,2026-03-31,08:14:33,75.91126,9.97036,0.0,,,LAKSHMI II,,VU7624,52,2.0,300,6.0,4.3,30.0,B
419309140,2026-03-31,03:39:00,92.39007,11.17797,0.0,270.7,93.0,BRAHMAPUTRA PRIDE,IMO0018429,VU5984,71,,18,7.0,,90.0,A
419966771,2026-03-31,12:50:56,74.92379,12.95708,0.0,267.0,120.0,PRIYA,IMO0647614,ATG873,30,7.0,250,,,31.0,B
419920675,2026-03-31,09:44:40,84.58936,14.1739,17.2,211.4,,MALABAR QUEEN,IMO8357338,,52,3.0,80,9.0,,71.0,A
419364122,2026-03-31,10:40:19,72.21731,11.24672,0.0,,80.0,TUG PEARL,,VU5107,36,1.0,35,14.0,,37.0,A
419422456,2026-03-31,11:07:28,69.85627,23.09373,0.0,47.4,,TARA EXPRESS,IMO5053494,VT9715,57,,30,16.0,,,A
419824630,2026-03-31,15:40:37,70.54538,22.91052,0.0,321.0,121.0,VIJAY PRIDE,IMO5042059,ATG856,30,,12,12.0,,,B
419090101,2026-03-31,10:21:33,72.27684,10.83408,0.0,215.9,262.0,YAMUNA I,,ATG163,40,,50,32.0,7.7,,A
419690509,2026-03-31,13:54:04,78.18408,8.69016,13.7,172.3,6.0,LAKSHMI III,IMO4723735,VT7830,32,,40,44.0,,70.0,B
419514549,2026-03-31,19:58:29,74.49766,12.87687,0.0,,194.0,SURYA VOYAGER,IMO1164560,8T5634,52,,12,32.0,8.8,,A
419025856,2026-03-31,12:03:41,72.81642,10.67114,12.7,286.0,102.0,VAYU QUEEN,IMO1548720,VU4025,37,5.0,8,,,,A
419998397,2026-03-31,14:37:00,88.158,21.38952,2.4,35.1,,NEELAM I,,AT3529,57,,22,2.0,13.2,,B
419654662,2026-03-31,18:38:26,88.03738,21.75455,9.4,56.4,,TUG INDRA,,,52,5.0,40,25.0,,33.0,A
419890418,2026-03-31,22:54:08,73.97954,15.66723,0.0,148.6,,INDRA DEVI,IMO4479098,VU6152,60,,30,,11.7,37.0,A
419248248,2026-03-31,19:48:51,78.9423,8.81484,0.0,166.3,21.0,AGNI I,IMO6691419,8T6061,30,0.0,12,32.0,,99.0,B
419256924,2026-03-31,17:42:07,80.52165,13.14177,0.0,79.3,47.0,JALDOOT III,,AT1325,30,1.0,150,2.0,,52.0,A
419067148,2026-03-31,16:42:12,83.00835,17.35537,0.0,274.6,161.0,GODAVARI DEVI,IMO0740337,8T9987,80,,22,9.0,9.9,70.0,A
419641060,2026-03-31,08:09:39,73.72055,15.60545,0.0,252.9,178.0,SAGAR II,,ATG546,80,1.0,22,18.0,12.6,37.0,B
419679486,2026-03-31,23:08:26,88.22275,21.85305,0.0,,126.0,VIJAY GLORY,,,31,,22,48.0,8.2,,A
419781117,2026-03-31,03:52:54,86.8825,20.48122,0.0,221.7,47.0,MALABAR VOYAGER,IMO6743338,8T6552,36,3.0,14,,1.3,36.0,A
419049992,2026-03-31,14:00:26,87.92155,21.98396,0.0,344.5,,YAMUNA MARINER,IMO2487238,8T6539,36,,250,18.0,9.3,,A
419493179,2026-03-31,14:13:05,79.90469,12.7267,0.0,171.9,163.0,AGNI EXPLORER,,,31,,20,,5.9,99.0,B
419701455,2026-03-31,17:41:40,72.96916,19.39872,0.0,,,RAJHANS STAR,,,90,0.0,180,7.0,1.7,,A
419015616,2026-03-31,02:33:49,79.23711,8.9758,0.0,50.1,118.0,INDRA PRINCE,IMO4699086,VU3104,52,5.0,80,,,,A
419561922,2026-03-31,02:36:53,72.30897,10.92425,2.5,76.8,,NEELAM,,VT6936,31,,200,44.0,6.2,37.0,A
419239193,2026-03-31,23:58:42,73.92304,15.35597,9.6,,89.0,SAMUDRA VOYAGER,IMO2252964,8T4368,51,8.0,14,4.0,13.1,52.0,B
419805877,2026-03-31,03:06:03,79.10863,8.89036,0.0,,,OCEAN STAR I,,VT2046,57,3.0,14,20.0,10.1,80.0,A
419358418,2026-03-31,00:14:39,73.84474,15.34168,10.6,168.6,,MALABAR DEVI,IMO5519247,VT1173,60,,60,2.0,7.6,50.0,B
419611258,2026-03-31,10:37:08,92.34959,11.19244,0.0,,,ANAND TRADER,IMO8287321,,38,,100,32.0,3.1,80.0,A
419485220,2026-03-31,17:10:57,73.71951,15.18843,0.0,49.6,344.0,OCEAN STAR PRIDE,IMO3651295,VT0051,52,0.0,180,12.0,,33.0,A
419300360,2026-03-31,16:26:57,73.47297,15.29438,0.0,,342.0,MATSYA PRINCE,IMO5391692,8T0916,32,8.0,50,20.0,11.5,71.0,A
419304544,2026-03-31,02:20:24,85.30768,14.6686,4.8,1.5,147.0,VAYU VOYAGER,IMO1764296,VU8092,53,5.0,35,2.0,,90.0,B
419613152,2026-03-31,12:03:59,78.26779,8.86888,0.0,,,RATNA PIONEER,IMO0476253,VT1115,52,,30,32.0,11.4,80.0,B
419260317,2026-03-31,10:03:43,83.04037,17.31494,0.0,288.8,259.0,NAVRATNA PRIDE,,AT2293,57,,30,12.0,,30.0,A
419967577,2026-03-31,21:49:48,87.83558,21.88207,3.4,,114.0,MONSOON STAR,,VT1608,37,,35,32.0,12.4,90.0,A
419221336,2026-03-31,18:59:38,86.30543,20.21317,0.0,165.0,36.0,KAMAL EXPRESS,,ATG461,38,,150,,,99.0,B
419156033,2026-03-31,18:57:51,93.15831,11.8978,0.0,184.8,,VAYU TRADER,IMO9763090,ATG379,38,,180,,10.8,,A
419441076,2026-03-31,21:10:22,69.77813,16.01107,0.0,102.5,,PEARL,IMO4359839,8T0799,99,8.0,30,25.0,,50.0,B
419167843,2026-03-31,11:09:44,93.24629,11.58657,3.8,234.7,,KAVERI VOYAGER,IMO0788369,VU3854,37,0.0,20,20.0,8.6,60.0,A
419231265,2026-03-31,07:07:13,73.86661,15.29274,0.0,102.5,,INDRA EXPRESS,,AT6950,30,,35,14.0,,,A
419006174,2026-03-31,02:40:52,73.60928,15.73463,0.0,,200.0,RATNA II,IMO2706507,VT2228,32,,200,2.0,4.7,80.0,A
419455559,2026-03-31,12:07:22,72.5047,19.51343,0.0,179.9,,YAMUNA EXPRESS,IMO7639904,ATG008,52,,22,18.0,,99.0,A
419902220,2026-03-31,20:32:35,80.44123,13.45912,7.2,278.3,,SURYA VOYAGER,IMO2003934,VT7697,37,,40,,7.9,,A
419919296,2026-03-31,23:37:19,88.43008,21.28998,4.0,30.6,213.0,PRIYA MATA,,AT2705,30,,30,,7.7,,A
419063228,2026-03-31,00:56:20,84.50223,16.44255,0.0,324.5,214.0,MATSYA DEVI,,ATG064,50,,200,,13.5,57.0,B
419747788,2026-03-31,09:29:52,73.08625,18.35432,10.9,114.5,,DURGA MATA,IMO2842680,VU8261,31,8.0,60,2.0,3.4,71.0,A
419056688,2026-03-31,00:23:06,72.87146,10.55942,11.5,110.0,,RAJHANS MATA,,,52,,25,6.0,,,A
419601991,2026-03-31,22:27:25,86.3138,20.13318,0.0,169.6,350.0,ANAND I,IMO1074043,8T9579,69,8.0,16,,,,A
419090070,2026-03-31,03:51:51,82.87246,17.88953,0.0,17.3,,NEELAM QUEEN,,,32,,80,,10.9,71.0,A
419396597,2026-03-31,11:15:31,74.65793,13.05605,0.0,240.8,144.0,YAMUNA GLORY,,AT1337,36,,60,,,,B
419681608,2026-03-31,11:39:33,78.335,8.91009,0.0,287.9,,MATSYA I,IMO3586240,ATG445,38,0.0,150,34.0,3.3,36.0,B
419911110,2026-03-31,18:51:45,77.89249,8.86579,9.6,,,NEELAM QUEEN,,8T6183,99,,60,8.0,,,A
419226425,2026-03-31,22:26:06,86.79728,14.98602,0.0,,294.0,JALDOOT III,IMO2147498,AT6042,70,,60,5.0,7.8,,A
419146172,2026-03-31,18:10:09,78.01285,8.47845,0.0,,,VIJAY MATA,IMO7544584,AT1340,38,,16,,13.3,,B
419627519,2026-03-31,07:36:07,74.75956,13.13749,0.0,,270.0,TRISHUL PIONEER,,VT5686,36,,300,,,57.0,A
419594805,2026-03-31,08:26:57,70.40655,22.53512,0.0,86.8,,SHIVA II,IMO2447563,VT2138,32,0.0,18,,,52.0,A
419459858,2026-03-31,14:36:44,78.04566,8.66218,0.0,188.2,,INDRA II,IMO8866905,8T4699,52,,18,34.0,,,B
419052031,2026-03-31,08:01:04,79.27014,8.80054,10.0,32.8,85.0,PSV CORAL,IMO4277862,8T5272,32,,40,,,57.0,A
419471062,2026-03-31,19:32:58,74.83264,12.73312,0.0,172.9,217.0,SHAKTI DEVI,IMO0045358,8T7302,80,,200,6.0,,,A
419424025,2026-03-31,12:27:30,78.16272,8.99495,0.0,,,OM II,,AT6738,36,,30,18.0,,,A
419673322,2026-03-31,22:42:16,78.99782,9.27891,0.0,126.8,353.0,ANAND EXPRESS,IMO4599426,ATG608,30,,10,4.0,10.0,36.0,A
419138716,2026-03-31,05:14:05,86.59701,20.12343,0.0,320.7,38.0,KONKAN PRINCE,,VU5670,52,,60,30.0,10.6,,A
419969579,2026-03-31,10:46:13,78.19101,8.74678,0.0,351.4,175.0,CORAL STAR,IMO1714854,8T3952,52,7.0,250,16.0,,,B
419216511,2026-03-31,22:13:07,87.9895,21.34798,16.3,106.3,76.0,INDRA DEVI,IMO9473088,,35,0.0,35,9.0,,,A
419029363,2026-03-31,10:32:33,87.76764,21.83544,0.0,286.9,,ANAND PIONEER,IMO5990047,AT1232,37,7.0,8,4.0,,90.0,A
419348571,2026-03-31,07:21:33,74.82405,13.06028,12.5,153.9,95.0,AGNI STAR,,VT3813,36,0.0,150,12.0,,70.0,B
419819664,2026-03-31,13:07:26,73.79337,15.22021,0.0,184.7,111.0,YAMUNA III,,ATG670,37,,300,,,,B
419191874,2026-03-31,01:18:07,75.96721,10.17008,0.0,,127.0,TRISHUL,IMO1487650,ATG752,60,,200,25.0,1.9,80.0,A
419037811,2026-03-31,23:45:01,86.92981,15.51551,1.0,,,YAMUNA I,,VT0599,50,5.0,180,18.0,,,A
419370071,2026-03-31,11:35:17,82.87114,17.30712,0.0,98.7,215.0,GANGA EXPLORER,,ATG448,33,,180,48.0,,,B
419228582,2026-03-31,13:36:39,86.49204,20.18637,0.0,,,KRISHNA MATA,IMO3678838,VU6932,57,3.0,10,10.0,6.1,60.0,A
419486741,2026-03-31,14:18:17,74.52816,13.06003,0.0,164.6,,PSV MALABAR,IMO0811441,VU8143,37,,12,20.0,2.5,,A
419118926,2026-03-31,00:48:21,72.76742,10.77336,0.0,327.4,203.0,SAMUDRA EXPRESS,IMO1403445,AT9566,36,0.0,8,4.0,,33.0,A
419386974,2026-03-31,04:34:36,92.97213,11.78196,0.0,140.6,273.0,OSV GODAVARI,IMO7093409,ATG508,57,1.0,50,,,36.0,B
419484377,2026-03-31,01:14:06,73.22257,18.85397,0.0,256.4,63.0,SAMUDRA MARINER,IMO6695421,ATG562,33,,100,,,,A
419734479,2026-03-31,10:21:38,92.32095,11.38271,0.0,293.7,282.0,DURGA DEVI,IMO0017078,VT2945,32,,12,9.0,,70.0,A
419142355,2026-03-31,05:27:08,72.91355,11.2096,0.0,174.0,,SAMRAT III,IMO0265647,ATG115,65,,12,,,,B
419410791,2026-03-31,04:13:23,84.90209,13.85778,0.0,137.4,,SAMRAT GLORY,,AT7388,65,,18,9.0,10.0,37.0,B
419700788,2026-03-31,04:24:19,87.88807,21.47251,0.0,31.1,,ANAND EXPLORER,IMO9096660,,40,8.0,20,,,50.0,A
419468210,2026-03-31,00:30:18,73.73343,15.74581,0.0,,249.0,MONSOON PRIDE,IMO9320709,8T3484,30,,300,20.0,4.8,,A
419965074,2026-03-31,09:47:41,79.16499,8.93698,7.7,129.7,306.0,RAJHANS TRADER,IMO9500345,VU0262,38,,22,3.0,11.6,37.0,A
419733090,2026-03-31,16:48:02,72.82045,11.15601,0.7,81.7,263.0,PEARL DEVI,,,52,,200,40.0,,,A
419669332,2026-03-31,17:56:01,80.1063,12.87368,0.0,250.9,266.0,NEELAM DEVI,IMO2593103,ATG008,32,,200,8.0,12.2,57.0,A
419333188,2026-03-31,07:39:56,86.74423,20.20699,0.0,129.6,,SHAKTI III,IMO5176968,,30,8.0,300,16.0,,31.0,B
419379264,2026-03-31,01:05:47,76.27754,10.07797,8.1,188.0,104.0,JALDOOT PRINCE,IMO9039799,8T3315,83,0.0,14,44.0,,,A
419102506,2026-03-31,15:52:15,80.41948,13.42921,0.0,145.1,152.0,SAMRAT PRIDE,,AT9103,37,,28,,5.8,50.0,A
419374396,2026-03-31,08:17:45,86.53577,20.13002,0.0,72.4,,KONKAN PRINCE,,,36,,10,,,,B
419366325,2026-03-31,14:13:06,88.32585,21.56896,0.0,340.9,258.0,SURYA PRIDE,IMO0191090,8T6607,40,,16,20.0,12.5,90.0,B
419378595,2026-03-31,22:56:28,86.97516,13.7741,0.0,215.7,212.0,KONKAN III,,ATG346,79,,28,,,36.0,B
419052890,2026-03-31,12:04:43,78.44242,8.65686,10.0,,230.0,NAVRATNA MATA,,VU4509,51,8.0,180,8.0,,30.0,A
419899646,2026-03-31,22:08:45,86.79102,13.9962,0.0,129.0,304.0,VAYU PIONEER,,8T7108,99,,30,12.0,4.6,37.0,A
419376474,2026-03-31,16:43:54,79.99802,13.4312,0.0,153.3,,SAMRAT EXPLORER,IMO5868190,,30,5.0,100,44.0,3.7,60.0,A
419013855,2026-03-31,00:00:42,72.6689,10.52073,14.1,69.5,,VARUNA PIONEER,IMO1815806,VT9499,70,,40,,,50.0,A
419939687,2026-03-31,02:58:00,83.24396,17.93596,0.0,231.1,,JALDOOT PIONEER,,VT9612,35,,16,,4.5,33.0,A
419003717,2026-03-31,18:03:35,78.08121,8.7834,0.0,194.7,54.0,VISHAL PRIDE,IMO2030695,ATG571,71,2.0,120,20.0,,,A
419399330,2026-03-31,06:37:49,76.34732,10.00023,0.0,,113.0,SEA QUEEN PRIDE,IMO8910961,ATG804,36,7.0,18,4.0,,90.0,B
419164180,2026-03-31,09:13:03,74.69424,13.07775,0.0,249.0,52.0,RATNA TRADER,,AT9506,60,0.0,30,32.0,,57.0,A
419698398,2026-03-31,12:41:03,86.48052,19.97844,0.0,28.1,,SHAKTI PRIDE,,8T4766,36,,180,16.0,,37.0,B
419617468,2026-03-31,11:39:25,86.97626,19.96003,17.3,,198.0,NAVRATNA EXPLORER,,AT9824,57,,180,,9.4,30.0,A
419627740,2026-03-31,05:45:27,73.37171,18.78671,0.0,,165.0,PRIYA VOYAGER,IMO6008589,ATG172,33,1.0,10,,1.1,,A
419313184,2026-03-31,13:31:28,70.33786,15.54997,0.0,103.7,76.0,SEA QUEEN II,IMO9443141,VT8783,52,,20,48.0,,60.0,A
419021168,2026-03-31,05:21:43,74.82363,12.73021,0.0,180.8,,KRISHNA QUEEN,IMO5789635,ATG745,40,2.0,300,12.0,12.9,,B
419254422,2026-03-31,23:16:46,75.94057,9.84616,0.0,199.2,127.0,KAMAL QUEEN,IMO7204767,ATG082,37,,80,12.0,,,A
419075313,2026-03-31,14:12:01,86.37191,20.37292,0.0,142.6,335.0,TARA TRADER,IMO4301061,AT5299,60,,35,25.0,12.6,,B
419115333,2026-03-31,10:04:18,72.3317,11.24627,7.8,10.3,,VARUNA MARINER,IMO7585861,8T8178,57,8.0,300,6.0,8.2,70.0,B
419638274,2026-03-31,21:14:23,69.13197,18.35773,0.0,,164.0,LAKSHMI MARINER,IMO1483687,ATG740,30,,40,18.0,,52.0,B
419622821,2026-03-31,06:35:22,72.30165,11.01602,0.0,309.1,275.0,SHAKTI STAR,,VU9330,40,,35,48.0,,,A
419660485,2026-03-31,08:25:57,70.35343,22.70238,0.0,187.5,,KAMAL MARINER,IMO6512421,,40,,60,34.0,,37.0,A
419648116,2026-03-31,12:18:28,86.81668,20.598,0.0,206.1,,VAYU PRINCE,IMO6365972,ATG687,37,,150,8.0,8.0,,A
419749195,2026-03-31,08:00:43,72.21879,11.2967,0.0,,66.0,PSV PEARL,,VT1113,51,,28,,4.8,36.0,A
419792149,2026-03-31,21:58:49,73.12135,18.35304,0.0,288.0,,OSV SEA QUEEN,IMO1573806,8T6736,52,,10,40.0,,90.0,A
419643205,2026-03-31,18:31:44,72.55107,10.95409,0.0,327.9,240.0,KONKAN GLORY,IMO2770115,8T1773,60,,50,,,52.0,B
419861085,2026-03-31,22:01:32,83.25076,18.05341,17.8,,302.0,KAVERI PRIDE,,VT2632,36,,80,,10.6,,A
419587669,2026-03-31,09:26:24,79.48347,9.07981,0.0,127.3,122.0,GODAVARI I,IMO2405377,VT8489,37,8.0,22,48.0,5.2,,A
419480780,2026-03-31,13:38:19,74.88764,12.72955,6.7,208.9,310.0,KAMAL I,IMO4073730,AT1506,37,3.0,300,,4.9,,A
419583879,2026-03-31,15:43:27,75.00472,13.13451,8.4,,,INDRA DEVI,,8T7415,55,,10,40.0,11.2,31.0,B
419607819,2026-03-31,11:56:18,70.21775,22.79903,10.7,171.2,103.0,GANGA PRIDE,,AT7547,99,,30,,,90.0,A
419602706,2026-03-31,19:13:07,83.22636,17.64617,0.0,338.8,,YAMUNA III,,AT5998,37,,14,,4.1,60.0,A
419807910,2026-03-31,22:51:49,79.28471,8.94268,0.0,294.6,253.0,NAVRATNA MARINER,,8T3034,37,,35,25.0,12.6,,A
419449272,2026-03-31,18:43:00,72.39122,18.36187,0.0,,131.0,KAMAL VOYAGER,IMO8444088,AT9303,80,,10,25.0,5.6,,A
419699015,2026-03-31,05:47:14,74.47266,13.14725,2.3,137.2,,PEARL PIONEER,,,32,3.0,180,48.0,11.0,,A
419732012,2026-03-31,22:51:47,88.19674,21.372,0.0,7.9,,CORAL MATA,,AT8109,38,,10,16.0,4.6,60.0,B
419973982,2026-03-31,09:51:46,79.30795,8.8977,0.0,134.9,80.0,DURGA STAR,,VU9518,65,7.0,35,16.0,,90.0,A
419559030,2026-03-31,18:41:19,70.42672,22.92322,0.0,304.1,256.0,LAKSHMI MARINER,IMO4915089,,31,5.0,300,12.0,12.5,99.0,A
419559355,2026-03-31,18:30:24,83.25623,17.98704,0.0,,153.0,SHIVA TRADER,,AT4123,60,,28,,,70.0,B
419045594,2026-03-31,19:55:51,79.34233,9.04151,0.0,,54.0,BRAHMAPUTRA PRIDE,IMO7125593,VT2767,31,,8,18.0,,33.0,B
419653145,2026-03-31,04:07:14,92.22386,11.24235,0.0,20.1,186.0,MALABAR VOYAGER,IMO5621683,ATG668,36,0.0,180,,,70.0,B
419604317,2026-03-31,03:13:58,78.13293,8.64778,0.0,33.6,,SAGAR EXPRESS,IMO6089888,VT1055,36,,12,4.0,11.5,33.0,A
419093339,2026-03-31,15:46:50,74.56096,12.95246,0.0,195.5,265.0,JALDOOT PRINCE,IMO4781676,AT2083,52,5.0,12,7.0,10.3,37.0,A
419644047,2026-03-31,23:36:06,86.83549,20.48655,13.7,146.3,333.0,OM GLORY,IMO4499246,VT4469,31,,150,,,,A
419423940,2026-03-31,05:33:21,88.21667,21.83379,0.2,,198.0,SURYA III,IMO8229232,8T7220,52,3.0,22,,10.7,,A
419386748,2026-03-31,11:53:51,83.59259,17.49569,0.0,210.2,,KONKAN GLORY,IMO8005512,ATG644,37,,50,9.0,1.5,,A
419344200,2026-03-31,10:37:31,73.75606,15.73841,8.0,,70.0,TARA MATA,,VT5651,37,3.0,120,14.0,2.1,,A
419987663,2026-03-31,06:46:41,79.3151,9.10297,0.0,46.4,49.0,DURGA II,IMO7005229,,30,5.0,200,12.0,10.6,70.0,A
419702599,2026-03-31,15:37:38,69.98993,22.61306,0.0,,,KONKAN III,,VT9221,37,8.0,60,12.0,,31.0,B
419320431,2026-03-31,22:11:40,70.49985,22.782,3.2,148.0,22.0,MONSOON PIONEER,,,35,2.0,30,14.0,,,A
419702751,2026-03-31,00:16:51,73.3341,19.5022,15.2,197.9,296.0,SURYA QUEEN,,ATG793,37,,35,8.0,,36.0,A
419484951,2026-03-31,15:14:27,76.43783,10.14062,0.0,52.3,270.0,SAMUDRA PRIDE,IMO5519020,VT5488,32,,14,3.0,3.4,,A
419633057,2026-03-31,13:24:34,92.94067,11.23221,0.0,,134.0,OSV PRIYA,,AT7012,74,,180,7.0,,99.0,B
419717856,2026-03-31,19:16:01,70.14445,22.87859,0.0,177.6,,SURYA I,IMO5916983,VT7936,36,,8,32.0,,30.0,A
419525935,2026-03-31,17:00:21,73.3786,18.94696,0.0,2.4,,GODAVARI PRIDE,,VU7192,37,8.0,16,48.0,,31.0,A
419801093,2026-03-31,15:52:28,78.9408,9.05258,0.0,293.2,239.0,SHIVA EXPLORER,IMO8058777,VT1497,69,,100,,,52.0,B
419646077,2026-03-31,07:21:53,88.03961,21.9694,0.0,,76.0,AGNI PRINCE,,8T7489,69,2.0,10,30.0,,,A
419735818,2026-03-31,04:45:33,92.69597,11.58808,0.0,179.6,,BRAHMAPUTRA MARINER,,ATG999,51,,18,16.0,1.5,36.0,A
419469126,2026-03-31,17:52:23,70.12023,22.58905,0.0,75.9,19.0,OM PRINCE,,8T2875,30,3.0,30,7.0,3.1,71.0,B
419747811,2026-03-31,06:46:58,86.89815,20.23226,0.0,268.5,,RAJHANS EXPRESS,,8T6503,32,,250,25.0,,50.0,B
419779174,2026-03-31,07:25:17,70.00127,22.62554,0.0,74.3,356.0,SAGAR STAR,IMO7209480,VU6957,52,,18,44.0,3.5,60.0,B
419088550,2026-03-31,14:33:14,86.84181,20.14059,0.0,95.7,34.0,RAJHANS DEVI,,AT9210,32,,12,32.0,9.0,70.0,A
419293575,2026-03-31,07:39:03,83.56019,17.93726,0.0,116.9,96.0,TUG MONSOON,,VU6245,37,7.0,18,,,,A
419922394,2026-03-31,00:08:39,83.4506,17.98808,0.0,82.4,,SAMUDRA DEVI,IMO0603981,,60,,35,5.0,5.2,,A
419202241,2026-03-31,17:45:11,78.15876,8.49043,0.0,157.0,43.0,AGNI PRINCE,,ATG502,80,,180,4.0,,50.0,B
419915782,2026-03-31,20:36:03,73.13527,18.74503,0.0,,,SAMRAT TRADER,IMO4140138,ATG993,31,,18,20.0,1.1,,A
419174020,2026-03-31,22:32:50,70.60552,17.43981,7.8,145.1,278.0,SEA QUEEN III,,AT9164,40,,150,,13.1,,B
419011308,2026-03-31,11:27:21,69.57791,16.15318,0.0,319.3,93.0,INDRA STAR,IMO4626713,VU0253,79,5.0,120,20.0,1.5,52.0,A
419939876,2026-03-31,14:23:11,71.41402,16.40715,12.6,175.2,20.0,MEENA,,VT5109,37,,16,,11.1,37.0,A
419416893,2026-03-31,21:36:34,73.71064,15.74885,0.0,209.1,94.0,ANAND MATA,IMO6327868,,52,0.0,200,9.0,,36.0,B
419959311,2026-03-31,15:31:26,92.90935,11.7118,0.0,89.8,29.0,LAKSHMI DEVI,IMO0884949,ATG357,60,8.0,300,20.0,,,B
419519484,2026-03-31,13:04:14,76.44013,9.75279,0.0,,,MALABAR MARINER,,AT1109,53,8.0,30,5.0,,52.0,A
419905041,2026-03-31,17:53:07,74.99337,13.12974,0.0,,,SAGAR PRINCE,IMO2381281,8T9935,57,,250,,12.9,33.0,A
419963731,2026-03-31,03:11:32,76.02351,10.15476,0.0,,257.0,PSV BRAHMAPUTRA,IMO9400381,VT3648,89,,250,,,37.0,A
419081702,2026-03-31,18:51:08,74.70477,12.85359,9.9,230.9,,OM,,,36,0.0,200,12.0,,37.0,A
419065100,2026-03-31,10:42:45,78.90719,8.70117,0.0,43.9,,MEENA DEVI,IMO2239567,,37,1.0,12,,,70.0,B
419776775,2026-03-31,02:18:51,74.84377,12.88823,0.0,218.3,293.0,ANAND I,,VT4519,37,5.0,100,,11.1,,A
419418807,2026-03-31,21:04:16,88.33233,21.82309,0.0,125.2,163.0,VAYU VOYAGER,,VU0544,51,,22,40.0,,37.0,A
419385670,2026-03-31,05:06:25,86.8906,15.71664,0.0,71.0,142.0,MALABAR VOYAGER,IMO5440789,ATG788,52,,150,7.0,12.2,90.0,A
419072040,2026-03-31,22:31:14,75.94083,10.10589,0.0,106.2,227.0,MATSYA III,IMO0486671,AT4262,37,5.0,80,3.0,8.0,31.0,A
419187703,2026-03-31,08:49:04,73.4782,15.42795,0.0,,237.0,TRISHUL MATA,IMO9749030,VU8177,37,,100,40.0,,33.0,A
419481130,2026-03-31,03:23:41,83.08073,17.91424,0.0,,352.0,AGNI QUEEN,IMO9170034,ATG432,37,,250,30.0,,,A
419625123,2026-03-31,04:29:43,69.80922,22.83656,0.0,230.4,5.0,RAJHANS PRINCE,,,36,2.0,250,12.0,9.1,,A
419538425,2026-03-31,15:27:09,69.80867,23.33252,0.0,97.2,359.0,GODAVARI PRINCE,,AT8268,36,,180,16.0,,,A
419023235,2026-03-31,20:12:45,78.05869,8.58799,0.0,341.5,321.0,GANGA VOYAGER,,AT0781,52,,200,,,99.0,A
419524777,2026-03-31,17:33:52,74.61408,13.06716,0.0,12.2,27.0,DURGA STAR,,VU7553,30,,22,34.0,9.1,90.0,B
419121040,2026-03-31,17:01:53,73.9359,15.36628,0.0,217.0,222.0,NEELAM STAR,IMO4707926,AT1743,60,,10,8.0,,,B
419439884,2026-03-31,09:44:13,85.71962,14.87979,0.0,,,SAMUDRA VOYAGER,IMO4959578,VU7317,36,,250,6.0,2.3,99.0,A
419023936,2026-03-31,04:42:33,83.17692,17.38189,0.0,275.8,20.0,KONKAN III,,VU8110,74,7.0,16,6.0,8.5,90.0,A
419952827,2026-03-31,15:17:30,82.99605,17.93567,0.0,251.6,,INDRA GLORY,IMO3969215,,99,0.0,8,30.0,3.1,71.0,B
419696537,2026-03-31,02:29:10,77.99918,8.66388,0.0,65.3,286.0,SAMRAT PIONEER,,VU7731,40,,20,,,,A
419759082,2026-03-31,14:59:58,86.72525,19.96298,0.0,9.9,244.0,KAMAL TRADER,,AT9602,32,3.0,30,,,,A
419757903,2026-03-31,06:05:34,73.78048,15.64143,9.7,,,OSV MATSYA,,VT0788,37,8.0,35,,7.1,60.0,A
419959145,2026-03-31,01:34:08,76.16264,10.14731,16.2,148.4,201.0,BRAHMAPUTRA III,IMO1420438,AT0462,33,1.0,40,10.0,,,A
419166740,2026-03-31,16:04:43,86.77041,20.42515,0.0,191.8,317.0,OSV TRISHUL,IMO2641879,8T7895,55,3.0,10,,4.5,99.0,A
419598243,2026-03-31,15:58:00,86.30192,20.13929,0.0,140.0,,VISHAL PRIDE,IMO9203273,ATG125,37,,18,4.0,4.1,90.0,B
419959153,2026-03-31,05:09:54,93.03071,11.21795,0.0,,,NAVRATNA PRINCE,,VU0341,37,,40,14.0,,,B
419499770,2026-03-31,18:08:37,78.91494,8.95571,4.9,35.7,122.0,MATSYA II,IMO7443687,,37,8.0,300,25.0,,,A
419054586,2026-03-31,15:37:20,70.46031,22.64924,0.0,24.1,259.0,VAYU MATA,IMO2634921,VU3399,36,,18,5.0,10.8,,A
419204484,2026-03-31,12:47:00,80.28638,13.43893,0.0,,,MONSOON EXPRESS,IMO1645767,ATG657,37,8.0,25,,1.6,30.0,A
419296455,2026-03-31,06:44:14,69.98752,22.86376,11.2,190.5,256.0,MATSYA STAR,,8T5069,32,2.0,120,,,,A
419067246,2026-03-31,15:43:15,74.54734,12.62245,0.0,89.0,,RATNA EXPRESS,IMO1118406,8T8558,99,,16,12.0,8.1,31.0,A
419974578,2026-03-31,07:41:12,76.47459,10.21248,0.0,234.0,,TRISHUL PRIDE,IMO3389586,VT7825,37,,300,5.0,,,A
419246947,2026-03-31,15:19:28,92.33511,11.20174,0.0,49.4,,KAVERI PRIDE,IMO9010271,VT9520,37,3.0,250,25.0,12.4,,A
419904562,2026-03-31,11:05:43,79.15024,9.13388,0.0,33.8,208.0,MALABAR I,IMO4326253,VT4030,57,,180,,1.8,33.0,A
419843507,2026-03-31,10:11:42,78.29738,8.90598,0.0,338.9,,VIJAY,,AT3109,70,0.0,14,34.0,,,A
419773765,2026-03-31,12:29:37,74.71254,12.8387,8.0,340.8,,VAYU QUEEN,IMO6615393,8T2942,31,,16,4.0,12.7,,A
419390627,2026-03-31,22:31:38,79.26782,9.02376,0.0,,242.0,SURYA STAR,IMO9037191,,52,,22,40.0,5.5,,A
419116220,2026-03-31,14:15:27,79.09512,9.13299,0.0,,97.0,VARUNA TRADER,,8T6914,70,2.0,300,2.0,6.8,57.0,B
419352780,2026-03-31,22:50:08,83.20683,18.006,9.8,38.3,111.0,LAKSHMI I,IMO0632586,ATG754,55,8.0,50,5.0,7.9,,A
419446332,2026-03-31,10:27:03,79.37337,8.91222,13.7,308.0,33.0,BRAHMAPUTRA III,IMO7351851,ATG696,55,,150,,,30.0,A
419375229,2026-03-31,14:23:14,72.70994,10.91267,0.0,,166.0,RAJHANS PIONEER,IMO3723766,,36,1.0,50,12.0,,30.0,A
419722982,2026-03-31,04:26:12,72.68404,19.285,0.0,321.2,310.0,TARA MARINER,IMO2840769,VU9087,51,,250,,,30.0,B
419824466,2026-03-31,14:16:37,78.1872,8.63516,0.0,244.7,158.0,MALABAR,IMO5925629,VU6692,37,,16,14.0,11.2,,A
419892704,2026-03-31,17:01:19,73.85796,15.61857,0.0,,213.0,KRISHNA EXPLORER,,,30,,40,7.0,,80.0,B
419792449,2026-03-31,09:16:39,70.54054,17.76173,0.0,,,KRISHNA TRADER,,8T3318,37,3.0,14,18.0,3.4,70.0,A
419377939,2026-03-31,20:03:45,79.30407,8.75464,0.0,27.6,,TUG RATNA,IMO5231336,VU1409,33,,18,30.0,,52.0,A
419129590,2026-03-31,08:54:57,70.18596,23.27328,0.0,2.8,,TARA GLORY,,VU2448,52,3.0,20,,7.0,31.0,B
419469117,2026-03-31,22:48:17,72.91294,19.20864,0.2,,,KAMAL,IMO8349123,ATG005,30,,20,7.0,2.0,,A
419276252,2026-03-31,23:52:03,68.76477,18.15217,2.0,168.2,148.0,ANAND EXPLORER,IMO0116781,,80,,60,34.0,,33.0,A
419386426,2026-03-31,16:06:29,74.55267,12.60944,0.0,30.1,173.0,LAKSHMI PIONEER,IMO1984105,,65,,8,32.0,,,B
419037846,2026-03-31,16:27:35,87.75555,21.23961,0.0,358.5,201.0,OSV NEELAM,,VT1727,36,2.0,180,25.0,,70.0,B
419320511,2026-03-31,05:44:23,72.28323,18.58193,16.1,192.2,,SAGAR EXPLORER,,,37,,25,,10.0,71.0,B
419579688,2026-03-31,14:45:54,84.26869,15.39227,0.0,298.5,,TARA EXPRESS,IMO8190114,AT6767,37,,12,,,80.0,B
419092176,2026-03-31,11:09:23,76.1899,10.20919,0.0,46.4,,NEELAM MARINER,IMO2772532,,36,,200,7.0,,90.0,B
419727299,2026-03-31,06:55:26,74.87035,13.03485,0.0,,,PEARL PRIDE,,8T4648,51,5.0,250,25.0,8.0,90.0,A
419239188,2026-03-31,15:09:26,88.38123,21.52421,0.0,,,CORAL QUEEN,,,65,8.0,25,3.0,9.6,50.0,A
419452636,2026-03-31,06:14:16,72.53567,10.92254,0.0,131.2,141.0,KRISHNA PRINCE,,VU1117,37,7.0,150,10.0,8.1,37.0,A
419884246,2026-03-31,08:39:07,82.90968,18.01939,0.0,352.2,,CORAL MARINER,,8T7247,32,3.0,200,44.0,12.0,71.0,A
419530075,2026-03-31,04:20:27,74.84055,13.18894,0.0,308.3,291.0,BRAHMAPUTRA GLORY,IMO8245310,VT2464,52,,120,48.0,,37.0,A
419146066,2026-03-31,21:29:36,78.07657,8.88524,15.6,87.2,,SURYA MATA,IMO9065061,AT7159,70,0.0,18,14.0,10.1,52.0,A
419027289,2026-03-31,19:42:07,80.58804,13.49602,0.0,40.6,283.0,OCEAN STAR MARINER,,,31,,40,44.0,,,A
419001414,2026-03-31,09:49:08,73.83498,15.38535,4.0,61.0,,RAJHANS PIONEER,,AT9947,30,,300,20.0,10.4,90.0,A
419930557,2026-03-31,17:23:54,86.72057,20.41205,0.0,140.3,240.0,OSV YAMUNA,IMO8150439,,51,3.0,50,,,71.0,A
419609635,2026-03-31,11:11:12,92.57135,12.08864,0.0,,44.0,ANAND STAR,,AT1802,38,5.0,28,3.0,,36.0,A
419352437,2026-03-31,16:29:56,72.46468,11.25617,14.8,,165.0,SAMUDRA PIONEER,IMO2512258,ATG790,36,,30,,,,B
419496523,2026-03-31,22:43:31,78.37405,8.60288,0.0,,340.0,MEENA TRADER,IMO5912426,AT7538,36,7.0,20,,5.7,33.0,A
419142620,2026-03-31,09:52:16,72.27691,18.775,0.0,94.8,35.0,SHAKTI STAR,IMO6593380,8T1716,37,,20,9.0,11.2,31.0,A
419366020,2026-03-31,22:57:15,87.92801,21.35937,0.0,263.1,34.0,MONSOON DEVI,IMO7736576,AT4590,36,3.0,100,5.0,,36.0,A
419102693,2026-03-31,20:54:21,76.39355,9.77325,0.0,69.2,,SURYA MARINER,IMO8550702,VT6260,31,8.0,300,5.0,,37.0,B
419762164,2026-03-31,20:28:46,84.76493,15.70428,2.4,89.7,144.0,ANAND PIONEER,,,40,,35,32.0,,33.0,A
419848891,2026-03-31,21:32:40,92.80736,11.9927,0.0,342.5,,RAJHANS TRADER,,AT4645,30,2.0,150,2.0,1.9,,B
419678554,2026-03-31,17:58:31,70.00632,17.86239,8.5,215.6,23.0,SAGAR EXPRESS,,,52,,16,32.0,,71.0,B
419073460,2026-03-31,09:02:10,70.36362,22.59774,0.2,211.4,,OM VOYAGER,IMO7542832,ATG785,37,,250,3.0,,60.0,A
419715566,2026-03-31,02:56:50,79.49146,8.94875,0.0,203.6,122.0,OSV KONKAN,,VT1339,37,7.0,20,7.0,,60.0,A
419961921,2026-03-31,05:17:27,88.20401,21.54373,0.0,,,SAMRAT MATA,IMO6319630,ATG043,40,8.0,18,,,52.0,A
419012746,2026-03-31,21:21:01,68.83179,17.79845,0.0,271.1,,GANGA MATA,,ATG062,36,2.0,50,8.0,,50.0,A
419694298,2026-03-31,11:15:52,79.07878,8.70112,0.0,78.1,240.0,KAMAL QUEEN,IMO4635235,VT1882,36,,120,2.0,,,A
419862185,2026-03-31,07:16:37,71.12386,18.40332,0.0,236.0,40.0,TUG PEARL,,ATG947,60,2.0,200,9.0,12.9,60.0,A
419337902,2026-03-31,21:53:22,76.39956,10.2459,0.0,124.2,,SAMUDRA VOYAGER,,AT6719,52,7.0,22,3.0,,,A
419652494,2026-03-31,19:43:36,87.87798,21.6004,0.0,,,RAJHANS GLORY,,8T1361,30,,60,,,,A
419195490,2026-03-31,04:46:15,86.48448,20.34333,0.0,241.5,,MONSOON EXPLORER,,8T8655,37,,10,,,80.0,B
419832395,2026-03-31,21:31:23,72.21221,10.8069,0.0,31.3,15.0,NEELAM PRIDE,,8T0720,31,2.0,22,,,31.0,B
419966763,2026-03-31,16:07:28,73.83812,15.16047,0.0,,192.0,VAYU,,AT7439,37,8.0,10,14.0,11.2,36.0,A
419909546,2026-03-31,20:00:57,88.52354,21.59612,0.0,271.7,257.0,BRAHMAPUTRA PRINCE,IMO2926625,ATG800,31,,10,12.0,2.1,,B
419700019,2026-03-31,02:01:27,85.35223,16.27565,0.0,92.7,,PEARL EXPRESS,IMO0894131,AT9671,53,,14,,5.4,71.0,A
419251119,2026-03-31,23:53:31,72.9714,19.25684,0.0,208.0,295.0,SHAKTI I,IMO3238876,ATG606,60,,100,,,,A
419039978,2026-03-31,07:55:56,86.76838,20.15074,0.0,190.0,208.0,YAMUNA GLORY,IMO2663820,AT4818,52,7.0,22,5.0,6.9,50.0,B
419677192,2026-03-31,20:20:27,86.32336,20.04434,0.0,,227.0,OSV OCEAN STAR,IMO2303606,8T7192,37,,80,7.0,,31.0,A
419496745,2026-03-31,03:26:58,92.37466,11.37101,0.0,127.9,,PRIYA VOYAGER,,8T9018,80,,14,5.0,,90.0,A
419157646,2026-03-31,18:00:07,84.18085,15.44703,0.0,349.3,,NEELAM TRADER,,VU7586,99,0.0,200,,12.2,80.0,A
419892349,2026-03-31,13:05:28,73.72124,15.61158,0.0,,,PEARL PRINCE,IMO0324271,8T6286,79,,25,30.0,,36.0,A
419385478,2026-03-31,16:09:42,72.53057,11.05605,0.0,,79.0,VISHAL EXPRESS,,VT6253,50,,14,32.0,5.3,99.0,A
419588314,2026-03-31,00:07:51,72.7328,18.62869,0.0,181.8,97.0,KRISHNA GLORY,IMO8657168,ATG213,36,,35,3.0,,60.0,A
419347608,2026-03-31,19:35:51,73.552,15.16217,6.5,63.7,,YAMUNA EXPLORER,,VU0846,37,0.0,18,,,,A
419490847,2026-03-31,10:14:28,86.60318,20.39218,0.0,307.1,348.0,VAYU EXPLORER,,ATG228,80,5.0,30,12.0,,50.0,A
419229511,2026-03-31,23:04:40,72.76239,18.72464,0.7,269.0,30.0,PSV RAJHANS,,,37,,30,8.0,8.9,,A
419441066,2026-03-31,22:48:34,83.10556,17.73548,0.0,305.3,38.0,MATSYA STAR,IMO8935440,VT0729,30,,18,9.0,1.3,80.0,A
419671485,2026-03-31,08:31:08,70.82861,17.47117,0.0,91.7,162.0,SAMRAT QUEEN,,VU2028,53,,200,7.0,,50.0,B
419680126,2026-03-31,22:06:37,79.93639,12.96733,0.0,171.8,69.0,SEA QUEEN MARINER,,VU5027,71,,16,9.0,7.3,,A
419765439,2026-03-31,21:15:50,86.81194,20.05805,0.0,,267.0,JALDOOT PRIDE,IMO2908505,AT8715,36,,30,5.0,12.4,33.0,B
419074447,2026-03-31,20:50:24,92.93018,11.6816,8.5,,5.0,KAMAL MATA,IMO8657374,8T6660,52,,40,,,90.0,A
419208180,2026-03-31,07:01:31,80.30086,13.17537,0.0,284.5,,RATNA PIONEER,,,30,,300,14.0,6.5,52.0,A
419803163,2026-03-31,14:34:38,83.10208,17.3556,0.0,89.4,,DURGA EXPRESS,IMO3039539,ATG088,32,7.0,180,,12.0,99.0,A
419499747,2026-03-31,11:58:48,76.30318,9.94367,11.8,,315.0,SURYA MARINER,,AT9773,90,,10,,4.1,,A
419891080,2026-03-31,10:40:48,79.19815,9.12346,15.9,224.9,109.0,VAYU MATA,IMO8771699,,65,7.0,18,9.0,4.9,30.0,A
419786712,2026-03-31,14:01:07,75.99589,9.93624,0.0,302.7,60.0,NAVRATNA MATA,,AT9919,37,8.0,100,12.0,,,A
419373043,2026-03-31,16:35:33,70.08884,16.10961,6.6,349.4,63.0,JALDOOT III,,VT0407,51,7.0,16,,13.4,52.0,A
419797296,2026-03-31,19:04:48,72.64945,10.64117,0.0,269.6,,RAJHANS DEVI,IMO9251973,ATG547,53,7.0,60,,,,B
419105392,2026-03-31,12:54:38,88.38688,21.67207,12.5,165.4,,OM MARINER,IMO0402560,,30,1.0,14,20.0,11.6,33.0,A
419712797,2026-03-31,03:44:06,80.66599,12.87039,0.0,64.2,,PSV YAMUNA,IMO1767622,ATG025,51,5.0,12,18.0,,50.0,A
419472560,2026-03-31,10:17:41,78.3848,8.73044,0.0,245.5,10.0,MALABAR I,IMO2613409,ATG312,71,,250,,9.9,52.0,A
419405324,2026-03-31,05:42:28,88.30328,21.72154,0.0,79.6,,SURYA GLORY,IMO0581380,ATG321,38,3.0,60,,,37.0,A
419261510,2026-03-31,16:02:12,73.04871,19.23209,0.0,,,SHIVA TRADER,,,30,3.0,250,40.0,,70.0,A
419586926,2026-03-31,08:58:30,76.12973,9.66497,0.0,22.6,,SURYA PRINCE,IMO8495312,VU4458,37,,180,30.0,3.0,37.0,A
419646152,2026-03-31,15:42:41,72.84993,10.69861,0.0,,,LAKSHMI III,,VU9719,38,,10,34.0,13.1,,A
419812681,2026-03-31,17:45:01,72.20663,10.98118,0.0,116.5,,DURGA I,IMO4033405,8T1056,30,3.0,200,,,70.0,A
419131166,2026-03-31,20:41:40,75.98226,9.66322,0.0,,,PRIYA MATA,,AT9836,60,2.0,25,44.0,,,A
419912609,2026-03-31,05:24:41,73.11879,18.61891,4.7,,181.0,MONSOON EXPLORER,,8T1304,70,,10,12.0,,52.0,A
419645086,2026-03-31,05:14:56,70.19062,17.61933,0.0,,11.0,JALDOOT DEVI,,,32,2.0,20,40.0,,57.0,B
419618058,2026-03-31,07:17:04,86.97505,20.1686,0.0,,,KAMAL PIONEER,IMO8192069,ATG932,52,,180,,12.9,33.0,A
419831275,2026-03-31,08:23:57,69.11758,15.8683,0.0,347.4,,SAGAR QUEEN,IMO2801771,VT6294,60,,8,,,37.0,A
419341439,2026-03-31,02:39:57,73.38974,18.61035,0.0,297.6,,MEENA PRIDE,,AT7720,83,1.0,10,12.0,3.9,80.0,B
419260187,2026-03-31,17:04:03,93.00352,11.94302,0.0,311.8,144.0,OCEAN STAR STAR,,,37,,18,25.0,,30.0,A
419885211,2026-03-31,10:15:58,82.87788,17.64558,0.0,191.2,,DURGA MARINER,,AT7598,38,3.0,100,44.0,10.4,52.0,A
419928532,2026-03-31,23:29:29,88.52868,21.32017,5.7,29.2,,MONSOON GLORY,IMO8189863,VT3959,37,,30,40.0,13.2,60.0,B
419235019,2026-03-31,10:13:22,80.35676,13.09546,0.0,,,SAMRAT DEVI,IMO9178220,,37,1.0,8,,,71.0,A
419625157,2026-03-31,11:46:23,86.90693,20.02538,0.0,203.4,,LAKSHMI MATA,,AT8724,57,,80,48.0,,52.0,A
419948305,2026-03-31,04:11:08,80.02423,13.16906,0.0,,131.0,TRISHUL GLORY,,ATG773,80,,16,,,57.0,A
419104979,2026-03-31,03:21:18,74.73643,12.88219,0.0,312.2,211.0,SAGAR DEVI,IMO6669747,VT7124,52,3.0,50,32.0,,30.0,A
419369525,2026-03-31,11:51:59,83.56156,17.88212,0.0,262.5,,VISHAL MATA,IMO9476461,ATG149,55,,40,9.0,8.2,57.0,A
419439095,2026-03-31,02:19:00,88.0646,21.86947,0.0,359.5,201.0,MEENA PIONEER,IMO6407870,8T1135,32,,300,,,70.0,A
419729598,2026-03-31,14:17:34,79.94895,13.07505,0.0,,,SEA QUEEN III,,VU7002,51,,300,5.0,,36.0,A
419602136,2026-03-31,19:50:37,79.11582,8.87228,0.0,,269.0,SURYA PIONEER,IMO1765589,VU5528,52,7.0,250,,12.2,,A
419829335,2026-03-31,05:13:57,86.72873,20.25718,0.0,,332.0,KAMAL MARINER,IMO7464550,VU8310,37,,35,3.0,,50.0,A
419505810,2026-03-31,11:39:10,83.29961,17.3871,11.6,175.1,133.0,SHAKTI PRIDE,,AT6533,37,3.0,60,25.0,,,B
419226281,2026-03-31,22:25:57,69.04395,16.53478,0.0,197.7,125.0,ANAND III,IMO0504726,,37,,200,40.0,8.4,70.0,A
419660985,2026-03-31,21:08:20,70.13908,23.05665,0.0,140.0,314.0,SHAKTI MARINER,IMO9557131,8T8444,38,,12,20.0,8.1,57.0,B
419743721,2026-03-31,05:09:20,74.72306,12.7645,0.0,,,OM VOYAGER,,8T3229,57,,8,3.0,1.2,80.0,A
419658540,2026-03-31,11:44:33,92.36894,11.08059,0.0,104.5,,KAVERI EXPRESS,,VT6533,37,,20,16.0,,99.0,B
419096282,2026-03-31,04:22:13,86.66774,20.59136,0.0,227.8,282.0,KAVERI GLORY,IMO6309773,8T3666,52,0.0,250,,7.3,,A
419445072,2026-03-31,21:52:02,78.38683,9.01709,0.0,247.0,,PRIYA EXPLORER,,VU5463,52,0.0,28,,6.3,57.0,A
419987245,2026-03-31,20:09:23,70.48652,23.37927,15.3,,343.0,GODAVARI PRINCE,IMO0536597,,30,,180,16.0,,30.0,A
419069672,2026-03-31,02:21:36,72.45406,10.92778,9.9,,93.0,NEELAM GLORY,IMO8214924,,80,,22,,6.3,,B
419583068,2026-03-31,09:29:44,93.27333,11.60223,0.0,152.4,274.0,PEARL DEVI,IMO5957354,,37,0.0,200,25.0,9.2,30.0,A
419589881,2026-03-31,00:56:20,88.39474,21.92956,0.0,76.0,,SAGAR MATA,,VT0415,57,,28,40.0,6.1,71.0,A
419155661,2026-03-31,08:24:32,87.97039,21.21332,0.0,16.2,159.0,JALDOOT STAR,,ATG990,36,8.0,28,44.0,6.5,,B
419036383,2026-03-31,14:41:20,75.99885,9.73406,0.0,174.4,113.0,VARUNA QUEEN,,8T6639,30,,10,10.0,,60.0,B
419867251,2026-03-31,10:58:50,72.38139,19.04042,7.9,75.9,,PEARL PRIDE,IMO8130384,VT2815,38,0.0,25,14.0,,50.0,A
419253612,2026-03-31,16:04:11,80.21573,13.10046,0.0,,299.0,RAJHANS MARINER,IMO5080989,VT7331,37,,14,20.0,4.5,99.0,A
419716504,2026-03-31,09:33:25,72.54411,10.79598,0.0,245.5,324.0,SEA QUEEN MARINER,IMO5419137,AT9876,71,2.0,20,,,,A
419276074,2026-03-31,04:24:28,76.35774,9.80692,0.0,156.7,180.0,CORAL II,IMO2621384,AT5109,32,7.0,16,48.0,2.8,30.0,B
419808482,2026-03-31,00:28:55,80.02104,13.07665,0.0,11.7,,RATNA STAR,,VU3262,37,,50,25.0,12.0,,A
419946877,2026-03-31,10:42:44,86.70262,20.05573,0.0,283.4,250.0,PEARL PRIDE,IMO9053667,VU2031,70,8.0,300,,,50.0,A
419388333,2026-03-31,03:42:24,88.2818,21.83639,0.0,184.3,206.0,TRISHUL STAR,IMO1938895,VT1543,60,,14,16.0,4.3,50.0,A
419066086,2026-03-31,06:40:32,74.48576,12.82803,0.0,,,JALDOOT STAR,,AT1826,37,,22,14.0,6.2,60.0,A
419579970,2026-03-31,14:22:11,73.76407,15.51908,0.7,231.3,216.0,NAVRATNA PRINCE,,,37,8.0,250,7.0,,,A
419871439,2026-03-31,00:39:04,73.9862,15.15601,0.0,,340.0,TUG VISHAL,IMO4748579,8T8921,37,3.0,22,34.0,5.1,,A
419229725,2026-03-31,09:19:04,73.05492,18.70606,0.0,,149.0,KRISHNA PIONEER,IMO7800792,AT6366,31,,22,,,50.0,A
419583875,2026-03-31,01:24:31,73.14721,19.24002,0.0,263.4,74.0,KONKAN MATA,,VU1569,70,8.0,14,3.0,6.1,,A
419520622,2026-03-31,13:57:09,72.34271,19.03046,0.0,46.9,116.0,JALDOOT STAR,,,37,,60,5.0,8.3,80.0,A
419199508,2026-03-31,02:40:47,86.30398,20.44683,0.0,148.7,,NEELAM PIONEER,IMO1763524,,32,0.0,18,,,30.0,A
419602492,2026-03-31,07:02:12,78.11628,8.71745,0.0,208.7,43.0,SHIVA DEVI,IMO5261587,8T9891,33,,120,9.0,13.1,31.0,A
419241248,2026-03-31,11:21:02,86.89846,16.16051,0.0,,227.0,SAMUDRA II,IMO0669545,8T5703,53,5.0,14,,2.1,31.0,A
419130112,2026-03-31,16:27:16,74.50428,12.73299,0.0,163.8,,TRISHUL TRADER,,,37,,200,14.0,2.6,,B
419824116,2026-03-31,10:12:01,74.55352,13.05738,0.0,301.0,242.0,TRISHUL STAR,,VU2306,36,5.0,12,4.0,7.4,36.0,B
419515923,2026-03-31,10:09:39,69.45581,16.76771,1.2,103.2,,MATSYA VOYAGER,,,36,,28,5.0,12.0,71.0,A
419463107,2026-03-31,19:46:54,86.74728,20.42876,0.0,163.0,,LAKSHMI TRADER,,AT4747,57,3.0,300,9.0,,70.0,A
419970168,2026-03-31,13:06:58,73.95201,15.7207,1.4,286.8,,GANGA II,IMO1859689,AT0952,60,,250,16.0,,33.0,B
419472668,2026-03-31,01:48:24,78.37726,8.57329,0.0,103.7,325.0,SAGAR EXPLORER,,8T0880,51,8.0,20,,,31.0,B
419592822,2026-03-31,07:38:01,74.64759,12.64879,0.0,,109.0,TRISHUL III,,VT4134,37,2.0,300,30.0,,,A
419214209,2026-03-31,09:11:52,73.59308,15.41357,0.0,133.0,,MEENA VOYAGER,IMO2530955,8T7799,51,3.0,250,7.0,6.8,33.0,A
419612921,2026-03-31,08:42:52,76.43289,9.71119,0.0,18.3,168.0,VISHAL TRADER,,8T4123,80,,16,7.0,3.1,,B
419570943,2026-03-31,21:17:26,79.18802,8.7629,0.0,202.2,265.0,AGNI PRIDE,IMO8226080,8T3715,51,,12,,,60.0,A
419803747,2026-03-31,08:25:18,86.85508,20.017,0.0,206.9,,PSV LAKSHMI,,AT5882,37,,120,5.0,10.7,,B
419385028,2026-03-31,10:12:23,83.29267,17.77325,0.0,185.5,112.0,VARUNA III,,VU3070,99,8.0,250,30.0,,,A
419119161,2026-03-31,03:47:57,85.01088,15.27085,0.0,176.4,97.0,OCEAN STAR II,IMO0379306,,30,,10,2.0,,30.0,A
419624742,2026-03-31,10:52:12,80.28255,12.91601,0.0,21.8,,BRAHMAPUTRA EXPRESS,,ATG912,50,,18,3.0,,70.0,A
419550819,2026-03-31,22:00:31,72.87987,11.1317,0.0,99.9,,TARA GLORY,,VT5405,53,,35,14.0,11.0,,A
419167599,2026-03-31,08:50:15,72.33587,19.52716,0.0,109.1,322.0,SAMRAT II,IMO4654840,VT0400,37,,25,16.0,,36.0,B
419752560,2026-03-31,10:16:09,85.81503,15.15479,15.5,153.0,216.0,OM VOYAGER,IMO1812165,AT0815,83,,8,12.0,5.2,,A
419741647,2026-03-31,17:37:44,79.29678,9.28238,0.0,225.2,,RAJHANS GLORY,,,32,7.0,40,5.0,4.2,52.0,A
419589244,2026-03-31,03:03:29,84.55566,15.12673,0.0,,,MATSYA DEVI,IMO9297591,AT4894,52,,150,12.0,,,A
419924887,2026-03-31,20:23:39,73.15233,19.49908,8.6,150.5,292.0,GODAVARI EXPRESS,,,35,1.0,120,25.0,,57.0,A
419766609,2026-03-31,02:58:17,86.92589,20.37097,0.0,45.4,,RAJHANS DEVI,IMO0856759,,31,,50,,,,B
419044777,2026-03-31,04:02:26,76.17017,9.86326,0.0,48.5,,SAMUDRA MARINER,,8T9857,37,7.0,40,48.0,,80.0,A
419557663,2026-03-31,08:48:42,79.48294,9.11391,0.0,9.5,,ANAND DEVI,IMO7282769,8T8708,57,,18,,11.2,,B
419802764,2026-03-31,09:37:09,86.83919,20.399,0.0,70.7,,VAYU PRIDE,,ATG842,51,5.0,50,12.0,1.8,,A
419950725,2026-03-31,22:06:51,73.68292,15.17165,1.3,220.6,,OSV SAGAR,,,32,,28,40.0,,37.0,A
419924941,2026-03-31,20:06:18,73.05729,19.18604,0.0,42.5,,RATNA II,IMO8287914,AT9511,37,2.0,20,9.0,,50.0,A
419669423,2026-03-31,20:53:49,84.56665,14.37024,12.2,,,RATNA DEVI,IMO3485030,VU7721,38,,12,18.0,,50.0,A
419799244,2026-03-31,18:36:21,74.68674,12.87951,10.1,274.4,,MATSYA II,IMO8672877,8T6910,70,5.0,40,7.0,,52.0,A
419157318,2026-03-31,01:49:39,73.60832,15.3214,0.0,165.6,35.0,RATNA GLORY,,ATG578,57,1.0,40,,5.0,36.0,A
419101584,2026-03-31,13:26:55,78.42264,8.95601,0.0,171.7,,MATSYA PRINCE,,AT6073,90,0.0,14,25.0,,,A
419101492,2026-03-31,15:03:48,74.0377,15.64625,0.0,330.9,,TUG YAMUNA,IMO5496602,AT1435,30,,25,30.0,,,A
419450153,2026-03-31,02:33:01,92.49357,11.68661,17.4,,246.0,MATSYA DEVI,IMO9660548,AT6257,57,7.0,25,7.0,6.0,30.0,A
419861754,2026-03-31,03:51:19,72.82174,10.62749,0.0,108.0,49.0,SURYA DEVI,IMO5570826,8T6504,37,,12,,4.5,,A
419708805,2026-03-31,01:35:18,72.5228,19.33297,12.0,,210.0,SHAKTI I,,ATG981,70,5.0,8,,9.2,71.0,A
419814365,2026-03-31,20:59:59,83.03051,17.83735,13.5,140.9,349.0,TARA VOYAGER,,ATG017,36,,14,,1.1,57.0,A
419845576,2026-03-31,03:44:14,83.23655,17.64232,14.4,154.0,,JALDOOT EXPRESS,,AT3092,32,1.0,60,,,36.0,B
419408912,2026-03-31,01:38:10,78.01056,8.8004,5.2,,,GANGA II,,AT6208,38,3.0,8,34.0,2.9,71.0,A
419620637,2026-03-31,02:16:01,74.65223,12.823,0.0,114.5,,SAMRAT EXPLORER,IMO5863602,VU6873,37,,180,6.0,11.9,90.0,A
419694097,2026-03-31,20:21:28,79.02258,8.97785,17.3,,,AGNI I,IMO0665848,VU9300,52,5.0,22,,9.9,60.0,B
419064937,2026-03-31,13:34:45,87.97612,21.20425,0.0,,,INDRA DEVI,IMO9027645,,30,3.0,10,,,,B
419575473,2026-03-31,19:44:16,83.0762,17.30019,0.0,137.8,256.0,GODAVARI EXPRESS,,VU8515,30,,14,8.0,4.2,90.0,B
419750513,2026-03-31,22:39:34,72.62448,10.59629,0.0,129.2,148.0,LAKSHMI DEVI,,AT5156,30,,20,,2.9,70.0,A
419899473,2026-03-31,18:36:08,79.93363,13.1894,0.0,64.1,24.0,MONSOON I,,,30,1.0,20,,8.7,50.0,A
419936694,2026-03-31,06:54:23,80.24202,12.86605,0.0,30.2,,KONKAN PRIDE,IMO1508951,ATG318,51,,150,,10.8,,A
419304233,2026-03-31,08:05:00,93.01068,11.63018,1.9,1.5,,GANGA TRADER,,VU8666,52,,10,30.0,,57.0,B
419966368,2026-03-31,01:03:13,78.14132,9.03258,0.0,,,RAJHANS QUEEN,,ATG518,30,8.0,8,40.0,,,A
419678281,2026-03-31,15:25:24,86.30789,20.35179,6.8,307.2,268.0,MEENA MARINER,IMO2528465,VT6817,71,,200,12.0,,70.0,A
419108083,2026-03-31,09:37:35,86.68225,19.95307,0.0,92.6,,MATSYA EXPRESS,,AT8672,30,8.0,14,8.0,,,A
419405997,2026-03-31,23:08:04,92.12916,11.26708,0.0,303.0,268.0,RATNA GLORY,,8T8704,89,1.0,30,30.0,9.0,80.0,A
419421756,2026-03-31,05:00:25,76.06533,10.00652,0.0,70.7,278.0,MALABAR DEVI,,,36,,8,25.0,9.9,,A
419774662,2026-03-31,04:15:15,86.6577,20.43858,5.7,123.4,,JALDOOT PRIDE,,VU9907,36,2.0,300,20.0,4.4,30.0,A
419138273,2026-03-31,20:16:59,80.0749,13.13004,0.0,,,MALABAR TRADER,,ATG296,38,,10,9.0,5.7,60.0,A
419371492,2026-03-31,14:56:34,73.66938,15.28909,0.0,18.8,219.0,SAGAR PRIDE,,VT9100,36,,40,,8.4,,A
419001784,2026-03-31,14:34:06,70.19092,23.23519,0.0,289.5,331.0,JALDOOT MATA,IMO7307321,ATG569,60,1.0,60,3.0,9.5,,B
419134025,2026-03-31,01:13:14,84.52843,14.72144,17.6,326.8,,MONSOON VOYAGER,,AT0534,52,,250,10.0,13.4,60.0,B
419538875,2026-03-31,13:04:34,86.64548,20.58018,0.0,21.4,344.0,KAMAL QUEEN,IMO0164303,VU9774,37,,28,9.0,10.0,80.0,B
419867404,2026-03-31,17:12:04,85.90887,13.88844,0.0,328.8,261.0,LAKSHMI PRIDE,IMO1009978,VU9829,57,,40,48.0,,52.0,A
419970248,2026-03-31,21:33:32,70.06373,22.84239,0.0,,,MALABAR EXPLORER,,,36,,22,12.0,4.3,99.0,A
419806313,2026-03-31,21:30:53,76.04319,10.03908,0.0,308.4,241.0,PRIYA MATA,,VT2642,52,,100,4.0,4.3,60.0,A
419770705,2026-03-31,01:01:44,80.6576,13.19737,13.0,335.7,111.0,KAVERI STAR,,VT7980,37,,10,30.0,,71.0,B
419877523,2026-03-31,22:35:06,86.88403,20.25426,0.0,291.8,141.0,NAVRATNA EXPRESS,IMO5792826,8T0165,69,1.0,150,14.0,12.6,90.0,B
419155333,2026-03-31,02:34:23,86.82234,14.83791,0.0,,,TRISHUL III,IMO6502100,VU7864,70,,35,32.0,,,A
419125380,2026-03-31,23:39:12,72.69125,10.65462,0.0,,,VIJAY QUEEN,IMO7462268,ATG531,36,,35,7.0,10.5,57.0,A
419757931,2026-03-31,11:18:15,79.29248,8.87987,0.0,213.7,337.0,CORAL QUEEN,IMO3840927,VT5736,83,,200,25.0,,33.0,A
419031867,2026-03-31,04:45:15,85.73716,14.93059,0.0,,,CORAL,IMO5043401,,60,2.0,35,14.0,9.7,,A
419573297,2026-03-31,17:27:54,84.17598,13.75077,0.0,,77.0,TRISHUL QUEEN,,VT6165,30,,60,,10.9,,A
419289078,2026-03-31,02:33:34,87.86915,21.86571,3.6,,245.0,AGNI EXPLORER,IMO3670590,VT7977,60,,20,5.0,13.2,30.0,B
419608749,2026-03-31,15:17:55,78.98974,9.2178,0.0,6.6,250.0,SAMRAT MATA,IMO2437596,ATG862,37,,100,,,30.0,B
419154759,2026-03-31,12:55:21,72.48328,19.3249,0.0,,336.0,KAMAL II,,8T2464,60,,14,48.0,,30.0,A
419315963,2026-03-31,17:04:56,84.66813,13.75738,0.0,131.2,,GANGA,,VT4644,37,,35,34.0,,70.0,A
419789119,2026-03-31,05:50:41,80.37722,13.37348,0.4,344.5,,VARUNA MARINER,IMO6661177,8T4206,38,,8,,10.3,33.0,A
419497795,2026-03-31,17:37:40,73.47009,15.74908,0.0,131.5,,JALDOOT PRIDE,,AT9476,31,,14,44.0,13.1,,A
419519901,2026-03-31,00:21:53,73.69211,15.66672,0.0,353.9,,SAMRAT MARINER,IMO2682395,AT3448,37,2.0,100,48.0,,50.0,B
419415139,2026-03-31,19:52:01,72.49473,10.79,0.0,325.9,185.0,RATNA III,IMO2523243,VU1395,57,,50,,3.1,,A
419006455,2026-03-31,19:02:57,73.18831,19.4219,0.0,,277.0,MALABAR MATA,,VU7062,37,,60,8.0,7.5,60.0,A
419623167,2026-03-31,13:35:25,79.12206,8.73811,15.3,,,VARUNA GLORY,IMO5688637,,57,,150,34.0,,,A
419382898,2026-03-31,02:44:23,72.72377,11.06356,14.0,288.3,,SHIVA EXPLORER,,VT2562,60,2.0,120,,,71.0,A
419996138,2026-03-31,02:04:15,80.60591,13.1472,6.8,,,CORAL MATA,,8T2162,36,,40,2.0,,80.0,A
419036305,2026-03-31,13:42:42,86.75536,20.40594,0.0,113.7,297.0,GODAVARI QUEEN,IMO8990888,VT8110,36,,180,,3.6,,A
419808588,2026-03-31,10:25:13,74.57565,13.06192,0.0,,88.0,SHIVA PRIDE,,VU1918,57,,22,,9.7,,B
419756842,2026-03-31,04:16:07,86.97253,20.3393,1.2,100.5,,AGNI QUEEN,IMO5974603,,52,3.0,12,30.0,,37.0,A
419275888,2026-03-31,03:20:44,70.3331,17.09919,3.0,,59.0,PEARL II,IMO9109531,VT1792,31,7.0,40,48.0,,31.0,B
419020981,2026-03-31,21:43:37,76.44953,9.69485,5.0,29.6,206.0,SHIVA QUEEN,,AT0980,37,,20,16.0,13.0,,A
419625104,2026-03-31,20:58:42,76.19121,10.21302,0.0,,173.0,RAJHANS EXPLORER,,,36,,16,,7.0,99.0,B
419665339,2026-03-31,01:48:58,74.84656,12.83033,0.0,172.9,309.0,LAKSHMI,IMO4162675,,37,5.0,22,48.0,5.9,,A
419945584,2026-03-31,14:08:42,78.9968,8.87254,0.0,,10.0,MALABAR III,IMO8906091,AT0751,32,,40,25.0,5.4,52.0,A
419228439,2026-03-31,15:42:09,78.29608,8.77276,11.5,282.4,,JALDOOT DEVI,,,36,3.0,250,14.0,,31.0,A
419719745,2026-03-31,07:55:58,72.94656,18.70591,0.0,17.9,,OM PRINCE,IMO6427294,VT0909,52,,25,14.0,7.5,,B
419023607,2026-03-31,10:45:45,70.12789,22.55925,0.0,61.1,,TARA GLORY,,8T0954,31,1.0,25,3.0,,70.0,B
419482817,2026-03-31,06:50:32,88.42826,21.36903,0.0,,278.0,MALABAR PRIDE,IMO2064646,ATG647,50,,40,7.0,1.6,50.0,A
419439992,2026-03-31,12:58:05,83.3141,17.31249,15.9,43.1,,RATNA MATA,IMO2552032,8T6591,57,,14,,,33.0,A
419905306,2026-03-31,17:48:12,74.85245,12.60898,0.0,,148.0,VIJAY EXPLORER,IMO1910507,8T7095,53,,28,,,,A
419438767,2026-03-31,07:32:45,86.38151,20.16363,0.0,268.2,253.0,OCEAN STAR QUEEN,IMO2632732,VU7039,37,1.0,10,14.0,,,A
419134307,2026-03-31,14:27:38,82.97025,17.98474,10.4,138.4,,PSV TARA,IMO7024236,ATG437,55,3.0,12,,7.6,37.0,A
419716826,2026-03-31,04:31:36,72.59434,19.23854,0.0,9.1,236.0,MALABAR MARINER,,AT5647,70,3.0,14,18.0,5.1,52.0,A
419088943,2026-03-31,19:58:54,73.7782,15.22475,0.0,,5.0,SAMUDRA II,IMO9024462,VU6173,83,,10,34.0,10.6,36.0,B
419318137,2026-03-31,04:52:03,72.36114,10.97158,0.0,110.0,117.0,NEELAM TRADER,IMO1647649,ATG386,70,,20,,6.9,80.0,B
419818155,2026-03-31,07:33:23,88.3007,21.34832,0.0,335.6,203.0,RATNA MATA,,ATG876,37,0.0,80,12.0,1.2,,B
419810503,2026-03-31,21:23:45,69.77454,22.98077,0.0,159.9,,NEELAM I,IMO2278146,VU9536,37,,16,,10.7,33.0,B
419611562,2026-03-31,08:25:03,85.16641,15.95279,0.0,244.4,251.0,SURYA STAR,IMO0447120,VU6248,31,,30,18.0,,60.0,A
419732776,2026-03-31,00:55:20,92.32588,12.16907,0.0,230.6,,PSV OM,,8T8436,65,,22,9.0,11.4,90.0,B
419453577,2026-03-31,17:32:12,92.53463,12.06704,0.0,347.1,211.0,DURGA PRINCE,,8T2396,89,0.0,25,10.0,,52.0,A
419217829,2026-03-31,12:07:09,72.63725,10.97017,1.3,273.2,119.0,RAJHANS MARINER,,8T0437,37,5.0,18,20.0,,,A
419510861,2026-03-31,22:22:52,79.48839,8.97751,0.0,224.8,40.0,OSV OM,IMO9425016,AT5574,51,,200,6.0,,71.0,A
419560557,2026-03-31,07:39:08,83.61528,17.80044,0.0,206.0,,MONSOON II,IMO3176602,AT6979,74,1.0,28,8.0,,,B
419575546,2026-03-31,00:36:29,78.31489,8.56432,0.0,134.1,268.0,RAJHANS PRIDE,IMO6081875,VT4140,60,3.0,22,12.0,4.3,,A
419937902,2026-03-31,05:45:31,87.91663,21.91508,0.0,,,GODAVARI VOYAGER,IMO9990072,ATG872,31,3.0,200,,,36.0,A
419510413,2026-03-31,14:31:29,83.15372,17.68662,0.0,289.6,329.0,MATSYA EXPLORER,IMO7196755,8T1209,31,5.0,250,,,80.0,A
419388269,2026-03-31,16:16:12,79.99687,12.92306,12.2,,266.0,PEARL,IMO7863914,,38,3.0,10,44.0,1.7,37.0,A
419270725,2026-03-31,10:55:42,76.18825,10.08581,0.0,216.5,332.0,VIJAY VOYAGER,IMO9391460,8T2803,37,7.0,180,44.0,9.4,71.0,B
419777075,2026-03-31,01:04:13,70.37235,23.07572,0.0,354.5,,OM MARINER,IMO6317718,ATG678,74,8.0,22,,,31.0,A
419262498,2026-03-31,15:20:30,76.14144,10.01603,0.0,204.1,160.0,RATNA TRADER,IMO5412176,8T0128,36,,25,32.0,1.1,71.0,A
419536504,2026-03-31,23:02:46,78.22139,8.76478,0.0,333.8,111.0,KRISHNA,IMO1575842,8T6127,57,,150,,,,B
419420184,2026-03-31,09:20:19,72.97052,10.8582,0.0,,186.0,YAMUNA II,IMO1732652,ATG554,37,,16,3.0,10.5,52.0,A
419644019,2026-03-31,18:40:41,88.15811,21.76429,0.0,,108.0,VISHAL VOYAGER,IMO6286078,,60,,100,,6.7,31.0,A
419074918,2026-03-31,11:33:08,72.89281,19.18856,0.0,18.6,,INDRA I,,,37,8.0,180,,,33.0,A
419315846,2026-03-31,11:15:50,74.91954,13.05829,0.0,196.9,,YAMUNA III,IMO0787305,8T0034,30,,180,,,71.0,A
419562849,2026-03-31,18:07:31,78.28994,8.92799,0.0,,304.0,SURYA,IMO5188857,8T2809,50,7.0,100,9.0,7.5,99.0,B
419865984,2026-03-31,14:43:00,72.78499,11.00803,0.0,122.9,342.0,LAKSHMI PRINCE,IMO7188758,AT0980,55,2.0,30,6.0,,,A
419390648,2026-03-31,09:09:10,83.3411,17.69594,0.0,226.4,137.0,SAMRAT DEVI,,8T0112,37,,40,,,,B
419426166,2026-03-31,15:18:09,75.91751,9.68977,0.0,124.7,215.0,NAVRATNA EXPRESS,,VU0016,90,,100,9.0,,30.0,B
419416643,2026-03-31,01:22:19,86.50774,19.96694,0.0,34.7,108.0,SAMUDRA TRADER,IMO0606067,VU7788,99,,25,5.0,1.5,90.0,B
419479801,2026-03-31,23:51:31,70.04485,22.56095,7.0,229.5,169.0,SHAKTI,IMO3675947,VT0999,37,,20,30.0,,50.0,A
419804533,2026-03-31,09:37:56,70.33561,15.57441,0.0,,1.0,MALABAR VOYAGER,,8T6416,37,3.0,30,4.0,11.7,71.0,A
419582172,2026-03-31,14:08:13,86.59673,15.55547,0.0,281.7,,LAKSHMI MATA,IMO1125804,VU0657,89,,14,6.0,,30.0,A
419766352,2026-03-31,03:06:13,78.1404,9.00927,14.9,41.2,,TRISHUL TRADER,,AT1473,38,,28,20.0,,,A
419257768,2026-03-31,21:13:27,79.19479,9.08405,0.0,244.9,45.0,OSV ANAND,IMO3701409,VT7151,70,,40,,2.8,37.0,B
419259611,2026-03-31,13:09:29,88.53133,21.71395,0.0,,149.0,RAJHANS,,8T1566,31,,20,,8.2,31.0,A
419434936,2026-03-31,09:05:25,76.31543,9.96647,16.8,159.4,127.0,SAMUDRA III,IMO7621874,8T6474,32,,20,6.0,4.0,57.0,A
419951628,2026-03-31,21:27:11,72.56778,18.7246,14.2,50.3,105.0,KAMAL III,,8T7663,65,5.0,14,44.0,11.8,57.0,A
419246968,2026-03-31,12:03:14,85.77815,13.84447,0.0,26.0,,GODAVARI TRADER,IMO0500574,8T0766,32,5.0,100,12.0,7.8,33.0,A
419783359,2026-03-31,10:25:06,86.91158,20.39604,0.0,130.4,277.0,TUG KONKAN,IMO4176546,,37,5.0,200,40.0,1.4,,A
419912983,2026-03-31,11:24:35,83.6366,17.52538,0.0,48.5,,GODAVARI EXPLORER,IMO5390917,ATG940,89,,20,,,,A
419906419,2026-03-31,22:29:25,72.79908,10.76063,0.0,167.2,,INDRA MATA,,8T6562,52,8.0,8,34.0,8.2,99.0,B
419880030,2026-03-31,00:01:00,76.22285,9.76707,9.8,311.4,322.0,PRIYA I,IMO3071081,ATG922,52,,150,25.0,9.1,50.0,A
419198070,2026-03-31,04:37:11,80.43052,12.80727,0.0,,,RATNA MARINER,IMO6389874,AT9109,36,,22,9.0,,,A
419834638,2026-03-31,22:10:20,70.36261,22.93468,0.0,345.5,187.0,MONSOON II,,VT9416,52,,200,7.0,,60.0,A
419454811,2026-03-31,20:28:38,85.41962,16.3752,0.0,121.4,,SAGAR QUEEN,,8T6580,36,,8,3.0,9.3,90.0,B
419743575,2026-03-31,05:20:49,88.01414,21.69353,0.0,314.3,,SEA QUEEN,,8T1236,40,2.0,18,12.0,13.3,,A
419251906,2026-03-31,23:41:51,80.45553,12.81118,0.0,223.7,,NAVRATNA DEVI,IMO7630835,8T9091,70,0.0,300,20.0,9.0,,B
419042022,2026-03-31,07:05:27,72.92641,19.28718,15.8,,,DURGA DEVI,,AT5525,57,,30,,,,A
419878264,2026-03-31,18:34:26,82.89102,17.47933,0.0,94.0,,DURGA PIONEER,,8T4470,36,,300,12.0,,,B
419069511,2026-03-31,19:01:34,69.82063,22.8939,9.6,307.9,315.0,SAMRAT MATA,IMO3324199,ATG118,40,,300,18.0,10.8,99.0,A
419489098,2026-03-31,12:04:55,88.54582,21.55079,4.0,206.4,,OM EXPLORER,IMO8893861,VT8776,35,,30,32.0,7.7,90.0,A
419217900,2026-03-31,11:41:51,74.0457,15.18887,0.0,250.8,31.0,KRISHNA VOYAGER,IMO8769559,VT2681,52,3.0,100,9.0,,,A
419941234,2026-03-31,11:56:03,86.42351,20.0707,0.0,347.2,177.0,CORAL QUEEN,IMO7435149,,37,8.0,80,3.0,2.2,30.0,A
419060763,2026-03-31,10:48:15,76.30783,9.77458,0.0,349.3,187.0,VISHAL DEVI,,VU1514,30,,14,30.0,3.5,60.0,A
419485260,2026-03-31,23:03:54,70.66727,15.92513,0.0,235.8,86.0,KONKAN EXPRESS,,VT1390,70,0.0,200,,2.7,71.0,A
419087056,2026-03-31,20:28:36,72.7317,11.28417,0.0,341.9,260.0,PRIYA TRADER,IMO9974869,VT5573,40,,8,25.0,10.2,71.0,B
419404475,2026-03-31,00:57:17,69.71552,23.3073,7.4,124.9,,PEARL VOYAGER,IMO6972232,VT4300,52,8.0,12,40.0,1.5,70.0,A
419363591,2026-03-31,03:18:35,78.98819,9.28923,0.0,197.1,73.0,AGNI TRADER,,AT5422,40,,16,7.0,1.3,,A
419001327,2026-03-31,19:09:59,85.97788,14.0139,0.0,119.8,,NEELAM QUEEN,IMO6176294,8T4676,52,5.0,120,,,36.0,A
419083070,2026-03-31,21:45:04,73.36587,18.64518,0.0,174.6,,ANAND PRIDE,,VU6292,37,5.0,180,34.0,,36.0,A
419438214,2026-03-31,15:44:06,73.56164,15.24599,0.0,70.8,42.0,ANAND PRINCE,,ATG270,79,,28,,,37.0,A
419522924,2026-03-31,13:27:34,78.16344,8.85521,0.0,207.0,,ANAND PRINCE,,AT1535,30,,22,,,70.0,B
419190530,2026-03-31,21:05:30,88.19911,21.41437,0.0,21.3,94.0,VISHAL PRINCE,,8T6186,71,,100,12.0,6.7,,A
419914835,2026-03-31,23:31:54,78.1836,8.66783,0.0,239.2,338.0,KONKAN TRADER,IMO1105562,VT2667,32,,100,,,,B
419647033,2026-03-31,15:26:53,79.07344,8.80232,0.0,352.1,220.0,INDRA PRIDE,IMO4340371,AT3109,60,1.0,50,34.0,,80.0,A
419225264,2026-03-31,21:21:08,80.27083,13.05042,7.8,104.5,,OSV GANGA,IMO1010124,AT8056,69,,16,5.0,7.4,,A
419449100,2026-03-31,15:59:42,73.49283,15.26541,0.0,330.2,15.0,PSV VARUNA,,VU1070,51,,20,4.0,,36.0,B
419878506,2026-03-31,15:07:08,73.41,18.86678,0.0,96.2,116.0,SAMRAT PIONEER,,ATG702,30,1.0,22,34.0,2.3,31.0,A
419271435,2026-03-31,22:26:24,73.68573,15.21712,11.6,346.8,,GODAVARI PIONEER,,VT7371,70,2.0,60,6.0,,37.0,A
419408860,2026-03-31,22:11:55,80.15408,13.17438,0.0,146.7,,SAMRAT EXPRESS,IMO9140099,VT2971,50,,300,48.0,,,A
419949254,2026-03-31,23:09:11,73.9425,15.57462,2.7,93.8,124.0,PEARL PRIDE,IMO8110512,VU7243,52,,80,30.0,,57.0,A
419070824,2026-03-31,01:57:32,83.35644,17.9339,0.0,,181.0,RATNA PRIDE,,ATG201,33,,16,,5.1,33.0,A
419086961,2026-03-31,03:11:00,79.06252,8.71194,0.0,267.1,,OM PRINCE,IMO0863339,AT0666,99,,300,14.0,7.6,30.0,A
419908306,2026-03-31,22:46:56,88.30347,21.48857,0.0,,,SURYA MARINER,IMO2436160,VU9990,74,,150,,,37.0,B
419367849,2026-03-31,00:31:20,74.5062,13.10255,0.0,,222.0,SAGAR TRADER,,VU1575,37,,180,14.0,,52.0,A
419903674,2026-03-31,20:12:53,80.60599,13.38026,0.0,,,SHIVA MARINER,,ATG081,70,2.0,120,,9.9,60.0,A
419103208,2026-03-31,05:32:32,78.9581,8.85425,0.0,215.0,295.0,MALABAR III,IMO6190764,8T0439,37,,300,,,,B
419726105,2026-03-31,09:46:41,72.9572,11.13329,3.0,,,BRAHMAPUTRA STAR,IMO8956886,8T9339,60,,35,,,33.0,A
419876144,2026-03-31,09:17:05,74.58476,13.02966,12.2,325.3,,DURGA VOYAGER,,ATG947,51,,14,,9.2,70.0,A
419492785,2026-03-31,05:43:07,79.33467,8.87724,0.0,,81.0,LAKSHMI MATA,IMO6010665,8T7824,60,,50,16.0,10.4,99.0,A
419445039,2026-03-31,20:02:39,78.3931,8.7662,13.4,,,VARUNA MATA,,,38,,30,9.0,,99.0,A
419070791,2026-03-31,22:29:58,72.88223,18.69978,8.9,339.7,31.0,RATNA TRADER,IMO1298294,VT8337,57,,28,48.0,12.3,50.0,A
419382039,2026-03-31,12:56:42,79.32659,8.73574,1.0,,171.0,GODAVARI DEVI,IMO6036733,VT4247,57,5.0,35,,10.2,50.0,A
419482436,2026-03-31,10:59:08,86.66925,20.00264,0.0,268.0,,PEARL,,VT9640,30,0.0,150,6.0,,,B
419627838,2026-03-31,17:15:10,83.05857,17.60594,0.0,337.9,62.0,MATSYA,IMO8265652,ATG756,31,2.0,25,14.0,4.2,37.0,B
419939759,2026-03-31,13:02:07,76.07904,9.88959,0.0,,134.0,SHIVA EXPLORER,,VU9018,37,,300,44.0,6.6,36.0,A
419287158,2026-03-31,08:29:44,76.36694,10.23344,0.0,296.2,339.0,KRISHNA TRADER,IMO2402948,AT6886,52,,120,48.0,7.7,,A
419272477,2026-03-31,03:46:19,70.1561,22.94543,0.0,122.9,206.0,OM II,,ATG314,53,,20,4.0,11.5,,A
419624698,2026-03-31,19:01:54,92.6179,11.77166,15.8,62.0,257.0,VISHAL STAR,,8T6707,37,1.0,60,4.0,,57.0,A
419785235,2026-03-31,05:30:35,86.9983,19.98861,0.0,105.2,226.0,VARUNA DEVI,IMO1155822,8T1951,37,,180,2.0,1.3,71.0,B
419313164,2026-03-31,11:23:08,74.69015,12.71787,0.0,116.0,,VISHAL II,,AT6759,36,1.0,150,44.0,,57.0,A
419170568,2026-03-31,23:57:18,92.33541,11.44363,0.0,288.5,156.0,PEARL DEVI,IMO8368636,AT4498,60,1.0,40,,,90.0,A
419060429,2026-03-31,10:43:24,73.53408,15.5159,0.0,95.9,,TRISHUL DEVI,IMO2099387,,57,1.0,8,8.0,,36.0,B
419015059,2026-03-31,12:43:13,85.27743,14.97021,0.0,,262.0,GANGA,IMO5468013,,36,5.0,22,20.0,5.5,33.0,A
419154959,2026-03-31,22:59:13,72.30404,11.0173,1.5,,305.0,MEENA II,,ATG659,99,2.0,35,40.0,,,A
419168011,2026-03-31,12:23:27,69.15007,17.97255,0.0,224.6,311.0,MATSYA DEVI,,,52,,14,16.0,,90.0,A
419256248,2026-03-31,19:54:28,72.97299,10.9493,0.0,311.0,305.0,BRAHMAPUTRA VOYAGER,,ATG932,36,5.0,30,,,90.0,A
419935391,2026-03-31,22:49:11,73.18133,18.96571,1.3,293.1,,KONKAN STAR,,AT8680,51,,20,44.0,8.4,90.0,B
419925857,2026-03-31,18:42:40,72.85511,10.98699,0.0,172.1,241.0,OSV JALDOOT,,AT8530,31,,60,34.0,,80.0,A
419405018,2026-03-31,03:40:35,74.68177,13.1067,0.0,,,INDRA PRINCE,IMO8109452,VU9625,37,7.0,25,10.0,,,B
419870109,2026-03-31,06:56:42,87.86652,21.29693,4.6,290.2,,ANAND TRADER,IMO0965261,,37,,50,40.0,,71.0,A
419123301,2026-03-31,15:16:59,80.16981,13.36047,6.6,,95.0,KAVERI EXPLORER,IMO1434462,8T0749,53,0.0,20,32.0,,71.0,B
419509428,2026-03-31,23:20:27,70.09725,23.0434,6.0,177.0,358.0,AGNI I,IMO5915798,VT5551,33,,35,16.0,6.3,50.0,A
419732842,2026-03-31,09:37:47,72.71449,10.88364,0.0,238.7,,VISHAL EXPLORER,,,52,,16,3.0,5.2,90.0,A
419145625,2026-03-31,08:16:11,72.41619,18.42256,0.0,5.6,107.0,VISHAL II,,ATG805,37,,180,,,,A
419604976,2026-03-31,22:40:51,85.75112,14.9191,17.4,250.4,,SURYA PRINCE,,ATG499,52,8.0,300,,,60.0,A
419711947,2026-03-31,11:26:19,72.67742,19.48857,0.0,34.2,,PRIYA STAR,IMO5933238,,89,5.0,14,,12.9,,B
419744697,2026-03-31,01:26:39,83.64681,17.3896,0.0,,60.0,RATNA I,IMO7155860,AT2362,40,5.0,100,,4.6,,B
419147875,2026-03-31,00:56:22,83.36691,17.31845,0.0,,254.0,MEENA STAR,IMO4894244,ATG936,52,8.0,10,12.0,,80.0,A
419881618,2026-03-31,06:08:44,72.71569,11.07348,5.3,166.9,,INDRA GLORY,IMO3188156,AT1354,53,7.0,60,44.0,,,A
419770455,2026-03-31,07:39:47,72.83192,18.37365,0.0,37.5,,JALDOOT PIONEER,,AT0555,31,2.0,14,30.0,8.9,50.0,A
419424374,2026-03-31,05:37:24,82.97314,17.4082,0.0,99.0,,CORAL VOYAGER,,,37,,100,25.0,8.8,36.0,A
419009321,2026-03-31,20:51:37,78.44399,8.8824,0.0,21.3,,CORAL III,IMO5884452,AT9411,30,,250,7.0,8.1,80.0,A
419623215,2026-03-31,04:21:44,92.47805,11.99636,10.8,212.4,295.0,NEELAM II,IMO3422070,VU1077,37,2.0,120,25.0,,,B
419367428,2026-03-31,14:28:21,72.72026,18.93338,16.0,240.3,,AGNI III,,AT2923,57,,18,6.0,7.2,,A
419632448,2026-03-31,22:11:23,77.87079,8.60021,0.0,150.5,187.0,RATNA PRINCE,IMO9702146,,37,,10,12.0,5.8,,A
419441904,2026-03-31,07:13:25,82.98357,17.9935,11.9,332.8,5.0,ANAND EXPRESS,IMO2464560,AT1199,37,,30,,3.2,52.0,A
419117851,2026-03-31,06:32:34,78.25894,8.87685,0.0,145.9,,PRIYA PIONEER,,8T7576,31,1.0,35,30.0,,,B
419366079,2026-03-31,20:22:31,74.61958,13.19825,0.0,169.8,325.0,CORAL PRIDE,IMO6808079,AT3000,60,,80,16.0,3.5,99.0,B
419092803,2026-03-31,08:05:13,80.01361,12.7696,2.0,,,PRIYA PRIDE,IMO8949542,ATG293,36,,150,32.0,10.4,57.0,B
419195981,2026-03-31,22:57:37,68.72592,16.74934,0.0,215.9,31.0,VISHAL GLORY,,AT5227,51,,16,18.0,,,A
419221553,2026-03-31,05:18:57,76.13541,10.11629,0.0,279.8,226.0,PEARL VOYAGER,IMO1608624,AT1339,31,8.0,8,,5.0,70.0,A
419711813,2026-03-31,04:54:03,87.90465,21.56278,0.0,,,YAMUNA PRIDE,IMO8516765,8T9196,65,8.0,40,,2.7,37.0,B
419514370,2026-03-31,09:47:28,74.0343,15.55792,0.0,306.5,101.0,MATSYA STAR,,,37,,16,48.0,,57.0,B
419190347,2026-03-31,07:25:39,69.73125,22.82666,0.0,194.5,167.0,OM III,,AT1356,53,,300,,1.8,31.0,A
419633547,2026-03-31,22:52:21,69.96047,22.85852,0.0,337.1,85.0,NAVRATNA STAR,IMO2068299,AT5802,31,,35,25.0,,,B
419816254,2026-03-31,21:43:59,87.99195,21.28542,4.5,121.9,,VIJAY MARINER,IMO1616054,ATG073,31,8.0,16,,7.0,,A
419312178,2026-03-31,21:39:23,76.31248,9.65025,11.2,50.5,,JALDOOT PRIDE,,8T1678,65,,300,34.0,,,A
419925531,2026-03-31,16:29:42,84.00363,14.47861,0.0,156.4,119.0,MEENA EXPRESS,IMO7267545,8T0941,53,5.0,250,3.0,5.9,80.0,B
419552882,2026-03-31,06:54:41,70.31774,22.71012,17.9,,158.0,KONKAN III,IMO7763858,8T2254,37,3.0,50,8.0,3.2,31.0,A
419653595,2026-03-31,12:38:14,86.77574,15.31649,14.5,239.5,172.0,NAVRATNA PRIDE,,8T9728,52,7.0,200,10.0,,90.0,A
419149142,2026-03-31,02:35:35,78.37391,8.63601,15.7,166.5,,SHIVA TRADER,,,40,7.0,250,30.0,,30.0,A
419766307,2026-03-31,23:59:23,70.32298,17.21102,0.0,209.7,335.0,OCEAN STAR MARINER,,VU4615,60,0.0,300,4.0,,33.0,A
419513900,2026-03-31,06:31:46,86.34482,20.19913,0.0,,228.0,KONKAN VOYAGER,,VU9049,50,,300,12.0,12.6,,A
419333884,2026-03-31,15:05:13,77.87523,8.79244,0.0,285.0,150.0,MEENA EXPLORER,IMO4490359,AT1773,30,3.0,250,48.0,,,B
419182182,2026-03-31,03:21:01,79.43074,9.10232,0.0,346.1,192.0,TARA,IMO0238836,ATG025,52,,30,,6.3,,B
419354728,2026-03-31,14:13:28,74.87084,13.18785,0.0,238.8,359.0,TUG OM,IMO9145090,VT3957,51,2.0,40,44.0,,,A
419067333,2026-03-31,18:55:18,74.04183,15.3804,0.0,194.4,,OCEAN STAR QUEEN,,8T5520,50,1.0,14,48.0,,71.0,A
419448479,2026-03-31,05:08:27,72.68973,18.67523,14.4,5.0,68.0,BRAHMAPUTRA I,,8T8391,52,,20,7.0,,36.0,A
419810297,2026-03-31,06:16:26,86.61364,20.52228,0.0,56.1,,YAMUNA PRINCE,IMO2251766,8T9921,37,2.0,50,7.0,3.6,,A
419829565,2026-03-31,14:28:55,73.55266,15.49803,0.0,304.1,290.0,SHIVA PIONEER,IMO7637825,AT8586,36,,50,20.0,12.2,57.0,A
419518650,2026-03-31,14:25:45,80.36486,13.28376,0.0,24.0,328.0,BRAHMAPUTRA PRIDE,IMO0426469,AT0804,51,8.0,8,48.0,,99.0,A
419041627,2026-03-31,12:01:25,73.01706,19.30835,0.0,65.0,,VISHAL MARINER,,VU7635,60,,28,32.0,8.4,31.0,A
419295458,2026-03-31,21:46:59,74.63789,13.1909,0.0,,,OCEAN STAR II,,AT9522,51,,200,14.0,,30.0,A
419749731,2026-03-31,04:27:36,70.12327,23.39369,0.0,203.2,,VARUNA VOYAGER,IMO6197400,AT9758,30,3.0,250,12.0,10.2,,A
419084182,2026-03-31,19:51:19,88.00643,21.95938,10.3,196.9,168.0,AGNI I,IMO7577079,VT6169,37,5.0,35,5.0,,60.0,B
419559582,2026-03-31,17:38:08,80.22738,12.74927,0.0,318.9,336.0,SAMUDRA,,,37,,80,20.0,,,A
419094596,2026-03-31,21:14:45,70.16934,23.45148,0.0,317.0,,SAMRAT MATA,IMO4913878,VT1881,35,1.0,22,,,33.0,A
419432417,2026-03-31,00:27:12,93.01446,12.05395,2.6,277.8,,SAGAR MATA,IMO3220822,AT4843,37,7.0,80,,10.7,37.0,B
419104259,2026-03-31,21:31:30,73.2887,19.19396,0.0,59.0,49.0,NEELAM III,,AT3403,52,,250,30.0,,31.0,A
419358136,2026-03-31,18:14:05,73.49902,15.24735,0.0,,,PEARL QUEEN,,ATG006,40,2.0,16,,4.3,,A
419453629,2026-03-31,04:39:20,70.58864,23.19611,0.0,37.7,310.0,RAJHANS VOYAGER,,,71,,100,12.0,,50.0,B
419497254,2026-03-31,16:58:25,79.35813,9.09523,0.0,283.2,,NEELAM TRADER,IMO4651444,AT7481,37,,18,14.0,,,A
419465089,2026-03-31,08:20:59,71.4436,16.25001,0.0,55.9,305.0,OCEAN STAR DEVI,,8T3777,57,,60,,4.1,37.0,A
419038341,2026-03-31,06:46:24,76.03775,9.73247,15.6,328.9,,OM I,IMO0632399,8T7733,51,7.0,8,32.0,,57.0,B
419263218,2026-03-31,21:58:37,76.35952,10.24269,0.0,200.4,,TARA MATA,,,52,,18,34.0,,36.0,A
419643395,2026-03-31,12:21:26,73.56255,15.33522,10.1,,227.0,OSV YAMUNA,,,30,,10,2.0,,90.0,A
419633243,2026-03-31,00:08:18,88.28195,21.72427,0.0,110.1,,AGNI STAR,,AT7989,53,,12,3.0,,,A
419724495,2026-03-31,06:25:31,85.71162,14.82196,0.0,,276.0,VIJAY DEVI,IMO5166501,VT0544,31,,60,25.0,,36.0,A
419575100,2026-03-31,00:42:15,74.90024,13.11616,0.0,,,SHAKTI II,IMO8458163,VU1291,36,,50,,6.9,99.0,A
419980310,2026-03-31,05:36:55,77.86478,8.58949,0.7,242.4,,SAMRAT QUEEN,,ATG547,32,8.0,12,20.0,4.7,,A
419365354,2026-03-31,05:46:22,78.99552,8.82241,17.6,,64.0,SURYA DEVI,,VT4552,71,2.0,18,3.0,10.8,33.0,B
419780643,2026-03-31,17:33:34,70.65983,23.34196,0.0,250.0,,VAYU PRIDE,,AT3995,71,,14,,9.5,33.0,A
419504379,2026-03-31,02:12:49,92.75767,11.49907,0.0,121.8,,NEELAM PRIDE,,8T7597,90,,300,30.0,5.4,33.0,A
419436827,2026-03-31,11:53:30,80.68364,12.90465,0.0,22.2,231.0,OM QUEEN,IMO3081580,ATG789,52,5.0,14,,,90.0,B
419199927,2026-03-31,12:14:26,73.5133,15.41346,0.0,262.1,,SURYA DEVI,,,52,,10,,5.7,71.0,A
419464197,2026-03-31,05:44:31,92.88781,11.99752,0.0,76.1,,NEELAM STAR,IMO8940117,,37,,22,30.0,,,B
419087737,2026-03-31,07:52:10,85.24845,13.81673,0.0,161.0,251.0,GANGA EXPLORER,IMO7740097,,74,,35,48.0,10.8,99.0,A
419610853,2026-03-31,16:31:16,73.24522,18.94955,0.0,270.0,59.0,OCEAN STAR I,,VT1181,37,8.0,25,40.0,,52.0,B
419101494,2026-03-31,02:53:21,70.47696,23.30328,0.0,201.1,185.0,RAJHANS VOYAGER,IMO6167211,ATG025,37,,180,18.0,1.5,,A
419182548,2026-03-31,01:50:06,76.10717,9.92996,0.0,,150.0,MONSOON PRINCE,,VU1754,36,,14,8.0,2.9,80.0,A
419031867,2026-03-31,15:29:06,79.17734,9.17151,0.0,64.0,283.0,SAGAR MARINER,IMO3096667,ATG296,71,,300,,12.8,70.0,A
419471649,2026-03-31,11:55:45,79.48206,9.29246,0.0,,176.0,SHAKTI III,,ATG893,52,2.0,60,8.0,10.8,,A
419548427,2026-03-31,11:06:32,72.43171,11.11636,0.0,123.4,30.0,PRIYA III,IMO3665945,VU8823,53,,28,,3.7,,A
419896575,2026-03-31,11:02:29,88.28163,21.70752,0.0,302.8,0.0,PEARL II,IMO1577014,VT1581,36,,20,4.0,8.6,31.0,B
419765091,2026-03-31,13:42:11,74.97829,12.96009,0.0,,,KONKAN II,,8T1009,57,5.0,8,3.0,7.1,,A
419694276,2026-03-31,22:52:59,73.82974,15.15511,0.0,,227.0,TARA MARINER,,ATG539,36,,80,4.0,,33.0,A
419293064,2026-03-31,13:53:19,69.09626,16.34386,0.0,148.6,,KRISHNA I,,ATG438,53,,30,,12.9,99.0,A
419597989,2026-03-31,19:46:38,73.62264,15.70546,0.0,9.5,143.0,RAJHANS EXPLORER,,ATG785,30,5.0,150,48.0,,60.0,A
419692339,2026-03-31,12:19:15,79.33859,9.25583,0.0,235.5,,KONKAN EXPLORER,IMO7731252,8T7013,65,,14,4.0,2.5,36.0,A
419624921,2026-03-31,12:15:58,70.00903,22.92874,4.0,318.8,,SEA QUEEN PRINCE,,8T9105,36,5.0,18,14.0,10.0,70.0,A
419331612,2026-03-31,00:00:25,88.49667,21.69311,7.6,201.0,355.0,PEARL GLORY,IMO0975066,VT2856,37,,25,12.0,,36.0,A
419156854,2026-03-31,01:02:13,73.52511,15.59911,9.3,257.9,,ANAND EXPRESS,IMO1852291,AT6130,55,,22,44.0,,37.0,A
419443007,2026-03-31,23:30:37,76.30528,9.85216,16.2,265.6,148.0,MALABAR III,IMO1633253,VU6305,70,,60,,6.0,30.0,A
419076660,2026-03-31,14:04:26,86.3135,20.42165,0.0,,215.0,YAMUNA STAR,,ATG414,37,1.0,25,2.0,11.5,52.0,B
419359600,2026-03-31,00:11:40,70.5592,17.15652,0.1,38.0,,RAJHANS STAR,IMO9189938,VT9879,31,2.0,30,2.0,7.6,80.0,A
419018086,2026-03-31,16:00:10,92.25015,11.38329,0.0,214.9,,VAYU EXPLORER,IMO5177313,,51,,60,12.0,2.4,,B
419625593,2026-03-31,17:54:28,79.97426,12.99592,0.0,,,SEA QUEEN III,IMO7154836,VT3413,37,7.0,20,12.0,9.9,70.0,B
419757446,2026-03-31,11:28:47,75.98545,9.80177,9.3,,337.0,GODAVARI MATA,IMO7740503,AT1346,57,7.0,300,20.0,,,A
419874477,2026-03-31,02:50:51,74.65368,12.65207,0.0,,13.0,INDRA GLORY,,ATG206,57,,22,44.0,13.2,71.0,A
419410843,2026-03-31,21:18:50,83.46765,17.3976,0.0,355.0,6.0,OCEAN STAR EXPRESS,,VU7173,71,,10,8.0,1.1,,A
419184788,2026-03-31,18:08:43,92.6604,11.77099,0.0,125.8,,RAJHANS DEVI,,8T1794,70,8.0,180,,,,B
419510832,2026-03-31,17:57:21,92.57098,12.15459,0.0,52.6,,NEELAM I,IMO2411420,ATG513,79,3.0,150,12.0,7.0,,B
419610849,2026-03-31,05:59:32,72.24299,10.97247,0.0,187.7,227.0,SHAKTI PRIDE,IMO2135456,AT3153,32,,250,12.0,,,A
419312008,2026-03-31,12:04:45,86.33341,19.97978,0.0,,230.0,RATNA DEVI,IMO3134241,ATG189,37,,40,,,57.0,A
419292101,2026-03-31,18:01:22,73.77519,15.6854,0.0,,,SAMRAT PRIDE,,AT0496,53,,50,,,52.0,A
419457065,2026-03-31,19:20:37,70.02233,16.80047,0.0,159.0,229.0,AGNI QUEEN,,VU9176,52,,80,48.0,,,A
419445278,2026-03-31,10:33:59,86.90806,13.50023,3.9,,,BRAHMAPUTRA MARINER,IMO1868498,AT9320,83,,16,7.0,11.7,57.0,A
419755785,2026-03-31,10:26:50,76.43821,10.0731,0.0,1.5,214.0,NEELAM STAR,,ATG504,30,1.0,50,18.0,,,B
419455731,2026-03-31,10:25:48,72.96577,10.62055,0.0,290.8,224.0,DURGA I,IMO1002458,8T6417,35,,180,18.0,,,A
419933833,2026-03-31,19:11:12,80.30989,13.04366,9.9,,76.0,JALDOOT PRIDE,IMO1652235,,31,,200,44.0,7.8,80.0,A
419199806,2026-03-31,18:48:07,74.69233,13.14885,0.0,334.4,,PRIYA STAR,,VU8107,30,8.0,60,,,,B
419181905,2026-03-31,23:44:26,86.60114,20.13534,0.0,78.2,354.0,SAMUDRA STAR,,,30,3.0,25,34.0,7.2,31.0,A
419919866,2026-03-31,02:57:04,74.46286,12.94819,0.0,349.7,239.0,OM STAR,IMO8500728,AT3858,35,0.0,180,,,80.0,A
419505149,2026-03-31,01:02:42,76.34858,10.10332,6.2,134.9,,VARUNA EXPLORER,,,37,,150,44.0,6.7,,A
419615330,2026-03-31,00:22:53,73.72613,15.15667,0.0,308.1,,TRISHUL EXPRESS,IMO0514538,8T0168,90,1.0,10,30.0,1.1,,B
419155859,2026-03-31,07:58:30,78.99407,9.23622,0.0,92.2,223.0,KRISHNA MARINER,,,36,,150,40.0,2.1,70.0,A
419038156,2026-03-31,21:15:19,76.18897,10.1973,6.3,215.1,,AGNI II,IMO8740811,VU0699,60,,16,4.0,2.7,90.0,B
419996289,2026-03-31,08:32:25,72.91299,19.1201,0.0,26.9,164.0,VAYU III,,AT8589,30,8.0,180,34.0,13.2,30.0,A
419865471,2026-03-31,22:39:13,72.71317,11.22358,0.0,91.2,271.0,NEELAM,IMO0560944,VT5012,37,,10,20.0,5.7,99.0,A
419059085,2026-03-31,23:26:39,78.0479,8.72466,0.0,297.3,,KRISHNA DEVI,,8T9035,50,2.0,150,,1.2,33.0,A
419714243,2026-03-31,06:07:44,70.33235,22.57427,0.9,,68.0,JALDOOT III,IMO3098314,VU3780,37,3.0,20,,3.3,71.0,A
419656866,2026-03-31,19:21:01,72.6504,19.14008,0.0,17.9,,YAMUNA III,,VT1543,37,,30,25.0,8.0,57.0,A
419914881,2026-03-31,12:39:14,93.27911,12.0115,0.0,97.6,,TARA I,,AT6266,37,8.0,35,,4.9,,A
419377665,2026-03-31,22:00:31,88.22962,21.48176,0.0,,67.0,TRISHUL QUEEN,,AT8491,60,,14,12.0,,52.0,A
419805331,2026-03-31,23:57:59,77.89634,8.82797,0.0,,,OM PRINCE,,8T3722,32,,14,,,99.0,A
419258858,2026-03-31,09:57:10,88.25767,21.2961,13.5,109.6,157.0,OCEAN STAR DEVI,,VT7565,30,,150,3.0,7.3,37.0,A
419118095,2026-03-31,09:29:30,78.38874,8.49676,0.0,,,LAKSHMI II,IMO1706491,AT3375,36,2.0,35,18.0,,31.0,A
419157337,2026-03-31,15:29:25,68.52162,17.05312,0.0,96.1,259.0,SAMRAT PIONEER,IMO1451495,,51,,200,16.0,,99.0,B
419072966,2026-03-31,02:50:08,79.22106,9.01048,0.0,137.7,271.0,KAVERI,IMO9070464,VT3006,37,0.0,300,5.0,,99.0,A
419300276,2026-03-31,08:42:27,93.29857,11.16645,0.0,281.5,,YAMUNA STAR,IMO6059047,VU5226,37,7.0,20,,11.2,,B
419734513,2026-03-31,23:58:42,78.11061,8.81874,0.0,,,VIJAY TRADER,IMO5143164,,51,,12,8.0,,,A
419542600,2026-03-31,15:01:38,70.27518,23.25247,0.0,187.4,,SEA QUEEN VOYAGER,IMO4589225,,51,,80,14.0,4.4,50.0,A
419128895,2026-03-31,15:51:40,74.74427,12.71288,7.6,21.0,1.0,NEELAM MATA,IMO3421448,AT4574,31,,300,48.0,,36.0,A
419525430,2026-03-31,22:41:31,79.31355,9.26294,0.0,62.2,32.0,CORAL PRIDE,IMO0689924,AT7561,52,0.0,250,4.0,3.7,,A
419395512,2026-03-31,03:30:52,79.20721,8.95051,0.0,,50.0,NEELAM STAR,,VU1445,31,,14,14.0,4.3,70.0,B
419778801,2026-03-31,04:32:19,87.83034,21.80924,0.0,,351.0,MONSOON I,,8T3105,37,,60,9.0,9.8,37.0,A
419787626,2026-03-31,00:14:24,69.4892,18.13653,0.0,5.2,315.0,SEA QUEEN PIONEER,,ATG796,38,,150,8.0,,71.0,B
419487461,2026-03-31,06:18:38,74.80917,12.99566,0.0,51.1,172.0,PEARL PRINCE,IMO7353327,,60,,150,44.0,,,B
419584311,2026-03-31,14:01:30,73.87743,15.19022,0.0,,,OCEAN STAR EXPLORER,IMO4310557,VT3027,36,7.0,10,,,50.0,B
419793584,2026-03-31,07:25:13,74.5099,12.69666,0.0,60.1,,SAGAR PRIDE,,VT9818,83,,10,48.0,,99.0,A
419514140,2026-03-31,13:02:39,72.21141,10.94668,0.0,242.8,,NEELAM PRIDE,,VU6472,83,,300,9.0,10.2,50.0,A
419042408,2026-03-31,03:02:45,80.12116,13.26627,0.0,334.4,204.0,SHAKTI PRIDE,IMO2091881,AT6614,37,,120,3.0,7.1,,B
419909635,2026-03-31,03:41:45,79.27365,9.11177,0.0,233.7,225.0,YAMUNA EXPRESS,IMO7086043,ATG587,52,,20,25.0,,50.0,A
419003256,2026-03-31,20:56:56,69.83512,16.74714,0.0,,,DURGA EXPRESS,IMO8422663,,37,,8,,,,A
419913156,2026-03-31,23:19:23,78.27569,8.96532,0.0,74.6,100.0,ANAND QUEEN,IMO2325348,VU9799,55,,180,20.0,6.5,,A
419521970,2026-03-31,14:06:38,76.07305,10.22276,0.0,116.4,157.0,SHAKTI VOYAGER,,VU7034,37,,14,2.0,,71.0,A
419427212,2026-03-31,14:47:24,84.93987,14.2845,5.1,175.1,,CORAL DEVI,IMO2698630,VT3332,37,,120,,,30.0,A
419719961,2026-03-31,10:47:57,78.95641,8.86987,0.0,110.9,,YAMUNA MARINER,IMO5260682,8T7956,89,1.0,12,2.0,5.8,50.0,B
419325789,2026-03-31,01:40:25,70.89057,17.01404,0.0,,113.0,SURYA II,,,55,3.0,200,,,50.0,A
419129207,2026-03-31,05:33:01,73.57279,15.17743,0.0,80.1,,RATNA DEVI,IMO7387927,ATG678,30,2.0,8,48.0,4.7,90.0,A
419514448,2026-03-31,13:43:08,77.86418,8.61245,0.0,137.5,,SAMRAT III,IMO7202981,,60,,100,10.0,,,B
419811796,2026-03-31,09:04:20,69.51282,15.56343,0.0,271.0,173.0,ANAND GLORY,,VU9802,36,,200,,,,B
419362408,2026-03-31,19:09:34,72.29173,11.2854,16.0,83.7,53.0,GODAVARI DEVI,IMO4103762,AT9415,30,2.0,120,8.0,2.0,50.0,A
419164466,2026-03-31,18:13:12,76.39386,9.93732,0.0,285.2,,BRAHMAPUTRA MATA,IMO5118581,VT1460,60,2.0,35,,,52.0,B
419901408,2026-03-31,04:08:21,79.10196,9.11595,0.0,,202.0,RAJHANS QUEEN,IMO8847871,8T3834,37,,60,3.0,,,A
419730802,2026-03-31,18:49:44,73.51824,15.20662,0.0,301.8,,NEELAM,,ATG978,31,,30,40.0,,90.0,A
419197689,2026-03-31,08:13:52,74.48671,12.81582,0.0,32.1,322.0,CORAL II,IMO6166846,8T2098,30,,28,,,60.0,A
419923444,2026-03-31,02:01:47,76.41038,9.91396,5.6,,292.0,PRIYA,IMO9160494,ATG231,33,,60,3.0,,,A
419721858,2026-03-31,20:58:12,75.01437,12.80749,0.0,290.3,,TARA QUEEN,IMO5656416,ATG671,74,7.0,14,,,30.0,A
419589359,2026-03-31,15:23:32,82.99861,17.77175,17.1,65.7,173.0,GANGA EXPRESS,,8T8480,37,,100,20.0,,,A
419434229,2026-03-31,21:57:05,70.12056,18.02276,0.0,248.7,123.0,YAMUNA,IMO4003765,8T0140,50,7.0,8,,6.6,,B
419095902,2026-03-31,16:46:57,72.41699,10.9509,0.0,,57.0,MATSYA MATA,IMO3626961,VU6771,33,,60,14.0,,,A
419691548,2026-03-31,23:01:45,88.18535,21.94011,0.0,34.7,,OM I,,ATG550,60,7.0,25,,,,B
419867895,2026-03-31,00:54:34,69.8129,23.38715,10.4,,41.0,MATSYA MARINER,,VU8140,32,5.0,28,30.0,9.6,,A
419362733,2026-03-31,01:43:35,83.04352,17.75637,0.0,111.5,,SURYA I,IMO9549686,,36,,250,8.0,,30.0,A
419998467,2026-03-31,15:16:07,70.27427,22.51919,0.0,,,PEARL STAR,,8T0280,32,7.0,150,14.0,1.3,37.0,A
419566305,2026-03-31,16:20:28,69.80141,16.99062,0.0,7.8,163.0,YAMUNA,,VT3760,33,,250,8.0,,70.0,A
419377567,2026-03-31,17:19:31,88.05071,21.41678,0.0,73.6,,MONSOON MATA,IMO0775746,8T5785,36,,35,,8.3,57.0,A
419682985,2026-03-31,03:19:13,78.25022,8.53663,0.0,117.4,239.0,SURYA TRADER,,ATG747,37,,150,25.0,,30.0,B
419872779,2026-03-31,15:13:31,86.0021,16.12466,9.1,157.7,,OSV GANGA,IMO5784622,ATG346,32,7.0,40,,5.3,31.0,A
419382987,2026-03-31,22:42:06,73.12826,19.24848,11.9,113.3,327.0,VAYU DEVI,,AT9396,60,,300,14.0,11.8,37.0,A
419465529,2026-03-31,13:09:15,93.2592,11.67348,0.0,331.0,278.0,ANAND GLORY,IMO1318002,,30,,10,,13.2,71.0,A
419577343,2026-03-31,05:26:58,86.7245,20.11022,0.0,,123.0,SAMUDRA MATA,,VT8469,50,,80,8.0,13.3,50.0,A
419627137,2026-03-31,01:56:30,87.98909,21.40754,0.0,125.1,,GANGA MARINER,IMO3062646,AT8899,51,,25,,,36.0,B
419420927,2026-03-31,11:07:50,86.87905,20.42983,0.0,246.7,19.0,VAYU STAR,IMO8513684,,55,,300,18.0,3.1,30.0,B
419777519,2026-03-31,01:57:50,72.32674,10.66451,0.0,171.2,237.0,VIJAY TRADER,IMO4643103,,36,3.0,250,,,57.0,A
419858219,2026-03-31,15:23:40,69.52383,16.33287,17.3,196.3,105.0,TARA STAR,,8T8983,31,,20,2.0,2.5,,B
419067077,2026-03-31,22:33:55,92.96356,11.8766,0.0,302.9,175.0,SEA QUEEN GLORY,,VT5687,60,3.0,10,6.0,5.8,,A
419394684,2026-03-31,13:30:51,83.49596,17.867,0.0,69.2,347.0,KAVERI QUEEN,IMO7502719,AT2102,52,3.0,60,,,30.0,A
419649706,2026-03-31,23:37:00,88.31833,21.45032,0.0,202.7,,RATNA PIONEER,,AT0211,36,,100,30.0,1.6,,A
419205322,2026-03-31,01:32:52,86.80295,20.11453,0.0,190.4,149.0,LAKSHMI II,,VU4759,30,,14,30.0,1.5,50.0,A
419888576,2026-03-31,01:24:36,73.56811,15.71889,0.0,298.4,,PEARL PRINCE,,VT5241,70,,25,,6.4,60.0,B
419646914,2026-03-31,06:02:14,92.12082,11.36602,0.0,301.2,227.0,VAYU,IMO3823225,8T3376,37,,16,,4.4,50.0,B
419765786,2026-03-31,15:54:50,69.75046,23.19831,0.0,,62.0,MATSYA DEVI,IMO3933489,,37,0.0,150,48.0,,,A
419580087,2026-03-31,13:29:27,83.1128,17.57077,0.0,,,SHIVA I,IMO8444685,,40,,12,9.0,,,B
419429326,2026-03-31,10:11:17,84.19718,14.86071,15.5,,,KAVERI EXPLORER,,8T7127,30,,200,3.0,12.0,71.0,A
419699906,2026-03-31,00:48:08,76.26974,9.95326,0.0,,51.0,JALDOOT STAR,IMO0758643,VU0975,53,,300,18.0,,33.0,B
419691861,2026-03-31,17:17:21,76.15919,9.88682,0.0,,,GANGA PRIDE,IMO9925583,,52,,35,34.0,,57.0,A
419449108,2026-03-31,18:51:00,78.43861,8.58951,0.0,,95.0,SHAKTI MATA,IMO4079328,,90,,250,30.0,13.2,31.0,A
419402073,2026-03-31,15:54:06,72.796,18.72308,0.0,170.5,257.0,TUG GANGA,IMO1330214,8T0401,38,,22,48.0,,,A
419927724,2026-03-31,10:30:25,74.7023,12.86897,5.2,27.2,158.0,NAVRATNA PRINCE,,AT9747,50,,200,40.0,,80.0,A
419908338,2026-03-31,04:46:50,79.15324,8.92552,10.2,195.6,193.0,CORAL QUEEN,IMO7708665,AT8659,52,,30,,6.8,,B
419007506,2026-03-31,19:05:44,69.94819,23.15566,0.0,203.7,,TRISHUL DEVI,IMO6570738,AT4605,74,2.0,60,8.0,4.1,50.0,B
419892880,2026-03-31,05:59:06,86.82729,15.82719,0.0,,255.0,OSV NAVRATNA,,VT7991,57,,8,20.0,,,A
419449197,2026-03-31,11:17:49,70.4145,16.86239,0.0,194.8,63.0,VARUNA MATA,IMO9634365,VT9416,37,,300,,3.2,70.0,B
419701321,2026-03-31,13:33:03,69.84646,16.6944,0.0,183.8,56.0,SAMRAT QUEEN,IMO0718980,,57,1.0,120,40.0,1.4,37.0,A
419734174,2026-03-31,03:12:13,76.10727,10.15125,0.0,290.3,,RAJHANS II,,AT9156,79,8.0,300,8.0,3.9,37.0,A
419007443,2026-03-31,11:51:13,73.95832,15.6321,0.0,148.7,132.0,OCEAN STAR PRIDE,IMO7781341,AT2448,60,8.0,150,4.0,5.0,30.0,A
419351840,2026-03-31,13:47:06,85.80315,15.29572,4.6,,104.0,PSV OCEAN STAR,IMO1264384,VT9819,37,,35,,2.2,36.0,A
419362593,2026-03-31,04:52:56,69.96879,16.78549,0.0,,311.0,VAYU STAR,IMO3006238,,36,,200,44.0,5.6,70.0,B
419619607,2026-03-31,22:34:46,78.98439,8.75693,0.0,,,YAMUNA II,IMO3562872,AT0409,36,5.0,60,30.0,,,B
419218244,2026-03-31,14:03:35,86.36773,20.51893,0.0,215.2,267.0,SHAKTI EXPRESS,,VU2242,52,8.0,120,8.0,10.3,37.0,A
419287847,2026-03-31,12:38:24,88.12248,21.42202,12.5,152.7,137.0,SAGAR EXPLORER,IMO2532932,AT8345,37,1.0,150,16.0,,80.0,B
419547281,2026-03-31,11:43:57,92.61352,11.03311,0.0,37.3,88.0,SHAKTI GLORY,IMO4948724,8T2615,36,,250,9.0,,80.0,B
419082078,2026-03-31,00:09:25,86.42771,20.31009,0.0,128.3,,PRIYA PRINCE,IMO4791302,8T2990,60,2.0,8,,12.4,70.0,A
419579988,2026-03-31,09:00:57,76.38559,10.01741,0.0,,118.0,TUG VIJAY,IMO0037817,,32,7.0,40,34.0,4.7,,B
419959208,2026-03-31,11:53:23,70.48073,22.85814,2.5,,,VARUNA TRADER,IMO1715903,8T7372,50,,250,,,52.0,B
419343297,2026-03-31,19:41:47,69.97072,16.77916,0.0,291.3,,SEA QUEEN VOYAGER,IMO1947700,VT9103,70,7.0,40,,8.8,57.0,A
419051558,2026-03-31,19:46:50,87.94808,21.54711,0.0,239.9,28.0,AGNI III,IMO8895949,VT9265,30,,80,8.0,9.2,60.0,A
419137400,2026-03-31,03:22:49,86.38195,19.99067,1.9,89.3,,SAMUDRA VOYAGER,,8T1978,36,,12,25.0,,52.0,A
419345948,2026-03-31,21:38:39,74.62018,13.1848,0.0,218.9,2.0,TARA PRINCE,,VU1679,37,2.0,40,12.0,,80.0,A
419059990,2026-03-31,23:51:55,85.54768,14.33427,1.1,39.7,,PSV SEA QUEEN,,8T6537,37,5.0,35,,3.4,60.0,A
419654934,2026-03-31,16:49:44,84.44331,13.81799,0.0,2.6,,RATNA QUEEN,,VT3078,70,1.0,50,6.0,10.0,60.0,A
419912776,2026-03-31,03:35:10,70.13656,18.05386,0.0,111.9,239.0,MEENA TRADER,IMO2597657,,52,7.0,35,34.0,,90.0,B
419614990,2026-03-31,02:25:44,84.7939,15.47776,0.0,,153.0,KONKAN STAR,IMO6538973,VT7666,50,,16,10.0,,36.0,A
419799706,2026-03-31,12:38:23,72.99837,10.55256,0.0,286.4,119.0,OCEAN STAR PRIDE,IMO0192271,ATG623,37,,35,,1.0,,A
419655813,2026-03-31,04:37:48,72.35193,10.84768,0.0,,2.0,JALDOOT STAR,,VU0025,90,3.0,40,,1.2,,A
419331156,2026-03-31,10:44:28,93.12016,11.26391,3.2,122.2,260.0,RATNA EXPLORER,,AT2964,79,,60,4.0,,80.0,A
419216880,2026-03-31,16:58:45,73.29321,18.96428,0.0,121.0,344.0,KONKAN III,,VU3401,31,,12,,,50.0,B
419669625,2026-03-31,07:20:28,79.98193,13.36663,0.0,15.5,,SHAKTI VOYAGER,,8T2300,37,2.0,18,6.0,13.0,52.0,A
419351999,2026-03-31,16:26:39,87.80235,21.32788,0.0,345.0,,OCEAN STAR PRINCE,IMO6764201,VT7310,30,1.0,14,,10.6,,A
419049566,2026-03-31,19:28:22,78.95337,9.12604,0.0,75.8,92.0,NEELAM QUEEN,IMO0253244,8T0769,57,8.0,80,18.0,3.7,,B
419914631,2026-03-31,06:03:02,69.5275,17.81362,4.3,94.2,,SAMUDRA GLORY,IMO1822234,8T4474,37,,35,,,,A
419421572,2026-03-31,22:35:48,72.30601,10.57444,12.9,23.1,296.0,SHAKTI EXPLORER,IMO6123955,VU5913,36,,8,,,36.0,B
419780399,2026-03-31,07:47:10,74.54654,12.93558,0.0,,288.0,RAJHANS PRINCE,IMO2891835,,51,,28,34.0,5.0,30.0,A
419511462,2026-03-31,16:46:12,86.30867,14.50101,0.0,,,VISHAL MARINER,,VT4456,52,7.0,25,40.0,,31.0,A
419338455,2026-03-31,10:20:13,77.92507,8.45198,0.0,,,YAMUNA II,,,38,,22,3.0,,,A
419220241,2026-03-31,18:11:50,80.3737,13.43248,0.8,313.4,280.0,SHAKTI MARINER,,VT9773,32,,28,40.0,,70.0,A
419121355,2026-03-31,06:52:39,72.5161,18.54415,0.0,155.4,,BRAHMAPUTRA PRIDE,,,37,1.0,18,7.0,8.7,90.0,B
419205553,2026-03-31,05:55:28,70.63706,23.31047,0.0,316.4,0.0,KONKAN,,VU6072,60,,100,,,70.0,B
419866898,2026-03-31,00:31:45,70.37841,22.89992,0.0,190.8,,YAMUNA PRIDE,,VT6370,30,,80,,12.2,,A
419029407,2026-03-31,20:45:27,88.47777,21.38143,0.0,17.0,,GANGA PIONEER,IMO2487840,AT7140,79,,100,25.0,8.2,90.0,A
419992291,2026-03-31,23:30:46,73.79939,15.52913,11.3,199.6,7.0,RATNA EXPRESS,,8T4791,37,5.0,30,,,60.0,B
419677416,2026-03-31,12:14:16,75.00058,12.86676,13.2,,,PEARL II,IMO1168595,VU4171,31,8.0,28,30.0,,,A
419251011,2026-03-31,00:59:08,74.01075,15.70435,0.0,282.5,34.0,INDRA I,IMO7474815,8T6194,30,2.0,100,3.0,1.8,,A
419470807,2026-03-31,01:34:22,86.75063,20.27294,0.0,263.5,147.0,VIJAY I,IMO6915466,VU0729,36,,22,,7.5,30.0,A
419334453,2026-03-31,21:11:46,80.61151,12.98792,0.0,,164.0,INDRA MARINER,,VU7836,65,,120,10.0,,,B
419904475,2026-03-31,02:59:00,78.22979,8.98741,0.0,301.1,,KAMAL STAR,,VT2978,69,0.0,80,34.0,4.4,50.0,B
419222212,2026-03-31,18:42:53,86.31462,20.22911,0.0,,,PRIYA EXPRESS,,,32,,40,3.0,,71.0,B
419994822,2026-03-31,07:48:49,92.31175,11.22986,0.0,,202.0,SAGAR MATA,IMO8632133,AT2145,50,,25,25.0,,99.0,B
419997442,2026-03-31,06:22:31,88.43824,21.69065,0.0,176.9,,SHAKTI TRADER,IMO2006083,,38,,50,18.0,,70.0,B
419157333,2026-03-31,12:06:07,85.49645,15.00462,0.0,66.3,,GODAVARI PRIDE,IMO4761927,8T1207,36,,16,10.0,,50.0,A
419275617,2026-03-31,08:56:11,68.6631,16.83984,0.0,22.9,326.0,VARUNA DEVI,,,52,8.0,28,12.0,,60.0,A
419716778,2026-03-31,18:45:34,72.44884,18.37178,0.0,78.9,,KRISHNA III,IMO7155039,VT3803,30,7.0,14,9.0,3.8,80.0,A
419488819,2026-03-31,19:42:05,83.52821,17.59198,0.0,49.7,298.0,OCEAN STAR STAR,IMO3986391,ATG204,60,,120,,,60.0,A
419919486,2026-03-31,17:27:52,73.08822,19.12884,17.1,,,MALABAR II,,VU7255,50,,14,,7.6,60.0,A
419022727,2026-03-31,13:33:22,73.95556,15.56235,0.0,,358.0,CORAL EXPRESS,IMO6775972,ATG198,36,5.0,35,,4.8,80.0,B
419409683,2026-03-31,09:27:01,92.62398,11.64076,11.3,33.8,,SHIVA DEVI,IMO6053908,VT0007,51,,14,,3.0,57.0,A
419987032,2026-03-31,06:46:15,75.95307,10.08988,0.0,,,MALABAR MARINER,IMO7278792,ATG717,70,5.0,40,34.0,,37.0,A
419613769,2026-03-31,19:21:54,69.62751,16.07321,0.0,114.1,,SHIVA,IMO2812126,8T1567,40,1.0,40,7.0,,31.0,A
419562844,2026-03-31,08:22:02,83.28289,17.44663,0.0,,85.0,PSV RATNA,,VT8281,52,2.0,180,18.0,,57.0,A
419317294,2026-03-31,01:49:40,88.54357,21.37284,0.0,,349.0,KRISHNA III,IMO6799184,VT9208,60,,50,16.0,7.4,70.0,A
419684593,2026-03-31,09:10:53,72.30641,19.40489,0.0,197.5,,BRAHMAPUTRA DEVI,IMO5022593,VT2272,32,7.0,28,,,,B
419958254,2026-03-31,15:34:51,83.04018,17.65225,6.8,187.2,227.0,LAKSHMI EXPLORER,,ATG940,31,,10,25.0,10.0,80.0,A
419480361,2026-03-31,10:24:08,87.99297,21.81563,0.0,,313.0,GODAVARI MATA,,AT9228,37,,300,18.0,,,A
419174863,2026-03-31,15:07:43,88.33821,21.94049,0.0,141.0,,BRAHMAPUTRA III,IMO9317261,VT8456,57,,12,10.0,8.4,90.0,A
419088997,2026-03-31,13:06:47,84.96009,15.01691,16.0,,41.0,OCEAN STAR EXPLORER,,,37,,100,34.0,,,A
419778545,2026-03-31,16:47:53,76.30904,9.93621,0.0,187.5,,KAVERI MARINER,IMO5643275,VT5652,40,,12,48.0,12.8,52.0,B
419981805,2026-03-31,04:34:46,80.01958,13.34622,0.0,91.7,52.0,MONSOON I,,AT9323,57,,300,34.0,,36.0,A
419493254,2026-03-31,18:36:46,75.99875,9.99678,0.0,,201.0,OCEAN STAR GLORY,IMO1090028,VT0032,37,8.0,12,25.0,,,A
419991627,2026-03-31,17:42:15,72.31817,10.77655,0.0,336.1,,SAMRAT III,,VU7592,32,,150,,,52.0,A
419933801,2026-03-31,01:45:50,72.74572,10.87953,2.1,,157.0,JALDOOT EXPLORER,,,40,7.0,120,8.0,2.7,,A
419497621,2026-03-31,17:50:28,76.40382,10.03305,0.0,162.9,54.0,CORAL MATA,IMO8239732,ATG028,40,,50,,5.6,,A
419219914,2026-03-31,21:33:25,92.48589,11.41762,0.0,207.6,3.0,SAMRAT DEVI,,8T4459,50,,30,,1.9,,B
419870713,2026-03-31,23:07:32,80.65395,13.37813,0.0,289.5,146.0,PRIYA II,,,37,5.0,30,12.0,9.5,,B
419622290,2026-03-31,23:25:25,76.38384,9.80977,0.0,,254.0,MONSOON I,IMO0648723,8T3895,53,1.0,35,48.0,4.8,30.0,A
419076273,2026-03-31,06:11:35,77.94457,8.57797,0.0,77.7,,INDRA VOYAGER,,VU4837,57,,250,,3.9,,A
419467503,2026-03-31,19:18:18,72.64207,19.07268,0.0,194.9,31.0,AGNI,,VU0509,37,,150,,4.0,71.0,A
419008768,2026-03-31,10:37:17,92.49283,11.47075,0.0,58.6,237.0,KONKAN PRIDE,IMO4429277,VT9325,38,,60,12.0,2.7,99.0,A
419609523,2026-03-31,18:32:22,72.68727,11.28042,0.0,65.4,358.0,SHAKTI EXPRESS,,AT9386,37,3.0,22,,5.2,,A
419477630,2026-03-31,15:49:01,76.20557,9.97179,8.2,356.8,,RAJHANS II,,8T9730,65,,100,,,,A
419298368,2026-03-31,17:01:11,80.26799,13.19925,0.4,,,SAGAR DEVI,IMO9818869,VT1588,37,,80,,6.5,,A
419268315,2026-03-31,14:46:49,73.56167,15.67391,0.0,,49.0,OCEAN STAR,,VU6821,57,,28,25.0,,71.0,B
419107325,2026-03-31,16:26:40,77.92226,8.94907,0.0,290.4,153.0,MEENA VOYAGER,,VU1721,40,,25,18.0,,,B
419019878,2026-03-31,07:37:05,78.03055,8.85955,0.0,39.3,48.0,SAMRAT DEVI,,VU5054,36,0.0,50,,,,A
419943681,2026-03-31,06:53:52,70.60464,23.37768,0.0,199.0,,SHAKTI TRADER,IMO5845840,VU7760,57,2.0,10,,11.9,33.0,A
419444519,2026-03-31,01:23:32,80.41254,13.09103,0.0,,98.0,KAVERI DEVI,,8T4257,36,,18,9.0,4.0,37.0,B
419248689,2026-03-31,18:33:26,79.34922,9.09042,0.0,58.1,113.0,SHAKTI GLORY,,8T0338,33,5.0,14,,12.1,,B
419522212,2026-03-31,01:38:36,73.01067,18.71647,0.0,,24.0,YAMUNA MARINER,,VU5002,52,1.0,50,9.0,6.0,37.0,A
419658694,2026-03-31,22:26:23,70.24201,23.077,0.0,302.2,158.0,ANAND EXPLORER,IMO3759428,8T8861,37,,40,9.0,,90.0,A
419154168,2026-03-31,06:16:15,76.17378,10.12619,0.0,240.0,,PSV KONKAN,IMO7651267,AT9075,36,3.0,20,32.0,12.7,99.0,A
419495651,2026-03-31,12:11:04,92.94594,11.18423,0.0,,249.0,MONSOON PIONEER,IMO6124983,AT4146,37,,40,,,33.0,A
419914937,2026-03-31,07:45:44,72.72627,11.01134,0.0,30.2,359.0,SAMUDRA TRADER,IMO7868732,,52,1.0,14,18.0,4.1,,A
419971870,2026-03-31,04:08:49,78.18366,8.88205,0.0,126.2,295.0,RAJHANS MARINER,IMO9851174,VT4227,60,5.0,35,,,,B
419937081,2026-03-31,01:48:02,72.74679,10.77653,0.0,,18.0,VISHAL TRADER,,VT2854,52,,200,,,,A
419810866,2026-03-31,16:06:20,79.30559,8.86113,0.0,297.1,,CORAL TRADER,,VU3598,37,,100,30.0,8.8,,A
419841212,2026-03-31,08:39:36,76.1101,9.87775,0.0,272.5,200.0,PEARL TRADER,IMO3611388,AT7162,32,,80,,,,B
419646146,2026-03-31,20:52:29,88.53718,21.61157,0.0,145.7,,MONSOON GLORY,IMO7895324,AT3930,38,,12,44.0,3.6,30.0,B
419615742,2026-03-31,06:53:28,79.16965,9.02104,0.0,162.7,281.0,VIJAY MARINER,IMO1204654,AT6636,38,3.0,300,34.0,,,A
419230421,2026-03-31,02:03:45,75.0331,12.95668,0.0,325.3,275.0,SHIVA I,IMO1233579,VU7759,79,0.0,180,6.0,9.5,,A
419337045,2026-03-31,17:16:07,70.48618,17.64041,0.0,,,NEELAM STAR,IMO3696493,VU6831,30,3.0,300,,3.7,,A
419736140,2026-03-31,10:20:05,83.33466,17.63124,15.9,31.4,163.0,LAKSHMI EXPLORER,IMO9942922,VT9789,38,,100,40.0,9.1,90.0,B
419981072,2026-03-31,08:21:43,73.84234,15.62848,15.9,108.0,265.0,KRISHNA TRADER,,8T3444,30,2.0,80,12.0,8.5,90.0,A
419847702,2026-03-31,07:49:59,86.74812,20.30482,0.0,,,RAJHANS GLORY,IMO2341024,,30,0.0,250,18.0,1.7,33.0,B
419441877,2026-03-31,15:43:32,79.26659,9.2526,1.6,333.4,,GANGA MARINER,,AT8101,40,5.0,8,,,71.0,A
419651176,2026-03-31,20:17:57,73.98766,15.65343,0.0,,263.0,MONSOON,IMO4690508,8T5170,30,5.0,10,12.0,,99.0,B
419752632,2026-03-31,06:01:19,69.26297,17.06663,0.0,244.3,333.0,MEENA PRINCE,IMO7002335,VU5062,32,,12,16.0,,,B
419328604,2026-03-31,03:29:08,78.05502,8.63696,0.0,210.5,,MALABAR VOYAGER,IMO4643330,VT3058,50,1.0,35,,4.0,99.0,B
419258099,2026-03-31,10:02:54,88.27378,21.97208,0.0,159.5,109.0,YAMUNA MATA,,AT5685,60,,16,2.0,1.2,80.0,B
419927951,2026-03-31,07:43:53,79.34582,9.27336,0.0,196.6,304.0,SAGAR III,IMO0798340,,37,,250,48.0,,,A
419173499,2026-03-31,15:40:15,74.66564,12.6572,0.0,,164.0,NAVRATNA EXPLORER,,VU4000,37,2.0,20,,,60.0,A
419022874,2026-03-31,00:27:55,85.47308,15.09156,17.7,353.7,,JALDOOT I,IMO2642149,,71,,28,4.0,,,B
419792796,2026-03-31,22:17:12,72.88094,11.1506,0.0,2.1,,VIJAY,IMO5330434,8T1598,60,,300,18.0,4.7,71.0,A
419140290,2026-03-31,08:16:32,84.31881,13.65196,0.0,79.9,,SAMRAT GLORY,IMO6216348,AT3053,30,,200,,12.2,60.0,A
419828881,2026-03-31,14:21:01,70.35294,23.44754,0.0,246.2,14.0,SHIVA III,,AT4284,57,,50,,,99.0,A
419032383,2026-03-31,05:38:24,72.44975,10.88516,0.0,171.6,14.0,OCEAN STAR QUEEN,,VT2331,37,0.0,100,16.0,,99.0,A
419438827,2026-03-31,08:12:27,83.06326,17.91933,0.0,236.3,46.0,SURYA PRINCE,IMO2406214,VT3354,80,,22,30.0,11.8,,A
419348141,2026-03-31,23:32:32,78.24849,9.03683,0.0,,289.0,KAVERI PRIDE,,,55,,200,10.0,,,B
419457456,2026-03-31,12:42:20,79.35217,9.0489,0.0,6.4,,NEELAM PRIDE,,AT3712,37,1.0,22,3.0,9.1,50.0,A
419428632,2026-03-31,08:43:41,72.68077,18.56254,5.8,101.3,,GODAVARI STAR,,,37,3.0,18,32.0,,70.0,B
419349647,2026-03-31,21:49:28,85.86268,14.59153,0.0,312.3,,MONSOON STAR,IMO7188926,VT1361,36,,40,25.0,10.9,80.0,B
419594144,2026-03-31,17:42:51,83.46443,17.44264,0.0,350.6,,TRISHUL STAR,IMO2439606,VT7982,80,,200,34.0,,90.0,A
419639211,2026-03-31,18:20:09,86.26152,15.16237,0.0,,293.0,AGNI I,,8T7344,37,8.0,8,3.0,,,B
419293616,2026-03-31,14:59:06,79.32138,9.24463,0.0,196.0,,NEELAM PRIDE,IMO7763966,AT2736,40,0.0,60,16.0,,37.0,A
419838901,2026-03-31,02:24:54,80.53507,13.43286,0.0,,,RAJHANS MATA,IMO8618256,ATG640,90,2.0,8,,8.0,,A
419661651,2026-03-31,17:13:13,92.61948,11.43128,0.0,305.7,,KAMAL PRINCE,,VU8409,36,,18,,2.0,37.0,A
419774273,2026-03-31,11:28:21,86.96583,20.61853,12.2,,164.0,INDRA PRIDE,,AT2967,32,,80,5.0,11.5,52.0,A
419731001,2026-03-31,16:18:27,86.56817,20.27891,0.0,64.4,,INDRA PRINCE,IMO2355220,VT2456,52,,14,,12.2,,A
419941139,2026-03-31,14:39:45,76.09761,9.85889,5.6,279.4,,GODAVARI,IMO2628975,ATG203,37,1.0,20,2.0,,60.0,A
419899470,2026-03-31,21:50:05,87.76707,21.85064,0.0,198.7,241.0,SHIVA III,IMO3646890,ATG887,36,,8,8.0,,,B
419053875,2026-03-31,02:45:42,93.09857,11.60848,0.0,,295.0,VIJAY DEVI,,VT0414,80,3.0,300,,,37.0,A
419042320,2026-03-31,01:13:18,70.5491,17.5896,0.0,196.6,355.0,KAMAL II,IMO4211474,AT7325,36,,25,5.0,6.2,,A
419432197,2026-03-31,20:50:29,85.42111,14.25807,12.5,356.5,24.0,SAGAR I,IMO6841727,VT6975,52,5.0,18,18.0,,,A
419508922,2026-03-31,22:19:50,82.97133,17.33586,0.0,74.5,,OSV DURGA,,,57,,20,3.0,7.3,37.0,A
419951972,2026-03-31,19:33:01,92.56037,11.39979,0.0,,,KAVERI MARINER,IMO7656128,ATG955,32,,14,3.0,8.5,31.0,A
419566785,2026-03-31,22:19:56,80.11454,12.78364,0.0,218.7,,YAMUNA VOYAGER,IMO4796554,VT8554,30,,30,44.0,,,A
419690439,2026-03-31,19:58:33,83.61808,17.72247,0.0,,,PRIYA EXPLORER,IMO0959405,VU1989,60,,8,30.0,,,A
419302933,2026-03-31,07:23:06,85.39481,15.89258,0.0,203.1,180.0,PRIYA GLORY,IMO1325332,8T8840,37,,50,7.0,3.2,,A
419544485,2026-03-31,00:33:36,73.69458,15.3292,0.0,140.0,1.0,RAJHANS DEVI,,AT1460,36,,80,7.0,,,A
419440121,2026-03-31,16:12:01,86.97399,20.61828,0.0,,102.0,SAGAR II,,,36,3.0,18,,7.7,57.0,A
419469836,2026-03-31,08:48:49,74.47087,13.19918,0.0,,97.0,SEA QUEEN,IMO7014618,VT2739,50,2.0,40,25.0,3.9,,A
419250882,2026-03-31,08:39:22,73.56902,15.30888,7.4,306.5,343.0,PRIYA EXPRESS,IMO4929213,AT0618,60,,200,12.0,,,A
419505695,2026-03-31,19:04:21,73.9636,15.20008,0.0,,,BRAHMAPUTRA I,,VU1974,52,,28,12.0,2.8,,A
419562616,2026-03-31,01:59:43,74.46598,12.77814,12.9,57.7,,PSV YAMUNA,,ATG837,89,5.0,40,,,90.0,A
419427841,2026-03-31,06:24:50,79.28426,9.10027,0.0,48.1,74.0,RAJHANS GLORY,,AT8194,31,0.0,120,5.0,6.7,,A
419086732,2026-03-31,11:46:57,72.60265,11.24942,0.0,,141.0,PEARL PRINCE,IMO8651205,AT2807,80,,28,,1.1,70.0,A
419023362,2026-03-31,17:53:52,86.30484,14.70008,0.0,75.0,303.0,KAVERI VOYAGER,,VT2904,37,7.0,150,20.0,,50.0,A
419500451,2026-03-31,00:47:53,93.01694,11.77116,0.0,208.3,328.0,DURGA II,,8T3225,50,,14,5.0,10.4,,A
419892814,2026-03-31,22:22:31,83.12989,17.61508,0.0,297.5,,SAMUDRA PRINCE,IMO1153833,ATG449,79,3.0,300,12.0,,,B
419845661,2026-03-31,03:57:57,72.51916,11.24677,11.6,331.1,196.0,SHIVA PRIDE,,VT7829,30,,28,48.0,1.2,,A
419797273,2026-03-31,00:27:22,70.31421,23.08741,0.0,142.3,78.0,PEARL VOYAGER,IMO8843868,AT3806,36,,28,16.0,,,B
419381567,2026-03-31,21:02:54,85.92954,16.46975,0.0,334.6,332.0,ANAND DEVI,IMO6391694,ATG397,90,8.0,250,18.0,12.3,99.0,B
419175340,2026-03-31,21:09:05,80.35941,13.48841,11.5,,58.0,YAMUNA MARINER,IMO0602109,,37,,18,20.0,8.8,57.0,B
419833226,2026-03-31,07:34:19,85.69347,14.09835,0.0,109.6,,SAGAR PRIDE,IMO9726715,8T1470,55,1.0,120,,,,A
419164607,2026-03-31,03:54:51,78.23394,8.45069,0.0,328.8,102.0,DURGA EXPLORER,IMO5922220,,36,,35,,9.1,31.0,A
419018034,2026-03-31,05:14:24,73.13019,18.80428,0.0,24.4,,OM,IMO8179621,,37,8.0,16,9.0,5.9,,A
419599801,2026-03-31,14:47:43,93.07965,11.42956,0.0,151.8,83.0,SAGAR EXPLORER,IMO0213050,ATG399,80,5.0,20,12.0,1.9,,B
419247407,2026-03-31,20:37:21,92.34916,11.363,0.0,241.4,188.0,SEA QUEEN EXPLORER,,VU9295,60,0.0,250,40.0,5.8,36.0,A
419658087,2026-03-31,05:27:45,77.87034,8.73559,0.0,262.5,268.0,GANGA TRADER,,ATG729,74,,22,2.0,10.7,60.0,A
419527311,2026-03-31,20:01:11,80.59519,13.01486,0.0,66.9,261.0,TUG KAMAL,,,37,,150,44.0,3.3,70.0,A
419440661,2026-03-31,12:34:58,86.38957,20.07374,0.9,297.6,,JALDOOT QUEEN,,8T1432,37,,300,30.0,,90.0,B
419208086,2026-03-31,04:08:44,79.20799,8.97113,0.0,71.9,,SAMUDRA STAR,IMO5703659,8T2570,37,,80,,3.0,,B
419981172,2026-03-31,03:07:41,87.79096,21.38232,0.0,137.8,353.0,TUG VARUNA,,ATG210,60,,120,,,70.0,A
419193841,2026-03-31,11:59:51,78.95423,8.84875,0.0,82.7,118.0,NAVRATNA MATA,IMO2877130,VU8768,50,,8,,,57.0,A
419277097,2026-03-31,19:17:31,72.39669,10.61934,0.0,67.7,,VIJAY TRADER,,AT1954,36,,250,9.0,4.2,80.0,B
419551088,2026-03-31,22:04:31,73.71624,15.63939,17.9,98.4,41.0,SEA QUEEN PRIDE,,VT8725,60,5.0,80,30.0,,60.0,B
419683532,2026-03-31,10:01:33,83.52494,17.36375,0.0,285.4,311.0,VARUNA PRIDE,IMO3168151,8T1907,69,,25,14.0,9.6,,A
419066190,2026-03-31,04:10:20,83.26408,17.51734,0.0,59.0,,AGNI PRINCE,,AT7390,60,,20,14.0,8.1,80.0,A
419595133,2026-03-31,08:14:38,70.10847,23.21556,0.0,70.7,141.0,MONSOON DEVI,IMO3777204,8T7188,36,,16,,,52.0,A
419553928,2026-03-31,09:29:46,72.56961,18.59381,7.8,107.9,,KAMAL MARINER,,8T3693,37,,120,2.0,,57.0,A
419983020,2026-03-31,01:03:44,79.27627,9.27978,0.0,239.5,341.0,TRISHUL II,IMO3640695,VT5184,53,0.0,80,30.0,,,A
419974163,2026-03-31,06:38:46,73.66278,15.46583,0.0,295.7,,TUG NEELAM,,VT7921,70,,18,34.0,,50.0,A
419719058,2026-03-31,03:11:15,74.82511,13.199,0.0,254.9,,VIJAY GLORY,,AT4346,36,5.0,16,44.0,6.0,,A
419330030,2026-03-31,09:55:06,80.22402,13.00492,0.0,102.4,187.0,TUG INDRA,IMO1940011,,52,7.0,80,32.0,,31.0,A
419663707,2026-03-31,01:21:18,87.93856,21.81375,0.0,275.5,188.0,GODAVARI PIONEER,IMO6222847,ATG600,36,,150,2.0,12.4,33.0,B
419358151,2026-03-31,10:49:58,70.07084,23.28623,0.0,20.4,,LAKSHMI TRADER,,AT9569,60,,35,16.0,12.0,36.0,A
419152290,2026-03-31,10:41:41,72.28075,18.45741,0.0,61.4,55.0,PSV NEELAM,,8T2419,57,,60,,6.9,,B
419230735,2026-03-31,17:57:01,70.43551,22.71194,9.0,91.4,303.0,KONKAN QUEEN,,VU5599,53,7.0,25,,,37.0,B
419243088,2026-03-31,10:42:37,86.32281,20.23307,0.0,334.2,78.0,SAMRAT EXPLORER,IMO3757901,AT0880,60,8.0,30,32.0,4.4,,A
419965370,2026-03-31,09:15:23,83.55927,17.88039,0.0,340.9,,KAMAL EXPRESS,,VU7554,30,,14,10.0,12.5,36.0,A
419936834,2026-03-31,01:17:33,73.4673,15.21157,0.0,,323.0,KRISHNA PRINCE,,ATG349,30,1.0,10,,,,A
419455436,2026-03-31,06:46:41,79.26033,8.81577,0.0,26.6,,SAGAR PRINCE,IMO7380077,8T9819,40,8.0,60,2.0,6.2,52.0,B
419433165,2026-03-31,01:10:57,86.92918,20.09966,0.0,,,MEENA PIONEER,,VU4698,31,,80,9.0,,99.0,B
419258015,2026-03-31,08:27:11,87.97506,21.49497,0.0,12.7,115.0,SEA QUEEN STAR,,ATG017,30,3.0,30,16.0,1.6,60.0,B
419614266,2026-03-31,05:02:40,76.19669,9.78596,0.0,297.7,357.0,OSV VISHAL,IMO6491359,8T9564,30,2.0,80,,2.1,,A
419537256,2026-03-31,12:31:37,78.148,8.98657,0.0,305.2,311.0,GANGA,,VT2776,30,0.0,40,6.0,,57.0,A
419411284,2026-03-31,18:15:02,76.48369,9.70608,3.2,,323.0,MEENA MARINER,IMO7891367,,90,,100,,,,B
419126382,2026-03-31,16:26:08,69.41943,16.42562,0.0,1.1,108.0,OM I,,VU4298,30,,80,3.0,,37.0,A
419634647,2026-03-31,09:22:30,86.69736,20.54593,0.0,,190.0,KAMAL II,,AT8812,32,3.0,120,32.0,,33.0,A
419511395,2026-03-31,06:00:33,73.79523,15.58205,0.0,161.8,240.0,TUG YAMUNA,IMO4707308,,52,1.0,22,25.0,,71.0,A
419173301,2026-03-31,14:47:57,78.35461,9.04051,0.0,161.5,,MALABAR VOYAGER,IMO1728642,,30,3.0,14,,4.8,99.0,A
419294531,2026-03-31,20:32:35,79.96507,13.34468,0.0,316.3,338.0,GANGA MATA,,VT9420,37,,40,5.0,,70.0,B
419965913,2026-03-31,03:39:59,69.72204,23.38452,15.2,186.9,,AGNI PRIDE,IMO1656709,ATG678,52,,50,34.0,,99.0,B
419579401,2026-03-31,12:16:33,86.0986,14.36535,0.0,,285.0,TARA II,,ATG873,31,5.0,10,,2.5,,B
419571695,2026-03-31,10:34:26,73.43529,18.58042,0.0,347.0,286.0,RAJHANS PIONEER,IMO3957001,AT5122,52,,10,7.0,,60.0,A
419038147,2026-03-31,14:17:20,84.00785,13.65401,0.0,265.4,,SAMRAT PIONEER,,VT0985,32,3.0,60,6.0,,52.0,A
419490597,2026-03-31,07:47:15,84.97095,14.22152,0.0,,,KAMAL PRINCE,,VU9481,80,,10,,9.6,70.0,B
419919163,2026-03-31,16:27:22,93.22722,11.62763,0.6,52.6,,YAMUNA GLORY,IMO7087701,VU4244,40,3.0,16,44.0,11.1,,B
419400925,2026-03-31,09:35:39,73.80354,15.16437,0.0,339.8,142.0,NAVRATNA PRINCE,IMO5450827,8T8685,71,,80,10.0,,,A
419822328,2026-03-31,14:30:44,86.44999,14.2619,0.1,100.3,,VARUNA STAR,,8T8406,53,,16,10.0,2.0,,A
419418116,2026-03-31,01:55:17,79.98098,12.84288,10.5,,83.0,MATSYA DEVI,,,33,0.0,12,12.0,,37.0,A
419954056,2026-03-31,19:20:12,93.23921,11.34247,0.0,254.8,,INDRA DEVI,IMO1889706,AT4620,57,3.0,28,16.0,8.2,,A
419421421,2026-03-31,03:36:50,76.23498,9.92813,0.0,347.5,,TUG KAVERI,IMO3942713,VU4706,60,,150,6.0,,,A
419640048,2026-03-31,20:48:12,77.92032,8.54782,0.0,,355.0,YAMUNA DEVI,,VT2063,37,3.0,80,16.0,8.7,37.0,A
419675646,2026-03-31,15:22:02,83.20294,17.61741,0.0,79.1,52.0,MATSYA,,VU2164,50,7.0,16,,,31.0,A
419004983,2026-03-31,11:28:58,84.15834,13.62871,0.0,,98.0,RAJHANS I,,8T3765,30,,150,3.0,,90.0,A
419807509,2026-03-31,12:05:03,72.504,19.46992,0.0,,140.0,KRISHNA QUEEN,IMO2085950,VT2155,52,,180,16.0,3.2,,A
419665536,2026-03-31,01:40:38,70.34589,22.58626,0.0,46.7,127.0,PEARL II,IMO4917921,AT1481,37,1.0,28,20.0,12.9,31.0,B
419021538,2026-03-31,09:22:21,78.06751,8.9689,11.3,333.6,,SURYA QUEEN,,ATG662,32,,20,,2.0,,A
419060146,2026-03-31,04:06:31,92.96238,11.01122,0.0,92.8,,OM MARINER,IMO3353336,AT1751,37,,8,25.0,,,A
419838686,2026-03-31,03:12:43,73.85788,15.68509,13.8,,2.0,SEA QUEEN I,IMO2948563,ATG731,35,,40,7.0,6.0,70.0,A
419701121,2026-03-31,10:27:42,73.81474,15.57639,0.0,322.3,132.0,PRIYA MATA,,ATG596,37,0.0,18,34.0,4.5,30.0,B
419133578,2026-03-31,05:46:10,87.87421,21.67111,0.0,334.6,,YAMUNA EXPRESS,IMO3960626,VU3919,37,2.0,80,32.0,6.9,,A
419031868,2026-03-31,14:02:13,78.20846,8.55978,0.0,333.3,323.0,VARUNA MATA,IMO2771959,,52,,150,10.0,10.0,,B
419291188,2026-03-31,10:19:00,79.36405,8.72602,14.4,280.5,,CORAL III,IMO2588284,VU7180,31,5.0,180,,,70.0,A
419217447,2026-03-31,13:37:30,86.23103,15.75143,0.0,306.7,240.0,KAVERI GLORY,IMO2506821,VU0358,37,,180,48.0,,50.0,A
419245240,2026-03-31,13:19:35,77.95425,8.78984,0.0,,,GODAVARI PIONEER,,VU9770,51,2.0,150,34.0,8.0,,A
419205487,2026-03-31,06:28:23,79.2467,9.221,3.3,161.2,,TRISHUL PRINCE,,,52,1.0,180,,,90.0,A
419951662,2026-03-31,02:34:09,70.40592,17.57218,0.0,286.4,105.0,OSV GANGA,,8T6026,60,,14,25.0,,30.0,A
419886585,2026-03-31,06:38:39,73.73145,15.45854,13.2,56.5,213.0,LAKSHMI PIONEER,IMO8287035,,36,1.0,25,40.0,,30.0,A
419644071,2026-03-31,23:18:23,73.92989,15.34221,0.0,,,GANGA STAR,IMO8201581,,33,,200,9.0,3.4,52.0,A
419152234,2026-03-31,11:55:15,72.85173,10.54382,0.0,,,CORAL EXPLORER,IMO0806060,VT6405,65,1.0,22,7.0,,80.0,A
419407904,2026-03-31,07:21:35,71.16393,18.47793,0.0,81.0,,MALABAR QUEEN,,VT1341,37,,14,6.0,7.9,99.0,B
419352738,2026-03-31,07:27:04,79.47027,9.13566,0.0,146.8,,PEARL MATA,IMO4709319,8T9659,99,1.0,200,9.0,4.2,,B
419493078,2026-03-31,11:14:53,76.20133,10.16454,0.0,264.6,119.0,KRISHNA EXPLORER,IMO0286011,ATG691,60,0.0,120,44.0,,57.0,A
419104708,2026-03-31,23:50:05,88.37991,21.42173,0.0,,68.0,SURYA VOYAGER,,VT9452,37,8.0,100,,1.9,31.0,A
419200088,2026-03-31,19:44:22,72.93503,11.0222,0.0,268.0,122.0,DURGA PIONEER,,8T3149,37,3.0,120,34.0,,36.0,A
419199037,2026-03-31,17:10:16,79.90748,12.77072,0.0,248.5,,NEELAM PRINCE,,VT5149,37,5.0,8,30.0,,57.0,B
419798811,2026-03-31,19:06:24,86.26967,13.93335,0.0,,349.0,KONKAN VOYAGER,IMO7042537,ATG967,52,3.0,35,10.0,,,A
419873723,2026-03-31,20:01:08,73.42099,18.89687,2.1,64.7,197.0,NEELAM TRADER,,VT4268,57,,28,12.0,,,A
419889589,2026-03-31,22:09:10,72.31644,10.69137,0.0,67.9,142.0,YAMUNA MARINER,IMO8564504,VU4044,31,1.0,20,4.0,,,A
419170003,2026-03-31,07:58:17,80.68117,12.7127,0.0,287.1,20.0,KONKAN MATA,,AT6902,70,,14,48.0,,30.0,A
419420753,2026-03-31,00:38:56,86.07745,15.18443,0.0,,,NEELAM TRADER,IMO8601500,8T5491,71,,35,4.0,,,A
419719526,2026-03-31,03:22:35,83.22627,17.71058,12.0,,242.0,TRISHUL TRADER,IMO5471332,8T1963,30,5.0,12,9.0,,,A
419569153,2026-03-31,23:25:44,92.38748,12.03593,0.0,336.7,194.0,TRISHUL EXPLORER,,VT6195,36,,40,4.0,3.5,80.0,A
419366145,2026-03-31,00:37:51,92.77372,11.66411,0.0,,,VISHAL VOYAGER,,ATG189,35,1.0,12,,3.0,,B
419338730,2026-03-31,01:38:33,92.38189,11.0467,2.9,,,VIJAY PIONEER,,AT1089,36,5.0,10,30.0,,,A
419764941,2026-03-31,07:02:19,86.80382,16.32254,0.0,263.4,,OCEAN STAR TRADER,IMO2851413,VU2558,37,,22,,12.6,50.0,A
419111372,2026-03-31,07:31:24,92.60452,12.04209,0.0,184.1,,VISHAL STAR,,,53,1.0,8,40.0,9.3,57.0,A
419330913,2026-03-31,18:47:48,79.27816,9.06283,10.9,295.8,,JALDOOT PRIDE,IMO8181433,8T6283,60,7.0,120,2.0,,57.0,B
419680768,2026-03-31,18:01:12,86.4986,20.07487,0.0,334.0,294.0,MATSYA MATA,,8T2702,90,,80,16.0,,,A
419898014,2026-03-31,16:52:49,78.31528,8.79594,14.7,68.5,55.0,DURGA EXPLORER,,VT4034,51,,30,10.0,,99.0,A
419633457,2026-03-31,02:07:09,83.58716,17.35629,6.5,146.8,149.0,MATSYA I,IMO9571070,VT4022,37,,30,40.0,5.7,,A
419295094,2026-03-31,10:30:40,74.89099,12.61115,0.0,192.1,347.0,SHIVA MARINER,,ATG682,57,,50,44.0,1.1,60.0,B
419303659,2026-03-31,01:16:32,80.25007,12.91998,0.0,,,BRAHMAPUTRA,,VU3343,37,,80,,7.1,,A
419885340,2026-03-31,05:17:20,78.25711,8.52453,0.0,348.1,,SHAKTI MATA,IMO5778846,,36,0.0,28,6.0,9.7,52.0,B
419272634,2026-03-31,01:40:56,69.79187,23.00933,10.2,260.2,,TARA PIONEER,IMO1319482,8T2763,52,5.0,180,10.0,,,B
419683547,2026-03-31,08:24:23,79.17651,8.87133,5.6,66.6,,SEA QUEEN,,,51,3.0,100,5.0,10.1,,A
419373997,2026-03-31,16:27:35,87.96688,21.95172,0.0,330.1,211.0,RATNA PIONEER,IMO0632877,AT4840,37,0.0,12,,,57.0,B
419857601,2026-03-31,20:48:04,80.42761,13.03419,7.0,,,KAVERI EXPLORER,IMO0798909,8T9207,37,,22,9.0,12.0,90.0,A
419408319,2026-03-31,12:10:17,72.97348,10.61992,6.8,,164.0,VISHAL STAR,IMO5054678,AT8805,70,,80,12.0,,,A
419437142,2026-03-31,10:21:00,73.75825,15.45198,0.0,327.6,,VARUNA I,IMO9696573,AT3751,51,,8,30.0,11.3,,A
419560222,2026-03-31,09:47:48,82.98501,17.32837,0.0,,97.0,PSV NAVRATNA,,ATG429,70,3.0,35,14.0,,,A
419082244,2026-03-31,21:34:16,70.0835,22.53952,0.0,,28.0,LAKSHMI EXPLORER,,,50,,14,32.0,3.1,,A
419950102,2026-03-31,08:54:34,73.54484,15.67684,0.0,78.2,349.0,DURGA III,,VU5022,52,,180,4.0,,31.0,B
419532105,2026-03-31,22:14:03,83.64998,17.81322,0.0,,,OCEAN STAR MARINER,IMO1997981,VU0191,60,1.0,20,,,,A
419048820,2026-03-31,14:47:51,75.02139,12.80876,0.0,226.7,,KONKAN STAR,IMO9397252,,52,7.0,50,25.0,,,A
419279440,2026-03-31,03:31:43,74.79591,12.80889,0.0,89.3,,VIJAY PRINCE,,8T8786,50,1.0,10,,,37.0,A
419261668,2026-03-31,23:54:19,74.51017,13.0116,0.0,,134.0,TUG VARUNA,,8T8278,51,1.0,80,3.0,10.3,90.0,A
419729126,2026-03-31,20:30:45,83.04506,17.55089,0.0,81.1,106.0,VIJAY MATA,IMO3310208,VU0564,52,,8,8.0,,50.0,B
419519743,2026-03-31,22:03:11,72.40087,11.25449,0.0,312.0,,GANGA PIONEER,,8T1283,70,,60,,,,A
419832995,2026-03-31,18:14:18,69.38772,18.46937,7.9,266.8,,GANGA MARINER,IMO8641638,VU8105,37,,35,5.0,,,A
419623116,2026-03-31,13:41:23,78.0713,8.98875,4.0,312.3,348.0,GODAVARI I,,AT0755,52,8.0,12,,,36.0,A
419839625,2026-03-31,17:16:42,68.80438,16.28615,7.1,331.2,351.0,KRISHNA,,AT5861,37,,10,20.0,,70.0,A
419496234,2026-03-31,10:19:03,74.55329,12.96036,0.0,124.0,269.0,SHAKTI GLORY,IMO1733360,,37,,50,30.0,9.5,,A
419035816,2026-03-31,13:11:59,71.15956,17.3329,0.0,225.9,,SHIVA EXPLORER,,AT7646,37,0.0,40,8.0,12.0,90.0,A
419271921,2026-03-31,16:37:50,75.0187,12.83237,17.6,,28.0,SHIVA QUEEN,IMO7236576,,52,5.0,50,20.0,,57.0,A
419402261,2026-03-31,04:37:49,79.44897,8.85324,0.0,261.6,352.0,MATSYA QUEEN,,8T1099,90,,80,,13.0,60.0,A
419703315,2026-03-31,14:20:09,72.20757,11.27555,0.0,,20.0,KAVERI EXPLORER,,VU4989,37,7.0,150,4.0,11.5,,B
419758638,2026-03-31,23:52:55,72.24399,11.24659,0.0,35.2,202.0,KAVERI,,8T5396,52,,8,,,30.0,B
419498758,2026-03-31,09:12:52,72.33541,11.17968,0.0,180.6,110.0,SAMRAT EXPRESS,,AT4589,51,0.0,60,8.0,,70.0,A
419145782,2026-03-31,10:44:34,78.10476,8.83407,0.0,129.1,42.0,TRISHUL EXPRESS,IMO7333856,VU6957,60,,200,,5.1,80.0,A
419162923,2026-03-31,11:42:49,80.09089,12.79901,0.0,133.0,88.0,OCEAN STAR STAR,IMO3860682,ATG287,90,0.0,25,16.0,11.0,90.0,A
419076907,2026-03-31,01:04:53,72.94258,19.50217,0.7,167.3,,NEELAM TRADER,,ATG161,90,,200,20.0,5.9,31.0,A
419323123,2026-03-31,00:47:02,74.54572,12.83945,9.1,,277.0,PSV GANGA,,VU0628,51,,100,2.0,,,A
419168839,2026-03-31,05:49:31,70.01245,22.56519,4.4,178.4,231.0,SAMUDRA EXPLORER,,ATG668,89,,10,,3.6,,B
419464385,2026-03-31,00:36:49,83.14761,17.98188,0.0,95.6,,KONKAN MATA,IMO7421094,8T0547,36,,25,32.0,,,A
419080753,2026-03-31,20:52:48,74.80396,13.02189,15.7,,,SAMUDRA QUEEN,IMO9839654,8T9433,80,,8,16.0,12.2,,A
419678047,2026-03-31,23:44:08,87.79946,21.98643,0.0,,299.0,RAJHANS III,,,38,,150,7.0,7.3,,A
419876869,2026-03-31,09:21:23,79.46004,8.73931,15.2,116.0,133.0,SHAKTI MARINER,IMO1056632,VU4630,37,,30,,7.8,99.0,B
419866673,2026-03-31,15:31:45,79.45255,8.71687,0.0,229.8,141.0,MATSYA DEVI,IMO8441851,ATG832,37,,16,34.0,1.7,36.0,A
419596023,2026-03-31,08:13:24,92.43172,11.61151,0.0,54.8,93.0,SHIVA VOYAGER,IMO1162596,8T7185,33,1.0,250,25.0,11.4,,B
419380962,2026-03-31,23:41:27,72.8008,10.8717,0.0,33.6,,MATSYA TRADER,,,40,,22,14.0,,70.0,A
419540858,2026-03-31,10:33:54,73.81659,15.15085,0.0,332.4,253.0,SHAKTI VOYAGER,,ATG881,37,,200,,,99.0,A
419373326,2026-03-31,23:59:07,75.958,9.68116,0.0,103.1,,INDRA GLORY,,VT9215,32,,100,,4.2,,A
419961205,2026-03-31,05:23:44,92.13284,11.61263,0.0,,,SURYA STAR,IMO5624437,VU9206,37,,25,,,,A
419370701,2026-03-31,01:51:34,86.96534,20.59045,0.0,,,INDRA VOYAGER,IMO7843711,VT8569,70,,300,,,,B
419158918,2026-03-31,22:57:29,70.30607,15.91702,0.0,20.5,,PEARL QUEEN,IMO0004719,VT6568,37,,10,3.0,6.6,,A
419463910,2026-03-31,05:09:36,72.43473,10.86791,0.0,160.6,,MATSYA DEVI,,,31,2.0,8,,,,A
419669236,2026-03-31,04:52:47,73.44772,18.4627,0.0,90.5,255.0,DURGA EXPLORER,IMO8118031,8T8535,30,,35,32.0,6.4,80.0,B
419882459,2026-03-31,04:32:07,87.84025,21.59869,0.0,283.6,,OCEAN STAR QUEEN,IMO7541387,,32,7.0,28,,5.2,50.0,A
419413690,2026-03-31,17:21:36,73.11976,19.3697,0.0,99.8,353.0,VIJAY MATA,IMO7536004,AT4579,31,5.0,35,9.0,6.7,,B
419537244,2026-03-31,09:58:30,86.96535,20.28341,0.0,135.9,37.0,MONSOON QUEEN,IMO0091258,AT0297,70,0.0,150,16.0,,57.0,A
419401374,2026-03-31,20:11:11,86.68971,20.53332,0.0,325.8,64.0,SAMRAT EXPRESS,,AT4794,30,0.0,300,,5.2,30.0,A
419356270,2026-03-31,14:01:34,69.73959,23.15679,0.0,174.7,,VAYU GLORY,IMO4089884,ATG531,36,1.0,28,,10.3,,B
419828836,2026-03-31,16:48:54,85.36536,13.6216,15.3,198.5,,MALABAR DEVI,IMO9887230,AT5786,52,1.0,120,10.0,,,B
419322064,2026-03-31,14:37:49,73.70691,15.40203,0.0,150.0,321.0,VISHAL MATA,IMO2963802,8T2803,31,1.0,200,7.0,,60.0,B
419729257,2026-03-31,19:20:31,73.69924,15.29046,0.0,6.2,,TUG TARA,IMO1230738,8T0122,32,1.0,200,,,52.0,A
419101074,2026-03-31,12:06:32,73.88525,15.66816,0.0,212.0,,DURGA,IMO5111504,,52,,30,,2.4,60.0,A
419082670,2026-03-31,07:06:14,86.4724,20.36232,0.0,,,SAGAR TRADER,,AT6881,89,,50,4.0,5.4,37.0,A
419591275,2026-03-31,08:17:43,84.90353,15.73513,0.0,,349.0,OM VOYAGER,,8T1783,53,,20,48.0,,,A
419858811,2026-03-31,19:51:18,77.90092,8.72012,17.7,303.6,,VIJAY II,,ATG104,37,,10,9.0,,50.0,A
419828159,2026-03-31,16:59:58,86.62686,19.95655,15.5,,,RATNA TRADER,IMO5507481,AT3944,30,,18,18.0,6.2,50.0,B
419138334,2026-03-31,22:25:01,88.00508,21.95944,0.0,,316.0,VIJAY II,,8T6160,37,0.0,14,5.0,,71.0,B
419718797,2026-03-31,19:05:44,88.2073,21.66326,0.0,332.1,241.0,MEENA,IMO2509466,VT5068,37,,18,,,,B
419737840,2026-03-31,16:05:24,87.84203,21.41047,0.0,295.9,,INDRA PRINCE,IMO9730905,VU0192,31,7.0,100,20.0,,,A
419231374,2026-03-31,09:51:20,79.10671,8.77216,0.0,78.5,,PSV SAMUDRA,IMO3826820,,52,0.0,14,,,30.0,A
419795757,2026-03-31,03:47:08,93.16214,11.60667,14.1,50.6,13.0,BRAHMAPUTRA MATA,,8T4923,51,,14,5.0,,,B
419313571,2026-03-31,22:31:45,73.08094,19.17644,0.0,174.2,,RATNA GLORY,IMO0617125,VT7584,31,,14,,,52.0,A
419834443,2026-03-31,09:59:50,72.87632,19.41374,0.0,,28.0,TRISHUL EXPLORER,IMO3579038,,37,,20,7.0,,,A
419543701,2026-03-31,04:27:39,70.29493,22.89365,3.2,233.3,,NEELAM MARINER,IMO7760131,,37,,50,6.0,,,A
419826522,2026-03-31,16:36:07,70.23012,22.50933,7.4,128.6,277.0,RAJHANS II,IMO3749736,ATG712,36,,28,44.0,11.6,37.0,A
419721319,2026-03-31,03:01:21,74.76528,13.18926,0.0,,,VISHAL,IMO1135033,8T9494,37,,120,8.0,7.0,36.0,A
419571955,2026-03-31,09:52:38,86.67804,20.60721,8.6,247.2,,OM DEVI,,,32,,28,10.0,,70.0,A
419470042,2026-03-31,21:17:47,93.26237,12.142,0.0,356.7,59.0,TARA EXPLORER,IMO8068242,8T7767,30,7.0,180,40.0,3.8,,A
419990588,2026-03-31,10:56:43,85.94326,15.25132,0.0,,,KAMAL MATA,,AT6700,57,8.0,50,44.0,10.9,60.0,A
419370721,2026-03-31,20:27:51,77.93213,8.78661,0.0,110.4,199.0,OCEAN STAR,IMO7524001,AT0493,38,7.0,14,12.0,,30.0,A
419338792,2026-03-31,19:37:05,74.80652,12.95174,0.0,180.7,,SAGAR I,IMO4326284,VU7603,80,7.0,16,40.0,12.3,57.0,A
419264728,2026-03-31,09:00:31,88.3473,21.37543,2.9,,,SHAKTI VOYAGER,,AT8344,33,,22,2.0,,80.0,B
419192424,2026-03-31,03:59:04,79.16239,8.80234,4.1,133.3,356.0,NEELAM DEVI,IMO9800929,ATG785,32,1.0,35,14.0,10.2,,A
419973726,2026-03-31,20:28:02,73.57252,15.62528,0.0,73.0,,NEELAM DEVI,IMO1393116,VT2645,37,,180,18.0,5.4,50.0,B
419159183,2026-03-31,08:22:25,72.49284,10.68121,0.0,121.2,,MEENA EXPRESS,IMO1137320,VU2017,37,,120,,,,A
419868663,2026-03-31,00:01:36,72.69798,10.51319,0.0,195.8,,SHAKTI VOYAGER,IMO8192995,VT1029,55,,200,8.0,3.4,70.0,B
419532969,2026-03-31,10:33:15,79.01467,9.14659,0.0,,,GODAVARI PRINCE,,ATG911,57,,28,,,52.0,A
419659239,2026-03-31,15:07:21,72.67594,11.24169,10.1,210.4,7.0,ANAND PRIDE,,,37,,120,,,31.0,A
419973105,2026-03-31,07:44:34,86.76182,20.32028,0.0,224.3,139.0,RATNA PRIDE,,,70,1.0,180,30.0,,,B
419212101,2026-03-31,13:10:34,72.53198,10.50455,0.8,290.7,,PRIYA I,IMO7663100,AT5319,36,5.0,20,18.0,11.1,31.0,B
419250762,2026-03-31,07:08:16,74.91642,12.67643,0.0,14.2,,TARA DEVI,IMO4936016,,71,,300,18.0,1.4,57.0,A
419758483,2026-03-31,14:40:02,74.94459,12.67137,0.0,283.5,279.0,SHAKTI MATA,,VU3586,32,2.0,16,6.0,,33.0,A
419014423,2026-03-31,00:11:45,78.32046,8.94348,13.6,151.6,206.0,AGNI DEVI,,VT0843,52,,100,,,,A
419964668,2026-03-31,00:22:43,72.86441,10.62001,12.0,105.1,,TRISHUL PRIDE,,ATG859,31,,28,20.0,12.5,,A
419282774,2026-03-31,14:56:56,88.54474,21.80203,0.0,,239.0,JALDOOT QUEEN,,,36,,100,9.0,12.3,,B
419137242,2026-03-31,01:41:00,85.10006,14.7586,0.0,57.0,325.0,OM STAR,,8T8300,37,,10,8.0,3.4,90.0,B
419001215,2026-03-31,07:06:11,73.63531,15.45157,0.0,133.3,,MEENA EXPLORER,,AT4480,37,8.0,40,,,,A
419651651,2026-03-31,04:49:05,86.60493,14.45765,0.0,173.6,332.0,RATNA GLORY,,8T7000,36,,25,16.0,9.0,50.0,A
419338123,2026-03-31,11:47:42,79.46833,9.26752,0.0,,79.0,INDRA I,IMO0737366,VT3169,37,,60,44.0,,30.0,A
419931994,2026-03-31,20:53:13,84.80488,16.43744,0.0,235.0,,OCEAN STAR STAR,,AT5574,33,,25,,13.0,,A
419660363,2026-03-31,09:40:18,73.10144,19.1242,0.0,327.8,63.0,CORAL PRINCE,,VU8043,70,3.0,40,10.0,,31.0,B
419461528,2026-03-31,14:55:53,86.95354,20.1795,2.0,167.8,,SAMRAT III,,8T0608,52,1.0,60,3.0,,80.0,A
419489714,2026-03-31,17:19:44,72.66926,18.84169,0.0,,,AGNI GLORY,IMO6470486,VT6561,52,2.0,50,6.0,13.5,,A
419628026,2026-03-31,03:58:36,72.41983,11.15231,0.0,179.6,249.0,KAMAL II,IMO8044635,VT0272,70,,14,10.0,,70.0,A
419888419,2026-03-31,07:08:08,86.16411,15.39969,0.0,32.7,352.0,OSV SURYA,IMO2952193,AT2229,36,3.0,12,,11.6,,A
419797049,2026-03-31,22:47:38,92.89487,11.92188,0.0,,89.0,NEELAM VOYAGER,IMO4328451,8T9387,52,,25,8.0,,31.0,B
419764273,2026-03-31,00:09:52,68.65648,17.25487,13.6,,,PRIYA STAR,IMO0116280,,55,8.0,10,25.0,,99.0,A
419077218,2026-03-31,20:15:48,88.08536,21.2148,0.0,238.9,189.0,MEENA STAR,,VT6172,89,,22,,12.6,,A
419118698,2026-03-31,04:02:22,71.20175,17.83093,0.0,182.5,,PSV MATSYA,IMO2946897,VT6611,30,,10,3.0,,,B
419378665,2026-03-31,13:04:17,93.16955,11.96301,0.0,173.7,97.0,GODAVARI II,IMO7372725,VT6359,52,3.0,14,16.0,12.6,,A
419299824,2026-03-31,19:02:02,69.15402,16.7976,0.0,68.4,266.0,MEENA II,,AT5938,37,,180,18.0,9.2,,A
419819662,2026-03-31,06:59:49,68.64181,17.66745,3.4,83.9,,SAGAR MATA,,,37,,300,,10.9,60.0,A
419826144,2026-03-31,14:26:13,74.66322,13.06504,0.0,321.2,,JALDOOT GLORY,,ATG571,99,5.0,12,,,71.0,A
419979447,2026-03-31,09:09:25,73.11469,19.15029,6.0,294.7,,ANAND PIONEER,,VU8324,60,,16,8.0,,80.0,A
419943971,2026-03-31,11:23:40,84.44563,13.82117,0.0,205.7,339.0,OSV KRISHNA,,ATG491,52,,100,8.0,,31.0,A
419702491,2026-03-31,02:40:03,72.68722,10.9622,14.3,,237.0,CORAL GLORY,IMO0721782,,51,,16,30.0,,,A
419642873,2026-03-31,10:57:38,78.08222,8.71521,0.0,184.6,98.0,VARUNA QUEEN,,AT5644,31,3.0,18,34.0,,31.0,B
419233290,2026-03-31,10:37:28,85.55222,13.51148,5.3,350.8,68.0,SAGAR III,IMO9997179,8T4815,57,2.0,300,5.0,10.2,,B
419361320,2026-03-31,11:03:36,72.72729,19.39462,0.0,302.2,,RAJHANS GLORY,IMO1113073,ATG196,90,,150,25.0,,70.0,A
419626671,2026-03-31,09:51:39,72.45847,19.30401,0.0,209.0,227.0,AGNI STAR,IMO2151970,ATG273,32,,80,,,,A
419678617,2026-03-31,18:12:44,79.08014,8.70561,0.0,46.1,,RATNA DEVI,,8T8771,38,7.0,180,,,,A
419598339,2026-03-31,20:29:24,70.42413,22.9915,10.4,,136.0,INDRA EXPLORER,,,37,,100,6.0,,50.0,B
419837673,2026-03-31,05:42:32,80.1457,13.37674,17.6,,226.0,KAVERI VOYAGER,IMO7943407,,31,8.0,80,18.0,,80.0,A
419056413,2026-03-31,02:53:56,92.57203,11.48101,0.0,,,MALABAR PRIDE,,VT4806,37,,50,48.0,,71.0,A
419632623,2026-03-31,17:17:16,76.34292,9.8512,0.0,55.4,214.0,CORAL QUEEN,,,32,,60,14.0,,60.0,A
419230710,2026-03-31,11:57:09,77.86343,8.4749,0.0,38.1,,GANGA DEVI,IMO1550757,AT4963,52,,28,,8.1,99.0,A
419436545,2026-03-31,02:53:06,86.95895,20.00222,0.0,230.5,77.0,TRISHUL DEVI,IMO9266243,VT7814,89,,10,34.0,12.8,80.0,B
419614692,2026-03-31,23:55:09,84.34948,15.97352,0.0,294.5,,ANAND QUEEN,IMO7670444,VT8694,37,1.0,180,3.0,,52.0,B
419355714,2026-03-31,06:42:02,83.58917,17.76935,0.0,334.6,,BRAHMAPUTRA PRINCE,IMO4126662,VT6856,50,,10,44.0,,90.0,A
419112015,2026-03-31,01:13:41,73.50397,15.3755,0.0,314.0,77.0,TARA TRADER,,,74,7.0,100,34.0,4.6,60.0,B
419049526,2026-03-31,01:00:27,78.43176,8.9761,0.0,299.2,196.0,PRIYA III,,VT4488,31,,50,20.0,3.2,,A
419997526,2026-03-31,12:37:19,68.61409,17.78888,1.0,50.2,,PRIYA I,IMO8116096,VU9561,33,3.0,30,5.0,10.6,37.0,B
419212096,2026-03-31,22:23:13,68.60916,17.83576,12.5,168.0,,BRAHMAPUTRA EXPLORER,,8T4764,37,,300,44.0,4.5,,B
419095198,2026-03-31,01:03:13,86.84093,20.36755,1.1,6.4,65.0,INDRA VOYAGER,IMO0315308,VT3302,69,5.0,80,20.0,,,B
419064108,2026-03-31,01:56:46,86.84338,15.3684,0.0,322.8,222.0,KAMAL VOYAGER,,ATG034,32,,150,4.0,,30.0,A
419705833,2026-03-31,23:34:57,72.98149,11.17005,4.4,102.3,219.0,YAMUNA QUEEN,IMO3693411,VU5641,70,8.0,10,,,,A
419406965,2026-03-31,03:38:15,76.41296,9.7345,10.0,50.8,,PRIYA STAR,,VT7715,36,,50,30.0,,,A
419521926,2026-03-31,21:54:05,70.23335,16.75948,8.9,68.4,189.0,TUG SAMRAT,IMO8863594,,36,3.0,80,16.0,6.6,,B
419096422,2026-03-31,13:22:03,80.19111,13.10661,0.0,39.4,,KAVERI II,,VT3274,36,1.0,50,10.0,,99.0,A
419920744,2026-03-31,02:50:50,92.72166,11.35231,2.9,182.9,,KAMAL III,IMO9166040,VT9893,70,8.0,60,3.0,,80.0,A
419744000,2026-03-31,11:34:06,74.8354,13.18797,0.0,45.7,213.0,SHAKTI QUEEN,,AT0389,83,3.0,50,48.0,8.8,,A
419537742,2026-03-31,05:44:25,87.8005,21.807,0.0,86.8,146.0,INDRA EXPLORER,,8T5558,36,,150,40.0,,,A
419347744,2026-03-31,22:27:26,86.97834,20.49993,0.0,,35.0,YAMUNA STAR,IMO1216176,,30,,150,25.0,,,B
419833126,2026-03-31,11:51:50,70.0018,15.92386,0.0,324.9,312.0,SURYA,,VT4380,52,0.0,40,20.0,,,B
419362233,2026-03-31,22:22:24,86.32121,14.65492,0.0,204.2,,PRIYA,,8T5073,71,2.0,180,4.0,,,B
419269252,2026-03-31,07:38:46,70.33917,15.61938,0.0,,68.0,TUG SAGAR,,VT7588,30,2.0,80,6.0,,,B
419858787,2026-03-31,07:28:22,76.03971,10.24899,7.1,356.3,,KAVERI GLORY,IMO6728036,VT9994,52,,10,4.0,13.4,,A
419949708,2026-03-31,08:00:57,76.12563,9.91083,0.0,142.7,138.0,VARUNA VOYAGER,IMO9418836,VT8988,37,0.0,20,7.0,8.5,80.0,A
419755253,2026-03-31,21:52:19,86.29226,15.37925,0.0,49.9,,VIJAY PRINCE,IMO7602787,,33,,22,,,,A
419630392,2026-03-31,18:36:05,79.41917,9.01486,0.0,80.6,11.0,RATNA EXPRESS,,VT7506,52,,28,,,60.0,A
419951319,2026-03-31,04:26:00,70.19479,16.32652,0.0,280.2,,YAMUNA EXPLORER,,VT7812,40,,180,10.0,6.9,99.0,B
419988239,2026-03-31,02:22:10,79.9275,12.81599,0.0,343.8,185.0,YAMUNA EXPRESS,,8T0037,31,,250,12.0,,,A
419951307,2026-03-31,10:49:52,76.25964,9.73829,0.0,,327.0,SAGAR PRINCE,IMO2263030,VU7164,37,,25,18.0,8.9,90.0,B
419123316,2026-03-31,01:03:22,79.3278,8.7309,0.0,,,TUG VAYU,,8T0402,36,,12,,7.8,,B
419933234,2026-03-31,13:34:59,74.90485,12.99692,0.0,269.1,264.0,MATSYA QUEEN,IMO5657076,AT1635,37,,12,12.0,12.3,31.0,A
419106455,2026-03-31,18:19:38,73.79362,15.16489,0.0,283.1,63.0,MONSOON VOYAGER,,8T2387,90,,22,7.0,,,B
419709895,2026-03-31,07:24:58,69.56223,18.45788,13.9,21.6,162.0,AGNI PIONEER,,AT2489,65,,8,32.0,,52.0,B
419804112,2026-03-31,02:23:04,87.78994,21.50801,0.0,153.0,,MATSYA PRIDE,IMO9778034,VU1639,57,,28,34.0,5.5,30.0,B
419471771,2026-03-31,11:38:32,78.19515,8.62508,0.0,54.9,,VAYU VOYAGER,IMO9960993,VU6343,36,0.0,50,7.0,4.5,30.0,A
419217381,2026-03-31,01:50:48,70.31451,23.0218,0.0,249.9,244.0,RAJHANS EXPLORER,IMO3903169,VU8188,52,,120,10.0,,36.0,A
419857346,2026-03-31,22:31:31,86.63132,15.77102,15.8,254.6,,BRAHMAPUTRA MARINER,IMO2709557,VU0053,37,,100,44.0,8.2,,A
419820187,2026-03-31,17:48:23,80.03097,13.25684,0.0,,,OCEAN STAR III,,VT7366,37,2.0,50,,12.1,,A
419709967,2026-03-31,09:27:55,78.10905,8.72211,0.0,321.8,,SHAKTI VOYAGER,IMO6811200,ATG555,52,3.0,250,10.0,11.0,,A
419872707,2026-03-31,23:47:28,69.14382,17.31799,0.0,102.9,153.0,PRIYA,,VT6378,70,,14,34.0,,60.0,A
419434571,2026-03-31,04:51:56,79.38539,8.8709,0.0,,,OSV TARA,IMO1873233,8T5096,37,2.0,22,12.0,,,A
419898333,2026-03-31,07:38:50,80.06358,13.117,0.0,268.3,281.0,KAMAL VOYAGER,IMO8148805,AT1556,52,,28,,12.0,30.0,A
419647048,2026-03-31,17:26:05,72.88652,19.35165,0.0,333.6,312.0,MATSYA GLORY,,ATG799,32,3.0,25,,,,A
419049191,2026-03-31,17:57:16,86.85014,20.27756,8.2,77.9,,NEELAM PRIDE,,AT5784,37,,8,9.0,2.7,,B
419691866,2026-03-31,01:06:01,70.88431,15.5435,0.0,354.2,129.0,DURGA TRADER,,ATG981,37,,35,,4.9,37.0,A
419923081,2026-03-31,01:49:39,83.57148,17.79776,0.0,127.4,,ANAND EXPLORER,IMO4533962,8T9917,30,,200,7.0,,57.0,A
419263861,2026-03-31,17:01:57,69.89285,23.06206,0.0,122.1,252.0,KRISHNA VOYAGER,,8T3542,30,,300,,,57.0,A
419144400,2026-03-31,11:58:20,80.38364,13.15519,0.0,317.3,,VIJAY MARINER,,VT6530,51,,8,2.0,,71.0,A
419042042,2026-03-31,05:23:33,70.97478,16.89477,0.0,180.3,38.0,GANGA EXPRESS,,,37,0.0,300,34.0,12.1,,A
419269446,2026-03-31,11:09:21,74.8031,12.61177,0.0,9.7,334.0,SHIVA III,IMO7862089,8T9793,38,5.0,18,40.0,1.2,52.0,A
419175017,2026-03-31,17:23:51,78.05867,8.72086,0.0,,,KAVERI PRIDE,,8T6801,38,2.0,20,40.0,,,B
419047659,2026-03-31,12:05:49,76.43727,10.22136,0.0,318.1,251.0,GANGA MARINER,IMO8084829,VT4620,71,,120,12.0,3.1,52.0,A
419397682,2026-03-31,22:52:49,78.1542,8.94359,0.0,,,GODAVARI GLORY,,8T3506,51,,25,4.0,8.2,57.0,A
419432979,2026-03-31,04:48:42,93.17264,11.00316,0.0,44.4,,TUG PRIYA,IMO2888970,ATG005,70,2.0,14,,7.6,,A
419977753,2026-03-31,05:04:44,74.84875,12.83572,0.0,332.6,74.0,OM QUEEN,IMO8043691,AT2380,40,,12,,,60.0,B
419455275,2026-03-31,23:13:53,73.98346,15.66618,0.0,330.0,102.0,CORAL MARINER,IMO1692770,8T9313,37,,150,,6.4,31.0,B
419972931,2026-03-31,21:52:29,72.34997,18.39679,0.0,97.7,,GANGA EXPRESS,IMO1717474,VT7923,36,2.0,20,,4.1,,B
419620726,2026-03-31,14:47:33,78.9733,9.06201,0.0,,,TRISHUL STAR,,ATG394,52,,18,6.0,,,A
419426926,2026-03-31,08:04:10,69.39854,16.42128,0.0,40.1,,KAMAL EXPLORER,,ATG728,37,,30,,,,A
419457107,2026-03-31,03:48:21,80.69676,12.71777,0.0,61.9,68.0,VARUNA STAR,,,30,,80,40.0,5.9,60.0,A
419434477,2026-03-31,13:50:27,72.7649,10.68551,10.2,242.3,218.0,PSV MALABAR,IMO7767404,VT6925,83,,180,5.0,9.3,,A
419927813,2026-03-31,14:45:18,73.45646,15.55873,12.7,,,MEENA STAR,IMO7862631,VT3503,40,,30,4.0,1.9,31.0,B
419067736,2026-03-31,19:49:30,76.17287,10.05605,0.0,333.8,62.0,RAJHANS DEVI,IMO8400811,AT2124,37,,80,,7.0,90.0,B
419664533,2026-03-31,18:49:10,73.52369,15.28623,0.0,157.6,98.0,KONKAN EXPRESS,,VT4412,37,,35,,,33.0,A
419099352,2026-03-31,13:15:48,70.31816,22.50093,0.0,,204.0,PSV MALABAR,IMO7012808,VU4116,52,3.0,12,3.0,7.6,50.0,A
419780056,2026-03-31,01:21:48,83.47908,17.62628,0.0,,,SEA QUEEN TRADER,,8T0579,37,2.0,250,,3.5,,A
419389335,2026-03-31,13:39:33,70.30827,22.76734,1.5,84.5,,JALDOOT PIONEER,,8T6737,37,,180,16.0,7.5,60.0,B
419665216,2026-03-31,07:56:55,84.91234,15.41992,8.6,,266.0,TARA MATA,,ATG410,30,2.0,10,16.0,,50.0,B
419808352,2026-03-31,13:42:15,79.16854,9.13579,0.0,,8.0,TUG KONKAN,IMO9179261,,52,,10,,,90.0,B
419932323,2026-03-31,15:42:04,83.16982,18.03809,0.0,,,AGNI II,,VU7221,99,8.0,12,30.0,9.5,,B
419927334,2026-03-31,00:34:22,88.06602,21.46839,5.8,210.7,71.0,SAMUDRA STAR,IMO9663907,ATG633,60,,180,4.0,,30.0,A
419706093,2026-03-31,02:35:48,76.04716,9.92496,15.5,40.5,111.0,BRAHMAPUTRA TRADER,IMO9751523,AT8972,31,7.0,40,,3.8,,B
419090313,2026-03-31,11:15:07,71.24322,16.43692,0.0,,,KAVERI STAR,IMO6509012,VT8489,37,,28,14.0,11.1,,A
419679913,2026-03-31,10:20:26,80.20533,13.28994,14.4,124.8,,INDRA PRIDE,IMO3406887,ATG538,37,8.0,180,,13.3,80.0,A
419180893,2026-03-31,03:57:21,78.15305,9.00234,0.0,259.4,,INDRA,,VT7352,36,8.0,40,,,,B
419053036,2026-03-31,04:18:46,72.57249,18.36982,0.0,297.2,,OCEAN STAR VOYAGER,,8T7264,31,8.0,14,,5.4,30.0,A
419541572,2026-03-31,08:33:18,86.47624,20.13193,0.0,53.7,301.0,OCEAN STAR DEVI,IMO6519846,AT6316,65,,18,48.0,,,B
419789417,2026-03-31,04:36:06,80.46443,12.88124,0.0,315.4,,KRISHNA PRINCE,IMO0252002,8T8904,32,,150,34.0,7.0,50.0,A
419709978,2026-03-31,11:59:03,87.80657,21.80347,0.0,,,NAVRATNA MATA,IMO1626669,AT2233,38,,28,,6.0,,A
419495711,2026-03-31,16:03:34,72.9579,10.73564,0.0,234.0,98.0,SURYA PRINCE,,VU1816,31,,28,40.0,,,B
419260768,2026-03-31,12:48:14,69.99112,23.37732,0.0,230.6,,VARUNA MARINER,,VU8272,30,,18,34.0,,,A
419972483,2026-03-31,05:38:23,76.19718,10.01063,0.0,,112.0,KAVERI EXPRESS,,VU3881,37,,40,40.0,,52.0,B
419292476,2026-03-31,18:54:06,72.81258,18.51346,0.0,303.1,47.0,SHIVA PRIDE,IMO1360629,8T4472,36,,35,14.0,,,B
419511948,2026-03-31,21:33:30,79.33054,9.10469,0.0,,,MATSYA DEVI,,8T9771,90,,200,10.0,,52.0,A
419977418,2026-03-31,10:14:56,70.61883,23.3964,0.0,,185.0,INDRA GLORY,,VU0572,51,1.0,25,,12.0,71.0,A
419917499,2026-03-31,08:05:00,88.02617,21.68793,2.9,255.3,51.0,SAMUDRA DEVI,,ATG887,30,,8,48.0,,,A
419336409,2026-03-31,16:28:24,80.59607,13.30192,0.0,268.7,,AGNI,IMO6872540,AT8816,60,,8,10.0,11.5,57.0,A
419774278,2026-03-31,22:00:30,84.56796,15.7994,9.8,57.6,178.0,PSV GODAVARI,IMO5809531,AT7059,31,5.0,120,25.0,9.8,71.0,A
419284568,2026-03-31,18:37:25,92.26627,11.28222,0.0,229.4,18.0,NAVRATNA III,IMO0334977,8T3367,32,,100,,,71.0,B
419813823,2026-03-31,03:48:30,70.33634,17.68325,14.6,279.6,143.0,RATNA EXPRESS,,8T8282,52,2.0,40,48.0,6.9,36.0,A
419298507,2026-03-31,15:56:18,72.76895,18.51794,0.0,259.2,,GANGA II,IMO5461214,VT2286,37,,250,40.0,,,B
419265118,2026-03-31,12:03:22,92.16665,12.14843,0.0,233.7,,NAVRATNA,IMO6124920,8T4359,32,,8,44.0,6.1,,B
419016584,2026-03-31,13:09:34,80.10048,12.84587,0.0,265.6,0.0,GODAVARI TRADER,IMO9852177,8T6229,37,2.0,250,,6.2,37.0,A
419732743,2026-03-31,00:55:20,88.28673,21.51549,11.9,160.6,322.0,KRISHNA GLORY,IMO6699535,VT7124,30,0.0,25,30.0,,,A
419224718,2026-03-31,02:09:22,73.92067,15.53236,0.0,,,VARUNA VOYAGER,IMO2609600,AT0797,37,,16,,6.7,52.0,A
419818930,2026-03-31,22:48:14,70.36896,22.70285,14.1,,,RATNA PRINCE,,8T1355,71,,50,16.0,,99.0,B
419414762,2026-03-31,08:38:09,83.5008,17.42625,0.0,146.5,,MATSYA II,IMO4604991,VU6322,31,,250,7.0,,,A
419347209,2026-03-31,15:48:03,83.43106,17.49557,7.6,124.1,191.0,GANGA EXPRESS,IMO2749914,8T3975,60,0.0,22,2.0,8.8,,A
419146715,2026-03-31,02:45:27,70.37666,23.13602,0.0,315.8,,OCEAN STAR II,,,32,3.0,35,16.0,,80.0,A
419081927,2026-03-31,12:04:16,84.82222,15.85888,0.0,175.9,,ANAND GLORY,IMO0192467,AT7963,37,3.0,300,4.0,,,B
419165081,2026-03-31,17:01:49,73.44615,19.31271,0.0,117.7,,BRAHMAPUTRA EXPRESS,IMO8455427,,37,,60,,,60.0,B
419201482,2026-03-31,22:16:43,73.81622,15.72901,0.0,132.1,,GODAVARI,,,38,1.0,30,,6.0,,A
419355581,2026-03-31,19:48:01,92.92252,11.80851,13.5,143.9,,VISHAL III,,VT8438,99,,50,,8.5,60.0,A
419691099,2026-03-31,18:11:08,88.41279,21.56233,0.0,291.8,,TRISHUL VOYAGER,,VT4721,57,7.0,80,3.0,,31.0,A
419200555,2026-03-31,00:31:01,88.18485,21.28688,0.0,326.6,,PRIYA EXPRESS,,AT3349,51,,20,7.0,2.0,37.0,A
419258330,2026-03-31,07:56:19,77.93105,8.4938,17.7,264.2,,SAMUDRA MARINER,IMO3098110,ATG808,52,,40,30.0,,36.0,A
419357843,2026-03-31,16:35:14,72.33826,18.43374,0.0,71.7,,GODAVARI,,VU3511,35,8.0,250,30.0,12.2,99.0,B
419362530,2026-03-31,08:55:14,76.38417,10.04012,0.0,,,INDRA GLORY,,VT2294,37,0.0,300,30.0,11.6,90.0,A
419940996,2026-03-31,12:48:53,80.34608,13.38307,16.5,98.8,,SHAKTI II,,VU2928,80,5.0,18,5.0,4.7,33.0,A
419300042,2026-03-31,22:37:14,75.91733,9.65088,0.0,245.6,257.0,SHAKTI PIONEER,,,33,2.0,40,44.0,7.4,,A
419143874,2026-03-31,10:59:00,74.4542,13.11083,0.0,221.6,249.0,SHIVA EXPLORER,IMO2527397,ATG488,30,1.0,150,5.0,11.9,57.0,A
419941431,2026-03-31,10:49:26,72.88371,18.63151,0.0,58.2,,VAYU MATA,IMO4284088,8T5638,35,0.0,120,14.0,2.9,99.0,A
419648515,2026-03-31,12:48:51,86.67827,20.23371,0.0,,61.0,SAGAR MATA,,AT9402,30,1.0,120,,7.9,71.0,A
419224462,2026-03-31,15:36:46,78.06896,8.69693,8.8,,117.0,OM STAR,IMO8479270,8T9446,37,1.0,30,9.0,,37.0,A
419674091,2026-03-31,05:42:42,78.15435,8.54209,0.0,,,VARUNA MATA,,VU2586,31,,200,,,,A
419848946,2026-03-31,11:58:38,74.55818,13.01978,0.0,346.9,30.0,JALDOOT QUEEN,IMO1729521,ATG782,51,,250,40.0,,,B
419486378,2026-03-31,17:11:49,79.10976,9.0961,10.6,,,INDRA MARINER,IMO1870633,8T7472,51,,60,8.0,,36.0,A
419936407,2026-03-31,14:15:54,73.82797,15.56935,0.0,341.7,246.0,GODAVARI PRIDE,,VT3245,99,,14,6.0,11.2,71.0,A
419158254,2026-03-31,12:26:47,72.29376,11.04813,0.0,195.0,31.0,SEA QUEEN STAR,IMO5103415,8T2834,74,,100,9.0,,33.0,A
419077149,2026-03-31,17:25:33,78.0874,8.53568,11.0,318.2,,NEELAM MARINER,,ATG921,31,1.0,10,16.0,,30.0,A
419271720,2026-03-31,20:29:57,92.1194,11.34608,0.0,231.4,,SEA QUEEN DEVI,,ATG256,37,1.0,22,20.0,12.9,71.0,A
419045696,2026-03-31,00:11:29,72.96119,10.83174,0.0,,,ANAND II,IMO7113635,VU1331,37,,250,,,50.0,B
419399049,2026-03-31,17:15:14,87.94125,21.27155,0.0,298.3,59.0,LAKSHMI QUEEN,IMO6706440,VT5776,89,1.0,8,18.0,2.9,50.0,B
419635740,2026-03-31,20:17:51,82.9355,17.82883,0.0,104.4,,VISHAL EXPRESS,IMO5526373,VT6177,60,,150,3.0,,,A
419631059,2026-03-31,23:01:18,72.22235,11.11335,0.0,91.9,263.0,TRISHUL I,IMO3382109,VT9114,37,,180,6.0,5.8,30.0,B
419947939,2026-03-31,18:57:56,79.13098,8.83185,17.5,216.7,,NEELAM EXPRESS,IMO2238223,ATG557,30,2.0,10,14.0,10.4,71.0,B
419872069,2026-03-31,14:36:56,78.32466,8.91241,8.9,,238.0,KAVERI,IMO4839720,ATG632,57,,100,40.0,5.7,,B
419367061,2026-03-31,20:39:15,93.20155,11.89655,0.0,,,NAVRATNA,,VT5005,36,,250,8.0,,60.0,A
419556141,2026-03-31,16:04:26,86.64971,14.40485,15.5,140.4,,OM MATA,IMO6953524,ATG936,35,0.0,300,7.0,12.7,,A
419193958,2026-03-31,20:55:01,83.25716,17.86548,0.0,,185.0,VISHAL VOYAGER,IMO1228695,,37,,200,32.0,13.2,60.0,A
419210073,2026-03-31,12:14:24,86.42836,20.00347,0.0,305.5,,SAMUDRA MATA,,VU0259,36,7.0,120,,,36.0,A
419974260,2026-03-31,19:47:25,78.43988,8.47666,0.0,285.2,56.0,RATNA VOYAGER,,AT9569,52,1.0,18,2.0,,70.0,B
419937363,2026-03-31,01:44:53,69.88321,23.39435,0.0,168.5,47.0,NAVRATNA,,8T4409,36,0.0,18,,12.6,33.0,B
419313022,2026-03-31,01:08:07,86.48506,14.85819,0.0,,,LAKSHMI III,,ATG850,35,,180,9.0,,50.0,A
419102146,2026-03-31,11:44:42,74.78833,13.13594,0.0,,,MALABAR QUEEN,IMO0191779,ATG950,37,5.0,300,3.0,13.4,,A
419177591,2026-03-31,16:55:30,92.87397,11.96374,0.0,71.7,113.0,MATSYA DEVI,,VT6605,30,,30,6.0,,,A
419112598,2026-03-31,05:46:55,73.75924,15.63976,10.8,284.5,,SURYA EXPLORER,IMO6137034,,52,,180,30.0,3.8,,A
419743939,2026-03-31,04:13:03,79.34424,8.76074,0.0,,12.0,INDRA DEVI,IMO8607250,8T3330,30,2.0,50,34.0,2.8,,B
419452813,2026-03-31,09:06:42,86.87615,20.31013,0.0,,114.0,YAMUNA STAR,,VU0502,37,,30,4.0,,70.0,A
419942649,2026-03-31,18:08:20,72.21633,10.51324,5.2,62.8,169.0,AGNI EXPLORER,IMO1957594,,70,,25,14.0,8.2,,B
419829240,2026-03-31,23:51:41,88.38941,21.61838,0.0,,,OCEAN STAR,,,60,0.0,10,8.0,,,A
419216359,2026-03-31,05:43:41,87.99097,21.78737,0.0,,156.0,VAYU VOYAGER,IMO9398977,VT4258,99,0.0,28,6.0,,90.0,A
419600145,2026-03-31,06:47:41,68.89315,16.03063,0.0,,,SAMRAT VOYAGER,,VT7184,37,8.0,180,2.0,,70.0,A
419331393,2026-03-31,13:53:02,72.48458,11.2259,0.0,244.6,36.0,SHIVA PRIDE,IMO3865826,VT1618,52,0.0,250,8.0,,37.0,A
419405475,2026-03-31,13:33:42,70.36219,23.33875,0.0,359.3,,SURYA QUEEN,IMO0919177,VT9827,30,,14,25.0,,71.0,A
419612177,2026-03-31,10:17:55,84.32508,14.27464,0.0,161.9,,SEA QUEEN MATA,,VT3281,37,,14,7.0,,71.0,B
419352640,2026-03-31,16:16:54,70.0046,23.21981,0.0,71.1,,MEENA TRADER,,AT3129,37,0.0,18,20.0,,57.0,B
419263370,2026-03-31,23:50:04,85.04636,13.6005,0.0,244.4,74.0,VAYU PIONEER,IMO2511874,VU3185,52,,12,8.0,7.0,36.0,A
419971814,2026-03-31,19:28:19,78.09115,8.58733,11.5,344.0,,JALDOOT VOYAGER,,AT2846,33,,150,6.0,,90.0,B
419692742,2026-03-31,23:56:22,87.79246,21.86346,0.0,141.2,262.0,SHIVA I,,ATG873,70,,10,16.0,10.1,30.0,B
419397016,2026-03-31,08:16:57,85.7366,14.76883,0.0,,231.0,SHIVA PRIDE,IMO4166064,8T8844,50,,28,14.0,,60.0,A
419538684,2026-03-31,11:30:41,70.58448,22.91688,8.9,,,MATSYA II,IMO8321126,VT8685,37,,40,8.0,,50.0,B
419771045,2026-03-31,23:45:58,86.51136,15.01459,0.0,156.3,154.0,OCEAN STAR QUEEN,IMO8700525,,36,3.0,80,7.0,12.8,60.0,A
419408487,2026-03-31,09:25:06,73.82926,15.2182,0.0,288.6,,KAVERI EXPRESS,IMO2006119,ATG895,37,,250,,,30.0,A
419352358,2026-03-31,22:56:13,74.7099,12.8242,0.0,349.2,157.0,SURYA EXPLORER,IMO9815556,,37,,300,,,90.0,A
419424258,2026-03-31,09:27:29,78.20541,8.76073,0.0,285.1,47.0,KONKAN PRINCE,IMO4994084,ATG279,37,,8,,7.2,31.0,A
419464087,2026-03-31,21:54:02,86.46516,20.61816,0.0,162.0,,VARUNA QUEEN,IMO1180829,8T5211,32,2.0,300,16.0,4.9,36.0,A
419798427,2026-03-31,15:17:46,68.80379,18.22267,8.4,223.7,,AGNI EXPRESS,,8T8651,71,,20,20.0,3.3,80.0,A
419452190,2026-03-31,21:12:57,73.56203,15.43452,0.0,,,GANGA GLORY,,ATG007,38,,25,3.0,,52.0,A
419449255,2026-03-31,20:59:33,74.98368,12.75203,0.0,111.0,2.0,SHAKTI PRIDE,,VT7595,80,,250,48.0,2.6,,A
419283437,2026-03-31,00:51:11,74.68547,12.80438,11.0,184.5,,VAYU PRINCE,IMO6893327,VT6398,30,5.0,14,25.0,10.7,,B
419481532,2026-03-31,11:12:04,80.20158,12.74148,0.0,225.3,169.0,LAKSHMI EXPRESS,IMO6007894,VU5061,32,,20,32.0,6.7,36.0,A
419579681,2026-03-31,00:26:11,74.54793,12.63636,0.1,80.0,42.0,GODAVARI MARINER,,,52,,80,10.0,,,A
419781411,2026-03-31,21:15:24,78.4062,8.73025,0.0,315.7,118.0,TARA PRINCE,,VU3953,37,2.0,150,5.0,,52.0,A
419299681,2026-03-31,23:59:55,83.2946,17.56661,0.0,294.1,126.0,VAYU VOYAGER,,,60,2.0,80,,,,A
419718551,2026-03-31,08:22:17,83.13117,17.46691,14.5,319.5,,DURGA MARINER,,ATG793,71,,20,20.0,,70.0,A
419720203,2026-03-31,11:31:15,73.77422,15.18708,0.0,299.1,213.0,RAJHANS EXPRESS,,ATG349,31,2.0,30,,8.6,90.0,A
419176285,2026-03-31,03:49:48,68.52031,16.24995,0.0,,136.0,PEARL STAR,,8T0690,90,5.0,100,40.0,,31.0,B
419120624,2026-03-31,10:27:42,72.27505,18.72889,12.0,280.7,342.0,OSV KONKAN,IMO5681134,AT3293,60,1.0,22,44.0,,90.0,A
419963472,2026-03-31,15:37:33,73.71679,15.31207,0.0,205.8,85.0,KAVERI,IMO2403648,VT0254,70,0.0,25,,,52.0,A
419727753,2026-03-31,05:43:03,86.44222,20.64036,0.0,156.7,,KONKAN,,AT0309,30,2.0,250,32.0,4.9,37.0,A
419309066,2026-03-31,20:47:04,76.34966,9.68184,0.0,6.8,,KONKAN II,,,36,,22,3.0,,90.0,A
419844550,2026-03-31,17:18:19,76.00286,10.03699,0.0,313.8,,MEENA,,AT6897,52,,22,,,37.0,A
419169689,2026-03-31,06:11:02,92.68396,11.51895,0.0,302.6,,KONKAN DEVI,,VU1526,83,0.0,60,40.0,1.9,60.0,A
419015447,2026-03-31,13:05:56,72.69547,18.66334,0.0,183.9,29.0,ANAND MATA,IMO0789617,VU2250,30,,35,16.0,,33.0,A
419601754,2026-03-31,05:14:23,78.27559,9.02538,0.0,,,PRIYA PRINCE,,8T0618,52,,40,30.0,7.4,30.0,A
419948477,2026-03-31,02:53:40,76.02354,9.93247,0.0,224.1,226.0,SHIVA TRADER,,VU1694,38,,22,10.0,,90.0,B
419651502,2026-03-31,03:31:22,83.5894,18.05647,0.0,30.9,186.0,DURGA PRIDE,,VT8540,37,,20,,3.8,70.0,A
419397205,2026-03-31,15:04:12,73.1003,19.11311,0.0,0.8,,OCEAN STAR PRIDE,IMO0710601,VT3032,40,2.0,250,7.0,9.9,80.0,A
419536560,2026-03-31,05:00:23,78.37936,8.87287,0.0,305.4,260.0,VISHAL QUEEN,IMO3972484,ATG099,37,,60,40.0,11.8,31.0,A
419710816,2026-03-31,13:29:04,74.79501,13.11572,0.0,263.1,,MEENA QUEEN,IMO5342495,,35,1.0,18,,,,A
419157799,2026-03-31,07:42:25,69.30421,17.5287,12.8,247.6,,KAMAL PRIDE,IMO1266993,VT5476,71,,18,12.0,,,A
419832551,2026-03-31,05:45:44,78.2889,8.92458,10.7,233.3,224.0,RATNA PRIDE,IMO0866022,VU1650,37,,25,3.0,,36.0,A
419760971,2026-03-31,07:17:57,71.02842,16.93204,3.9,107.1,15.0,OSV TRISHUL,IMO4786359,VU0122,74,,14,14.0,,31.0,A
419509822,2026-03-31,02:22:36,72.77869,11.19184,0.0,62.5,,VARUNA,IMO7493834,ATG232,70,,16,32.0,,33.0,A
419322760,2026-03-31,07:32:11,86.3862,20.0762,1.9,287.9,19.0,DURGA PIONEER,IMO1299866,VT8058,79,,8,44.0,,,A
419507731,2026-03-31,19:56:07,79.27275,8.90272,15.5,130.2,,PSV RATNA,IMO3243350,8T4433,36,,18,,7.2,33.0,B
419066448,2026-03-31,13:17:14,86.43172,16.4045,14.3,185.4,256.0,MEENA III,,ATG063,37,,300,,5.0,,A
419541423,2026-03-31,19:35:29,80.15204,13.4781,0.0,80.9,87.0,MATSYA I,,,37,,150,2.0,,80.0,B
