{"type":"FeatureCollection","features":[{"type":"Feature","id":"eez_12nm.37","geometry":{"type":"MultiPolygon","coordinates":[[[[94.08188623,12.29692548],[94.08217454,12.29254914],[94.08236569,12.28816766],[94.08245959,12.28378312],[94.08248223,12.28160942],[94.08248029,12.2790903],[94.08245428,12.27689757],[94.08235361,12.27251317],[94.08215572,12.26813197],[94.08186071,12.26375606],[94.08146871,12.25938752],[94.08097992,12.25502842],[94.08039457,12.25068085],[94.07971296,12.24634687],[94.07935477,12.24422048],[94.07916805,12.24321131],[94.0787982,12.24126865],[94.07860842,12.24029823],[94.07693583,12.23196612],[94.07653385,12.2300608],[94.07569248,12.22625813],[94.07477645,12.22247219],[94.07378611,12.2187044],[94.07272184,12.21495617],[94.07158403,12.2112289],[94.07037311,12.20752399],[94.06908955,12.20384283],[94.06844212,12.20204195],[94.06764295,12.19995655],[94.06602422,12.19587031],[94.06431532,12.19181977],[94.06251706,12.18780686],[94.06063029,12.18383347],[94.05865592,12.17990151],[94.05659489,12.17601284],[94.05444818,12.17216931],[94.05337029,12.17028757],[94.05221682,12.16837275],[94.04990187,12.16462496],[94.04750444,12.16092772],[94.04502567,12.1572828],[94.04246674,12.15369191],[94.03982887,12.15015678],[94.03711332,12.14667909],[94.03432138,12.14326047],[94.03292551,12.14158843],[94.03159477,12.14006024],[94.02894145,12.13707417],[94.02622883,12.13414016],[94.02345797,12.13125936],[94.02205812,12.1298324],[94.01983579,12.12761126],[94.01810203,12.12591932],[94.01459396,12.12257666],[94.01100578,12.11931741],[94.00733955,12.11614344],[94.0055062,12.11459368],[94.00376386,12.11318764],[94.00028683,12.11044423],[93.99674989,12.10777605],[93.99421487,12.10594864],[93.99315471,12.1051844],[93.989503,12.10267049],[93.98579649,12.10023552],[93.98203696,12.09788065],[93.97822619,12.095607],[93.97632493,12.09450009],[93.97436598,12.09341564],[93.97045818,12.09130762],[93.96650464,12.08928394],[93.96250724,12.08734555],[93.95846788,12.08549339],[93.95438849,12.08372833],[93.95027098,12.08205121],[93.94611734,12.08046282],[93.94404412,12.07969534],[93.94135647,12.0787745],[93.93598121,12.07701498],[93.93328121,12.07617187],[93.92630669,12.07409814],[93.92338326,12.0732754],[93.91751285,12.07171581],[93.9097728,12.06997393],[93.90365593,12.06884143],[93.90313667,12.06874665],[93.90093659,12.06835086],[93.90025864,12.06823122],[93.89789575,12.06782329],[93.89569846,12.06746819],[93.89334631,12.06711391],[93.89239141,12.06697463],[93.8903362,12.06668459],[93.88812749,12.06639704],[93.88635584,12.0661857],[93.88443694,12.06597488],[93.88177954,12.0657079],[93.8802201,12.06568636],[93.8795483,12.06561747],[93.8783649,12.06550259],[93.8763755,12.06531725],[93.87318779,12.06509909],[93.87237998,12.06504813],[93.87090301,12.06498301],[93.87030869,12.06496009],[93.86844855,12.06490606],[93.86636189,12.06486523],[93.86458947,12.0648664],[93.86250167,12.0648783],[93.861906,12.06488756],[93.86051571,12.06493886],[93.85710727,12.06488241],[93.85552474,12.06492484],[93.85447076,12.06496114],[93.85215547,12.06506677],[93.84981298,12.06519985],[93.84811575,12.06531023],[93.84601208,12.06546435],[93.84379229,12.06565094],[93.84250673,12.06577291],[93.84080139,12.06594893],[93.8375395,12.06631284],[93.83447336,12.06670123],[93.83018099,12.06731002],[93.82787721,12.0676632],[93.82651307,12.06788804],[93.82536392,12.06801203],[93.82205551,12.06842286],[93.81876249,12.06893974],[93.81657909,12.06934263],[93.81220858,12.07019759],[93.80785803,12.07114611],[93.80352951,12.07218773],[93.79922507,12.07332198],[93.79494675,12.07454831],[93.7906966,12.07586613],[93.78647662,12.07727483],[93.78436203,12.07800624],[93.78228883,12.07877373],[93.77813521,12.08036211],[93.77401773,12.08203923],[93.76993836,12.0838043],[93.76589902,12.08565646],[93.76190165,12.08759484],[93.75794814,12.08961852],[93.75404036,12.09172654],[93.75190053,12.09291422],[93.75077477,12.09355967],[93.74525211,12.09675648],[93.74343675,12.09783254],[93.73982906,12.10002147],[93.73626823,12.10228353],[93.7327558,12.10461776],[93.73084001,12.10594864],[93.72929327,12.10702315],[93.72588214,12.10949867],[93.72334408,12.11140147],[93.72083484,12.11340838],[93.71414584,12.11893798],[93.7092498,12.12325713],[93.70602868,12.12628815],[93.70287545,12.12938756],[93.69979161,12.13255388],[93.69677863,12.13578561],[93.69383794,12.13908121],[93.69236682,12.14076707],[93.69110879,12.14227071],[93.68858537,12.14534697],[93.68733902,12.14689729],[93.68536205,12.1494067],[93.68431579,12.15075813],[93.68224661,12.1534782],[93.6802244,12.15623226],[93.67824975,12.15901955],[93.67632322,12.16183925],[93.67444536,12.16469058],[93.67261671,12.1675727],[93.67083779,12.17048481],[93.66994407,12.17197677],[93.66886617,12.17385851],[93.66671945,12.17770204],[93.66465841,12.18159071],[93.66268402,12.18552267],[93.66079724,12.18949605],[93.65899897,12.19350897],[93.65729005,12.19755951],[93.65567132,12.20164575],[93.65487214,12.20373115],[93.65444842,12.20489732],[93.65359158,12.20730221],[93.6531709,12.20850733],[93.6523788,12.21082408],[93.65178824,12.21260619],[93.65064097,12.21618093],[93.64956164,12.21977609],[93.64855062,12.22339042],[93.64760827,12.22702265],[93.64673491,12.23067154],[93.64593086,12.2343358],[93.64519639,12.23801417],[93.64483994,12.23989367],[93.64448175,12.24202006],[93.64380015,12.24635405],[93.64321482,12.25070162],[93.64272604,12.25506072],[93.64233404,12.25942926],[93.64203903,12.26380518],[93.64184115,12.26818637],[93.64174049,12.27257077],[93.64171447,12.27476351],[93.64171267,12.27710011],[93.64173532,12.27927382],[93.64182922,12.28365836],[93.64202037,12.28803985],[93.64230867,12.29241619],[93.64269401,12.29678529],[93.64317619,12.3011451],[93.64375499,12.30549352],[93.64443015,12.30982848],[93.6447984,12.31202935],[93.64516892,12.31398631],[93.64596404,12.31796636],[93.64684069,12.32192982],[93.64779852,12.32587507],[93.64829769,12.32784294],[93.64967759,12.33305812],[93.65030845,12.33533252],[93.6516243,12.33986617],[93.65304796,12.34436822],[93.65457868,12.34883619],[93.65538317,12.35109509],[93.65615763,12.35312112],[93.65777718,12.35722322],[93.65860981,12.35926555],[93.65999128,12.3625495],[93.66064249,12.36406237],[93.66197001,12.36707745],[93.6633475,12.37007079],[93.66477461,12.37304159],[93.66625094,12.37598906],[93.66777611,12.37891241],[93.66934971,12.38181086],[93.67097132,12.38468363],[93.67181091,12.38614219],[93.67292922,12.38800124],[93.67524117,12.39175192],[93.67763588,12.39545211],[93.6801122,12.39910005],[93.68266896,12.40269399],[93.68530494,12.40623223],[93.68801889,12.40971307],[93.69080952,12.41313487],[93.69224301,12.41485326],[93.6935793,12.41638787],[93.69632224,12.41947451],[93.6991287,12.42250553],[93.70199751,12.42547964],[93.70492747,12.42839563],[93.70791738,12.43125228],[93.71096598,12.43404838],[93.71407201,12.43678279],[93.71563922,12.43813441],[93.72448825,12.4456102],[93.72493138,12.44598239],[93.72581983,12.44672431],[93.72628431,12.44710986],[93.72843635,12.44883696],[93.73282667,12.45226364],[93.73731102,12.45557071],[93.74188603,12.45875567],[93.74419579,12.46031731],[93.74818556,12.46293629],[93.74957241,12.46383073],[93.75236071,12.46559736],[93.75517783,12.46731929],[93.75802304,12.46899607],[93.75946947,12.4698327],[93.76139676,12.47089949],[93.7653086,12.47301026],[93.76926643,12.47503661],[93.77326835,12.47697758],[93.77731248,12.47883224],[93.78139687,12.4805997],[93.78551958,12.48227913],[93.78967864,12.48386971],[93.79177956,12.48464718],[93.7935021,12.48524642],[93.79698304,12.48642306],[93.80048499,12.48753792],[93.80400683,12.48859063],[93.80754739,12.48958087],[93.81110554,12.49050829],[93.81468013,12.49137261],[93.81826998,12.49217355],[93.82006858,12.49255813],[93.82100278,12.49274924],[93.82253622,12.49305094],[93.82560762,12.49363125],[93.82715226,12.49391101],[93.82934744,12.49426733],[93.83375857,12.49493497],[93.8381835,12.49550782],[93.8426201,12.49598561],[93.84706628,12.49636812],[93.8515199,12.49665516],[93.85597884,12.4968466],[93.86044097,12.49694234],[93.86702619,12.49687516],[93.87572553,12.49651077],[93.88007123,12.49623749],[93.88458957,12.49585824],[93.88686455,12.49564208],[93.89140902,12.49515981],[93.89594137,12.49457783],[93.90045933,12.49389642],[93.90270776,12.49353204],[93.90490781,12.49312627],[93.90928505,12.49227007],[93.9136422,12.49132018],[93.9179772,12.49027704],[93.92228797,12.48914117],[93.92657245,12.48791309],[93.93082861,12.48659339],[93.93505441,12.48518272],[93.93714692,12.48445919],[93.93924784,12.48368172],[93.9434069,12.48209114],[93.94752961,12.48041171],[93.951614,12.47864425],[93.95565812,12.47678959],[93.95966005,12.47484862],[93.96361787,12.47282227],[93.96752971,12.4707115],[93.96945699,12.46964471],[93.97139369,12.46851732],[93.97520797,12.46624077],[93.97897075,12.46388295],[93.98268022,12.46144497],[93.98633462,12.458928],[93.9899322,12.45633324],[93.99347126,12.45366192],[93.9969501,12.45091532],[93.99865506,12.44953919],[94.00090883,12.44762401],[94.00532114,12.44376264],[94.00749886,12.44180062],[94.01558959,12.43429662],[94.01772993,12.43225253],[94.02194895,12.42810378],[94.02604287,12.42383574],[94.0300082,12.41945206],[94.03193912,12.41725422],[94.03337262,12.41553583],[94.03616328,12.41211404],[94.03887726,12.40863319],[94.04151327,12.40509495],[94.04407005,12.40150101],[94.04654639,12.39785307],[94.04894112,12.39415289],[94.05125309,12.3904022],[94.0523714,12.38854316],[94.05348121,12.38660282],[94.05562442,12.38275654],[94.0576817,12.3788652],[94.05965208,12.37493066],[94.06153462,12.37095478],[94.06332843,12.36693946],[94.0647366,12.36359068],[94.06505384,12.36290918],[94.06721011,12.35792647],[94.0692289,12.35288872],[94.07019128,12.35039021],[94.0709422,12.34828726],[94.07237298,12.34413349],[94.07371121,12.33995002],[94.07495625,12.33573883],[94.07610753,12.33150193],[94.07716449,12.32724134],[94.07812664,12.32295909],[94.07899352,12.31865722],[94.07939646,12.31653866],[94.07976472,12.31433777],[94.08043989,12.31000281],[94.0810187,12.30565439],[94.08150089,12.30129459],[94.08188623,12.29692548]],[[93.85423911,12.26692188],[93.86249995,12.26583326],[93.8671875,12.26653576],[93.87416661,12.26861095],[93.87638891,12.27083325],[93.87805545,12.27916658],[93.87805545,12.28166664],[93.87777781,12.28222215],[93.87527776,12.28361106],[93.87527776,12.28805554],[93.8671875,12.29555547],[93.86267257,12.29593444],[93.86173904,12.29574347],[93.85775065,12.29312611],[93.84890294,12.28565455],[93.84751952,12.28237152],[93.84613597,12.27715731],[93.84613597,12.27483976],[93.84692657,12.27252245],[93.84890294,12.2700119],[93.85423911,12.26692188]]],[[[94.48308111,13.46815408],[94.48317512,13.46376993],[94.48319771,13.46161928],[94.48317138,13.45938481],[94.48306991,13.45500081],[94.48287075,13.45062002],[94.48257401,13.44624453],[94.48217984,13.44187641],[94.48182101,13.43869373],[94.48176214,13.43782625],[94.4814844,13.43454637],[94.48115185,13.43127137],[94.48076458,13.42800214],[94.48055728,13.4263691],[94.47908498,13.41549829],[94.47876703,13.41333189],[94.47808304,13.40900636],[94.47772433,13.40688782],[94.47730221,13.40469247],[94.47642475,13.40039228],[94.47545171,13.39611186],[94.47438356,13.39185323],[94.47322081,13.38761841],[94.47196401,13.38340944],[94.47061378,13.37922829],[94.46917076,13.37507697],[94.46843988,13.37304593],[94.46749193,13.37059851],[94.46556073,13.36580175],[94.46350459,13.36105504],[94.46132486,13.35636151],[94.46020429,13.35402843],[94.45950812,13.35262596],[94.4586864,13.35100769],[94.45701341,13.34778586],[94.45528156,13.34459399],[94.45349144,13.34143312],[94.45260037,13.33989188],[94.45129222,13.33773745],[94.44866009,13.3335229],[94.44592307,13.32937293],[94.44308282,13.32529006],[94.44163711,13.32326571],[94.43767197,13.31785607],[94.43651631,13.31631065],[94.43417517,13.31324164],[94.43177479,13.31021686],[94.42931604,13.3072374],[94.4280932,13.30578362],[94.42661336,13.3040958],[94.42365905,13.30080065],[94.42063212,13.29756937],[94.41753402,13.29440349],[94.41436622,13.29130451],[94.41113023,13.28827392],[94.40782759,13.28531314],[94.40445988,13.28242359],[94.40278094,13.28101402],[94.40102868,13.27960663],[94.39753565,13.27686362],[94.39398243,13.27419584],[94.39037072,13.27160456],[94.38670223,13.26909103],[94.38297871,13.26665643],[94.37920207,13.264302],[94.37876448,13.26404215],[94.37529367,13.26177272],[94.37151696,13.25941821],[94.36768879,13.25714489],[94.36578051,13.25603908],[94.36381098,13.25495387],[94.35988536,13.25284617],[94.3559138,13.2508228],[94.35189819,13.24888471],[94.34784045,13.24703284],[94.34374248,13.24526805],[94.33960625,13.24359119],[94.33543372,13.24200305],[94.33335231,13.24123612],[94.33122687,13.24050439],[94.3269877,13.23909592],[94.32271821,13.2377783],[94.31842045,13.23655217],[94.3106133,13.23464652],[94.30666833,13.23384299],[94.30531748,13.23355563],[94.30354458,13.2331945],[94.30096412,13.23269207],[94.29861346,13.23226232],[94.29663298,13.23192636],[94.29442936,13.23157695],[94.29061937,13.23101438],[94.28777594,13.23063426],[94.28715495,13.23055989],[94.28494667,13.23031916],[94.28049355,13.22988143],[94.27834472,13.22983684],[94.27765605,13.22972785],[94.27622962,13.22963784],[94.27442632,13.22947916],[94.27357185,13.22942104],[94.27156143,13.22928908],[94.27049462,13.22922503],[94.26922934,13.22917318],[94.26799981,13.22912966],[94.26651243,13.22908929],[94.26454654,13.22905462],[94.26326812,13.22905626],[94.26130124,13.22906803],[94.26007044,13.22908835],[94.25886842,13.22913376],[94.25438696,13.22913539],[94.25223714,13.22920749],[94.25148814,13.2292403],[94.25010872,13.22930986],[94.24638926,13.22952197],[94.24450061,13.22964987],[94.24335796,13.22969305],[94.2373528,13.23009298],[94.23419742,13.23039439],[94.23104716,13.23074348],[94.22790278,13.23114018],[94.22476501,13.23158438],[94.22163461,13.23207599],[94.22006408,13.23233489],[94.21787142,13.23273761],[94.21348106,13.23359242],[94.20911074,13.23454079],[94.20476255,13.23558225],[94.20043854,13.23671632],[94.19614078,13.23794245],[94.19187129,13.23926007],[94.18763211,13.24066854],[94.18550667,13.24140028],[94.18342526,13.2421672],[94.17925272,13.24375534],[94.17511649,13.2454322],[94.17101853,13.24719699],[94.16696077,13.24904886],[94.16294517,13.25098695],[94.15897361,13.25301032],[94.15504799,13.25511802],[94.15307845,13.25620324],[94.15117017,13.25730905],[94.14734199,13.25958236],[94.14356529,13.26193688],[94.13984184,13.26437148],[94.13617342,13.26688502],[94.13256178,13.26947629],[94.12900863,13.27214407],[94.12551566,13.27488709],[94.12376345,13.27629447],[94.12232288,13.27750017],[94.1194234,13.2799726],[94.11657165,13.28249775],[94.11376863,13.28507476],[94.11101534,13.2877027],[94.10831272,13.29038067],[94.10566173,13.29310773],[94.10306331,13.29588291],[94.10177735,13.29728241],[94.09869735,13.30069806],[94.09786484,13.30163283],[94.09621163,13.30351237],[94.09536994,13.30448161],[94.09396948,13.30615123],[94.0911646,13.30956939],[94.08843643,13.31304662],[94.0857863,13.31658129],[94.08321545,13.3201717],[94.08072512,13.32381616],[94.0783165,13.32751292],[94.07599072,13.33126024],[94.07483019,13.33317762],[94.0737489,13.33505633],[94.07159212,13.33889938],[94.06952139,13.34278758],[94.06753771,13.34671906],[94.06564203,13.35069197],[94.06383524,13.35470442],[94.06240124,13.35808495],[94.06058699,13.36211292],[94.05886992,13.36616299],[94.05724343,13.37024875],[94.05643918,13.37233723],[94.05570831,13.37436827],[94.05426529,13.37851959],[94.05291506,13.38270074],[94.05165827,13.38690972],[94.05049553,13.39114453],[94.04942738,13.39540316],[94.04845434,13.39968359],[94.04757688,13.40398377],[94.04715476,13.40617912],[94.04682337,13.40812594],[94.04618665,13.41210699],[94.04563156,13.41609973],[94.04515833,13.42010256],[94.04476714,13.42411387],[94.04445817,13.42813205],[94.04423154,13.43215548],[94.04408735,13.43618255],[94.04403587,13.43819679],[94.04396556,13.44278782],[94.04395724,13.44349911],[94.04394575,13.44492175],[94.04394254,13.44567497],[94.04396514,13.44782567],[94.04405914,13.45220983],[94.04425084,13.45659094],[94.04454015,13.46096691],[94.04492694,13.46533565],[94.04541103,13.4696951],[94.0459922,13.47404318],[94.04667017,13.4783778],[94.04704062,13.48058215],[94.04744462,13.48269692],[94.0483152,13.48699847],[94.04928149,13.49128041],[94.05034304,13.4955407],[94.05149934,13.4997773],[94.05274986,13.5039882],[94.054094,13.5081714],[94.05553112,13.5123249],[94.05628661,13.51443102],[94.05706055,13.51644673],[94.05868156,13.52053491],[94.06039339,13.52458751],[94.06219522,13.52860259],[94.0640862,13.53257824],[94.06606543,13.53651257],[94.06813198,13.54040369],[94.07028487,13.54424977],[94.07140133,13.54619279],[94.07252306,13.54804895],[94.07484551,13.55179945],[94.0772511,13.55549945],[94.0797387,13.55914721],[94.08231652,13.56275355],[94.08583842,13.5680022],[94.08751867,13.57042893],[94.09095089,13.57523341],[94.094525,13.57993789],[94.09823796,13.58453836],[94.10014993,13.58683677],[94.10135046,13.58821191],[94.10270655,13.58973718],[94.10427151,13.59165334],[94.1058155,13.59349846],[94.10725277,13.59513889],[94.11020647,13.59843759],[94.11323311,13.60167243],[94.11633127,13.60484189],[94.11949945,13.60794444],[94.12273616,13.61097861],[94.12603985,13.61394295],[94.12940895,13.61683605],[94.13113084,13.618282],[94.13284185,13.61965653],[94.13633693,13.62240304],[94.13989251,13.62507428],[94.14350691,13.62766897],[94.1471784,13.63018586],[94.15090523,13.63262378],[94.15468563,13.63498154],[94.15851779,13.63725802],[94.16046523,13.63838633],[94.16239989,13.63945215],[94.16633008,13.64156286],[94.17030648,13.64358917],[94.1743272,13.64553009],[94.17839033,13.64738471],[94.18249392,13.64915213],[94.18663601,13.65083152],[94.19081464,13.65242208],[94.19292669,13.65319997],[94.19502781,13.65392304],[94.19927351,13.65533369],[94.20354972,13.65665336],[94.20785439,13.65788142],[94.21218548,13.65901727],[94.21654091,13.66006039],[94.22091861,13.66101027],[94.22531649,13.66186645],[94.22752758,13.66227233],[94.22973246,13.66262854],[94.23416439,13.66329616],[94.23844741,13.66385143],[94.24054741,13.66407983],[94.24288126,13.66443316],[94.24740367,13.66501757],[94.25186123,13.66549535],[94.25632841,13.66587786],[94.26080306,13.66616489],[94.26528307,13.66635633],[94.26976628,13.66645207],[94.27425056,13.66645207],[94.27873377,13.66635633],[94.28321378,13.66616489],[94.28768843,13.66587786],[94.29215561,13.66549535],[94.29661317,13.66501757],[94.30105899,13.66444473],[94.30549095,13.6637771],[94.30769583,13.66342089],[94.30990694,13.66301502],[94.31430484,13.66215883],[94.31868256,13.66120895],[94.32303802,13.66016584],[94.32736912,13.65902998],[94.33167381,13.65780192],[94.33595004,13.65648226],[94.34019576,13.6550716],[94.3422969,13.65434853],[94.34440895,13.65357064],[94.3485876,13.65198009],[94.35272972,13.6503007],[94.35683333,13.64853327],[94.36089647,13.64667865],[94.36491721,13.64473773],[94.36889364,13.64271143],[94.37282384,13.64060071],[94.37475851,13.63953489],[94.37670596,13.63840659],[94.38053814,13.6361301],[94.38431856,13.63377234],[94.38804541,13.63133443],[94.38915251,13.63057548],[94.39012106,13.62997141],[94.39384785,13.6275335],[94.3975193,13.6250166],[94.40113366,13.62242191],[94.4046892,13.61975068],[94.40818424,13.61700416],[94.40989524,13.61562963],[94.41161711,13.61418369],[94.41498617,13.61129059],[94.41828983,13.60832624],[94.4215265,13.60529207],[94.42469465,13.60218952],[94.42779276,13.59902007],[94.43081938,13.59578522],[94.43377304,13.59248652],[94.4352103,13.59084609],[94.43665236,13.58912555],[94.43945596,13.5857039],[94.4421825,13.58222321],[94.4448307,13.57868514],[94.44739929,13.57509136],[94.44988705,13.5714436],[94.4522928,13.5677436],[94.4546154,13.56399311],[94.45573718,13.56213699],[94.45685374,13.56019392],[94.45900676,13.55634785],[94.46107344,13.55245673],[94.46305281,13.54852241],[94.46494391,13.54454676],[94.46674586,13.54053168],[94.46845779,13.53647909],[94.47007891,13.53239091],[94.47085288,13.53037525],[94.47160844,13.52826909],[94.47304565,13.52411559],[94.47438987,13.5199324],[94.47564047,13.5157215],[94.47679685,13.5114849],[94.47785846,13.50722462],[94.47882481,13.50294269],[94.47969544,13.49864114],[94.48009946,13.49652642],[94.48046994,13.49432202],[94.48114795,13.4899874],[94.48172915,13.48563933],[94.48221327,13.48127989],[94.48260008,13.47691115],[94.48288941,13.47253518],[94.48308111,13.46815408]],[[94.27200842,13.46546221],[94.26781321,13.46267974],[94.26321483,13.46431363],[94.26101375,13.46013343],[94.25754488,13.45765185],[94.25367212,13.45188487],[94.25212514,13.44707143],[94.24931395,13.44571686],[94.24938035,13.44112575],[94.25198352,13.43709075],[94.25262284,13.43371725],[94.25570238,13.43029976],[94.26129985,13.43002045],[94.26315665,13.43013561],[94.26607883,13.43352556],[94.27083945,13.43501925],[94.2748028,13.44043148],[94.27549815,13.44183445],[94.27696145,13.45270646],[94.27525544,13.45427835],[94.27503633,13.45688915],[94.27516484,13.45789075],[94.27781272,13.46166122],[94.27423584,13.46221256],[94.27360237,13.46295094],[94.27200842,13.46546221]]],[[[93.2704793,13.6801948],[93.27106091,13.67584679],[93.27154535,13.6714874],[93.27193242,13.66711872],[93.27222192,13.66274282],[93.27241373,13.65836178],[93.27250775,13.6539777],[93.27253034,13.6518277],[93.27250481,13.6496296],[93.27240653,13.64531953],[93.27221376,13.64101252],[93.27192659,13.63671053],[93.27154516,13.63241556],[93.27106964,13.62812957],[93.27050027,13.62385454],[93.26983731,13.61959243],[93.26948128,13.6174582],[93.26889108,13.61414566],[93.26846187,13.61190282],[93.26755742,13.60745698],[93.26656821,13.6031017],[93.26549908,13.59884316],[93.26433527,13.59460843],[93.26307734,13.59039954],[93.26172315,13.5862106],[93.26192024,13.58415504],[93.26217641,13.58100851],[93.26238203,13.57785842],[93.2624722,13.57628259],[93.26267877,13.5720815],[93.26276877,13.5696256],[93.26288737,13.56471235],[93.262916,13.56229728],[93.26289389,13.56042247],[93.26340628,13.55980094],[93.26577133,13.55681915],[93.26807868,13.55379442],[93.27032751,13.55072782],[93.27251704,13.54762043],[93.27464649,13.54447335],[93.27599383,13.54221987],[93.27664591,13.54124046],[93.27769032,13.53965545],[93.27829427,13.53872801],[93.27881928,13.53788346],[93.28010266,13.53578733],[93.28072466,13.53477028],[93.28182836,13.53282016],[93.28288916,13.53093071],[93.28393952,13.52895385],[93.28493409,13.52703092],[93.2860603,13.52509007],[93.28803944,13.52115575],[93.28993033,13.51718009],[93.29173208,13.51316501],[93.29344383,13.50911241],[93.29506477,13.50502422],[93.29583869,13.50300848],[93.29646066,13.50128559],[93.29764637,13.4979035],[93.29877038,13.4945013],[93.29983234,13.49108007],[93.30034775,13.48936484],[93.30159348,13.48507868],[93.3022865,13.48257142],[93.30360609,13.47754021],[93.30451648,13.47376848],[93.30527758,13.46996521],[93.30555806,13.46832529],[93.30640642,13.46309978],[93.30649631,13.46253575],[93.30717424,13.45820111],[93.30775537,13.45385304],[93.30823943,13.44949358],[93.3086262,13.44512483],[93.3089155,13.44074885],[93.30910719,13.43636774],[93.30920119,13.43198358],[93.30922379,13.42983282],[93.30919746,13.42759845],[93.30909601,13.42321444],[93.30889689,13.41883364],[93.3086002,13.41445813],[93.30820609,13.41009],[93.30771474,13.40573132],[93.30712641,13.40138417],[93.30644137,13.39705061],[93.30608204,13.39492803],[93.30565995,13.39273271],[93.30478254,13.38843253],[93.30380955,13.3841521],[93.30274145,13.37989346],[93.30157876,13.37565864],[93.30032203,13.37144966],[93.29897187,13.36726851],[93.29752892,13.36311719],[93.29679807,13.36108611],[93.29599387,13.35899766],[93.29466238,13.35565277],[93.29504641,13.35131355],[93.29533563,13.34693755],[93.29552727,13.34255641],[93.29562126,13.33817221],[93.29564386,13.33602114],[93.2956209,13.33393608],[93.29553259,13.3298499],[93.29535947,13.32576632],[93.29510161,13.32168703],[93.29475911,13.31761372],[93.29433214,13.31354806],[93.29382086,13.30949175],[93.29322549,13.30544645],[93.29290682,13.30342677],[93.29279159,13.3027426],[93.29269071,13.30215454],[93.2924854,13.30097903],[93.29238824,13.30043181],[93.29196638,13.29823678],[93.29108934,13.29393655],[93.29011675,13.28965608],[93.28904909,13.28539741],[93.28788688,13.28116256],[93.28663066,13.27695353],[93.28528105,13.27277235],[93.28383868,13.26862098],[93.28310803,13.26658961],[93.28230426,13.26450142],[93.2806785,13.26041561],[93.27939525,13.25732179],[93.27796735,13.25144078],[93.27639536,13.24573383],[93.27556656,13.24289169],[93.2750255,13.24113448],[93.27414299,13.23840912],[93.27229926,13.2329841],[93.27135163,13.23032093],[93.27054801,13.22823283],[93.26892251,13.224147],[93.26720647,13.22009688],[93.26638929,13.21828104],[93.26629639,13.21426069],[93.26609749,13.20987981],[93.26580112,13.20550423],[93.2654074,13.20113602],[93.26491654,13.19677726],[93.26432877,13.19243003],[93.26364437,13.1880964],[93.26328526,13.18597312],[93.26294943,13.18420383],[93.2620993,13.17993771],[93.26092019,13.17475296],[93.25982136,13.17045883],[93.25877958,13.16669807],[93.25752389,13.16248947],[93.25617488,13.15830873],[93.25473317,13.15415779],[93.25400421,13.15213026],[93.25319947,13.15003867],[93.2515745,13.14595329],[93.24985906,13.14190362],[93.24805393,13.13789156],[93.24616002,13.13391905],[93.24417819,13.12998793],[93.24210942,13.12610012],[93.23995467,13.12225743],[93.2388753,13.12038042],[93.237715,13.11846171],[93.23539145,13.11471475],[93.23298514,13.11101833],[93.23138628,13.10867646],[93.23179485,13.10665477],[93.2321985,13.10453877],[93.2324809,13.10288444],[93.23300468,13.09965054],[93.23347463,13.09640871],[93.23389064,13.09315981],[93.23425259,13.08990469],[93.2345604,13.08664423],[93.23481398,13.08337928],[93.23501327,13.08011071],[93.23509934,13.07847563],[93.23518817,13.07647083],[93.23526149,13.07424995],[93.23535803,13.06980713],[93.23538128,13.06762586],[93.23535504,13.06539259],[93.23525384,13.06100846],[93.23505512,13.05662753],[93.23475897,13.05225189],[93.23436554,13.04788362],[93.23387503,13.04352481],[93.23328766,13.03917752],[93.23260373,13.03484383],[93.23224478,13.03272005],[93.23182357,13.03052579],[93.23094755,13.02622546],[93.22997609,13.02194489],[93.22890966,13.01768611],[93.22774878,13.01345115],[93.226494,13.00924202],[93.22514592,13.00506072],[93.22370518,13.00090925],[93.22297507,12.99887707],[93.22217248,12.99678957],[93.22054856,12.99270366],[93.21883418,12.98865343],[93.21703016,12.98464084],[93.21513738,12.98066778],[93.21315673,12.97673614],[93.21108915,12.97284779],[93.21060374,12.97198152],[93.21017671,12.96881989],[93.209493,12.96448617],[93.20913411,12.96236216],[93.20871307,12.96016811],[93.20783732,12.95586775],[93.20686615,12.95158715],[93.20580004,12.94732835],[93.20463951,12.94309336],[93.20338509,12.9388842],[93.20203741,12.93470287],[93.2005971,12.93055137],[93.19986713,12.92851898],[93.19906485,12.92643167],[93.19744139,12.92234572],[93.19572751,12.91829547],[93.19392402,12.91428285],[93.19203178,12.91030976],[93.1900517,12.90637809],[93.18965721,12.90563597],[93.18901807,12.90433334],[93.1866583,12.89981901],[93.18413494,12.89528011],[93.18284865,12.89135373],[93.18218139,12.88841188],[93.18111557,12.88415305],[93.17995534,12.87991803],[93.17870126,12.87570885],[93.17735393,12.8715275],[93.175914,12.86737597],[93.17518415,12.86534338],[93.17438215,12.86325624],[93.17275912,12.85917027],[93.17104568,12.85511999],[93.16924266,12.85110734],[93.16735091,12.84713423],[93.16537134,12.84320253],[93.16330489,12.83931413],[93.16115256,12.83547087],[93.16007278,12.83359085],[93.15891536,12.83167457],[93.15739208,12.82921506],[93.15768149,12.82636043],[93.15798868,12.82262442],[93.15822481,12.81888344],[93.15838134,12.81533137],[93.1586935,12.81459028],[93.16031005,12.81050194],[93.16108262,12.80848415],[93.16183529,12.80637996],[93.16326849,12.80222629],[93.16389067,12.80028459],[93.16441922,12.79913663],[93.16600764,12.79549725],[93.16752267,12.79182787],[93.16826175,12.78998587],[93.17151105,12.7816474],[93.17181765,12.78085047],[93.17242395,12.77925406],[93.17271071,12.77848955],[93.17346327,12.77638543],[93.17489631,12.77223176],[93.17623664,12.76804838],[93.17748363,12.76383729],[93.1786367,12.7596005],[93.17969529,12.75534002],[93.18065891,12.75105788],[93.1815271,12.74675612],[93.18193042,12.74463895],[93.18229946,12.74243679],[93.18297563,12.73810195],[93.18355528,12.73375365],[93.18403814,12.72939398],[93.18442399,12.725025],[93.18471266,12.72064879],[93.184904,12.71626745],[93.18499793,12.71188304],[93.18502057,12.70972985],[93.18499442,12.70749767],[93.18489347,12.70311341],[93.18469513,12.69873236],[93.1843995,12.6943566],[93.18400673,12.6899882],[93.18351701,12.68562926],[93.18293058,12.68128184],[93.18224772,12.67694801],[93.18188912,12.67482305],[93.18146067,12.67259011],[93.18056803,12.66821055],[93.17957654,12.66385153],[93.17848671,12.65951522],[93.17791728,12.65735301],[93.17740896,12.65550767],[93.17681403,12.65343612],[93.17557916,12.64930598],[93.17425456,12.64520274],[93.17284084,12.64112829],[93.17212472,12.63913333],[93.17132369,12.63704678],[93.16970216,12.63296072],[93.1679903,12.62891035],[93.16618893,12.62489761],[93.16490506,12.62219866],[93.16621433,12.61867892],[93.16694687,12.61663681],[93.16835593,12.61256924],[93.16966245,12.60851874],[93.17086716,12.60448984],[93.1719859,12.60043711],[93.17301817,12.5963623],[93.17396352,12.5922672],[93.17482155,12.58815359],[93.17522869,12.58609239],[93.17665937,12.57841938],[93.17685686,12.57733823],[93.17725534,12.57497208],[93.17793111,12.57063719],[93.17851043,12.56628885],[93.17899302,12.56192913],[93.17937867,12.5575601],[93.1796672,12.55318384],[93.17985846,12.54880244],[93.17995238,12.54441798],[93.17997502,12.54226423],[93.1799496,12.54006203],[93.1798514,12.53573664],[93.17965849,12.53141432],[93.17937094,12.52709708],[93.17920352,12.52494],[93.17821914,12.51383379],[93.17799801,12.51162203],[93.17750605,12.5072038],[93.17691481,12.50279734],[93.17622458,12.49840479],[93.17586156,12.49625001],[93.17535993,12.49365963],[93.17520602,12.49291793],[93.17677542,12.49200443],[93.18059005,12.48972789],[93.18435316,12.48737006],[93.18806296,12.48493208],[93.19171768,12.48241511],[93.19531559,12.47982035],[93.19885496,12.47714904],[93.20233412,12.47440244],[93.20403919,12.47302634],[93.2057514,12.47158187],[93.20910517,12.46868867],[93.21239385,12.46572423],[93.21561586,12.46268995],[93.21876968,12.45958729],[93.22185379,12.45641771],[93.22486674,12.45318274],[93.22780708,12.44988391],[93.2292397,12.44824125],[93.23067343,12.4465228],[93.23346441,12.44310101],[93.2361787,12.43962017],[93.23881502,12.43608194],[93.2413721,12.432488],[93.24384872,12.42884007],[93.24624373,12.42513988],[93.24855597,12.42138921],[93.24967437,12.41953024],[93.25006012,12.41886722],[93.25079316,12.41759611],[93.25115733,12.41695925],[93.25248553,12.41461654],[93.25346313,12.41285089],[93.25538218,12.40930073],[93.25722857,12.40571355],[93.25900155,12.40209077],[93.26070043,12.39843386],[93.26232453,12.39474427],[93.2638732,12.39102349],[93.26534582,12.387273],[93.26602802,12.38548341],[93.26657416,12.38481368],[93.26928786,12.38133283],[93.2719236,12.37779459],[93.27448012,12.37420064],[93.27695621,12.3705527],[93.27935069,12.36685251],[93.28166243,12.36310182],[93.28278067,12.36124271],[93.28355454,12.35990027],[93.2850485,12.35726162],[93.28650195,12.35460119],[93.28791455,12.35191959],[93.28861059,12.35057357],[93.28889033,12.35002241],[93.29015871,12.34743113],[93.29261949,12.34221393],[93.29492736,12.33692964],[93.29708045,12.33158258],[93.29810561,12.32892758],[93.29885645,12.32682469],[93.30028712,12.32267092],[93.30162524,12.31848743],[93.30287019,12.31427624],[93.30402138,12.31003934],[93.30507826,12.30577874],[93.30604033,12.30149649],[93.30690715,12.29719461],[93.30731008,12.29507598],[93.3076783,12.29287516],[93.30835341,12.28854019],[93.30893219,12.28419176],[93.30941434,12.27983196],[93.30956144,12.27816402],[93.30990513,12.2755817],[93.31038728,12.2712219],[93.31077258,12.26685278],[93.31106087,12.26247643],[93.311252,12.25809494],[93.3113459,12.25371039],[93.31136856,12.25155566],[93.31133881,12.2491684],[93.31122355,12.24447129],[93.31099671,12.23977812],[93.31065842,12.23509144],[93.31046144,12.23275006],[93.30964716,12.22427694],[93.31072783,12.22170552],[93.31155628,12.2196717],[93.31178645,12.2190883],[93.31256411,12.2170521],[93.31387445,12.21350306],[93.31435482,12.21215632],[93.31547332,12.20909925],[93.31744844,12.20311999],[93.31869288,12.19890877],[93.31965341,12.19537209],[93.32005347,12.19401825],[93.3212042,12.18978121],[93.32226063,12.18552059],[93.32322231,12.1812383],[93.32408876,12.17693639],[93.32449159,12.17481737],[93.32485959,12.17261691],[93.32553444,12.1682819],[93.32611299,12.16393345],[93.32659496,12.15957361],[93.32698013,12.15520446],[93.32726833,12.15082808],[93.32745942,12.14644655],[93.32755331,12.14206197],[93.32757597,12.13990686],[93.32754997,12.13767641],[93.3274494,12.13329197],[93.32725165,12.12891072],[93.32695682,12.12453477],[93.32656507,12.12016618],[93.32607657,12.11580703],[93.32549157,12.11145941],[93.32481035,12.10712538],[93.32461224,12.10594864],[93.32445229,12.10499854],[93.32403323,12.102807],[93.3231606,12.09850632],[93.32219287,12.0942254],[93.32113051,12.08996626],[93.31997402,12.08573095],[93.31872397,12.08152145],[93.31738094,12.0773398],[93.31594559,12.07318796],[93.31521723,12.07115297],[93.3144186,12.06906791],[93.3128007,12.06498163],[93.31109266,12.06093103],[93.3092953,12.05691807],[93.30740949,12.05294463],[93.30543611,12.04901262],[93.30337611,12.0451239],[93.30123047,12.04128031],[93.30015294,12.03939823],[93.29900023,12.0374837],[93.29668644,12.03373586],[93.2942902,12.03003857],[93.29181266,12.02639359],[93.289255,12.02280266],[93.28661843,12.01926748],[93.28390422,12.01578973],[93.28207452,12.0135482],[93.28155225,12.01281491],[93.27891578,12.00927972],[93.27620167,12.00580197],[93.27341122,12.0023833],[93.27201586,12.00071097],[93.27054574,11.99902535],[93.2676066,11.99572969],[93.26459521,11.99249791],[93.26376641,11.99164649],[93.26347697,11.9911279],[93.26239957,11.98924569],[93.26124715,11.98733127],[93.25893379,11.9835834],[93.25653801,11.9798861],[93.25406094,11.9762411],[93.25150376,11.97265015],[93.24886769,11.96911495],[93.24753808,11.96711868],[93.24880424,11.96323977],[93.24992825,11.95954126],[93.25097989,11.95582217],[93.25195877,11.95208389],[93.25286454,11.94832777],[93.25369686,11.94455523],[93.25409462,11.94266502],[93.25420783,11.94209977],[93.25440874,11.94106822],[93.25479962,11.9390031],[93.25498317,11.93800539],[93.25533604,11.93589989],[93.25598504,11.93175392],[93.25654602,11.92759552],[93.25702541,11.92335403],[93.25776959,11.92172585],[93.25923769,11.91848057],[93.26064728,11.91521023],[93.26199794,11.91191586],[93.26328923,11.9085985],[93.263908,11.90696669],[93.26465727,11.90486494],[93.2660858,11.90071108],[93.26742193,11.8965275],[93.26866504,11.89231621],[93.26981453,11.88807921],[93.27086987,11.88381851],[93.27183055,11.87953615],[93.27269612,11.87523417],[93.27309872,11.87311417],[93.27339337,11.87137562],[93.27394022,11.86796518],[93.27402714,11.86735528],[93.27560832,11.86358823],[93.27721929,11.8594997],[93.27799018,11.85747912],[93.27873927,11.85537751],[93.28016756,11.85122363],[93.28150346,11.84704005],[93.28274636,11.84282874],[93.28389566,11.83859173],[93.28495082,11.83433102],[93.28591134,11.83004865],[93.28677677,11.82574665],[93.28717932,11.8236265],[93.2875467,11.82142708],[93.28822077,11.81709198],[93.28879867,11.81274343],[93.28928011,11.80838349],[93.28966489,11.80401424],[93.28995281,11.79963775],[93.29014375,11.79525612],[93.29023762,11.79087143],[93.2902603,11.78871515],[93.29024378,11.78694233],[93.29018034,11.78347035],[93.29005604,11.77999998],[93.28987092,11.77653223],[93.28976317,11.77479915],[93.289473,11.77071097],[93.28925006,11.76807048],[93.28873364,11.76279619],[93.28807634,11.75753715],[93.28727863,11.752297],[93.28685109,11.74971752],[93.28643283,11.74752702],[93.28556143,11.74322622],[93.28459505,11.73894516],[93.28353417,11.7346859],[93.28237928,11.73045045],[93.28113094,11.72624083],[93.27978974,11.72205903],[93.27835634,11.71790706],[93.2776286,11.715871],[93.27698098,11.71416742],[93.27567959,11.71083608],[93.27431841,11.70752803],[93.27289788,11.70424431],[93.27141845,11.70098597],[93.26988058,11.69775401],[93.26828477,11.69454947],[93.26663151,11.69137335],[93.26579059,11.68979252],[93.26338398,11.68536432],[93.26258996,11.68393137],[93.26097844,11.68107833],[93.26017696,11.6796856],[93.25902631,11.67777186],[93.25671561,11.67402388],[93.25432258,11.67032645],[93.25184835,11.66668133],[93.2492941,11.66309027],[93.24666105,11.65955495],[93.24395045,11.65607706],[93.2411636,11.65265826],[93.23976949,11.65098521],[93.23830181,11.64930018],[93.23536646,11.64600439],[93.23235894,11.64277249],[93.22928068,11.63960599],[93.22613315,11.6365064],[93.22291785,11.63347521],[93.2196363,11.63051384],[93.21629007,11.6276237],[93.21461919,11.62621165],[93.21226997,11.62432715],[93.20755316,11.62065669],[93.2027288,11.61712476],[93.19780109,11.61373443],[93.19531195,11.61207503],[93.19413183,11.61131302],[93.19169362,11.60978684],[93.18677442,11.6068031],[93.18430942,11.60535464],[93.18235466,11.60427051],[93.17845384,11.60216236],[93.17450736,11.60013856],[93.17051709,11.59820005],[93.16648493,11.59634778],[93.1624128,11.5945826],[93.15934362,11.59331068],[93.15623398,11.5921382],[93.15508503,11.5917337],[93.15108123,11.59035068],[93.15018944,11.59003852],[93.14909537,11.58966242],[93.14599041,11.58861451],[93.14227266,11.58743766],[93.1411542,11.58710675],[93.14036048,11.58687538],[93.13721883,11.58597321],[93.13506916,11.58538097],[93.13392943,11.58508018],[93.13178228,11.5845381],[93.1286118,11.58377375],[93.12644002,11.58327489],[93.12528106,11.58302182],[93.12310999,11.58257209],[93.11991476,11.5819459],[93.11777473,11.58154985],[93.11658086,11.58134189],[93.11441006,11.58098794],[93.11139343,11.58052898],[93.10929026,11.58023107],[93.10790607,11.58004948],[93.10569958,11.57978411],[93.10286792,11.57947437],[93.10164493,11.57934795],[93.10025433,11.57921254],[93.09714164,11.57895684],[93.09260328,11.5786529],[93.08796504,11.57844668],[93.08341727,11.57834664],[93.08114171,11.5783216],[93.07909476,11.57834186],[93.07541671,11.57841464],[93.07366622,11.57846409],[93.07289755,11.57849232],[93.07060312,11.5786021],[93.0676989,11.57877339],[93.06586357,11.57889802],[93.06432965,11.57901589],[93.06211441,11.57921009],[93.05998504,11.57941985],[93.05815622,11.57961644],[93.05586416,11.57988346],[93.05365846,11.58016448],[93.05230121,11.58035226],[93.05137346,11.5804849],[93.04845018,11.58091638],[93.04571792,11.58135718],[93.04268206,11.58189242],[93.04075582,11.58225099],[93.03917107,11.58256157],[93.03680958,11.58305307],[93.0340523,11.58366062],[93.03315696,11.58386729],[93.02341803,11.58615937],[93.01914729,11.58738577],[93.01490466,11.58870368],[93.01069216,11.59011247],[93.00858183,11.59084374],[93.00651179,11.59161146],[93.00236554,11.59319995],[92.99825537,11.59487717],[92.99418323,11.59664235],[92.99015107,11.59849462],[92.9861608,11.60043313],[92.98221431,11.60245693],[92.97831349,11.60456508],[92.97635873,11.60564921],[92.97527229,11.6062762],[92.9730756,11.60756192],[92.97198133,11.60821156],[92.97152506,11.60848629],[92.96990855,11.60948016],[92.9666946,11.61149749],[92.9635194,11.61357363],[92.96039768,11.61570316],[92.95912458,11.61196981],[92.95839702,11.60993343],[92.95795889,11.6087703],[92.95709252,11.60651303],[92.95671359,11.60538556],[92.9567235,11.60314409],[92.95652628,11.59876267],[92.95623218,11.59438654],[92.95584133,11.59001778],[92.95535392,11.58565846],[92.95477019,11.58131065],[92.95409043,11.57697643],[92.95373284,11.57484786],[92.95331496,11.57265787],[92.95244415,11.568357],[92.95147842,11.56407589],[92.95041824,11.55981656],[92.94926412,11.55558105],[92.94801661,11.55137136],[92.9466763,11.5471895],[92.94524384,11.54303747],[92.94451639,11.54100088],[92.94371991,11.53891722],[92.94210524,11.53483073],[92.94060413,11.53126358],[92.9401454,11.52945031],[92.938898,11.52524061],[92.93755783,11.52105875],[92.9361255,11.5169067],[92.9353981,11.51487004],[92.935126,11.51414226],[92.93482383,11.51334356],[92.93406385,11.50959818],[92.93307396,11.50522787],[92.93198565,11.50088038],[92.93141696,11.49871261],[92.93128014,11.49821405],[92.93068905,11.49614785],[92.93050314,11.49552352],[92.93013068,11.49219106],[92.92954718,11.48784322],[92.92886766,11.48350897],[92.92851015,11.4813801],[92.92809247,11.47919037],[92.92722198,11.47488948],[92.9262566,11.47060833],[92.92519679,11.46634897],[92.92404308,11.46211342],[92.922796,11.4579037],[92.92145615,11.45372181],[92.92002419,11.44956974],[92.91929689,11.44753287],[92.91850079,11.44544946],[92.91688667,11.44136293],[92.91518263,11.4373121],[92.91338945,11.4332989],[92.91150801,11.42932522],[92.90953921,11.42539297],[92.90748397,11.421504],[92.90703316,11.42059043],[92.90773139,11.41883732],[92.90960759,11.41486127],[92.91139537,11.41084578],[92.91309389,11.40679276],[92.91470235,11.40270414],[92.91547251,11.40068223],[92.91621997,11.39858186],[92.91764604,11.39442789],[92.91897989,11.39024421],[92.92022088,11.38603281],[92.92136843,11.38179569],[92.922422,11.37753488],[92.92338108,11.3732524],[92.92424523,11.36895029],[92.92464744,11.36682867],[92.92491667,11.36524501],[92.92541839,11.36214199],[92.92587089,11.35903161],[92.92627406,11.35591463],[92.9266278,11.35279181],[92.92693203,11.34966392],[92.92718668,11.34653172],[92.92739168,11.34339597],[92.92748176,11.34182731],[92.92758672,11.33970627],[92.9276785,11.33722049],[92.9277997,11.33224745],[92.92782914,11.3297953],[92.92780333,11.3275673],[92.92770328,11.32318261],[92.9276473,11.32193707],[92.92768968,11.32012103],[92.92771669,11.31777117],[92.92769088,11.31554321],[92.92759084,11.31115851],[92.92739391,11.30677701],[92.92710018,11.30240078],[92.92670981,11.29803192],[92.92622299,11.29367251],[92.92563994,11.28932461],[92.92496095,11.28499029],[92.9246036,11.28286077],[92.92418635,11.28067162],[92.92331651,11.27637066],[92.92235185,11.27208944],[92.92129283,11.26783001],[92.92013997,11.26359439],[92.9188938,11.2593846],[92.91755494,11.25520264],[92.91612401,11.25105049],[92.91539704,11.24901303],[92.91460171,11.24693014],[92.91305834,11.24301983],[92.91445868,11.24049648],[92.91650771,11.23660495],[92.91847021,11.23267022],[92.92034524,11.22869414],[92.92213191,11.22467862],[92.92382938,11.22062557],[92.92543684,11.21653691],[92.92620672,11.21451446],[92.92695353,11.2124146],[92.92837873,11.20826059],[92.92971177,11.20407687],[92.93095201,11.19986543],[92.93209887,11.19562828],[92.9331518,11.19136742],[92.93411032,11.1870849],[92.93497396,11.18278274],[92.93537604,11.18066053],[92.93574232,11.17846301],[92.93641504,11.17412775],[92.93699181,11.16977903],[92.93747234,11.16541892],[92.93785643,11.16104949],[92.93814388,11.15667283],[92.93833457,11.15229101],[92.93842841,11.14790613],[92.93845113,11.14574771],[92.93842536,11.14352027],[92.93832542,11.13913552],[92.93812866,11.13475396],[92.93783516,11.13037768],[92.93744506,11.12600877],[92.93695857,11.12164929],[92.93637592,11.11730134],[92.93569738,11.11296697],[92.93534017,11.11083689],[92.93492328,11.10864824],[92.934054,11.10434722],[92.93308996,11.10006594],[92.93203161,11.09580645],[92.93087947,11.09157077],[92.92963408,11.08736092],[92.92829605,11.08317889],[92.92686601,11.07902669],[92.9261393,11.07698871],[92.92534464,11.07490627],[92.92373269,11.07081961],[92.9220309,11.06676864],[92.92024011,11.0627553],[92.91836116,11.05878149],[92.91639494,11.05484909],[92.91434241,11.05095999],[92.91220454,11.04711603],[92.91112951,11.04523139],[92.91000976,11.04336364],[92.90776107,11.03970345],[92.90543405,11.03609137],[92.90302974,11.03252904],[92.90054925,11.02901809],[92.8979937,11.02556009],[92.89536424,11.02215662],[92.89266207,11.01880921],[92.89128739,11.01714309],[92.88787351,11.0130951],[92.88635861,11.01134625],[92.88329395,11.00788972],[92.88022018,11.00457532],[92.87714882,11.0014086],[92.87400835,10.99830879],[92.87295852,10.99731678],[92.87305638,10.99443472],[92.87311357,10.99099602],[92.8731273,10.98931045],[92.8731003,10.98702877],[92.8729955,10.98253462],[92.87291767,10.98028812],[92.87276024,10.97686407],[92.87267195,10.97523526],[92.87246863,10.97197925],[92.87221187,10.96872693],[92.87190175,10.96547915],[92.87153834,10.96223678],[92.87112175,10.95900065],[92.87065209,10.95577163],[92.87012948,10.95255057],[92.86986085,10.95097509],[92.8694443,10.94878691],[92.86857553,10.94448583],[92.86761205,10.9402045],[92.86655432,10.93594495],[92.86540284,10.93170922],[92.86415816,10.92749931],[92.86282089,10.92331723],[92.86139166,10.91916496],[92.86066521,10.91712652],[92.85962738,10.91443203],[92.85749784,10.90913287],[92.85639508,10.90649821],[92.85613586,10.90590292],[92.8549113,10.90320105],[92.85238227,10.89783409],[92.84969453,10.89254304],[92.84685041,10.88733248],[92.84540444,10.88477334],[92.84425813,10.88286134],[92.84195395,10.87911306],[92.83956765,10.87541533],[92.83710036,10.87176992],[92.83455326,10.86817856],[92.83192758,10.86464294],[92.82922455,10.86116477],[92.82644546,10.85774568],[92.82505398,10.856071],[92.82359164,10.8543873],[92.82066446,10.85109124],[92.81766529,10.84785905],[92.81459557,10.84469227],[92.81145677,10.84159241],[92.80825036,10.83856094],[92.80497789,10.8355993],[92.80164091,10.8327089],[92.79981403,10.83116411],[92.7988987,10.83041138],[92.79708355,10.82892997],[92.79679846,10.82842978],[92.79565245,10.82651791],[92.79334871,10.82276961],[92.79096286,10.81907186],[92.7889989,10.81616954],[92.78947701,10.81292178],[92.79016284,10.80706049],[92.79067437,10.80118182],[92.79088649,10.79823879],[92.79132352,10.79059424],[92.79144598,10.78772558],[92.79160798,10.78198595],[92.79164754,10.77914836],[92.79163373,10.77752475],[92.79158071,10.77434467],[92.79147683,10.77116583],[92.7913221,10.767989],[92.79123262,10.76660731],[92.7917467,10.76500578],[92.79292854,10.7610433],[92.79349885,10.75905605],[92.79435661,10.75594583],[92.79494784,10.75370025],[92.79607769,10.74919616],[92.79710207,10.74466748],[92.79802045,10.74011662],[92.79844735,10.7378681],[92.79875278,10.73605498],[92.79931979,10.73248801],[92.79982192,10.72891155],[92.80025901,10.72532674],[92.80063092,10.72173475],[92.80093753,10.71813673],[92.80117874,10.71453384],[92.80135449,10.71092725],[92.80142598,10.70912318],[92.80155817,10.70479474],[92.80159341,10.70324445],[92.80163971,10.7001435],[92.80165079,10.69862596],[92.80162513,10.69639987],[92.80152547,10.69201499],[92.80132912,10.6876333],[92.80103618,10.68325688],[92.80064256,10.6788296],[92.8005404,10.67438177],[92.80034407,10.67000008],[92.80005115,10.66562366],[92.7996618,10.6612546],[92.79917619,10.65689498],[92.79859456,10.65254687],[92.7979172,10.64821235],[92.79756035,10.64608077],[92.79701573,10.64326603],[92.79585891,10.63771672],[92.79524098,10.63495013],[92.79465584,10.63249503],[92.7939239,10.62961506],[92.79237438,10.62387777],[92.7906543,10.61818825],[92.78876516,10.61255145],[92.78778927,10.60977597],[92.78746912,10.60891874],[92.78683184,10.6072359],[92.78589205,10.60484737],[92.78428917,10.60092222],[92.78265542,10.59714544],[92.78099068,10.59350446],[92.77925317,10.58989694],[92.77744357,10.58632428],[92.7755626,10.5827879],[92.773611,10.5792892],[92.77252498,10.57739532],[92.77233651,10.57363406],[92.77214027,10.56925234],[92.77184748,10.56487589],[92.77145828,10.5605068],[92.77097286,10.55614715],[92.77039145,10.55179902],[92.76971434,10.54746446],[92.76935756,10.54533255],[92.76891098,10.54299316],[92.76797483,10.53838862],[92.76747958,10.53609176],[92.76666201,10.53250575],[92.7662922,10.53094195],[92.76552739,10.52782038],[92.76471229,10.5247113],[92.76384713,10.5216155],[92.76293211,10.51853376],[92.76196748,10.51546689],[92.76095349,10.51241565],[92.75989039,10.50938083],[92.75935722,10.50789646],[92.75864859,10.5060293],[92.75721644,10.50236651],[92.75567314,10.4986426],[92.75401156,10.49485119],[92.75224633,10.49104264],[92.75002279,10.48649752],[92.74773646,10.48210279],[92.7453894,10.47785137],[92.74420431,10.47576412],[92.7432865,10.47422356],[92.74145282,10.47120725],[92.7395661,10.46822317],[92.73762691,10.46527224],[92.7366443,10.46380519],[92.72657919,10.44905891],[92.72506494,10.44690157],[92.72198005,10.44262671],[92.71878345,10.43843306],[92.71774659,10.43711736],[92.71682938,10.43551211],[92.71642481,10.43483143],[92.71559566,10.43316267],[92.71392691,10.42995314],[92.713078,10.42835579],[92.71017105,10.42300301],[92.7094173,10.4216404],[92.70788865,10.41892685],[92.70712794,10.41760025],[92.70598408,10.41568927],[92.70368349,10.41194083],[92.70130091,10.40824293],[92.69883747,10.40459735],[92.69629433,10.40100582],[92.69367272,10.39747004],[92.69097388,10.3939917],[92.68819909,10.39057245],[92.68680902,10.38889682],[92.68534969,10.38721391],[92.68242701,10.38391768],[92.67943247,10.38068533],[92.67636748,10.37751839],[92.67323349,10.37441838],[92.67003201,10.37138675],[92.66676456,10.36842496],[92.66343269,10.36553442],[92.66176697,10.36412051],[92.66003798,10.36271648],[92.65658205,10.35997251],[92.65306655,10.35730379],[92.64949315,10.3547116],[92.64586354,10.35219717],[92.64217945,10.34976169],[92.64020985,10.34832349],[92.64234069,10.33942127],[92.64443047,10.3306906],[92.64652052,10.32195886],[92.6486102,10.31322868],[92.65070032,10.30449664],[92.65279024,10.29576552],[92.65488004,10.28703486],[92.65697002,10.27830349],[92.65905976,10.26957315],[92.66114992,10.26084111],[92.66323991,10.25210976],[92.66532972,10.24337918],[92.6674196,10.23464834],[92.66950961,10.22591694],[92.67159959,10.21718575],[92.6736896,10.20845441],[92.67577954,10.19972339],[92.67786946,10.19099248],[92.67995947,10.1822612],[92.68204941,10.17353028],[92.68413932,10.16479945],[92.68622949,10.15606759],[92.68831936,10.14733697],[92.69040946,10.13860546],[92.69249939,10.12987465],[92.69458942,10.12114342],[92.69667939,10.11241248],[92.6987695,10.10368099],[92.69942083,10.10059462],[92.70085946,10.09495013],[92.70214751,10.08919447],[92.70294957,10.08621866],[92.70503954,10.0774878],[92.70712969,10.06875621],[92.70921963,10.06002554],[92.7113096,10.05129474],[92.71339965,10.04256363],[92.71548988,10.0338318],[92.71757982,10.02510118],[92.71967003,10.01636947],[92.72176017,10.00763805],[92.7238502,9.99890715],[92.72594025,9.99017614],[92.7280302,9.98144561],[92.73012034,9.97271429],[92.73221048,9.96398296],[92.73430059,9.95525181],[92.73639079,9.94652028],[92.73848082,9.93778953],[92.74057106,9.92905789],[92.74266123,9.92032654],[92.74475131,9.91159564],[92.74684134,9.90286492],[92.74893143,9.89413399],[92.75102182,9.88540182],[92.75311179,9.87667145],[92.755202,9.86794006],[92.75729199,9.85920961],[92.75938229,9.8504779],[92.76147261,9.84174614],[92.76356266,9.83301553],[92.76565289,9.82428416],[92.76774308,9.815553],[92.76983333,9.8068216],[92.77192337,9.79809108],[92.77401358,9.78935989],[92.77610394,9.78062811],[92.77819416,9.77189689],[92.78028434,9.76316589],[92.78237457,9.75443471],[92.78446469,9.745704],[92.78655495,9.73697271],[92.78864523,9.72824139],[92.79073533,9.71951079],[92.79282565,9.71077933],[92.7949161,9.70204735],[92.79700614,9.69331706],[92.79909647,9.68458562],[92.80118672,9.67585452],[92.80327699,9.66712337],[92.80536744,9.65839146],[92.80745756,9.64966099],[92.80954795,9.64092939],[92.81163814,9.63219862],[92.81372853,9.62346705],[92.8158188,9.61473602],[92.81790918,9.60600456],[92.81999958,9.59727301],[92.82208984,9.58854207],[92.82418005,9.57981136],[92.82627057,9.57107938],[92.82836085,9.5623484],[92.83045116,9.55361735],[92.83254136,9.54488675],[92.83463175,9.53615542],[92.83672211,9.52742417],[92.83881252,9.51869276],[92.84090294,9.50996137],[92.84299321,9.50123057],[92.84508361,9.49249928],[92.84717405,9.48376781],[92.84926454,9.47503619],[92.85135492,9.46630501],[92.85344528,9.45757397],[92.85553565,9.4488429],[92.85751536,9.44134232],[92.86176246,9.43949084],[92.86576566,9.43763614],[92.86972712,9.43569512],[92.87364495,9.43366871],[92.87751728,9.43155788],[92.87942932,9.43048865],[92.88134227,9.42936362],[92.88511809,9.427087],[92.88884294,9.42472909],[92.89251506,9.42229101],[92.89613269,9.41977394],[92.8996941,9.41717906],[92.90319761,9.41450762],[92.90664154,9.41176089],[92.90833418,9.41038071],[92.91002426,9.40894017],[92.91334415,9.40604682],[92.91659964,9.4030822],[92.91978916,9.40004774],[92.92291122,9.39694488],[92.92596431,9.3937751],[92.92894699,9.3905399],[92.93185784,9.38724084],[92.93328091,9.38559235],[92.93441854,9.3842148],[92.93677038,9.38184776],[92.93937989,9.37912111],[92.94193754,9.37634644],[92.94315707,9.37500438],[92.94401632,9.37429606],[92.94570617,9.37285556],[92.94902572,9.36996221],[92.95228088,9.36699759],[92.95547008,9.36396313],[92.95859182,9.36086027],[92.9616446,9.35769048],[92.96462697,9.35445529],[92.96753753,9.35115622],[92.96896051,9.34950767],[92.97081812,9.34724187],[92.97443887,9.34269188],[92.97621617,9.34039094],[92.98149032,9.33335479],[92.98322079,9.33097433],[92.98661096,9.32616417],[92.98985817,9.32125771],[92.99295966,9.31625912],[92.9944612,9.3137587],[92.99532875,9.31223479],[92.9970129,9.30921535],[92.99864458,9.30616764],[93.00022331,9.30309254],[93.00174865,9.29999097],[93.00322013,9.29686384],[93.00463732,9.29371207],[93.0059998,9.29053658],[93.00666732,9.28894304],[93.00833432,9.284865],[93.00902596,9.28312681],[93.01037658,9.27963795],[93.01102635,9.27791242],[93.01180609,9.27570267],[93.01329631,9.27131642],[93.01468445,9.26689724],[93.01596976,9.26244747],[93.01658661,9.26021527],[93.02225161,9.23874891],[93.02275954,9.23673995],[93.02373363,9.23271199],[93.02462396,9.22866494],[93.02521576,9.22568143],[93.02626434,9.22197276],[93.02881248,9.21198301],[93.02995759,9.20695567],[93.03016613,9.20591713],[93.03038675,9.20478462],[93.03081488,9.20251714],[93.03101754,9.20140964],[93.03138077,9.19921796],[93.03204989,9.19488225],[93.03262365,9.19053308],[93.03310177,9.1861725],[93.03348404,9.18180259],[93.03377028,9.17742544],[93.03396034,9.17304312],[93.03405415,9.16865772],[93.034077,9.16649279],[93.03405059,9.16422386],[93.03394755,9.1597437],[93.03374406,9.15526694],[93.03344023,9.15079579],[93.03326324,9.14856191],[93.03293006,9.14488109],[93.0329945,9.14186882],[93.03301735,9.13970381],[93.0330025,9.13800952],[93.03294506,9.1346778],[93.03283206,9.13134749],[93.03266355,9.1280195],[93.03243958,9.12469474],[93.0321602,9.12137412],[93.03182549,9.11805856],[93.03143555,9.11474896],[93.03122679,9.11309577],[93.03108686,9.11205742],[93.03078317,9.10997037],[93.03013182,9.10580306],[93.02978903,9.10375011],[93.02937608,9.10156729],[93.02851271,9.09726564],[93.02755516,9.09298373],[93.02650387,9.08872359],[93.02535936,9.08448726],[93.02412217,9.08027675],[93.0227929,9.07609406],[93.02137218,9.07194118],[93.02064815,9.06989728],[93.01986068,9.06782009],[93.01825914,9.06373274],[93.01656831,9.05968109],[93.01478901,9.05566706],[93.01292208,9.05169255],[93.01096841,9.04775947],[93.00892893,9.04386967],[93.00680463,9.04002501],[93.00573365,9.03813527],[93.0045965,9.03622732],[93.00230561,9.0324784],[92.99993304,9.02878003],[92.99747993,9.02513399],[92.99494744,9.02154199],[92.99274107,9.01855337],[92.9960438,9.01049133],[92.99942955,9.00222667],[93.00281522,8.99396218],[93.00620051,8.98569866],[93.0095864,8.97743365],[93.01297209,8.96916916],[93.01364522,8.96752607],[93.01539884,8.96553449],[93.0167918,8.96391829],[93.01820406,8.96220617],[93.02096393,8.95878409],[93.02364802,8.95530293],[93.02625504,8.95176437],[93.02878375,8.94817009],[93.03123296,8.94452179],[93.03360149,8.94082122],[93.03588823,8.93707013],[93.03699912,8.93520268],[93.03846957,8.93257896],[93.04130841,8.92733065],[93.0439895,8.92200097],[93.04651049,8.91659459],[93.04773066,8.91387282],[93.04810665,8.91299955],[93.04918362,8.91039811],[93.05126392,8.90516627],[93.05225842,8.90255998],[93.05289991,8.90075242],[93.05413139,8.89717398],[93.05529496,8.89357313],[93.05639018,8.88995116],[93.05692066,8.88813505],[93.05779403,8.88503648],[93.05844126,8.88262546],[93.05967532,8.87778817],[93.06078825,8.8729219],[93.06177938,8.86802966],[93.06223973,8.86560385],[93.06260248,8.86341316],[93.06327108,8.85907739],[93.06384439,8.85472815],[93.06432217,8.8503675],[93.06470418,8.84599752],[93.06494565,8.84230261],[93.06714201,8.83694139],[93.0705277,8.82867707],[93.07391325,8.82041308],[93.07729925,8.81214804],[93.08068473,8.80388424],[93.08407035,8.79562014],[93.08745638,8.78735502],[93.09084202,8.77909088],[93.09422759,8.77082693],[93.09761335,8.7625625],[93.1009991,8.75429813],[93.10438465,8.74603425],[93.10777059,8.73776943],[93.1111562,8.72950542],[93.11454204,8.72124086],[93.11792752,8.71297717],[93.12131357,8.70471212],[93.12469927,8.69644793],[93.12808513,8.68818337],[93.13147056,8.67991985],[93.13485639,8.67165537],[93.13824195,8.66339157],[93.14162817,8.65512617],[93.14477663,8.64744111],[93.14636856,8.64650286],[93.1501363,8.64422623],[93.15385318,8.64186832],[93.15751745,8.63943024],[93.16112735,8.63691315],[93.16468117,8.63431827],[93.16817722,8.63164682],[93.17161382,8.62890007],[93.17330407,8.62751888],[93.17520742,8.62588833],[93.17894736,8.62260294],[93.1807969,8.62093727],[93.19304127,8.60963284],[93.19419106,8.60855449],[93.19647357,8.60637998],[93.1987216,8.6041702],[93.20093461,8.60192568],[93.20311206,8.59964698],[93.20525341,8.59733466],[93.20735814,8.59498927],[93.20942573,8.5926114],[93.21043722,8.59142978],[93.21184753,8.58971834],[93.21460472,8.58629624],[93.21728619,8.58281507],[93.21989068,8.57927648],[93.22241695,8.57568218],[93.22486379,8.57203385],[93.22723005,8.56833325],[93.22951459,8.56458214],[93.23062491,8.5627138],[93.23171633,8.5607823],[93.23383423,8.55693555],[93.23586727,8.55304371],[93.2378145,8.54910864],[93.23967499,8.54513222],[93.24144785,8.54111633],[93.24313225,8.53706289],[93.24472738,8.53297383],[93.2454941,8.53094371],[93.2459933,8.52954531],[93.24695473,8.5267877],[93.24742538,8.52540543],[93.24906257,8.52047977],[93.24962366,8.51873869],[93.24980777,8.518149],[93.25262165,8.51636335],[93.25628473,8.51392527],[93.25989346,8.51140819],[93.26344612,8.5088133],[93.26694103,8.50614185],[93.27037652,8.5033951],[93.27206642,8.50201375],[93.27375096,8.50057437],[93.27706273,8.497681],[93.28031026,8.49471636],[93.28349201,8.49168188],[93.28660646,8.48857899],[93.28965213,8.48540918],[93.29262756,8.48217395],[93.29553135,8.47887484],[93.29695238,8.47722467],[93.29731486,8.47679196],[93.29804403,8.47591653],[93.29951287,8.47411097],[93.30225467,8.47065981],[93.30484594,8.46725157],[93.30729741,8.46388053],[93.30967824,8.46045969],[93.3119874,8.4569905],[93.31422391,8.45347446],[93.31638682,8.44991307],[93.31676741,8.44927164],[93.31843236,8.44854181],[93.3224248,8.44668711],[93.32637562,8.4447461],[93.33028293,8.44271969],[93.33414488,8.44060886],[93.33605314,8.43953886],[93.33795961,8.43841461],[93.34172532,8.43613798],[93.34544021,8.43378007],[93.34910251,8.43134199],[93.35271048,8.4288249],[93.35626239,8.42623002],[93.35975657,8.42355857],[93.36319133,8.42081182],[93.364881,8.41943035],[93.36659171,8.41796779],[93.36995504,8.41502667],[93.3744604,8.4108374],[93.37697539,8.40835141],[93.37768496,8.40767344],[93.3802133,8.40520487],[93.38098331,8.40444494],[93.38159326,8.40383648],[93.38313202,8.40226759],[93.38552936,8.39976933],[93.38700828,8.39819467],[93.38763892,8.3975086],[93.38910959,8.39587316],[93.39010402,8.3947427],[93.39204745,8.39591777],[93.39395366,8.39704198],[93.3957955,8.39807576],[93.39952293,8.40011691],[93.40329276,8.40207939],[93.40710331,8.40396231],[93.40901855,8.40488377],[93.41042656,8.40554306],[93.41249905,8.40648518],[93.41627787,8.4081519],[93.41601212,8.41015402],[93.41553029,8.41451426],[93.41514409,8.41888394],[93.4148537,8.42326096],[93.41465927,8.42764325],[93.41456089,8.43202871],[93.41453571,8.43424797],[93.41455861,8.43641527],[93.41457834,8.43733715],[93.41408316,8.43934767],[93.41312745,8.44362977],[93.41226576,8.4479316],[93.41185398,8.45011253],[93.41149851,8.45225112],[93.41082607,8.45658628],[93.41024875,8.46093502],[93.40976685,8.46529525],[93.40938058,8.46966491],[93.40909014,8.47404192],[93.40889567,8.4784242],[93.40879727,8.48280965],[93.40877208,8.48502906],[93.40879498,8.4871962],[93.4088888,8.49158175],[93.40907871,8.49596422],[93.4093646,8.50034153],[93.40974636,8.50471158],[93.41022379,8.50907229],[93.41072357,8.51286657],[93.41027296,8.51577104],[93.40969554,8.52011975],[93.40921355,8.52447997],[93.40882721,8.52884962],[93.40853671,8.53322661],[93.40847384,8.53464288],[93.40825376,8.537132],[93.40796325,8.54150899],[93.40776873,8.54589125],[93.40773259,8.54750143],[93.40758326,8.54839955],[93.40691062,8.55273468],[93.40633314,8.55708339],[93.40585109,8.5614436],[93.4054647,8.56581324],[93.40517416,8.57019022],[93.40497962,8.57457248],[93.40488116,8.57895791],[93.40485595,8.58117761],[93.40487884,8.58334444],[93.40497267,8.58772997],[93.40516259,8.59211242],[93.40544853,8.5964897],[93.40583035,8.60085973],[93.40630788,8.60522043],[93.40688089,8.60956972],[93.4075491,8.61390554],[93.40791151,8.61609549],[93.40831221,8.61822581],[93.40916985,8.62252848],[93.41012163,8.62681151],[93.41116708,8.63107285],[93.41230572,8.63531048],[93.41353701,8.63952237],[93.41486035,8.64370653],[93.41627514,8.64786095],[93.41701386,8.64995389],[93.41778069,8.65198367],[93.41937629,8.65607271],[93.42106118,8.66012614],[93.42283457,8.66414201],[93.42469561,8.66811843],[93.42664343,8.67205348],[93.42867708,8.67594531],[93.43079562,8.67979206],[93.43188752,8.68172383],[93.43299802,8.68359189],[93.43528325,8.68734299],[93.43765023,8.69104358],[93.44009781,8.69469189],[93.44262485,8.6982862],[93.44523013,8.70182477],[93.44791243,8.70530594],[93.45067046,8.70872804],[93.45208139,8.71043969],[93.45350291,8.71208943],[93.45640844,8.71538853],[93.45938566,8.71862375],[93.46243316,8.72179356],[93.46554948,8.72489644],[93.46873315,8.72793092],[93.47198264,8.73089555],[93.47529642,8.73378892],[93.47698233,8.7352286],[93.47867289,8.73660965],[93.48211046,8.7393564],[93.48560749,8.74202785],[93.48916232,8.74462273],[93.49277324,8.74713981],[93.49643855,8.74957789],[93.50015649,8.75193581],[93.50392529,8.75421243],[93.50583376,8.75533693],[93.50742846,8.75623409],[93.51065735,8.75801237],[93.51391837,8.75973166],[93.51721043,8.7613914],[93.52053243,8.76299103],[93.52388327,8.76453003],[93.52726182,8.76600786],[93.53066696,8.76742405],[93.53237604,8.76811666],[93.53447129,8.76894366],[93.53581089,8.76946146],[93.53849738,8.77047803],[93.53985286,8.77097992],[93.54192408,8.77170483],[93.54609921,8.77311553],[93.55030431,8.77443524],[93.55453738,8.77566333],[93.5587964,8.77679922],[93.56307934,8.77784237],[93.56738415,8.77879227],[93.5717088,8.77964848],[93.57388039,8.7800539],[93.5760512,8.78041058],[93.58040931,8.78107822],[93.58478103,8.78165107],[93.58916428,8.78212887],[93.59355698,8.78251138],[93.59795702,8.78279842],[93.60236233,8.78298985],[93.60677078,8.7830856],[93.61118028,8.7830856],[93.61558873,8.78298985],[93.61999404,8.78279842],[93.62439408,8.78251138],[93.62878678,8.78212887],[93.63317003,8.78165107],[93.63754175,8.78107822],[93.64189986,8.78041058],[93.64407067,8.7800539],[93.64624226,8.77964848],[93.65056691,8.77879227],[93.65487172,8.77784237],[93.65915466,8.77679922],[93.66341368,8.77566333],[93.66764675,8.77443524],[93.67185185,8.77311553],[93.67602698,8.77170483],[93.6780982,8.77097992],[93.68017015,8.77020382],[93.68427938,8.7686132],[93.68835272,8.76693374],[93.69238823,8.76516624],[93.69638397,8.76331154],[93.70033806,8.76137052],[93.7042486,8.75934411],[93.70811373,8.75723327],[93.71002313,8.75616352],[93.71193161,8.75503902],[93.71570042,8.7527624],[93.71941837,8.75040448],[93.72308368,8.7479664],[93.72669461,8.74544932],[93.73024945,8.74285444],[93.73374648,8.74018298],[93.73718406,8.73743624],[93.73887463,8.73605518],[93.74056055,8.73461551],[93.74387433,8.73172214],[93.74712383,8.72875751],[93.7503075,8.72572303],[93.75342383,8.72262015],[93.75647133,8.71945034],[93.75944856,8.71621512],[93.7623541,8.71291602],[93.76377562,8.71126628],[93.76663305,8.70771671],[93.76825199,8.70593855],[93.77115745,8.70263945],[93.77257895,8.7009897],[93.77398983,8.69927806],[93.7767478,8.69585596],[93.77943003,8.69237479],[93.78203525,8.68883622],[93.78456222,8.68524191],[93.78700975,8.6815936],[93.78937666,8.67789301],[93.79166184,8.6741419],[93.79277233,8.67227382],[93.79386419,8.67034207],[93.79598268,8.66649533],[93.79801628,8.6626035],[93.79996405,8.65866844],[93.80182505,8.65469203],[93.80359839,8.65067615],[93.80528325,8.64662272],[93.80687881,8.64253368],[93.80764563,8.64050387],[93.80844192,8.63824135],[93.80944225,8.63528657],[93.80978356,8.63437878],[93.81010619,8.63350847],[93.81067006,8.63192443],[93.81175482,8.62879416],[93.81278762,8.62564654],[93.81376819,8.62248242],[93.81469624,8.61930266],[93.81557155,8.61610811],[93.81639387,8.61289965],[93.81649388,8.61252142],[93.81790613,8.60966987],[93.8192556,8.60683351],[93.82056042,8.60397653],[93.82182025,8.60109963],[93.8230348,8.5982035],[93.82420377,8.59528886],[93.82532687,8.59235641],[93.82586843,8.59090907],[93.82660698,8.58881629],[93.82802156,8.58466186],[93.82934472,8.58047769],[93.83057583,8.57626579],[93.83171431,8.57202815],[93.83275962,8.5677668],[93.83371126,8.56348377],[93.83456879,8.55918108],[93.83496946,8.55705058],[93.83533179,8.5548608],[93.83599992,8.55052497],[93.83657285,8.54617567],[93.83705032,8.54181496],[93.83733874,8.53869751],[93.8379324,8.53416672],[93.83839653,8.52986655],[93.83876763,8.52555744],[93.83904554,8.52124137],[93.83923012,8.51692035],[93.83930096,8.51356099],[93.83978397,8.51135328],[93.84019817,8.50936355],[93.84098608,8.50537614],[93.84135531,8.5034038],[93.84179496,8.50070316],[93.8425927,8.49534184],[93.84324497,8.48996106],[93.84375132,8.48456472],[93.84396795,8.48186316],[93.84404023,8.48077761],[93.8441376,8.47910378],[93.84430428,8.47575475],[93.84441484,8.47240341],[93.84446926,8.4690507],[93.84448243,8.46740021],[93.84446151,8.46555681],[93.84601662,8.46156966],[93.84678328,8.45953935],[93.84752146,8.45744692],[93.84893559,8.45329247],[93.85025833,8.44910829],[93.85148905,8.44489637],[93.85262718,8.44065872],[93.85367216,8.43639734],[93.85462352,8.43211429],[93.85548079,8.42781158],[93.85588141,8.42568067],[93.85624357,8.42349127],[93.8569115,8.41915543],[93.85748428,8.4148061],[93.85796162,8.41044536],[93.8583433,8.40607529],[93.85862916,8.40169797],[93.85881904,8.39731548],[93.85891287,8.39292991],[93.85893578,8.39076246],[93.85889741,8.38801686],[93.85874666,8.38257262],[93.85855739,8.37859626],[93.85833734,8.37533857],[93.85807432,8.37218602],[93.85777047,8.36912789],[93.85741973,8.36607475],[93.85702218,8.36302729],[93.85657792,8.35998624],[93.85608706,8.35695231],[93.85583443,8.35546226],[93.85542281,8.3532816],[93.85456136,8.34897974],[93.8536059,8.34469762],[93.8525569,8.34043727],[93.85141485,8.33620072],[93.85018031,8.33198999],[93.84885386,8.32780707],[93.84743614,8.32365397],[93.84671288,8.32160789],[93.84592782,8.31953265],[93.84432963,8.31544508],[93.84264233,8.31139319],[93.84086672,8.30737893],[93.83900365,8.30340419],[93.83705401,8.29947087],[93.83501873,8.29558083],[93.83289878,8.29173594],[93.83182897,8.28984433],[93.83069517,8.28793801],[93.82840895,8.28418885],[93.82604121,8.28049025],[93.82359308,8.27684397],[93.82106572,8.27325173],[93.81846034,8.26971525],[93.81577818,8.26623621],[93.81302052,8.26281627],[93.81163571,8.26113638],[93.81018867,8.25945704],[93.80728398,8.25616013],[93.80430783,8.2529271],[93.80126163,8.2497595],[93.79814685,8.24665882],[93.79496495,8.24362655],[93.79171746,8.24066412],[93.78840592,8.23777293],[93.78674706,8.23635596],[93.78516757,8.23506297],[93.78200851,8.23252985],[93.77879904,8.23006044],[93.77554046,8.22765574],[93.77389906,8.22646969],[93.77021376,8.22386258],[93.76826052,8.22251493],[93.76432275,8.21986578],[93.76032353,8.21730968],[93.75964801,8.21689994],[93.76574926,8.20578118],[93.76665097,8.20410019],[93.76822283,8.20085262],[93.77008128,8.19728408],[93.77084989,8.1957714],[93.77175205,8.19385806],[93.77333765,8.19038926],[93.77371658,8.1895268],[93.77480869,8.18687199],[93.77550903,8.1851224],[93.77618319,8.18332068],[93.77767195,8.17980222],[93.77833433,8.1780392],[93.77918833,8.17560276],[93.78082164,8.17074337],[93.78249452,8.16525003],[93.78441309,8.15823485],[93.78530782,8.15471362],[93.78705736,8.14726509],[93.78766116,8.14452235],[93.78879164,8.1390211],[93.78931404,8.13628684],[93.78963708,8.13434782],[93.79023744,8.13051245],[93.79076339,8.12666625],[93.79121472,8.12281064],[93.79159126,8.11894707],[93.79187145,8.11535209],[93.79291233,8.11229168],[93.79423402,8.10810746],[93.79546377,8.10389549],[93.796601,8.09965779],[93.79764518,8.09539636],[93.7985958,8.09111325],[93.79945243,8.08681049],[93.79985293,8.08467852],[93.80014484,8.08293685],[93.80069027,8.07949694],[93.80118863,8.0759437],[93.80163767,8.07226433],[93.80205694,8.06811123],[93.80249644,8.06261422],[93.80278156,8.05722374],[93.8029186,8.05193491],[93.80295222,8.04931439],[93.80293656,8.04756734],[93.80287566,8.04412334],[93.80283041,8.04240161],[93.80264141,8.03698342],[93.80256446,8.0352222],[93.8023796,8.03170137],[93.80213284,8.02818431],[93.80182425,8.0246721],[93.80145393,8.02116583],[93.801022,8.01766656],[93.8005286,8.01417538],[93.79997387,8.01069335],[93.79968545,8.00897876],[93.79927442,8.00679911],[93.7984138,8.00249716],[93.79745926,7.99821494],[93.79641125,7.9939545],[93.79527027,7.98971785],[93.79403688,7.98550702],[93.79271166,7.98132401],[93.79129524,7.97717081],[93.7905723,7.97512373],[93.78978831,7.97304939],[93.78819157,7.96896171],[93.7865058,7.96490973],[93.78473179,7.96089536],[93.78416297,7.95954175],[93.78386625,7.95501117],[93.78349699,7.95082689],[93.7834987,7.94950555],[93.78347473,7.94725645],[93.78337664,7.94277675],[93.78318152,7.93834631],[93.78289161,7.93396918],[93.78277348,7.93263043],[93.78275036,7.93167341],[93.78252362,7.92693503],[93.78218483,7.92220329],[93.78198745,7.91983942],[93.7819382,7.91932338],[93.78172665,7.91731958],[93.78126331,7.91331659],[93.78071963,7.90932366],[93.78009581,7.90534239],[93.77976809,7.90337855],[93.77935724,7.9011992],[93.77849687,7.89689722],[93.77754259,7.89261498],[93.77649488,7.88835451],[93.77535422,7.88411783],[93.77412117,7.87990697],[93.77279632,7.87572393],[93.77138029,7.8715707],[93.77065743,7.86952331],[93.76987379,7.86744932],[93.7693461,7.86609805],[93.76881639,7.8645977],[93.76803278,7.86252378],[93.76784181,7.86203474],[93.76767268,7.86153866],[93.76694987,7.85949137],[93.76616623,7.85741733],[93.76456997,7.85332962],[93.76288469,7.8492776],[93.7611112,7.8452632],[93.75925035,7.84128832],[93.75730303,7.83735486],[93.75527016,7.83346469],[93.75315271,7.82961965],[93.75208354,7.82772689],[93.75095169,7.82582158],[93.74866815,7.82207229],[93.74630318,7.81837355],[93.74385791,7.81472712],[93.7413335,7.81113475],[93.73873115,7.80759813],[93.73605211,7.80411895],[93.73329764,7.80069887],[93.73191372,7.79901806],[93.73046906,7.7973395],[93.72756772,7.79404246],[93.72459499,7.7908093],[93.7215523,7.78764156],[93.7184411,7.78454075],[93.71526285,7.78150834],[93.71201908,7.77854578],[93.70871132,7.77565447],[93.70705364,7.77423684],[93.70534116,7.77283579],[93.70191019,7.77009108],[93.69842005,7.76742165],[93.6948724,7.76482875],[93.69126892,7.76231363],[93.68761134,7.75987748],[93.68390138,7.75752146],[93.68014082,7.75524669],[93.67825865,7.75413582],[93.67633143,7.75305425],[93.67247505,7.75094518],[93.66857349,7.74892049],[93.66462861,7.74698113],[93.66064229,7.74512804],[93.65661642,7.74336208],[93.65255292,7.7416841],[93.64845372,7.7400949],[93.64640326,7.73932543],[93.64432077,7.73859524],[93.64015603,7.73718582],[93.63596149,7.73586731],[93.63173913,7.73464035],[93.62749096,7.73350551],[93.62321901,7.73246333],[93.6189253,7.73151432],[93.61461188,7.73065892],[93.61245465,7.7302554],[93.61028079,7.72989753],[93.60593409,7.72923053],[93.6035878,7.72892256],[93.60228953,7.7276837],[93.59904617,7.72472112],[93.59573884,7.7218298],[93.5940813,7.72041209],[93.59332005,7.71981393],[93.59762178,7.71875478],[93.60184365,7.7175267],[93.60603762,7.71620701],[93.61020171,7.71479632],[93.61226852,7.71407103],[93.61433393,7.71329532],[93.61843231,7.71170472],[93.6224949,7.71002527],[93.62651976,7.70825778],[93.63050497,7.70640309],[93.63444864,7.70446209],[93.63834889,7.70243569],[93.64220385,7.70032486],[93.64410967,7.69925429],[93.6460117,7.69813062],[93.64977062,7.695854],[93.65347882,7.6934961],[93.65713453,7.69105802],[93.66073601,7.68854094],[93.66428155,7.68594606],[93.66776946,7.68327461],[93.67119807,7.68052786],[93.67288586,7.67914544],[93.67481173,7.6774911],[93.67647282,7.67602739],[93.6791152,7.67540689],[93.682345,7.67490546],[93.68394589,7.67461047],[93.68713475,7.67399623],[93.69031328,7.6733308],[93.69348063,7.67261434],[93.69604351,7.67199208],[93.69903609,7.67124262],[93.70474341,7.66972037],[93.71040352,7.66803183],[93.71601154,7.66617844],[93.71879445,7.66521343],[93.72085958,7.66443773],[93.72495749,7.66284713],[93.72901961,7.66116769],[93.73304401,7.6594002],[93.73702878,7.65754551],[93.740972,7.6556045],[93.7448718,7.65357811],[93.74872633,7.65146728],[93.750632,7.65039667],[93.75253375,7.64927304],[93.75629224,7.64699642],[93.76000002,7.64463852],[93.76365532,7.64220044],[93.7672564,7.63968337],[93.77083786,7.63706066],[93.7736959,7.63614477],[93.77785921,7.63473409],[93.77992572,7.63400877],[93.78112481,7.63356461],[93.78350246,7.63266672],[93.78468844,7.63221029],[93.78681841,7.63137512],[93.78856228,7.63067251],[93.79203658,7.62923493],[93.79548336,7.62773288],[93.79890142,7.62616689],[93.80228957,7.62453751],[93.80564663,7.6228453],[93.80897142,7.62109086],[93.8122628,7.61927479],[93.81388998,7.61835719],[93.81579155,7.61723358],[93.81954977,7.61495697],[93.82325727,7.61259906],[93.8269123,7.61016099],[93.83051311,7.60764391],[93.83405799,7.60504903],[93.83754525,7.60237758],[93.84097323,7.59963083],[93.84266082,7.59824831],[93.84434029,7.5968101],[93.84764484,7.59391672],[93.8508853,7.59095207],[93.85406013,7.58791758],[93.85716782,7.58481468],[93.85865628,7.58326217],[93.86218586,7.58142784],[93.86603975,7.57931702],[93.8679452,7.57824635],[93.86927946,7.57746379],[93.87191607,7.57589004],[93.8746257,7.57421404],[93.87742162,7.57242293],[93.88087566,7.57010831],[93.88576197,7.56668565],[93.89044232,7.56320084],[93.89492551,7.55965638],[93.89713056,7.55786184],[93.89871086,7.55651022],[93.90182093,7.55379405],[93.90487447,7.55101477],[93.90787022,7.54817357],[93.9108069,7.54527163],[93.91368328,7.54231018],[93.91649815,7.53929047],[93.91925033,7.53621376],[93.92061059,7.53466133],[93.92527163,7.52923025],[93.92561256,7.5288309],[93.9264561,7.52783654],[93.92802496,7.52593317],[93.93077514,7.52251103],[93.9334498,7.51902982],[93.9360477,7.51549119],[93.93856758,7.51189683],[93.94100826,7.50824846],[93.94336856,7.5045478],[93.94564737,7.50079662],[93.94675636,7.49892576],[93.94784361,7.49699671],[93.94995623,7.49314988],[93.95198422,7.48925796],[93.95392663,7.4853228],[93.95578253,7.48134628],[93.95755104,7.47733029],[93.95923132,7.47327675],[93.96082257,7.46918758],[93.9615885,7.46715448],[93.96232404,7.46506473],[93.96373502,7.46091016],[93.96505483,7.45672586],[93.96606776,7.45325154],[93.96928576,7.45089512],[93.9727718,7.44822367],[93.97619859,7.44547692],[93.97788583,7.4440942],[93.97956448,7.44265619],[93.98286788,7.43976281],[93.98610722,7.43679817],[93.98928095,7.43376367],[93.99238757,7.43066077],[93.99542558,7.42749094],[93.99839356,7.42425569],[94.00129008,7.42095656],[94.00270919,7.41930444],[94.00411377,7.41759512],[94.00686328,7.41417298],[94.00953731,7.41069177],[94.01213458,7.40715313],[94.01465387,7.40355877],[94.01709396,7.39991039],[94.01945371,7.39620973],[94.02173198,7.39245854],[94.02284085,7.39058742],[94.0239277,7.38865863],[94.02603983,7.38481179],[94.02806735,7.38091987],[94.0300093,7.3769847],[94.03186477,7.37300817],[94.03363288,7.36899218],[94.03531277,7.36493862],[94.03690366,7.36084944],[94.03766952,7.35881603],[94.03840479,7.35672658],[94.03981544,7.352572],[94.04113495,7.34838769],[94.0423627,7.34417562],[94.0434981,7.33993782],[94.0445406,7.3356763],[94.04548973,7.33139308],[94.04634503,7.3270902],[94.04674533,7.32495588],[94.04710609,7.32276972],[94.04777606,7.31840706],[94.04869919,7.31706811],[94.05113883,7.31341972],[94.05349813,7.30971906],[94.05577599,7.30596787],[94.05688477,7.30409654],[94.0579713,7.30216795],[94.06008303,7.29832111],[94.06211018,7.29442917],[94.06405178,7.290494],[94.06590691,7.28651747],[94.06767469,7.28250147],[94.06935428,7.2784479],[94.07094489,7.27435872],[94.0717107,7.27232507],[94.07244574,7.27023585],[94.07385615,7.26608126],[94.07517543,7.26189694],[94.07640296,7.25768486],[94.07753816,7.25344705],[94.07858049,7.24918551],[94.07952946,7.24490228],[94.08038462,7.2405994],[94.08078489,7.23846481],[94.08114556,7.2362789],[94.08181192,7.23194286],[94.08238339,7.22759333],[94.08285971,7.22323238],[94.08324064,7.2188621],[94.083526,7.21448455],[94.08371568,7.21010183],[94.08373109,7.20938196],[94.08383607,7.20842073],[94.08421699,7.20405044],[94.08450235,7.1996729],[94.08469202,7.19529017],[94.08475536,7.19233147],[94.08507168,7.19086856],[94.08581796,7.18706271],[94.08616895,7.18517754],[94.08652955,7.1829918],[94.08719585,7.17865574],[94.08776727,7.1743062],[94.08824354,7.16994525],[94.08862444,7.16557496],[94.08890979,7.1611974],[94.08899044,7.15933387],[94.08916597,7.15845052],[94.08956623,7.15631568],[94.08992679,7.15413001],[94.09059306,7.14979396],[94.09081415,7.14850966],[94.09165738,7.14759509],[94.0941004,7.14498187],[94.09649649,7.14232566],[94.09884489,7.13962731],[94.0999964,7.13828041],[94.1013997,7.13657161],[94.10414754,7.13314946],[94.10681996,7.12966824],[94.10941567,7.1261296],[94.11193344,7.12253523],[94.11437207,7.11888684],[94.11673041,7.11518616],[94.11900733,7.11143497],[94.12011592,7.10956319],[94.12145074,7.10717849],[94.12403712,7.10240666],[94.12529806,7.10000331],[94.12581633,7.09898221],[94.12649204,7.09762567],[94.12782289,7.09490257],[94.12911251,7.09215974],[94.13036058,7.0893978],[94.13156684,7.08661739],[94.132731,7.08381913],[94.1338528,7.08100366],[94.134932,7.07817162],[94.13545396,7.07677062],[94.13618915,7.07468008],[94.13760017,7.07052175],[94.13891995,7.06633364],[94.14014785,7.06211773],[94.14073875,7.06000309],[94.14224946,7.05435948],[94.14279304,7.05223632],[94.14383374,7.04797864],[94.1447813,7.04369931],[94.14563525,7.03940036],[94.14603509,7.03726714],[94.14636962,7.03524948],[94.14699099,7.03124973],[94.14753165,7.02723829],[94.14799137,7.02321679],[94.14836998,7.01918686],[94.1485311,7.01513211],[94.14870324,7.01313614],[94.14883241,7.01110449],[94.14894007,7.00909058],[94.14900751,7.00706249],[94.14905786,7.00503934],[94.14907761,7.00370394],[94.14906376,7.00061115],[94.14905958,6.99993288],[94.14905472,6.99931858],[94.14903305,6.99858116],[94.14903123,6.99792751],[94.14911481,6.9957023],[94.14901715,6.99131654],[94.14882376,6.98693394],[94.14853474,6.9825566],[94.14815023,6.9781866],[94.1476704,6.97382602],[94.1470955,6.96947693],[94.14655965,6.96586489],[94.14675585,6.96138149],[94.14684976,6.95699563],[94.14687278,6.95482357],[94.14684789,6.95260877],[94.14675025,6.94822299],[94.1465569,6.94384038],[94.14626791,6.93946303],[94.14588344,6.93509302],[94.14540367,6.93073243],[94.14482883,6.92638334],[94.1441592,6.92204781],[94.14380439,6.9199044],[94.1433951,6.91772791],[94.14253689,6.91342569],[94.14158498,6.9091432],[94.14053984,6.90488247],[94.13940195,6.90064555],[94.13817187,6.89643443],[94.13685018,6.89225113],[94.13543752,6.88809763],[94.13471539,6.88604741],[94.13393455,6.88397591],[94.132342,6.87988794],[94.13066062,6.87583565],[94.12889122,6.87182098],[94.12703463,6.86784583],[94.12509176,6.86391209],[94.12306352,6.86002164],[94.12095087,6.85617633],[94.11988281,6.85428116],[94.11908984,6.85293334],[94.11750201,6.85028183],[94.11669791,6.84896218],[94.11437394,6.84521328],[94.11340776,6.84368552],[94.11137348,6.84053635],[94.11135251,6.83791953],[94.11137554,6.83574709],[94.11135067,6.83353265],[94.11125309,6.82914685],[94.11105982,6.82476422],[94.11077094,6.82038684],[94.11038659,6.81601681],[94.10990698,6.8116562],[94.10933231,6.80730707],[94.10866288,6.80297152],[94.1083081,6.80082774],[94.10812083,6.79979871],[94.10774321,6.79778327],[94.10754926,6.79677652],[94.10611949,6.78955327],[94.10572502,6.78765652],[94.10489961,6.78387095],[94.1040014,6.78010197],[94.10303072,6.77635099],[94.10198794,6.77261939],[94.10087345,6.76890857],[94.09900106,6.7632824],[94.09610485,6.75539954],[94.09373828,6.74953521],[94.09196937,6.7455205],[94.09026371,6.74186394],[94.08866481,6.73775776],[94.08698396,6.73370544],[94.08521511,6.72969072],[94.08335911,6.72571554],[94.08141683,6.72178176],[94.07938921,6.71789127],[94.07727722,6.71404592],[94.07620929,6.7121504],[94.07529286,6.7105965],[94.07345092,6.70753634],[94.07155493,6.70450936],[94.06960549,6.70151651],[94.0686175,6.70002875],[94.06448768,6.69392807],[94.06324729,6.69213777],[94.06072803,6.68858442],[94.05944917,6.68682138],[94.05788555,6.68471416],[94.05697495,6.68350607],[94.05513569,6.68110371],[94.0532605,6.67872929],[94.05134982,6.67638333],[94.05039591,6.67522975],[94.04895663,6.67355308],[94.04606263,6.67025572],[94.04309741,6.66702225],[94.04006239,6.6638542],[94.036959,6.66075309],[94.03378874,6.65772038],[94.0305531,6.65475752],[94.02725363,6.65186592],[94.02559838,6.6504467],[94.0238704,6.64902971],[94.02163342,6.64698374],[94.018334,6.64409214],[94.01667876,6.6426729],[94.01497232,6.64127317],[94.01154997,6.63852817],[94.01062163,6.63780663],[94.00701899,6.63491373],[94.00353764,6.63224401],[93.9999989,6.62965084],[93.99640447,6.62713545],[93.99275605,6.62469904],[93.98920844,6.62244022],[93.98723847,6.62019543],[93.98427355,6.61696194],[93.98123885,6.61379388],[93.97813578,6.61069276],[93.97496585,6.60766004],[93.97173054,6.60469717],[93.96843141,6.60180555],[93.96677625,6.60038626],[93.96507001,6.59898657],[93.96164796,6.59624157],[93.95816688,6.59357184],[93.95462842,6.59097866],[93.95103428,6.58846326],[93.94738615,6.58602684],[93.94368577,6.58367056],[93.93993491,6.58139553],[93.93805601,6.58028362],[93.93613534,6.57920284],[93.93228888,6.57709353],[93.92839736,6.5750686],[93.92446261,6.57312902],[93.92048653,6.57127571],[93.91647099,6.56950955],[93.91241791,6.56783137],[93.90832921,6.56624198],[93.90628282,6.56547199],[93.90420684,6.56474214],[93.90005275,6.56333255],[93.89586893,6.56201388],[93.89165736,6.56078677],[93.88742005,6.5596518],[93.883159,6.5586095],[93.87887625,6.55766037],[93.87457383,6.55680486],[93.87242148,6.55640118],[93.87025378,6.55604338],[93.86591816,6.5553763],[93.86156904,6.55480392],[93.85720847,6.55432652],[93.85283853,6.55394433],[93.84846131,6.55365752],[93.84517564,6.55349615],[93.84188646,6.55344234],[93.83967448,6.55347074],[93.83783361,6.55341577],[93.83677468,6.55335882],[93.83315267,6.55321689],[93.83054937,6.55316184],[93.82948609,6.55314497],[93.82735938,6.55312248],[93.82629597,6.55311686],[93.82410267,6.55314078],[93.81971711,6.55323645],[93.81533467,6.55342772],[93.81095744,6.55371453],[93.80658751,6.55409672],[93.80222694,6.55457412],[93.79787782,6.55514649],[93.79354221,6.55581358],[93.79137451,6.55617138],[93.78921667,6.55657615],[93.7849033,6.55743409],[93.78060971,6.55838612],[93.77633795,6.5594318],[93.77420779,6.55997798],[93.77053569,6.56096241],[93.76952264,6.56112344],[93.76737027,6.56152712],[93.76306781,6.56238263],[93.75878502,6.56333176],[93.75452393,6.56437405],[93.75028657,6.56550903],[93.74607496,6.56673614],[93.7418911,6.5680548],[93.73773698,6.56946439],[93.73566097,6.57019425],[93.73361457,6.57096424],[93.72952583,6.57255362],[93.72547271,6.5742318],[93.72145713,6.57599796],[93.71748101,6.57785127],[93.71354623,6.57979085],[93.70965467,6.58181578],[93.70580817,6.58392509],[93.70388748,6.58500587],[93.70200857,6.58611778],[93.69825767,6.5883928],[93.69455726,6.59074909],[93.69090909,6.59318551],[93.68731491,6.5957009],[93.68377642,6.59829408],[93.6802953,6.60096381],[93.67687322,6.60370881],[93.67516696,6.6051085],[93.6735118,6.60652779],[93.67021263,6.6094194],[93.66697729,6.61238227],[93.66380732,6.61541499],[93.66070423,6.61851612],[93.6576695,6.62168418],[93.65470456,6.62491766],[93.65181083,6.62821503],[93.65037175,6.62989162],[93.64907494,6.63146872],[93.64649372,6.63467358],[93.64397859,6.63793057],[93.64153061,6.64123832],[93.6391508,6.64459545],[93.63684015,6.64800056],[93.63459964,6.65145223],[93.63243021,6.654949],[93.63136339,6.65670846],[93.62681219,6.66439057],[93.62226016,6.67207408],[93.61770812,6.67975759],[93.61315608,6.68744111],[93.60860404,6.69512463],[93.60405199,6.70280814],[93.59949995,6.71049166],[93.59494788,6.71817519],[93.59039582,6.72585871],[93.58584377,6.73354222],[93.5812917,6.74122575],[93.57673963,6.74890928],[93.57218755,6.7565928],[93.56763547,6.76427633],[93.56308339,6.77195987],[93.5585313,6.77964339],[93.55397921,6.78732692],[93.54942711,6.79501047],[93.54487502,6.802694],[93.54032291,6.81037753],[93.5357708,6.81806108],[93.5312187,6.82574461],[93.52666658,6.83342815],[93.52211445,6.84111171],[93.51756233,6.84879525],[93.51301021,6.85647879],[93.50845808,6.86416233],[93.50390594,6.87184589],[93.4993538,6.87952944],[93.49480166,6.88721299],[93.49024951,6.89489655],[93.48569822,6.90257864],[93.48542753,6.90303831],[93.48488857,6.9039591],[93.48461101,6.9044363],[93.48344028,6.90651858],[93.48113079,6.91074293],[93.4789231,6.91502131],[93.47681849,6.91935126],[93.47579211,6.92152881],[93.47207819,6.92965905],[93.46836367,6.93779061],[93.46464914,6.94592215],[93.46093461,6.95405371],[93.45722007,6.96218527],[93.45350553,6.97031682],[93.44979099,6.97844838],[93.44607644,6.98657994],[93.44236188,6.9947115],[93.43864732,7.00284307],[93.43493276,7.01097462],[93.43121819,7.01910619],[93.42750362,7.02723776],[93.42378904,7.03536933],[93.42007446,7.0435009],[93.41635988,7.05163247],[93.41264529,7.05976404],[93.40893069,7.06789561],[93.40521609,7.07602719],[93.40150149,7.08415877],[93.39778688,7.09229035],[93.39407227,7.10042192],[93.39035765,7.10855351],[93.38664303,7.11668509],[93.38292841,7.12481668],[93.37921378,7.13294826],[93.37549914,7.14107985],[93.3717845,7.14921144],[93.36806986,7.15734303],[93.36435522,7.16547462],[93.36064056,7.17360621],[93.3569259,7.18173781],[93.35321125,7.1898694],[93.34949658,7.198001],[93.34578191,7.2061326],[93.34206723,7.2142642],[93.33835256,7.2223958],[93.33463787,7.23052741],[93.33092319,7.23865901],[93.32720849,7.24679061],[93.3234938,7.25492222],[93.3197791,7.26305383],[93.31606439,7.27118544],[93.31234968,7.27931705],[93.30863497,7.28744866],[93.30492025,7.29558028],[93.30120553,7.3037119],[93.2974908,7.31184351],[93.29377607,7.31997513],[93.29006133,7.32810675],[93.28634658,7.33623838],[93.28263184,7.34437],[93.27891709,7.35250162],[93.27520234,7.36063325],[93.27148758,7.36876488],[93.26777282,7.3768965],[93.26405805,7.38502813],[93.26034328,7.39315977],[93.2566285,7.4012914],[93.25291372,7.40942303],[93.24919894,7.41755467],[93.24548414,7.42568631],[93.24176935,7.43381795],[93.23805455,7.4419496],[93.23433975,7.45008123],[93.23062494,7.45821288],[93.22691013,7.46634452],[93.22319531,7.47447617],[93.21948049,7.48260782],[93.21576567,7.49073947],[93.21205084,7.49887112],[93.208336,7.50700277],[93.20462116,7.51513442],[93.20090632,7.52326608],[93.19719147,7.53139773],[93.19347662,7.53952939],[93.18976176,7.54766105],[93.1860469,7.55579272],[93.18233203,7.56392438],[93.17861717,7.57205604],[93.17490229,7.58018771],[93.17118741,7.58831937],[93.16747253,7.59645104],[93.16375764,7.60458271],[93.16004275,7.61271438],[93.15632785,7.62084605],[93.15261295,7.62897773],[93.14889804,7.63710941],[93.14518313,7.64524108],[93.14146822,7.65337276],[93.1377533,7.66150444],[93.13403837,7.66963613],[93.13032345,7.67776781],[93.12660852,7.68589949],[93.12289358,7.69403118],[93.11917864,7.70216286],[93.11546369,7.71029455],[93.11174874,7.71842624],[93.10803379,7.72655793],[93.10431883,7.73468963],[93.10060386,7.74282132],[93.0968889,7.75095301],[93.09317392,7.75908471],[93.08945894,7.76721641],[93.08574396,7.77534812],[93.08202898,7.78347981],[93.07831399,7.79161152],[93.07459899,7.79974322],[93.07088399,7.80787492],[93.06716899,7.81600663],[93.06345398,7.82413834],[93.05973897,7.83227005],[93.05602395,7.84040176],[93.05230893,7.84853348],[93.0485939,7.85666519],[93.04487887,7.86479691],[93.04116384,7.87292862],[93.03744879,7.88106035],[93.03373375,7.88919207],[93.0300187,7.89732379],[93.02630365,7.90545551],[93.02258859,7.91358724],[93.01887353,7.92171896],[93.01515846,7.92985069],[93.01144339,7.93798242],[93.00772831,7.94611415],[93.00401323,7.95424588],[93.00029815,7.96237761],[92.99658306,7.97050935],[92.99286797,7.97864109],[92.98915287,7.98677282],[92.98543777,7.99490456],[92.98172266,8.00303632],[92.97800755,8.01116805],[92.97429243,8.01929979],[92.97057731,8.02743153],[92.96686219,8.03556328],[92.96314706,8.04369503],[92.95943193,8.05182678],[92.95571679,8.05995853],[92.95200164,8.06809029],[92.9482865,8.07622204],[92.94457134,8.08435379],[92.94085619,8.09248555],[92.93714103,8.10061731],[92.93342586,8.10874908],[92.92971069,8.11688083],[92.92599552,8.12501259],[92.92228034,8.13314436],[92.91856516,8.14127612],[92.91484997,8.14940789],[92.91113477,8.15753966],[92.90741958,8.16567143],[92.90370438,8.1738032],[92.89998917,8.18193497],[92.89627468,8.19006517],[92.89548008,8.1918501],[92.89392578,8.19543502],[92.89316609,8.19723498],[92.88977183,8.20550071],[92.88637695,8.21376791],[92.88298206,8.22203513],[92.87958718,8.23030234],[92.87619228,8.23856955],[92.87279738,8.24683677],[92.86940248,8.25510399],[92.86600758,8.2633712],[92.86261266,8.27163843],[92.85921775,8.27990565],[92.85582283,8.28817286],[92.8524279,8.2964401],[92.84903297,8.30470732],[92.84563804,8.31297454],[92.8422431,8.32124177],[92.83884815,8.329509],[92.8354532,8.33777623],[92.83205825,8.34604346],[92.82866329,8.3543107],[92.82526833,8.36257794],[92.82187336,8.37084517],[92.81847839,8.37911242],[92.81508342,8.38737965],[92.81168844,8.39564688],[92.80829345,8.40391414],[92.80489846,8.41218138],[92.80150347,8.42044862],[92.79810846,8.42871587],[92.79471346,8.43698312],[92.79131846,8.44525036],[92.78792344,8.45351762],[92.78452842,8.46178488],[92.7811334,8.47005212],[92.77773837,8.47831938],[92.77434334,8.48658664],[92.77094831,8.49485389],[92.76755326,8.50312115],[92.76415822,8.51138842],[92.76076317,8.51965567],[92.75736811,8.52792294],[92.75397305,8.53619021],[92.75057799,8.54445746],[92.74718292,8.55272474],[92.74378785,8.56099201],[92.74039277,8.56925928],[92.73699769,8.57752655],[92.7336026,8.58579383],[92.73020751,8.5940611],[92.72681241,8.60232837],[92.72341731,8.61059566],[92.7200222,8.61886294],[92.7166271,8.62713021],[92.71323198,8.6353975],[92.70983686,8.64366478],[92.70644174,8.65193206],[92.70304661,8.66019935],[92.69965147,8.66846664],[92.69625634,8.67673392],[92.69286119,8.68500122],[92.68946604,8.69326851],[92.68877455,8.69525905],[92.68739629,8.69838511],[92.68607089,8.7015358],[92.68463076,8.70514154],[92.68267574,8.7098031],[92.68007623,8.71613297],[92.67826977,8.71909183],[92.67713407,8.72099909],[92.67606361,8.72288962],[92.67394119,8.72673438],[92.67190354,8.73062428],[92.66995162,8.73455747],[92.66808637,8.73853207],[92.66630867,8.74254621],[92.66461937,8.74659796],[92.66301928,8.7506854],[92.66223286,8.75276177],[92.66150917,8.75480659],[92.66008975,8.75895957],[92.6587617,8.76314236],[92.65752566,8.76735296],[92.65638222,8.77158939],[92.65533193,8.77584962],[92.65506932,8.77702508],[92.65211912,8.78420882],[92.64872391,8.79247612],[92.64532871,8.80074343],[92.64193349,8.80901075],[92.63853828,8.81727806],[92.63514306,8.82554537],[92.63174783,8.83381269],[92.6283526,8.84208001],[92.62495737,8.85034732],[92.62156213,8.85861464],[92.61816688,8.86688197],[92.61477163,8.87514929],[92.61137638,8.88341661],[92.60798111,8.89168394],[92.60458585,8.89995127],[92.60119059,8.90821859],[92.59779531,8.91648593],[92.59440003,8.92475326],[92.59100476,8.93302058],[92.58760947,8.94128792],[92.58421417,8.94955526],[92.58081888,8.95782259],[92.57742358,8.96608994],[92.57402827,8.97435728],[92.57063297,8.98262461],[92.56723765,8.99089196],[92.56384233,8.9991593],[92.56044701,9.00742664],[92.55705168,9.015694],[92.55365635,9.02396134],[92.55111896,9.03013966],[92.55032304,9.0315441],[92.54819878,9.03538876],[92.54615936,9.03927856],[92.54420574,9.04321165],[92.54233885,9.04718616],[92.54055959,9.05120019],[92.5388688,9.05525185],[92.53724316,9.05940247],[92.53548065,9.06304611],[92.53370131,9.06706014],[92.53201045,9.07111179],[92.53040887,9.07519913],[92.52962138,9.07727635],[92.52901604,9.07897531],[92.52781876,9.0824338],[92.52668494,9.08591336],[92.52561498,9.08941283],[92.52460921,9.09293107],[92.52366797,9.0964669],[92.52279158,9.10001917],[92.52198033,9.10358669],[92.52144744,9.10607623],[92.52039078,9.11133901],[92.52026374,9.11188695],[92.52010991,9.11257298],[92.51846175,9.11925661],[92.51832596,9.11981412],[92.5162254,9.12854705],[92.51412471,9.13728054],[92.512024,9.14601405],[92.5099233,9.15474754],[92.50782259,9.16348103],[92.50572187,9.17221453],[92.50362115,9.18094802],[92.50152043,9.18968151],[92.49941969,9.19841502],[92.49731896,9.20714852],[92.49521822,9.21588202],[92.49311747,9.22461552],[92.49101672,9.23334902],[92.48891597,9.24208252],[92.48681521,9.25081602],[92.48471444,9.25954954],[92.48261367,9.26828304],[92.48051289,9.27701655],[92.47841211,9.28575006],[92.47631133,9.29448356],[92.47421053,9.30321707],[92.47210974,9.31195059],[92.47000893,9.3206841],[92.46790813,9.32941762],[92.46580732,9.33815113],[92.4637065,9.34688464],[92.46160568,9.35561816],[92.45950485,9.36435169],[92.45740402,9.3730852],[92.45530318,9.38181872],[92.45320234,9.39055225],[92.4511015,9.39928577],[92.44900065,9.40801928],[92.44689979,9.41675281],[92.44479892,9.42548634],[92.44269806,9.43421987],[92.44059719,9.4429534],[92.43849631,9.45168693],[92.43639543,9.46042044],[92.43429454,9.46915398],[92.43219365,9.47788752],[92.43009275,9.48662105],[92.42799185,9.49535458],[92.42589094,9.50408812],[92.42379003,9.51282165],[92.42168911,9.52155518],[92.41958819,9.53028873],[92.41748726,9.53902227],[92.41538633,9.54775581],[92.41328539,9.55648935],[92.41118445,9.5652229],[92.4090835,9.57395643],[92.40698255,9.58268997],[92.40488159,9.59142353],[92.40278062,9.60015708],[92.40067966,9.60889062],[92.39857868,9.61762417],[92.39647771,9.62635771],[92.39437672,9.63509127],[92.39227573,9.64382483],[92.39017474,9.65255838],[92.38807374,9.66129193],[92.38597274,9.67002549],[92.38387173,9.67875904],[92.38177071,9.68749259],[92.37966969,9.69622616],[92.37756867,9.70495972],[92.37546764,9.71369328],[92.37336661,9.72242684],[92.37126557,9.7311604],[92.36916453,9.73989396],[92.36706348,9.74862753],[92.36496242,9.7573611],[92.36286136,9.76609467],[92.36076029,9.77482823],[92.35865923,9.7835618],[92.35655815,9.79229536],[92.35445707,9.80102894],[92.35235599,9.80976252],[92.3502549,9.81849609],[92.3481538,9.82722966],[92.3460527,9.83596324],[92.3439516,9.84469681],[92.34185049,9.85343038],[92.33974937,9.86216397],[92.33764825,9.87089755],[92.33554712,9.87963113],[92.33344599,9.88836471],[92.33134486,9.8970983],[92.32924372,9.90583187],[92.32714257,9.91456545],[92.32504142,9.92329905],[92.32294026,9.93203264],[92.3208391,9.94076622],[92.31873793,9.94949982],[92.31663677,9.9582334],[92.31453559,9.96696699],[92.3124344,9.97570059],[92.31033322,9.98443418],[92.30823203,9.99316778],[92.30613083,10.00190137],[92.30402963,10.01063496],[92.30192842,10.01936856],[92.29982721,10.02810216],[92.29772599,10.03683576],[92.29562477,10.04556936],[92.29352354,10.05430297],[92.29142231,10.06303657],[92.28932107,10.07177016],[92.28721983,10.08050377],[92.28511858,10.08923738],[92.28301733,10.09797099],[92.28091607,10.1067046],[92.2788148,10.11543821],[92.27671354,10.12417181],[92.27461226,10.13290542],[92.27251098,10.14163904],[92.2704097,10.15037265],[92.26830841,10.15910627],[92.26620712,10.16783989],[92.26410582,10.17657349],[92.26200452,10.18530711],[92.2599032,10.19404074],[92.25780189,10.20277436],[92.25570057,10.21150798],[92.25359925,10.2202416],[92.25149792,10.22897522],[92.24939659,10.23770884],[92.24729524,10.24644246],[92.2451939,10.2551761],[92.24309255,10.26390973],[92.24099119,10.27264335],[92.23888983,10.28137698],[92.23678847,10.2901106],[92.2346871,10.29884423],[92.23258572,10.30757787],[92.23048434,10.31631151],[92.22838295,10.32504514],[92.22628156,10.33377878],[92.22418017,10.34251241],[92.22207877,10.35124605],[92.21997736,10.35997969],[92.21787595,10.36871333],[92.21577453,10.37744697],[92.21367311,10.38618061],[92.21157168,10.39491426],[92.20947025,10.40364789],[92.20736881,10.41238154],[92.20526737,10.42111519],[92.20316592,10.42984884],[92.20106447,10.43858249],[92.19896301,10.44731614],[92.19776036,10.45231432],[92.19568003,10.45685935],[92.19368261,10.46153352],[92.19180498,10.46625608],[92.19088567,10.46865782],[92.19015987,10.4706976],[92.18873285,10.47485002],[92.18739766,10.47903226],[92.18615493,10.48324232],[92.18500526,10.48747821],[92.1839492,10.49173791],[92.18298725,10.49601939],[92.18211988,10.50032061],[92.18184544,10.50176465],[92.18065635,10.50472537],[92.17732776,10.51301328],[92.17399917,10.5213012],[92.17067057,10.52958911],[92.16734197,10.53787703],[92.16401336,10.54616494],[92.16068475,10.55445286],[92.15735613,10.56274078],[92.15402751,10.5710287],[92.15069888,10.57931662],[92.14737025,10.58760453],[92.14404162,10.59589246],[92.14071297,10.60418039],[92.13738433,10.61246832],[92.13405567,10.62075625],[92.13072702,10.62904418],[92.12739836,10.63733211],[92.12406969,10.64562004],[92.12074103,10.65390797],[92.11741235,10.66219591],[92.11408367,10.67048385],[92.11075499,10.67877178],[92.1074263,10.68705971],[92.1040976,10.69534766],[92.10076891,10.70363561],[92.0974402,10.71192355],[92.0941115,10.72021149],[92.09078278,10.72849944],[92.08745407,10.73678739],[92.08412534,10.74507534],[92.08079662,10.75336329],[92.07746788,10.76165124],[92.07413915,10.76993919],[92.07081041,10.77822714],[92.06748166,10.78651511],[92.06415291,10.79480306],[92.06082415,10.80309102],[92.05749539,10.81137898],[92.05416663,10.81966694],[92.05083786,10.82795491],[92.04750908,10.83624287],[92.0441803,10.84453084],[92.04085152,10.85281879],[92.03752273,10.86110676],[92.03419393,10.86939474],[92.03086514,10.87768272],[92.02753633,10.88597069],[92.02420752,10.89425866],[92.02087949,10.90254471],[92.02035978,10.90386569],[92.01933924,10.9065148],[92.01882736,10.90787286],[92.01810092,10.90991133],[92.01667173,10.9140636],[92.01533451,10.91824569],[92.01408987,10.9224556],[92.01293843,10.92669134],[92.01188073,10.93095088],[92.01091728,10.93523222],[92.01004855,10.9395333],[92.00963201,10.94172145],[92.00931559,10.94359444],[92.00870808,10.94741207],[92.00817492,10.95124052],[92.00771631,10.95507839],[92.00733244,10.95892426],[92.00702343,10.96277671],[92.00678942,10.96663432],[92.00663048,10.97049565],[92.0065698,10.97242706],[92.00637576,10.98137311],[92.00618173,10.99031926],[92.00598768,10.99926542],[92.00579364,11.00821157],[92.00559958,11.01715771],[92.00540552,11.02610387],[92.00521146,11.03505003],[92.00501739,11.04399617],[92.00482331,11.05294233],[92.00462923,11.06188849],[92.00443515,11.07083464],[92.00424106,11.07978079],[92.00404696,11.08872693],[92.00385286,11.0976731],[92.00365875,11.10661925],[92.00346464,11.11556541],[92.00327052,11.12451156],[92.0030764,11.1334577],[92.00288227,11.14240387],[92.00268814,11.15135002],[92.002494,11.16029618],[92.00229986,11.16924233],[92.00210571,11.17818847],[92.00191155,11.18713464],[92.00171739,11.19608079],[92.00152323,11.20502694],[92.00132906,11.2139731],[92.00113488,11.22291926],[92.0009407,11.23186541],[92.00074651,11.24081157],[92.00055232,11.24975771],[92.00035812,11.25870388],[92.00016392,11.26765003],[91.99996971,11.27659619],[91.9997755,11.28554234],[91.99958128,11.29448849],[91.99938706,11.30343466],[91.99919283,11.31238081],[91.9989986,11.32132696],[91.99880436,11.33027312],[91.99861011,11.33921928],[91.99841586,11.34816544],[91.9982216,11.35711159],[91.99802734,11.36605774],[91.99783308,11.37500391],[91.9976388,11.38395006],[91.99744453,11.39289622],[91.99725025,11.40184238],[91.99705596,11.41078852],[91.99686166,11.41973469],[91.99666737,11.42868085],[91.99647306,11.437627],[91.99627875,11.44657316],[91.99608444,11.45551931],[91.99589012,11.46446548],[91.99569579,11.47341163],[91.99550146,11.48235778],[91.99530713,11.49130395],[91.99511278,11.50025011],[91.99491844,11.50919627],[91.99472409,11.51814242],[91.99452973,11.52708857],[91.99433537,11.53603474],[91.994141,11.5449809],[91.99394662,11.55392706],[91.99375225,11.56287322],[91.99355786,11.57181937],[91.99336347,11.58076541],[91.99334633,11.58180602],[91.99332296,11.58388741],[91.99331672,11.58496408],[91.99333941,11.58712104],[91.99343327,11.59150579],[91.99362413,11.59588748],[91.9939119,11.60026402],[91.99429645,11.60463333],[91.9947776,11.60899333],[91.99535513,11.61334193],[91.99602877,11.61767708],[91.99639579,11.6198759],[91.99679819,11.62199671],[91.99766304,11.62629876],[91.99862291,11.63058118],[91.99967735,11.63484194],[92.00082586,11.639079],[92.0020679,11.64329034],[92.00340288,11.64747397],[92.00483016,11.65162789],[92.00557852,11.65372895],[92.00653952,11.65623014],[92.00855387,11.66126931],[92.0107053,11.66625314],[92.01299225,11.67117802],[92.0141694,11.67362525],[92.01817068,11.68166181],[92.02217094,11.68969632],[92.02617118,11.6977308],[92.03017187,11.70576619],[92.03417206,11.7138006],[92.03817222,11.72183494],[92.04217245,11.72986944],[92.04617267,11.7379039],[92.05017274,11.74593809],[92.05417313,11.75397292],[92.05817313,11.762007],[92.06217353,11.77004188],[92.06617367,11.77807623],[92.07017421,11.78611139],[92.07417402,11.79414511],[92.07817469,11.80218057],[92.08217496,11.81021521],[92.08617483,11.81824908],[92.09017536,11.82628426],[92.0941756,11.83431887],[92.09817546,11.84235274],[92.10217551,11.85038698],[92.10617571,11.85842155],[92.11017613,11.86645654],[92.11417637,11.87449121],[92.11817642,11.88252548],[92.12217667,11.89056017],[92.12617667,11.89859438],[92.13017698,11.9066292],[92.13417713,11.91466371],[92.13817701,11.92269768],[92.13983844,11.92587105],[92.1421775,11.9307329],[92.1437191,11.93376433],[92.14531078,11.93676662],[92.14617707,11.93876627],[92.15017718,11.94680074],[92.15417787,11.95483637],[92.15817811,11.96287113],[92.16217782,11.9709048],[92.16617841,11.97894025],[92.17017795,11.98697362],[92.17417877,11.99500955],[92.17817817,12.00304264],[92.18217833,12.01107728],[92.18617868,12.01911229],[92.19017862,12.02714649],[92.19417852,12.03518062],[92.19817853,12.04321497],[92.20217893,12.05125012],[92.20617918,12.05928499],[92.21017882,12.06731863],[92.21417907,12.07535349],[92.21817947,12.08338869],[92.22217931,12.09142274],[92.2261791,12.09945671],[92.22941117,12.10594864],[92.23017904,12.107491],[92.2341792,12.11552572],[92.23817925,12.12356023],[92.24217925,12.13159466],[92.24617916,12.13962891],[92.25017901,12.14766305],[92.25417956,12.1556986],[92.25817941,12.16373277],[92.26217902,12.17176644],[92.26617905,12.17980097],[92.27017948,12.18783632],[92.27417954,12.19587092],[92.27817932,12.20390497],[92.28217913,12.21193909],[92.28617909,12.21997354],[92.29017887,12.22800761],[92.29417917,12.23604275],[92.29817886,12.24407666],[92.30217922,12.25211191],[92.30617893,12.2601459],[92.31017886,12.26818031],[92.31417884,12.27621483],[92.31817861,12.28424895],[92.32217846,12.29228323],[92.32617868,12.30031825],[92.33017848,12.30835246],[92.33417836,12.31638681],[92.33817817,12.32442105],[92.34217829,12.33245592],[92.34617787,12.34048971],[92.35017831,12.34852523],[92.35417807,12.35655939],[92.35817785,12.36459361],[92.36217766,12.37262788],[92.36617731,12.38066185],[92.37017763,12.38869716],[92.37417716,12.3967309],[92.37817713,12.40476555],[92.38217732,12.41280063],[92.38617695,12.4208346],[92.39017669,12.42886879],[92.39417636,12.43690284],[92.39817653,12.44493793],[92.40217605,12.45297169],[92.40617614,12.46100664],[92.41017556,12.46904022],[92.41417547,12.47707481],[92.41817551,12.48510966],[92.42217575,12.49314493],[92.42617537,12.50117896],[92.43017507,12.50921315],[92.43417453,12.51724687],[92.43817441,12.52528143],[92.44217425,12.53331594],[92.44617413,12.54135053],[92.45017426,12.54938563],[92.45417402,12.55742],[92.45817333,12.56545346],[92.46217311,12.57348786],[92.46247322,12.57429225],[92.46192011,12.58324111],[92.46137254,12.59210034],[92.46082496,12.60095958],[92.46027737,12.6098188],[92.45972978,12.61867803],[92.45918218,12.62753726],[92.45863458,12.63639649],[92.45808697,12.64525573],[92.45753936,12.65411495],[92.45699174,12.66297418],[92.45644412,12.67183343],[92.45589649,12.68069265],[92.45534886,12.68955188],[92.45480122,12.69841113],[92.45425357,12.70727035],[92.45370592,12.71612958],[92.45315827,12.72498883],[92.45260022,12.73402097],[92.45240859,12.73730296],[92.45181507,12.74053867],[92.45125899,12.74393134],[92.45084,12.74717483],[92.45035014,12.75153375],[92.44995726,12.75590212],[92.44966154,12.76027787],[92.44946314,12.7646589],[92.44936214,12.76904313],[92.44933598,12.7712755],[92.44935861,12.77342849],[92.44945255,12.77781287],[92.4496622,12.78154139],[92.44932453,12.78700346],[92.44877683,12.79586271],[92.44822913,12.80472193],[92.44768142,12.81358117],[92.44713371,12.82244022],[92.44702959,12.82459415],[92.44662479,12.82670944],[92.44626604,12.8288339],[92.44558273,12.83316767],[92.44499591,12.83751504],[92.44450585,12.84187393],[92.4441128,12.84624226],[92.44381696,12.85061798],[92.44361845,12.85499898],[92.4435174,12.85938318],[92.44349122,12.86161583],[92.44351384,12.8637685],[92.44360779,12.86815286],[92.4437992,12.87253416],[92.444088,12.87691032],[92.44447404,12.88127925],[92.44495715,12.88563888],[92.4455371,12.88998713],[92.44621362,12.89432193],[92.44658295,12.89652454],[92.44698641,12.89864121],[92.44785508,12.90294293],[92.44881924,12.90722503],[92.44987842,12.91148547],[92.45103214,12.91572223],[92.4516832,12.91802804],[92.4530985,12.92692432],[92.45448019,12.93559816],[92.45586193,12.94427235],[92.45724364,12.95294642],[92.45862536,12.96162052],[92.46000705,12.97029455],[92.46138872,12.97896844],[92.46277038,12.98764225],[92.46415211,12.99631658],[92.46553384,13.00499094],[92.46691549,13.01366481],[92.4682972,13.02233913],[92.46967889,13.03101336],[92.47106048,13.03968694],[92.47244212,13.0483609],[92.47382378,13.05703504],[92.47520542,13.06570901],[92.47658709,13.07438325],[92.4779687,13.08305715],[92.47935031,13.09173107],[92.4807319,13.10040494],[92.48211361,13.10907954],[92.48349537,13.11775452],[92.48364904,13.11869025],[92.48396537,13.12056026],[92.48413512,13.12153407],[92.48452255,13.1235695],[92.48535596,13.12771086],[92.48627794,13.13183415],[92.4872881,13.13593755],[92.48838599,13.14001925],[92.48957113,13.14407745],[92.490843,13.14811036],[92.49220105,13.1521162],[92.49290154,13.15411212],[92.4959645,13.16254987],[92.49902652,13.17098504],[92.50208852,13.17942018],[92.5051508,13.18785609],[92.5082127,13.19629098],[92.51127477,13.20472632],[92.51433667,13.21316125],[92.51739906,13.22159752],[92.52046097,13.23003249],[92.52352289,13.23846747],[92.5265848,13.24690248],[92.52964691,13.25533801],[92.532709,13.26377353],[92.53577077,13.27220816],[92.53883299,13.28064406],[92.54189506,13.28907954],[92.54495709,13.29751494],[92.5480191,13.3059503],[92.55108107,13.31438555],[92.55414303,13.32282078],[92.55720514,13.33125646],[92.5602668,13.33969089],[92.56332901,13.34812686],[92.56639089,13.35656193],[92.56945298,13.3649976],[92.57251485,13.37343266],[92.5755767,13.38186768],[92.57863875,13.39030328],[92.58170055,13.39873819],[92.5847627,13.40717409],[92.58782462,13.41560935],[92.59088638,13.4240442],[92.59394834,13.43247962],[92.59701027,13.44091494],[92.60007206,13.44934991],[92.60313423,13.45778593],[92.6061958,13.46622033],[92.60925774,13.47465573],[92.61231971,13.48309124],[92.61544243,13.49169322],[92.61581135,13.49269821],[92.61664874,13.49488668],[92.61826116,13.49895486],[92.6199635,13.50298781],[92.62175496,13.50698364],[92.62267287,13.50897202],[92.62636143,13.51673611],[92.63004882,13.52449775],[92.63373608,13.53225913],[92.63742338,13.54002058],[92.64111087,13.54778247],[92.64479806,13.55554372],[92.64848533,13.56330514],[92.65217248,13.57106631],[92.65585978,13.57882782],[92.65954735,13.58658991],[92.66323464,13.59435139],[92.66692227,13.60211362],[92.67060913,13.60987423],[92.6742965,13.61763593],[92.67798387,13.62539762],[92.68167077,13.63315835],[92.68391472,13.63788174],[92.68476956,13.64075867],[92.68611443,13.64494184],[92.68755234,13.6490953],[92.68830839,13.6512018],[92.68908261,13.6532171],[92.69070452,13.65730525],[92.6924173,13.66135782],[92.69422013,13.66537287],[92.69613415,13.66939215],[92.69643795,13.66999496],[92.69720297,13.67179876],[92.69900588,13.67581381],[92.700898,13.67978943],[92.70287842,13.68372372],[92.70494621,13.68761482],[92.7071004,13.69146087],[92.70821775,13.69340424],[92.70933891,13.69525836],[92.71166062,13.69900553],[92.71406538,13.70270231],[92.71655205,13.70634694],[92.71911946,13.70993769],[92.72176639,13.71347284],[92.72449157,13.71695073],[92.72729372,13.72036968],[92.72871389,13.72206422],[92.7320118,13.72591281],[92.73346261,13.72756823],[92.73642262,13.73087238],[92.73945335,13.73410989],[92.74255321,13.73727933],[92.74572315,13.74038187],[92.74896164,13.74341603],[92.75226716,13.74638036],[92.75563813,13.74927344],[92.75736119,13.75071957],[92.75821611,13.75141352],[92.75997677,13.75282702],[92.7608611,13.75352899],[92.76614474,13.75767562],[92.7676832,13.7588596],[92.77078299,13.76119869],[92.77392784,13.76347962],[92.77711661,13.76570156],[92.78034816,13.76786369],[92.78343786,13.76984746],[92.78567525,13.77152981],[92.79229614,13.77651337],[92.79893753,13.78151236],[92.80557789,13.78651057],[92.81221984,13.79150999],[92.81885895,13.79650726],[92.82550176,13.80150732],[92.83214223,13.80650562],[92.83878352,13.81150454],[92.84542555,13.81650402],[92.85206811,13.82150389],[92.8586204,13.82604831],[92.86098628,13.82756711],[92.86362237,13.82936829],[92.86679223,13.831682],[92.87002133,13.83385496],[92.8733329,13.83590603],[92.87716831,13.8381825],[92.87911769,13.83931097],[92.8810537,13.84037662],[92.88498723,13.84248733],[92.88896701,13.84451362],[92.89299115,13.84645453],[92.89705773,13.84830914],[92.90116481,13.85007656],[92.90427482,13.85135575],[92.90742613,13.85253454],[92.9119149,13.85400123],[92.91318694,13.85447193],[92.91427963,13.85485388],[92.91491981,13.85507369],[92.91599301,13.85543567],[92.91807226,13.85612445],[92.91913819,13.85647122],[92.92067482,13.85696201],[92.92281122,13.85761928],[92.92396414,13.85796054],[92.92456805,13.85813732],[92.92610564,13.85858238],[92.92809221,13.85924533],[92.93149192,13.86031578],[92.93607848,13.86167438],[92.93709027,13.8620394],[92.94068988,13.86339758],[92.94329744,13.86432569],[92.94557617,13.86510331],[92.948107,13.86603362],[92.94913204,13.86640434],[92.95230724,13.86747691],[92.95551661,13.86844756],[92.95982516,13.86967561],[92.96416014,13.87081146],[92.96851949,13.87185458],[92.97290113,13.87280445],[92.97730296,13.87366063],[92.97951617,13.87406653],[92.9817229,13.87442272],[92.98615883,13.87509034],[92.99060863,13.87566318],[92.99507019,13.87614096],[92.99954136,13.87652346],[93.00402003,13.8768105],[93.00850405,13.87700193],[93.01299127,13.87709767],[93.01747957,13.87709767],[93.0219668,13.87700193],[93.02645082,13.8768105],[93.03092948,13.87652346],[93.03540066,13.87614096],[93.03986221,13.87566318],[93.04431202,13.87509034],[93.0469726,13.87468991],[93.13472222,13.81972222],[93.22709509,13.7779345],[93.228755,13.77591028],[93.2314837,13.77242961],[93.23413399,13.76889157],[93.2367046,13.76529782],[93.23919432,13.7616501],[93.24160196,13.75795012],[93.24392638,13.75419967],[93.24504877,13.75234403],[93.24616647,13.75040052],[93.24832118,13.74655448],[93.25038948,13.7426634],[93.25237038,13.73872911],[93.25426295,13.73475351],[93.2560663,13.73073847],[93.25777956,13.72668592],[93.25940192,13.72259778],[93.26017629,13.72058269],[93.26093263,13.71847601],[93.26237094,13.71432256],[93.26371619,13.71013941],[93.26496773,13.70592856],[93.26612498,13.70169202],[93.26718739,13.69743179],[93.26815446,13.69314991],[93.26902573,13.68884842],[93.26942994,13.68673432],[93.2698008,13.68452936],[93.2704793,13.6801948]],[[93.01523542,13.67611122],[93.0146906,13.67498769],[93.01444444,13.675],[93.01098528,13.67395273],[93.0094285,13.67397785],[93.00878342,13.67328611],[92.98416667,13.66583333],[92.98356406,13.66550692],[92.98195457,13.66524124],[92.98015416,13.66365266],[92.98118603,13.66125202],[92.98052216,13.65893495],[92.97704506,13.65703297],[92.97672641,13.65531755],[92.98351574,13.64857697],[92.98462725,13.64637065],[92.98395944,13.64406574],[92.98603356,13.64304185],[92.99218214,13.64501822],[92.9947077,13.64443934],[93.00093675,13.64956665],[93.00276303,13.64761734],[93.01006985,13.64456105],[93.01474142,13.64397097],[93.01519132,13.63788116],[93.01709378,13.63587761],[93.01771796,13.63266957],[93.02416635,13.62724435],[93.02799237,13.62701404],[93.03177047,13.6293509],[93.03225684,13.63372695],[93.03006864,13.63618553],[93.02859676,13.6424154],[93.02535427,13.64800656],[93.02605104,13.65394914],[93.02445853,13.65730035],[93.02529824,13.66060114],[93.02242136,13.6663568],[93.02241206,13.66968536],[93.01890629,13.67378752],[93.02,13.67472222],[93.01740955,13.67485175],[93.01523542,13.67611122]],[[93.02269864,13.67430127],[93.02360988,13.6708641],[93.02424085,13.67251396],[93.02318943,13.67388892],[93.02269864,13.67430127]],[[93.04531407,13.62910914],[93.04684365,13.62092996],[93.04702735,13.62090206],[93.04923856,13.62182772],[93.04847956,13.62343955],[93.04859972,13.62375271],[93.05342865,13.63247955],[93.05499911,13.63606071],[93.05501544,13.63779724],[93.05503738,13.64011025],[93.05580807,13.64302135],[93.05649436,13.64413238],[93.05885625,13.64641905],[93.05915093,13.6465435],[93.06489372,13.64730668],[93.06644225,13.64882481],[93.06698191,13.65187025],[93.06347263,13.65457594],[93.06294882,13.65457594],[93.05641854,13.65417683],[93.05341566,13.65063286],[93.0517652,13.64632964],[93.04234958,13.63674676],[93.04531407,13.62910914]],[[92.88513327,13.57438254],[92.88550055,13.57425487],[92.88866544,13.57681203],[92.89259934,13.58604705],[92.90030551,13.59227037],[92.90256095,13.59498155],[92.90325427,13.59613526],[92.90371227,13.59806442],[92.90369844,13.59834802],[92.90252864,13.60033345],[92.90222144,13.60064161],[92.89820325,13.60116684],[92.89667261,13.60183263],[92.89480126,13.60089695],[92.88951886,13.596753],[92.88624024,13.59292984],[92.8863368,13.58968735],[92.88372946,13.58325601],[92.88144624,13.58248878],[92.88337076,13.57663918],[92.88513327,13.57438254]],[[93.02702677,13.57870066],[93.02366364,13.57286465],[93.01927614,13.57363057],[93.0159415,13.57045436],[93.01639163,13.56799054],[93.01457095,13.56229925],[93.01503575,13.55834973],[93.01630294,13.56306446],[93.01704395,13.5625931],[93.0163511,13.55781662],[93.01428533,13.55668676],[93.01532757,13.55024815],[93.01375544,13.54707694],[93.01451135,13.54338157],[93.01182032,13.54391515],[93.01058423,13.54363966],[93.01017118,13.54347861],[93.01015413,13.54197955],[93.00980675,13.54185271],[93.00868142,13.54227936],[93.00824714,13.54316854],[93.00959611,13.54426026],[93.00945878,13.54465365],[93.00867105,13.54507875],[93.00741804,13.54432595],[93.00618732,13.55454016],[93.00561333,13.55589116],[93.00258493,13.56081712],[93.00220251,13.56121147],[92.99948215,13.56114554],[92.99702454,13.56400204],[92.99357116,13.56549156],[92.99350631,13.57045186],[92.98996425,13.57400751],[92.98923361,13.57432997],[92.9878813,13.57298315],[92.98703146,13.57038248],[92.98702848,13.56966376],[92.98724926,13.56927836],[92.98849535,13.56967914],[92.98839474,13.56684518],[92.98444748,13.56135035],[92.98508763,13.55685473],[92.98494625,13.55646515],[92.98062325,13.55254686],[92.98185432,13.54810715],[92.98509741,13.54491198],[92.98657405,13.54477024],[92.98699427,13.54147887],[92.98740554,13.54063213],[92.98957515,13.53671396],[92.99191844,13.53627658],[92.99210477,13.53589594],[92.99186862,13.53515625],[92.99172235,13.53515625],[92.98950207,13.53082645],[92.98986328,13.52915466],[92.98936856,13.52828515],[92.98848665,13.52782774],[92.98351705,13.52658248],[92.9761095,13.52800071],[92.97576511,13.52826226],[92.97394335,13.53515625],[92.97378814,13.53515625],[92.97166955,13.53901255],[92.9693042,13.53912282],[92.96854794,13.54218984],[92.96500254,13.54407883],[92.9630028,13.54386807],[92.96073008,13.54157364],[92.95900834,13.54157364],[92.95551515,13.54400063],[92.95124245,13.54276872],[92.94905508,13.53862298],[92.94791055,13.53742015],[92.94610477,13.53702664],[92.94262183,13.53662956],[92.94065142,13.53686416],[92.93929875,13.53722274],[92.93703485,13.53953421],[92.93211377,13.53954947],[92.92768776,13.53926826],[92.92456937,13.53683031],[92.92025054,13.53760254],[92.91987598,13.53752244],[92.9176445,13.53644133],[92.91696417,13.53515625],[92.91659236,13.53515625],[92.91392922,13.53133976],[92.91381443,13.53078568],[92.91442156,13.52567661],[92.91463971,13.52507246],[92.91759586,13.52205431],[92.92175996,13.52073443],[92.92648542,13.52148426],[92.92780566,13.52006435],[92.92672563,13.51579535],[92.92297363,13.51269352],[92.9295969,13.50179517],[92.92418015,13.49571204],[92.92135584,13.49585462],[92.92053473,13.49953234],[92.91808367,13.50049341],[92.91560101,13.49998176],[92.91361928,13.49756014],[92.90674484,13.49859774],[92.90387261,13.49719524],[92.90473628,13.49041045],[92.90365875,13.48451543],[92.89897907,13.47631288],[92.89484704,13.47513795],[92.89188337,13.47760415],[92.88721573,13.47788417],[92.88443994,13.47641695],[92.87974691,13.47641814],[92.87727702,13.47531557],[92.87617183,13.47098064],[92.87189853,13.47168016],[92.87095165,13.46497476],[92.87618995,13.46010745],[92.87308645,13.44767177],[92.87629795,13.44383955],[92.87949705,13.44468391],[92.88046634,13.44392848],[92.88260126,13.43986118],[92.88197064,13.43784452],[92.88428223,13.43173528],[92.88411784,13.42939568],[92.87751496,13.42689896],[92.87510037,13.42300868],[92.87262332,13.42575026],[92.87032092,13.42457223],[92.86864448,13.41840482],[92.86921322,13.41642845],[92.87307513,13.41447711],[92.87439144,13.40828383],[92.87343776,13.40832925],[92.87251127,13.41152346],[92.87127531,13.41132665],[92.86958265,13.40910184],[92.8692553,13.40427208],[92.86772704,13.40227675],[92.86548364,13.40157712],[92.86454976,13.40198445],[92.86081088,13.4041537],[92.86057198,13.40434945],[92.85977292,13.40799725],[92.85873485,13.40880883],[92.85628867,13.40935588],[92.853477,13.40871954],[92.85163426,13.41164994],[92.85112011,13.41177595],[92.84705341,13.41040695],[92.84522033,13.40864313],[92.84409916,13.40584028],[92.84496617,13.40473187],[92.84298623,13.40222371],[92.84270835,13.39443004],[92.84319913,13.39333451],[92.84653473,13.39043367],[92.85341311,13.38670373],[92.85957778,13.38540995],[92.85995805,13.38549745],[92.86476314,13.38957465],[92.86692405,13.38568521],[92.86553454,13.38155568],[92.85526705,13.37858951],[92.85238981,13.37571955],[92.85105038,13.37098205],[92.84882534,13.37134624],[92.84508097,13.37686455],[92.84236348,13.3777703],[92.84035456,13.37598217],[92.83827758,13.36870193],[92.83628166,13.36660147],[92.83599484,13.359375],[92.83596373,13.35730326],[92.83377004,13.35189354],[92.83545172,13.34650552],[92.83393073,13.3406682],[92.83435822,13.33756912],[92.827407,13.32988453],[92.82632887,13.32694256],[92.82685542,13.31990635],[92.83124542,13.31508148],[92.8288604,13.31192327],[92.82325923,13.31117415],[92.82168841,13.30956531],[92.82615185,13.30684638],[92.83466673,13.30461347],[92.83703578,13.30644715],[92.83938181,13.30634713],[92.84140742,13.30427146],[92.84209478,13.30137515],[92.83602667,13.29559076],[92.83551455,13.29386568],[92.83845115,13.28805923],[92.83823144,13.28668511],[92.83296216,13.28562057],[92.8286885,13.28850436],[92.82481337,13.28850806],[92.82531404,13.28044534],[92.82312214,13.27914977],[92.82247961,13.27734256],[92.82449901,13.27530932],[92.82524741,13.27139234],[92.82740188,13.26832771],[92.82687283,13.26603937],[92.83089244,13.26908302],[92.83325255,13.26905453],[92.83539248,13.26740956],[92.83876264,13.25897145],[92.84696674,13.26251614],[92.85436237,13.25766182],[92.85239518,13.2485007],[92.84994924,13.24278295],[92.84984195,13.23911393],[92.8439275,13.23685622],[92.8393898,13.24257815],[92.83614385,13.2433449],[92.83131242,13.2421807],[92.82782102,13.23651671],[92.82762742,13.22829843],[92.82574892,13.22481954],[92.82685423,13.22354925],[92.82935083,13.22373474],[92.82460415,13.21720636],[92.83174634,13.21383214],[92.8288089,13.20829666],[92.82560587,13.20785284],[92.82219088,13.20320165],[92.81829941,13.20146692],[92.81811476,13.19990373],[92.82020998,13.19760025],[92.81854725,13.19465625],[92.82248056,13.19440103],[92.82429576,13.19269598],[92.82201993,13.18648922],[92.81880343,13.18359375],[92.81908464,13.18359375],[92.82386255,13.17896652],[92.826074,13.18095636],[92.82645071,13.18095684],[92.82726991,13.18049216],[92.83451974,13.17531073],[92.83496118,13.17476165],[92.83520401,13.17313898],[92.83468902,13.17141902],[92.83443022,13.17113388],[92.83267558,13.17069805],[92.82812726,13.17366743],[92.82337987,13.17385125],[92.8222543,13.17245984],[92.81739187,13.17253792],[92.81529856,13.17412806],[92.81425214,13.17282712],[92.81615794,13.17013574],[92.81396711,13.16744494],[92.8125,13.16238844],[92.8125,13.16155136],[92.81264722,13.16163802],[92.8125,13.15764511],[92.8125,13.15708697],[92.80971527,13.15349364],[92.81095195,13.15204442],[92.8125,13.15206456],[92.8125,13.15234375],[92.81416571,13.15222538],[92.82012856,13.14852917],[92.82202744,13.14502907],[92.82865918,13.14865255],[92.83147395,13.14902496],[92.83313286,13.14773405],[92.83380616,13.14522541],[92.84245396,13.14601028],[92.84475803,13.14203227],[92.84717834,13.14011955],[92.8471837,13.13922834],[92.84663975,13.13860321],[92.84588492,13.13842356],[92.84271681,13.13903761],[92.84184337,13.13863957],[92.83992004,13.13630176],[92.84006465,13.13444245],[92.84302378,13.13189673],[92.84327352,13.12869835],[92.84232342,13.12764573],[92.83955812,13.12741852],[92.83569443,13.13028681],[92.83435357,13.12564242],[92.83210421,13.12488866],[92.82957888,13.13188457],[92.82652175,13.13050175],[92.82506585,13.13294256],[92.82322443,13.13349664],[92.8201915,13.13204575],[92.81876373,13.12787044],[92.8125,13.12723208],[92.8101474,13.12682521],[92.81219888,13.12134755],[92.8125,13.12137282],[92.81264305,13.12137282],[92.81390107,13.12011707],[92.81660271,13.11477256],[92.81693065,13.11458051],[92.82408655,13.11554325],[92.82542467,13.11427045],[92.82244623,13.11170864],[92.82056975,13.10713315],[92.82134795,13.10448945],[92.82002854,13.10149765],[92.82218277,13.09646261],[92.82184565,13.09574211],[92.82092536,13.09562016],[92.82044494,13.09604228],[92.81450272,13.10304821],[92.81313825,13.10370755],[92.8125,13.10351563],[92.81178415,13.10351563],[92.80764413,13.09922695],[92.8074609,13.09401763],[92.80538607,13.08676112],[92.80852616,13.08332086],[92.80714595,13.08008075],[92.81066394,13.07934487],[92.81127965,13.07861996],[92.81156886,13.07710755],[92.81028926,13.07540393],[92.80594075,13.07520604],[92.80482173,13.07565045],[92.80336881,13.07705832],[92.80055976,13.08268166],[92.80211914,13.08750701],[92.80045605,13.09138823],[92.79694724,13.08953702],[92.79596007,13.08475661],[92.79729712,13.08156896],[92.7959789,13.07586634],[92.79696774,13.07363796],[92.79682016,13.06785953],[92.79360485,13.06291854],[92.79252684,13.05546105],[92.79586268,13.04982614],[92.79350495,13.04781413],[92.79557872,13.04115784],[92.79283226,13.03537393],[92.79459882,13.03088164],[92.79303586,13.02675736],[92.79042542,13.02450907],[92.78854334,13.01774526],[92.79093695,13.01202536],[92.79628515,13.01125264],[92.79953337,13.00953066],[92.80404103,13.01223922],[92.80534506,13.01116455],[92.80554557,13.01056755],[92.80505645,13.0078125],[92.80506253,13.0078125],[92.80635846,13.00673163],[92.80792296,13.0078125],[92.80820572,13.0078125],[92.81092525,13.00920761],[92.8125,13.00892854],[92.81292927,13.00892854],[92.81393135,13.0078125],[92.81509995,13.00730431],[92.81564915,13.0078125],[92.81677973,13.01057327],[92.8248229,13.01305676],[92.82519054,13.01244354],[92.82531106,13.01193523],[92.8236562,13.0078125],[92.82321,13.00617385],[92.82019413,13.00481737],[92.81987464,13.00436532],[92.81860578,13.00029957],[92.81618595,12.99864113],[92.8125,12.99860477],[92.80881202,12.99758506],[92.80827415,12.99398685],[92.81189501,12.99345255],[92.8125,12.99302447],[92.8125,12.9921875],[92.81349695,12.99076652],[92.81659925,12.9908272],[92.81878305,12.98886096],[92.81900072,12.98813915],[92.81855714,12.98717201],[92.81814516,12.98681164],[92.81574285,12.98644555],[92.81439877,12.98334146],[92.81378377,12.98299611],[92.8125,12.98297977],[92.81085515,12.98394036],[92.80674422,12.98304296],[92.80608285,12.9831804],[92.80459726,12.98402441],[92.8038274,12.98484063],[92.80216265,12.98905468],[92.8016299,12.98981583],[92.79967678,12.99129605],[92.79932237,12.99132586],[92.79509425,12.98712218],[92.79323375,12.98171997],[92.79313362,12.98099065],[92.79415214,12.97605753],[92.79443312,12.97541916],[92.79733896,12.97167957],[92.79720545,12.96499443],[92.79284811,12.96767998],[92.79166114,12.96213973],[92.79270887,12.96113205],[92.79168606,12.95649111],[92.7916882,12.95611811],[92.79262424,12.95505321],[92.79264474,12.95135427],[92.79980946,12.94801044],[92.7999984,12.94771242],[92.80041301,12.94547892],[92.79928815,12.94201302],[92.80155587,12.93880892],[92.79857826,12.93053412],[92.793787,12.93012452],[92.79554081,12.92433691],[92.79534936,12.91692364],[92.7943269,12.91447127],[92.79439235,12.91417766],[92.79730105,12.91136897],[92.80255043,12.89886904],[92.80637074,12.9001044],[92.80974162,12.90003192],[92.81162143,12.89979255],[92.8125,12.89955354],[92.82435942,12.89683437],[92.82518744,12.89636946],[92.82604384,12.89547265],[92.82769108,12.88791478],[92.82907295,12.88643134],[92.82954276,12.88630784],[92.83267415,12.88696933],[92.83776641,12.89139974],[92.84305465,12.89173365],[92.84393585,12.88549387],[92.84142184,12.87927175],[92.84139216,12.87675858],[92.84271395,12.87617064],[92.85072792,12.87859774],[92.85818052,12.87883556],[92.86242914,12.88079357],[92.87300313,12.88289332],[92.86978877,12.89054728],[92.87264502,12.90074945],[92.87618291,12.90510011],[92.87638676,12.90785491],[92.87360835,12.90980923],[92.8706876,12.90901017],[92.86574948,12.90432048],[92.8652662,12.90214515],[92.85895503,12.90326977],[92.85724127,12.90880787],[92.85950506,12.91257346],[92.85603941,12.91300595],[92.85416067,12.91636145],[92.8545804,12.92754805],[92.85733104,12.93066895],[92.85768712,12.93485355],[92.86002052,12.93392706],[92.86933255,12.93446302],[92.87196946,12.93705916],[92.87488925,12.94266081],[92.87708902,12.94405341],[92.87714362,12.94630945],[92.87295055,12.94969952],[92.87440455,12.95447254],[92.87727368,12.95755196],[92.87743104,12.96055448],[92.87527955,12.96236193],[92.87504745,12.96414864],[92.88177931,12.96897292],[92.87948954,12.97294772],[92.88352001,12.97795093],[92.88232374,12.98253107],[92.88507986,12.98333335],[92.88808846,12.98271966],[92.89120388,12.98873115],[92.89759231,12.99485886],[92.8992362,12.99374867],[92.89863384,12.98623228],[92.90472925,12.98598266],[92.90691924,12.98473251],[92.90741646,12.98326552],[92.9061681,12.98064518],[92.90702283,12.97711825],[92.90589511,12.97529483],[92.90711784,12.97203481],[92.90650845,12.96738482],[92.90971255,12.96239245],[92.90811694,12.95723665],[92.90790045,12.9516015],[92.91004515,12.94775665],[92.91270816,12.94639993],[92.91612005,12.95269728],[92.91676164,12.95686483],[92.91890144,12.95770276],[92.91915917,12.96003914],[92.92277932,12.96050477],[92.92604732,12.95795405],[92.9282186,12.95794415],[92.93149924,12.96163487],[92.93155015,12.96592951],[92.93578243,12.96704745],[92.93858373,12.97111821],[92.93720722,12.98078871],[92.93564725,12.98151767],[92.9316709,12.98024893],[92.93089616,12.98088074],[92.93152988,12.98457265],[92.93321538,12.98618865],[92.93323827,12.9889034],[92.92973495,12.98952913],[92.92214835,12.98652232],[92.91937888,12.98651958],[92.91879582,12.98684883],[92.91724551,12.98855782],[92.91852665,12.99040663],[92.91599131,12.99346614],[92.91593885,13.00044596],[92.91371906,13.00140643],[92.91314423,12.99915445],[92.91153574,12.99807787],[92.90830541,12.99975216],[92.90797293,13.00668526],[92.90747035,13.0078125],[92.90726161,13.0078125],[92.90504563,13.01491606],[92.90536451,13.01768947],[92.90184915,13.02198231],[92.90378678,13.02219486],[92.90578175,13.02777183],[92.90977681,13.03332055],[92.90984714,13.03664875],[92.91521823,13.04800868],[92.91635275,13.05374146],[92.91617048,13.05421352],[92.91494572,13.05502152],[92.90513337,13.05782735],[92.89799023,13.05781805],[92.89134085,13.05123913],[92.89005375,13.04662168],[92.88811374,13.04569328],[92.89003146,13.05122662],[92.89562225,13.05768311],[92.89901686,13.05937695],[92.90578735,13.05962503],[92.91006994,13.06100225],[92.91295552,13.06629062],[92.91098905,13.07540524],[92.90284121,13.07925797],[92.90037906,13.0822227],[92.90007317,13.09164965],[92.89892674,13.09369421],[92.89292085,13.09382415],[92.89245594,13.09476531],[92.89266682,13.09505594],[92.89769304,13.09618747],[92.9003607,13.09433627],[92.90260565,13.08104098],[92.90499032,13.07959235],[92.90825045,13.07969534],[92.91321814,13.07608044],[92.91405666,13.07152963],[92.91811121,13.06542873],[92.92074835,13.05746984],[92.92282271,13.05642462],[92.92527497,13.05707455],[92.92725277,13.06136823],[92.92886746,13.06229365],[92.93362868,13.06048381],[92.93514955,13.0612303],[92.93674934,13.07324207],[92.93594635,13.08358312],[92.93704021,13.08443356],[92.93867958,13.07760751],[92.93823028,13.07081616],[92.94200587,13.06355357],[92.94082963,13.05916226],[92.94300115,13.05479193],[92.94005167,13.05192065],[92.93550742,13.05093551],[92.93365717,13.04718924],[92.93505168,13.04231906],[92.94194567,13.03414464],[92.95086217,13.02927721],[92.95438123,13.02343917],[92.95524132,13.01847494],[92.95955884,13.01507306],[92.95981574,13.01494873],[92.9630506,13.01665545],[92.96351135,13.01655817],[92.96652544,13.01364994],[92.96716976,13.01332343],[92.9706068,13.01262927],[92.97492444,13.01274645],[92.97584236,13.01527357],[92.97551513,13.01560271],[92.97034562,13.01593482],[92.96864545,13.01806974],[92.96892083,13.02133274],[92.96569753,13.02784967],[92.96613395,13.03530025],[92.96976495,13.03203416],[92.97040212,13.03010666],[92.98040056,13.02744627],[92.98301244,13.02384687],[92.98505402,13.02583444],[92.99020684,13.02608561],[92.99013138,13.03152406],[92.99189496,13.03401542],[92.99500656,13.0354228],[92.99763453,13.03243268],[93.00255728,13.03143263],[93.00281894,13.0288949],[93.00421751,13.02870536],[93.00793016,13.03293145],[93.01073325,13.03913474],[93.00970244,13.04346931],[93.01398551,13.04387295],[93.01247835,13.04558337],[93.01279032,13.04829395],[93.01598454,13.05034804],[93.02080977,13.04996204],[93.02376485,13.05699217],[93.03032684,13.06766653],[93.03023636,13.06967127],[93.02604485,13.07156384],[93.02735555,13.07750392],[93.03019905,13.08044684],[93.03484321,13.08065677],[93.03496707,13.08111095],[93.03602958,13.09087336],[93.03416336,13.09340525],[93.03555882,13.096524],[93.03538096,13.09957457],[93.03368831,13.10221386],[93.03245854,13.1089642],[93.03159475,13.11518514],[93.03234041,13.12318444],[93.03105497,13.12763143],[93.03165865,13.13006997],[93.03754962,13.13872182],[93.03606033,13.15304232],[93.03417373,13.15706515],[93.03428972,13.16471112],[93.03716111,13.17046988],[93.03663087,13.17309547],[93.03205311,13.17795694],[93.03322852,13.18359375],[93.03340852,13.18359375],[93.03687704,13.19523287],[93.04089546,13.20052278],[93.04193521,13.20633101],[93.04260743,13.20772803],[93.04596817,13.21024787],[93.04432642,13.21446967],[93.04325974,13.22267711],[93.05106854,13.22718835],[93.05584681,13.23258364],[93.05682826,13.23759878],[93.0552628,13.24403918],[93.05715954,13.2462393],[93.05799532,13.25002074],[93.05755031,13.25622475],[93.06011641,13.26133013],[93.06477726,13.26410365],[93.06638145,13.27259314],[93.05390215,13.26343107],[93.04549074,13.25946736],[93.04032862,13.27007008],[93.04664421,13.27692521],[93.04716146,13.28083146],[93.04592061,13.2821207],[93.04336238,13.27968574],[93.0377115,13.28039825],[93.03304434,13.27625096],[93.02902544,13.2817831],[93.02630258,13.28226531],[93.02574921,13.28343463],[93.02239513,13.27876747],[93.01229584,13.27697647],[93.01089346,13.28187954],[93.01372325,13.28405452],[93.01646221,13.2899971],[93.01261807,13.29480755],[93.01386571,13.29528046],[93.01754916,13.2932322],[93.02001238,13.29322565],[93.02191591,13.29494464],[93.02118385,13.29753614],[93.0181638,13.29637265],[93.01364624,13.29912818],[93.01403975,13.30441523],[93.01177597,13.30831456],[93.00956094,13.31002426],[93.00692976,13.30889475],[93.00930584,13.32004642],[93.00604737,13.3197242],[93.00335252,13.31710243],[92.99860191,13.30919421],[92.99584365,13.30033672],[92.99429822,13.29882813],[92.98769486,13.29941201],[92.98903418,13.29676712],[92.99388623,13.29293287],[92.99126375,13.29271364],[92.98702312,13.29617667],[92.98632574,13.29849327],[92.9891088,13.30102205],[92.99450791,13.30058646],[92.99823952,13.31266844],[92.99804807,13.31518555],[92.98635376,13.31738055],[92.98492491,13.3197031],[92.98025525,13.32137978],[92.97830164,13.32404423],[92.96968663,13.32368994],[92.96357667,13.32498515],[92.96194136,13.32748425],[92.95910132,13.32787061],[92.95363355,13.33289444],[92.95337117,13.33327377],[92.95343864,13.33912337],[92.95091403,13.34286976],[92.95067251,13.34360504],[92.95127952,13.34505701],[92.95160782,13.34517157],[92.95522284,13.34452486],[92.96406996,13.359375],[92.96448052,13.359375],[92.96634436,13.36049104],[92.96933734,13.3604089],[92.97050226,13.359375],[92.97094655,13.359375],[92.96988511,13.35617483],[92.97202694,13.35307324],[92.97089326,13.34950221],[92.97211695,13.34795845],[92.97448528,13.34976971],[92.97639132,13.34907246],[92.97677255,13.34853852],[92.97746527,13.34680545],[92.97746181,13.34628844],[92.97668636,13.34277618],[92.97941434,13.33917427],[92.97962773,13.33867145],[92.97973263,13.3351835],[92.98004437,13.33438301],[92.98132324,13.33219266],[92.9839797,13.32955217],[92.98449028,13.32929754],[92.98753285,13.32915413],[92.98818386,13.3292917],[92.98921096,13.33042705],[92.98880017,13.33903384],[92.98960125,13.34188545],[93.00335515,13.35325766],[93.00392246,13.35357547],[93.01028717,13.35320902],[93.01593351,13.34978294],[93.01878011,13.35036552],[93.0238173,13.34883952],[93.02714622,13.34528863],[93.02941525,13.34620035],[93.03194416,13.34524691],[93.03263915,13.3453896],[93.03373945,13.34843051],[93.03520691,13.34957981],[93.03986061,13.35065985],[93.04092717,13.35167885],[93.0410974,13.35205805],[93.04164255,13.35416317],[93.04137695,13.35517836],[93.04032075,13.35726726],[93.03856575,13.359375],[93.03817666,13.359375],[93.03705907,13.361292],[93.03476834,13.36063135],[93.03787255,13.36530447],[93.04101312,13.36723804],[93.04138744,13.36717248],[93.03910923,13.36148703],[93.03911138,13.36115742],[93.03989732,13.359375],[93.04028487,13.359375],[93.04340065,13.35505545],[93.0457592,13.34625745],[93.04150736,13.33842075],[93.03985405,13.32541943],[93.04039645,13.32210374],[93.04290462,13.3206712],[93.04587364,13.32062244],[93.04949093,13.32307196],[93.05330062,13.32779443],[93.05703914,13.32933354],[93.06009364,13.32907796],[93.06170023,13.32391214],[93.06094575,13.31660295],[93.06344903,13.30932355],[93.06268895,13.30706537],[93.06544352,13.30297255],[93.06703472,13.30541217],[93.07070637,13.30672467],[93.07097316,13.31347775],[93.07230127,13.31733024],[93.07187641,13.32233226],[93.07297874,13.32491624],[93.07706654,13.32986295],[93.08054841,13.33144295],[93.08426738,13.33150256],[93.08664584,13.33253884],[93.09025073,13.33537841],[93.09036541,13.33606267],[93.08759856,13.34346962],[93.08593845,13.34338605],[93.0842849,13.34155035],[93.07913697,13.34151423],[93.07758546,13.34362745],[93.07839727,13.34829807],[93.0750643,13.34676516],[93.07157695,13.34761584],[93.06521225,13.359375],[93.06484485,13.359375],[93.06286907,13.36074436],[93.05946541,13.37397885],[93.05932784,13.37436342],[93.05529475,13.38214755],[93.05498815,13.38222992],[93.05324531,13.38068294],[93.04872406,13.37356412],[93.0458219,13.37492526],[93.04400802,13.37358975],[93.03862715,13.37361038],[93.03620183,13.37465525],[93.02878761,13.37320936],[93.03296876,13.37522614],[93.0398246,13.37481165],[93.04551995,13.37686563],[93.04851282,13.37460601],[93.05271494,13.39112174],[93.05472732,13.39013612],[93.05715942,13.39298642],[93.05875576,13.39181614],[93.06260145,13.39140367],[93.06463134,13.39442313],[93.06894755,13.397228],[93.06878936,13.40192914],[93.07080114,13.40661025],[93.07013845,13.40740943],[93.06584871,13.40541291],[93.06146562,13.39924026],[93.05980873,13.39904535],[93.05891275,13.40167546],[93.06057668,13.40403306],[93.06004536,13.40671623],[93.06276822,13.41848874],[93.06155133,13.42092645],[93.05725896,13.41300225],[93.05394232,13.41022706],[93.05222774,13.40694737],[93.04858255,13.40464473],[93.04547822,13.40420294],[93.04422367,13.40615058],[93.04505885,13.41057467],[93.03642213,13.41688848],[93.04070151,13.42609525],[93.03781044,13.42684758],[93.03456855,13.42481875],[93.03280938,13.42491186],[93.02999032,13.42770493],[93.02660334,13.42835927],[93.02090573,13.43143761],[93.02219164,13.43272734],[93.02725732,13.43379986],[93.03255928,13.43262005],[93.03471863,13.43514431],[93.03580797,13.44402385],[93.03352594,13.45170164],[93.03416204,13.45284116],[93.03571892,13.45124125],[93.03587437,13.45296586],[93.03367806,13.45693815],[93.02947152,13.46053243],[93.02747667,13.46169651],[93.02398205,13.46180403],[93.01869273,13.46452844],[93.01992857,13.46631706],[93.02398157,13.46755743],[93.03091764,13.46460664],[93.03184974,13.46450877],[93.03404224,13.46635985],[93.03422511,13.46688652],[93.03551936,13.47146964],[93.03490555,13.47635663],[93.03778756,13.48029566],[93.03505755,13.48304224],[93.03943265,13.48639238],[93.03969038,13.48699224],[93.04118657,13.49260426],[93.03992772,13.49511707],[93.03990436,13.4986999],[93.04347086,13.50538445],[93.04359484,13.51489222],[93.04257774,13.51887393],[93.04498494,13.52532482],[93.04476404,13.52939224],[93.04161775,13.53515625],[93.04151785,13.53515625],[93.04123092,13.53585374],[93.03945506,13.54802],[93.03584695,13.55489504],[93.03345275,13.56374705],[93.02947652,13.57250464],[93.02937043,13.57305646],[93.02912366,13.57635474],[93.0270673,13.57868707],[93.02702677,13.57870066]],[[93.05213642,13.56291854],[93.05396426,13.55976391],[93.05460596,13.55990565],[93.05744481,13.56233954],[93.05723465,13.56654048],[93.05690825,13.56684673],[93.05391455,13.56605935],[93.05213642,13.56459248],[93.05213642,13.56291854]],[[93.09658515,13.43404424],[93.0980432,13.43170095],[93.09909427,13.43033183],[93.09969056,13.42997754],[93.10219526,13.42987812],[93.10366225,13.42974031],[93.10406947,13.43000901],[93.10282052,13.43429422],[93.1023581,13.43503594],[93.09933138,13.43573296],[93.09804666,13.43814325],[93.0964514,13.4346174],[93.09658515,13.43404424]],[[93.07104385,13.42221391],[93.07268548,13.43110275],[93.06946075,13.42732155],[93.06735754,13.42230332],[93.06911015,13.41659737],[93.0681988,13.41487885],[93.06828475,13.41460156],[93.06995165,13.41236675],[93.0707494,13.41263831],[93.07191443,13.41364145],[93.07198918,13.41422176],[93.07114613,13.41982257],[93.07104385,13.42221391]],[[93.08705711,13.41577256],[93.08733737,13.41219771],[93.08859932,13.41020405],[93.08902001,13.40999794],[93.09228456,13.41030371],[93.09526765,13.41559947],[93.09547913,13.41619205],[93.09502935,13.41827381],[93.09473646,13.41877365],[93.09294593,13.42003465],[93.09266543,13.42017221],[93.09014165,13.41914105],[93.08705711,13.41577256]],[[93.06170964,13.38496792],[93.06169593,13.38323736],[93.06260824,13.38345301],[93.06333685,13.38400805],[93.06372154,13.38592315],[93.06364083,13.38702631],[93.06170964,13.38496792]],[[93.08097351,13.36805546],[93.08222222,13.36687291],[93.08256996,13.36687291],[93.08353555,13.36798668],[93.08346832,13.36882007],[93.08283985,13.36943877],[93.08194435,13.37],[93.0810436,13.36861098],[93.08097351,13.36805546]],[[93.07449198,13.36438024],[93.07778704,13.36314285],[93.07813764,13.36355531],[93.07912111,13.36374188],[93.07617462,13.36678624],[93.07386124,13.3657552],[93.07414162,13.36465526],[93.07449198,13.36438024]],[[93.07366335,13.30333054],[93.07098877,13.3001734],[93.07095826,13.29955554],[93.07209671,13.29800546],[93.07500446,13.29790318],[93.07852292,13.29910982],[93.0790627,13.30086744],[93.07861173,13.30143023],[93.07416487,13.30323017],[93.07366335,13.30333054]],[[93.0223093,13.30266452],[93.02394843,13.30828762],[93.02090895,13.31676507],[93.02290726,13.32498038],[93.02590823,13.32731187],[93.02254415,13.32919776],[93.01874423,13.32927823],[93.01829326,13.32973814],[93.0163027,13.33128285],[93.01516736,13.33022964],[93.01511335,13.32981384],[93.01704442,13.32778704],[93.01588404,13.31663001],[93.01061714,13.31664157],[93.00943828,13.31074202],[93.0181545,13.30804765],[93.0223093,13.30266452]],[[93.01568103,13.34003377],[93.01535702,13.34019554],[93.01465797,13.33963728],[93.01436853,13.33778381],[93.01491725,13.33739865],[93.01590204,13.33741891],[93.01646042,13.33784068],[93.01640606,13.33860803],[93.01568103,13.34003377]],[[93.0383898,13.34330666],[93.03800547,13.34401715],[93.03674865,13.34306574],[93.03662097,13.34262896],[93.03714013,13.34070134],[93.0376029,13.34084034],[93.0383898,13.34330666]],[[92.96972215,13.33805561],[92.96944427,13.33833325],[92.96694446,13.33722222],[92.96638894,13.33638895],[92.96611094,13.33555555],[92.96749985,13.33249986],[92.96805561,13.33249986],[92.96833324,13.33305538],[92.96777773,13.33527768],[92.96972215,13.33805561]],[[93.01430416,13.28436434],[93.01583326,13.2833333],[93.01666665,13.28444445],[93.01611114,13.28499985],[93.01437426,13.28463936],[93.01430416,13.28436434]],[[93.05959105,13.22141922],[93.06107306,13.22074592],[93.06141138,13.22109342],[93.06041181,13.22470474],[93.06028211,13.22505355],[93.05893016,13.22673464],[93.05830205,13.22691333],[93.05750465,13.22615993],[93.05932736,13.22182524],[93.05959105,13.22141922]],[[92.93952668,13.01159024],[92.94255304,13.01799333],[92.94255877,13.01840925],[92.94234967,13.01932478],[92.93818343,13.02088141],[92.93825352,13.02302492],[92.94022024,13.02385116],[92.93984675,13.02512872],[92.93720186,13.0260843],[92.93195403,13.02392936],[92.92779195,13.02330875],[92.92659903,13.02348745],[92.92569387,13.02747786],[92.92506266,13.02813256],[92.92354286,13.02863753],[92.92184472,13.02762055],[92.92130494,13.02562547],[92.92104948,13.02379847],[92.92252755,13.02164185],[92.91615164,13.01554561],[92.91593683,13.01211846],[92.91749716,13.00851727],[92.91785407,13.0078125],[92.91805446,13.0078125],[92.92043805,13.00458515],[92.92158341,13.00048852],[92.92417622,13.00138426],[92.92594576,12.99945605],[92.93227458,12.99956346],[92.93564618,12.99758434],[92.93642271,12.99569047],[92.94143915,12.99528694],[92.94404483,12.99710727],[92.94289064,13.00126123],[92.94114912,13.00282395],[92.94036675,13.0078125],[92.94018471,13.0078125],[92.93939424,13.00980985],[92.93952668,13.01159024]],[[92.98695028,12.99810207],[92.98837817,12.99790084],[92.98872614,12.99812603],[92.98919952,13.00044644],[92.98889267,13.00059545],[92.98660111,12.99984622],[92.98695028,12.99810207]],[[93.00575757,12.99752343],[93.00395036,12.99611807],[93.00323653,12.99691522],[93.00088334,12.99442852],[92.99368882,12.99093115],[92.9856379,12.99299645],[92.98531532,12.9910984],[92.9889065,12.98469985],[92.98511636,12.98436511],[92.98553371,12.98269522],[92.98384464,12.98100698],[92.98210967,12.98127425],[92.97948933,12.97984934],[92.97917461,12.97477007],[92.97659254,12.97493815],[92.97235405,12.96944916],[92.96966934,12.97047353],[92.96874023,12.97256255],[92.96925127,12.97428823],[92.96439242,12.97781014],[92.96434903,12.97921681],[92.9689306,12.98109937],[92.96911454,12.98234105],[92.96357715,12.98595905],[92.9610064,12.98940825],[92.96040702,12.98947263],[92.95776272,12.98316586],[92.95243955,12.98017788],[92.95466733,12.97654808],[92.96022821,12.97454607],[92.96027982,12.97158194],[92.96294606,12.96934354],[92.96293175,12.96870816],[92.96080577,12.96548402],[92.96001434,12.96514654],[92.95876026,12.96490693],[92.95835233,12.9648931],[92.95640671,12.96702051],[92.95433211,12.96791136],[92.95401037,12.96756244],[92.95411825,12.96236634],[92.95603967,12.95818853],[92.96165705,12.95482981],[92.97259891,12.95499814],[92.97394645,12.94566715],[92.97160196,12.94422734],[92.96786535,12.94685793],[92.96030092,12.94937718],[92.95614338,12.94605887],[92.95456576,12.94158637],[92.95176983,12.94077146],[92.9554975,12.94030857],[92.95824528,12.94280136],[92.96940196,12.94448221],[92.97196031,12.94301915],[92.97159338,12.94111407],[92.97295654,12.9400959],[92.97080076,12.93838751],[92.97108007,12.93803835],[92.97343743,12.93739784],[92.97390294,12.93540883],[92.97935021,12.93292356],[92.97967458,12.93281412],[92.98263848,12.93413317],[92.98269296,12.93791986],[92.97999835,12.94263208],[92.97987294,12.9479537],[92.98075354,12.94988096],[92.9880619,12.9537853],[92.98824406,12.95638931],[92.98308563,12.95736063],[92.97976351,12.96012616],[92.97958946,12.96695805],[92.98885071,12.97730505],[92.99245942,12.985394],[92.99662471,12.98623824],[93.00034654,12.98858881],[93.00069487,12.98886216],[93.00545835,12.99372435],[93.00676644,12.99657655],[93.00727308,12.99730861],[93.00575757,12.99752343]],[[92.87664664,12.93238282],[92.87354934,12.93445921],[92.87011993,12.93198526],[92.86680996,12.93318272],[92.86114562,12.93354356],[92.8606863,12.93340194],[92.85988092,12.93274164],[92.85841191,12.92897785],[92.8591634,12.92572784],[92.86319184,12.92118585],[92.86492264,12.91710007],[92.87153232,12.91603375],[92.87269938,12.91632485],[92.87412298,12.91839433],[92.87437665,12.9194051],[92.87379146,12.92412603],[92.87405241,12.92523313],[92.87478685,12.92622626],[92.87534297,12.92646527],[92.87605858,12.92666388],[92.87911773,12.92393112],[92.87954795,12.92351365],[92.88078654,12.92052126],[92.88634086,12.92307532],[92.88375294,12.92966175],[92.87818027,12.93050945],[92.87664664,12.93238282]],[[92.89814126,12.92140853],[92.895226,12.91710746],[92.89826214,12.90995777],[92.89815974,12.90421545],[92.89592755,12.89861083],[92.89241958,12.89565384],[92.88664055,12.8939805],[92.87919605,12.89529526],[92.87267196,12.89245784],[92.87122333,12.88835657],[92.87522352,12.88437176],[92.87392092,12.88116801],[92.84564424,12.87518895],[92.84174585,12.8755902],[92.84062982,12.87624371],[92.84031606,12.87856293],[92.84307742,12.88495123],[92.84242702,12.89084721],[92.84208465,12.89111447],[92.83963275,12.89116216],[92.83383405,12.88525522],[92.82927465,12.88493645],[92.82644403,12.88799834],[92.82451415,12.89518404],[92.8125,12.89676344],[92.8125,12.89704227],[92.81018305,12.89753234],[92.80344903,12.89703357],[92.79687345,12.8917551],[92.79634428,12.89141667],[92.79220974,12.88987982],[92.79154384,12.88912356],[92.79124105,12.88839161],[92.79154384,12.88524961],[92.79395962,12.88213527],[92.79283333,12.87964594],[92.79384255,12.87223423],[92.79254663,12.86838198],[92.79332018,12.86298037],[92.78889346,12.86140001],[92.78518343,12.86167836],[92.78244495,12.85962605],[92.78155828,12.84853327],[92.78079164,12.84839487],[92.78102565,12.86028552],[92.78012252,12.86237073],[92.77831733,12.86408305],[92.77517533,12.86164856],[92.77115273,12.86319315],[92.76960731,12.86229408],[92.7693758,12.8613404],[92.77007961,12.85770404],[92.76859021,12.8506453],[92.76865601,12.85025585],[92.77110803,12.8452636],[92.77423215,12.84348452],[92.77528954,12.84215975],[92.77553165,12.84107804],[92.77391267,12.83523107],[92.77416837,12.83203125],[92.77419961,12.83135748],[92.77534425,12.82941544],[92.78367233,12.82435596],[92.78164601,12.82405317],[92.78139377,12.82200885],[92.78329205,12.81447625],[92.78315318,12.81026781],[92.78395665,12.80923557],[92.78614235,12.81054735],[92.78243816,12.80766904],[92.77994812,12.82493567],[92.77422166,12.82929242],[92.77331042,12.83203125],[92.77323401,12.83201301],[92.77309811,12.83398914],[92.77415347,12.84178925],[92.76335132,12.85217476],[92.76055396,12.85941625],[92.75908375,12.85765433],[92.75865936,12.84778404],[92.75339663,12.84761465],[92.75351357,12.84530115],[92.75109243,12.84483254],[92.74852824,12.84209776],[92.74559283,12.84105563],[92.74477446,12.83943486],[92.74416292,12.83800805],[92.74384666,12.83203125],[92.74441874,12.83133376],[92.74358177,12.82453406],[92.74249291,12.82501745],[92.74241626,12.83203125],[92.74213016,12.83203125],[92.74114263,12.83617282],[92.74075592,12.83622944],[92.73982668,12.83491981],[92.73984182,12.83244968],[92.73955584,12.83203125],[92.73815501,12.82937086],[92.73798645,12.82405543],[92.73946655,12.81884885],[92.73947513,12.81631231],[92.73920012,12.81320703],[92.73799455,12.81044126],[92.7375226,12.81031644],[92.73730481,12.81079543],[92.73830211,12.81174326],[92.73660004,12.81294107],[92.73615694,12.81526172],[92.73663425,12.81944084],[92.73475945,12.82274175],[92.73462427,12.82319093],[92.73297656,12.83203125],[92.73188984,12.83482516],[92.73078203,12.83534062],[92.73044431,12.8352468],[92.72925782,12.83203125],[92.72897172,12.83203125],[92.72896481,12.83163583],[92.72743845,12.82934535],[92.72714841,12.82906008],[92.72404396,12.82716632],[92.72386992,12.82664847],[92.72172725,12.81639385],[92.72053552,12.80535495],[92.7207514,12.79925895],[92.72112954,12.79641497],[92.72130764,12.79593003],[92.72370183,12.7958647],[92.72367728,12.79537141],[92.72096205,12.79031813],[92.72099245,12.78787172],[92.72614145,12.76632261],[92.73103404,12.75354993],[92.73014557,12.74978805],[92.73090005,12.74335384],[92.73519647,12.73852134],[92.73879373,12.73764384],[92.73825037,12.73305523],[92.73941457,12.73508024],[92.74132204,12.72479701],[92.74393487,12.72425485],[92.74614,12.72232676],[92.74121344,12.7209692],[92.74022424,12.71792746],[92.73957491,12.71187675],[92.74050224,12.70336187],[92.74251032,12.69941056],[92.74017811,12.69987404],[92.73037601,12.69790483],[92.72789884,12.69183135],[92.72812724,12.69099236],[92.73034585,12.69152105],[92.73252785,12.68995655],[92.73576844,12.68445015],[92.73643935,12.68125784],[92.73287511,12.67421782],[92.736588,12.67200375],[92.74140894,12.67235446],[92.74396741,12.67109752],[92.75215065,12.6746155],[92.75972271,12.67103791],[92.76862383,12.67172003],[92.77546585,12.6795994],[92.77840245,12.68578517],[92.78426814,12.69289112],[92.7861526,12.70572877],[92.78501737,12.7079699],[92.77958715,12.71114802],[92.77866995,12.71274304],[92.77974665,12.71289062],[92.78149653,12.71097207],[92.78624511,12.70900035],[92.78754485,12.70701694],[92.78653872,12.68467605],[92.78840125,12.67405462],[92.78390956,12.66494226],[92.78439665,12.65911257],[92.78389442,12.65625],[92.78391755,12.65625],[92.78287721,12.65305495],[92.78093708,12.65424204],[92.78052485,12.65395415],[92.78033567,12.65277684],[92.78029001,12.64976776],[92.78191686,12.64494967],[92.78220272,12.63964844],[92.78035617,12.63061333],[92.78676724,12.62517714],[92.78615367,12.61980474],[92.78545284,12.61898041],[92.78386498,12.61817491],[92.78366017,12.61863744],[92.78586066,12.62466741],[92.78205085,12.62699115],[92.78023255,12.62876761],[92.77953815,12.63015807],[92.77941811,12.63050485],[92.78011513,12.63624203],[92.77974451,12.63719583],[92.778813,12.63791287],[92.77707791,12.63761544],[92.77788627,12.63298106],[92.77775097,12.63258326],[92.7771039,12.63282347],[92.77656806,12.63674724],[92.77663445,12.63735187],[92.77926767,12.64134467],[92.77851558,12.64441764],[92.77934456,12.65625],[92.77931738,12.65625],[92.77755487,12.66626847],[92.77710426,12.6671648],[92.77428746,12.66963422],[92.77365387,12.66984534],[92.76878572,12.6679759],[92.76180947,12.66799808],[92.75323415,12.67072427],[92.75046933,12.66585195],[92.74696147,12.66769874],[92.74416602,12.66756022],[92.74066961,12.66057456],[92.73801351,12.65813506],[92.73458505,12.65695453],[92.73440683,12.65625],[92.7341845,12.65625],[92.73312557,12.65207934],[92.73614025,12.63985336],[92.73402536,12.63758636],[92.72808242,12.63540065],[92.72497773,12.62678242],[92.72294927,12.62759185],[92.72110474,12.63269556],[92.71946836,12.63814282],[92.71972084,12.64294505],[92.71550453,12.64342821],[92.71557558,12.63748574],[92.71172392,12.62623286],[92.71214485,12.62290645],[92.70500851,12.608446],[92.70360971,12.60782015],[92.70354664,12.61197186],[92.70178652,12.61256874],[92.69536567,12.6073935],[92.69159842,12.60812497],[92.68762386,12.61147893],[92.68672836,12.61510098],[92.68454027,12.60781252],[92.68478584,12.60331714],[92.68664324,12.60156357],[92.69065666,12.60194886],[92.70117795,12.59984934],[92.7047739,12.59666514],[92.70747316,12.59694338],[92.70424914,12.58759665],[92.70699966,12.58447051],[92.70543766,12.5783838],[92.70827353,12.57633221],[92.70818567,12.57187223],[92.70563281,12.56944704],[92.70481777,12.56525874],[92.70761096,12.56140685],[92.70871365,12.55593896],[92.70369792,12.54799604],[92.70395136,12.54696584],[92.70658147,12.54717553],[92.70142305,12.54566061],[92.69874227,12.53920186],[92.6995697,12.53033924],[92.69713831,12.52183938],[92.69471765,12.51944041],[92.69423008,12.51484263],[92.69597065,12.51244891],[92.70105565,12.51059544],[92.70139086,12.50032544],[92.70317256,12.49832594],[92.70488763,12.49832594],[92.70828736,12.49397695],[92.70839691,12.49336314],[92.70775855,12.49016881],[92.7033236,12.48363328],[92.70331538,12.48046875],[92.70340407,12.48046875],[92.70337403,12.47925687],[92.69948196,12.46740127],[92.70192015,12.46463752],[92.70282173,12.45942843],[92.70509374,12.45750535],[92.70650375,12.45104885],[92.70201504,12.44572353],[92.7030642,12.43586564],[92.69860685,12.42530942],[92.69806254,12.42092586],[92.70047355,12.40771115],[92.69829464,12.40155447],[92.69776535,12.38944685],[92.69937575,12.38457894],[92.69943488,12.37927783],[92.70312476,12.37846065],[92.70346165,12.37302625],[92.70532703,12.36979926],[92.70442045,12.36862004],[92.70172405,12.36850536],[92.69998574,12.36591077],[92.70161474,12.35713184],[92.70034277,12.35344136],[92.70083392,12.33524001],[92.69944644,12.32771361],[92.70013511,12.32658112],[92.70169055,12.32671845],[92.70505702,12.3302834],[92.70859075,12.32848597],[92.70892715,12.32799494],[92.70897877,12.32673705],[92.70743275,12.32379997],[92.70719862,12.31739533],[92.70742762,12.31633115],[92.71092892,12.30987108],[92.71114552,12.30966175],[92.71195614,12.30963314],[92.71324611,12.31189311],[92.71379185,12.31212831],[92.71517313,12.31161535],[92.71825492,12.3046875],[92.71861684,12.3046875],[92.71903467,12.30381918],[92.71877325,12.30123353],[92.71963358,12.30039644],[92.72039747,12.30025327],[92.72965634,12.30266762],[92.73250604,12.30197346],[92.73431146,12.3046875],[92.73453355,12.3046875],[92.73592103,12.30867803],[92.73545301,12.3046875],[92.73495483,12.30261755],[92.73559046,12.30085111],[92.74215996,12.30140364],[92.74475336,12.29927945],[92.74784696,12.29987347],[92.75452101,12.29572308],[92.75781083,12.29826903],[92.75750935,12.30292583],[92.75856698,12.3046875],[92.75880885,12.3046875],[92.76381111,12.31230605],[92.76473331,12.31126678],[92.76317096,12.30515647],[92.76337826,12.3046875],[92.76341808,12.3046875],[92.76454997,12.30159605],[92.76481283,12.30174875],[92.76623416,12.3046875],[92.76900637,12.31403506],[92.77161646,12.3169018],[92.77188051,12.31764615],[92.77127862,12.31955302],[92.77412403,12.31605852],[92.77990592,12.31282091],[92.78406775,12.31354296],[92.7906965,12.31152725],[92.79269195,12.31008232],[92.79453933,12.30620384],[92.79497385,12.30613995],[92.79776955,12.30753613],[92.80293155,12.3127495],[92.8034811,12.31298673],[92.8085345,12.31466663],[92.80959415,12.31466901],[92.8125,12.31361604],[92.82255375,12.30884433],[92.82906425,12.3046875],[92.82962155,12.3046875],[92.83198571,12.30249643],[92.83675551,12.3046875],[92.83677506,12.3046875],[92.83871317,12.30630267],[92.84037244,12.30685115],[92.84870482,12.30812645],[92.85117424,12.31126857],[92.85493541,12.31336606],[92.86953294,12.31391323],[92.87225652,12.31759727],[92.87816513,12.31326985],[92.88169515,12.31878841],[92.88664711,12.32342446],[92.88883173,12.32105458],[92.89471865,12.32018375],[92.89706171,12.32603598],[92.88900685,12.32516384],[92.88721824,12.32745051],[92.88872075,12.32925785],[92.88837635,12.33108473],[92.88656223,12.33202195],[92.88169885,12.33133435],[92.88100207,12.33199584],[92.8832792,12.33358216],[92.87968934,12.33356392],[92.88070011,12.33651042],[92.88063538,12.3429563],[92.8816092,12.34408402],[92.88752234,12.34389543],[92.88873255,12.34162355],[92.89242601,12.33945644],[92.89419901,12.33612156],[92.89605617,12.33570683],[92.89614654,12.33602691],[92.89177322,12.34316194],[92.88998151,12.35033011],[92.88980365,12.35063124],[92.88644517,12.35132206],[92.88502812,12.35532916],[92.88150334,12.35611987],[92.87971675,12.35802257],[92.87694192,12.35454547],[92.87289083,12.35378051],[92.87004745,12.35699224],[92.86993742,12.36030138],[92.8684051,12.36196351],[92.86235344,12.36111605],[92.85978782,12.36228037],[92.85795307,12.36647344],[92.86002505,12.36877382],[92.85979736,12.37131417],[92.85194945,12.3779211],[92.84971035,12.38408971],[92.84677076,12.3885324],[92.84005845,12.39292884],[92.83852291,12.39504826],[92.83794951,12.39804947],[92.84129453,12.40290082],[92.84171724,12.40504575],[92.84150505,12.40585816],[92.83918285,12.40827382],[92.83406615,12.40908301],[92.83466947,12.41103196],[92.83300984,12.41692114],[92.82955194,12.41993976],[92.82868922,12.42248046],[92.82879365,12.42602634],[92.83031762,12.42728448],[92.82994235,12.42779875],[92.82177293,12.43161106],[92.8125,12.43303573],[92.81101334,12.4333775],[92.81063402,12.43354094],[92.80462205,12.43864417],[92.79756641,12.43646121],[92.79435515,12.43788266],[92.79426467,12.44573462],[92.79778016,12.45338905],[92.79647708,12.45910525],[92.79845774,12.46370435],[92.79141128,12.46863878],[92.79105306,12.46967006],[92.79150903,12.47014511],[92.79179466,12.47014511],[92.80027366,12.46439636],[92.79773128,12.46055627],[92.79958355,12.45474815],[92.79596591,12.44507158],[92.79629707,12.43830848],[92.79681003,12.43784428],[92.79835248,12.43793094],[92.80470693,12.44023585],[92.80926776,12.43611515],[92.8125,12.43498886],[92.81827354,12.43365443],[92.82055438,12.43518805],[92.82077324,12.43574047],[92.82059932,12.43607783],[92.81823337,12.43630862],[92.81956446,12.43714857],[92.82005966,12.43704391],[92.8244245,12.43282473],[92.83389628,12.43039286],[92.83727217,12.43116415],[92.83876371,12.42832518],[92.84627032,12.42335248],[92.85230875,12.42397118],[92.85831034,12.42242086],[92.86100483,12.42518985],[92.86559355,12.42548776],[92.87320471,12.41897905],[92.87470126,12.41445196],[92.87580681,12.41379046],[92.87898386,12.41882956],[92.88570225,12.42294657],[92.88776112,12.42079401],[92.89318323,12.41845083],[92.89637256,12.41514206],[92.89880705,12.41560018],[92.89919734,12.41607404],[92.89914203,12.41723144],[92.89587021,12.42432654],[92.88695812,12.43519783],[92.87922394,12.43976677],[92.87717855,12.4420737],[92.87342894,12.44063938],[92.86802924,12.44301605],[92.86122572,12.44967306],[92.85259426,12.45485795],[92.84906554,12.45836306],[92.84163034,12.47056365],[92.84327924,12.47848523],[92.84222555,12.48046875],[92.83658755,12.48481131],[92.83729482,12.49012935],[92.83703327,12.49095166],[92.83624578,12.49226356],[92.82918251,12.49642432],[92.83495891,12.49449301],[92.83762145,12.49157715],[92.83863175,12.49212062],[92.83822942,12.48479044],[92.84269094,12.48303843],[92.84318733,12.48271072],[92.84448206,12.48088372],[92.84448624,12.48046875],[92.84362924,12.47614396],[92.84398067,12.47101402],[92.84423876,12.46997476],[92.84737241,12.46498322],[92.85290205,12.45878971],[92.86033654,12.45452011],[92.86769605,12.44707632],[92.86915624,12.44637466],[92.87019718,12.44623435],[92.87202334,12.4472332],[92.87701285,12.44685996],[92.87947953,12.44789147],[92.88121355,12.44875431],[92.88278425,12.45158994],[92.88587451,12.45371962],[92.88256145,12.44812381],[92.87808597,12.44480121],[92.88508427,12.44170988],[92.89319801,12.43516254],[92.89715326,12.42922795],[92.90281975,12.42638707],[92.90555394,12.42312706],[92.90782166,12.42217505],[92.90952647,12.41886461],[92.90666544,12.40778935],[92.90946782,12.40572107],[92.91309714,12.40572786],[92.91526067,12.40648174],[92.91532004,12.41193855],[92.91995788,12.42355394],[92.92040765,12.42620635],[92.91942894,12.42905796],[92.92207718,12.43357444],[92.92388964,12.43472683],[92.91965711,12.43781531],[92.91931415,12.44101167],[92.91490293,12.44135904],[92.91543031,12.4435842],[92.92319214,12.4425745],[92.92802918,12.44483411],[92.93116021,12.44823611],[92.93350315,12.44725072],[92.93807042,12.44734705],[92.94115865,12.44896925],[92.94638097,12.45725584],[92.94423532,12.46057951],[92.94645786,12.46064818],[92.95030868,12.46483397],[92.95365405,12.46479905],[92.95802021,12.46748793],[92.95807207,12.47424865],[92.95430481,12.47620118],[92.95089197,12.47625411],[92.94568014,12.47340214],[92.94403863,12.46878231],[92.93930507,12.46867645],[92.93371737,12.46598995],[92.93081152,12.4659301],[92.93367314,12.46738315],[92.93522513,12.46957731],[92.93417418,12.47318804],[92.93134117,12.47587085],[92.93238544,12.47817111],[92.93187702,12.48046875],[92.93225992,12.48046875],[92.93346608,12.48168254],[92.93404651,12.48180401],[92.93792856,12.48165905],[92.93992746,12.48338616],[92.94521797,12.49429381],[92.94510651,12.49728274],[92.94674826,12.49888265],[92.94881105,12.49841046],[92.95087194,12.49486816],[92.95629597,12.49088061],[92.95697367,12.48802757],[92.95760953,12.48718715],[92.95869851,12.48663914],[92.96155691,12.4866364],[92.96390605,12.48785031],[92.96446383,12.49323416],[92.96820855,12.49617624],[92.96544564,12.50463235],[92.96595144,12.51348317],[92.96957862,12.51697504],[92.97205508,12.52322853],[92.97436905,12.53119624],[92.97534478,12.5423032],[92.97394228,12.54979193],[92.97061837,12.55870914],[92.96963787,12.56099355],[92.96605182,12.56629825],[92.96436846,12.5735141],[92.96173024,12.57659042],[92.96219981,12.58387923],[92.95746183,12.59312665],[92.95733404,12.59350216],[92.95790768,12.59744895],[92.95783687,12.59823382],[92.95595014,12.60184574],[92.95605695,12.60810888],[92.95687091,12.61336887],[92.95848155,12.61809027],[92.95700765,12.62268972],[92.95784223,12.62421954],[92.95805764,12.64248085],[92.96169972,12.65625],[92.96182096,12.65625],[92.96264851,12.65863752],[92.96185136,12.66889346],[92.96444285,12.67472625],[92.96518564,12.67966104],[92.96331847,12.68452716],[92.96547234,12.69294655],[92.96542215,12.69328916],[92.9631443,12.69424057],[92.96297681,12.69457436],[92.96281981,12.6957587],[92.96317422,12.69846106],[92.96516275,12.70462191],[92.96538734,12.70505166],[92.97032535,12.71053731],[92.97226512,12.71171355],[92.97256565,12.71170831],[92.97770071,12.70788205],[92.97873545,12.70764387],[92.97975016,12.70792365],[92.98025715,12.70976937],[92.9770025,12.71810555],[92.97369325,12.71983576],[92.96765602,12.71996164],[92.96559882,12.72343695],[92.96436524,12.72921705],[92.96860635,12.73976421],[92.96244836,12.74703443],[92.96271217,12.75220394],[92.96045494,12.75461972],[92.95221066,12.75742066],[92.94882155,12.76273894],[92.94952774,12.76992762],[92.9459666,12.77033865],[92.93878794,12.768013],[92.93527067,12.77188241],[92.93428385,12.77359664],[92.93353164,12.77584875],[92.93428361,12.78115761],[92.93455923,12.78151464],[92.93889725,12.78389192],[92.94298375,12.78971446],[92.94883525,12.79251397],[92.94913077,12.79286635],[92.95003021,12.79501295],[92.94982123,12.79965782],[92.95292485,12.80209541],[92.95377958,12.80415213],[92.95367372,12.80824733],[92.95002913,12.81501472],[92.9468857,12.81821144],[92.94646573,12.82282233],[92.9444226,12.82563961],[92.94416106,12.82656586],[92.94551575,12.83203125],[92.94580185,12.83203125],[92.94831085,12.83607936],[92.94819283,12.83637226],[92.94527376,12.83781815],[92.94488704,12.83782613],[92.94125736,12.8363378],[92.94109106,12.83659816],[92.93927646,12.84287345],[92.93896675,12.84891295],[92.94088304,12.85292852],[92.9410609,12.85596716],[92.935781,12.85453296],[92.93359423,12.8565551],[92.93052352,12.85744166],[92.92956197,12.85903907],[92.92923975,12.85981703],[92.92930377,12.86519384],[92.92728245,12.87349725],[92.92856705,12.87952411],[92.92738986,12.8846544],[92.92000103,12.88750875],[92.91732895,12.88563156],[92.90959632,12.88312256],[92.90647304,12.88310325],[92.90508521,12.88466096],[92.90521777,12.88707113],[92.91030026,12.89693284],[92.90954757,12.90152133],[92.91023386,12.90396905],[92.91804922,12.90757334],[92.92186832,12.91232514],[92.92049134,12.91278577],[92.91669154,12.91021705],[92.91027892,12.90895951],[92.90815997,12.91055274],[92.90779746,12.91315556],[92.90618408,12.91487002],[92.90247667,12.91621304],[92.89977574,12.91532993],[92.89936817,12.91554987],[92.89898443,12.91591716],[92.90139055,12.92262507],[92.90025377,12.92596304],[92.89871883,12.92695165],[92.89795065,12.92696416],[92.89663446,12.92535686],[92.89826095,12.92195785],[92.89814126,12.92140853]],[[92.93178272,12.91869152],[92.93154573,12.91704571],[92.93198621,12.91641092],[92.93343115,12.91585374],[92.93436193,12.91340661],[92.93493044,12.91328657],[92.93536794,12.91353714],[92.93652833,12.91540074],[92.93646681,12.91696513],[92.93620396,12.917436],[92.93304741,12.91902232],[92.93277597,12.91912293],[92.93178272,12.91869152]],[[92.91225576,12.91389537],[92.91252875,12.9177227],[92.90869355,12.91443312],[92.90884686,12.91382551],[92.91067338,12.91330194],[92.91225576,12.91389537]],[[92.94904876,12.42888665],[92.94844115,12.42089844],[92.94927514,12.41479278],[92.94848394,12.41449857],[92.94547176,12.41924346],[92.94463551,12.41986084],[92.94053555,12.42197072],[92.93989372,12.42208326],[92.93780553,12.42185271],[92.93345046,12.41933608],[92.93220174,12.41811705],[92.93059266,12.41522646],[92.92609525,12.40388155],[92.92450023,12.39122868],[92.92794585,12.38697708],[92.91908515,12.37569833],[92.91848517,12.37428105],[92.91795945,12.36802387],[92.91891372,12.36477113],[92.92857695,12.36165214],[92.93077338,12.35895944],[92.93112612,12.35884404],[92.93251884,12.35973275],[92.93454421,12.36358416],[92.93745184,12.37681782],[92.93792725,12.37792146],[92.9415158,12.38099563],[92.94298422,12.38408482],[92.94280243,12.40020025],[92.94379306,12.40302265],[92.94391012,12.40326714],[92.94663608,12.40693676],[92.95253241,12.40823233],[92.95532894,12.41470563],[92.95858097,12.41667616],[92.9605298,12.41922724],[92.96063411,12.41956258],[92.96059644,12.42219162],[92.95761943,12.42462254],[92.95649481,12.42718971],[92.95619917,12.42829168],[92.95641732,12.43500006],[92.95625377,12.4352684],[92.95501435,12.43478],[92.95217073,12.43027985],[92.94904876,12.42888665]],[[92.89043665,12.39175594],[92.89376044,12.3967272],[92.89406824,12.39956403],[92.8938328,12.40026057],[92.89354944,12.40054631],[92.88967311,12.40113628],[92.88926184,12.40644741],[92.88801408,12.4078418],[92.88648081,12.40688705],[92.88434148,12.40279114],[92.88409793,12.39978898],[92.88246191,12.39860201],[92.87716401,12.40016282],[92.87373924,12.40527701],[92.86879325,12.40382552],[92.86528218,12.40372693],[92.86464286,12.40424526],[92.85756826,12.40797126],[92.85214961,12.40902162],[92.84478152,12.40443265],[92.84370124,12.40044045],[92.84438932,12.39521515],[92.84492886,12.39462042],[92.84861243,12.39414847],[92.84913135,12.39382553],[92.85498297,12.38858223],[92.85980725,12.3884865],[92.86017823,12.38819253],[92.86099517,12.38653076],[92.86009204,12.38286865],[92.86237192,12.379776],[92.86605883,12.37816513],[92.86762595,12.37798023],[92.86826205,12.37832904],[92.87268651,12.38355744],[92.87699115,12.38232064],[92.87968254,12.38343382],[92.88182235,12.38083136],[92.88141322,12.37461495],[92.88203943,12.37404776],[92.88468051,12.37452686],[92.88496256,12.37482774],[92.88601542,12.37841594],[92.88609695,12.37903166],[92.88419831,12.38794994],[92.89016736,12.39136815],[92.89043665,12.39175594]],[[92.89808893,12.40811193],[92.89908767,12.40770614],[92.89874852,12.41152334],[92.89756167,12.41078377],[92.89765775,12.40942335],[92.89808893,12.40811193]],[[92.89594924,12.39209962],[92.8969655,12.39207911],[92.89773965,12.39273298],[92.89779484,12.39410913],[92.89720786,12.39492881],[92.89636695,12.39512646],[92.89557827,12.3941313],[92.89576948,12.39241481],[92.89594924,12.39209962]],[[92.86688876,12.41269445],[92.86898994,12.41433811],[92.86865485,12.41966236],[92.86744773,12.42055166],[92.86541235,12.42106307],[92.86010265,12.41793025],[92.85898352,12.41653824],[92.85868335,12.4155184],[92.86231303,12.41269946],[92.86630344,12.41256595],[92.86688876,12.41269445]],[[92.84215522,12.42105746],[92.83779907,12.42489254],[92.83701277,12.4253571],[92.83344805,12.42658865],[92.83092046,12.42661834],[92.8296684,12.42535472],[92.82913995,12.42342985],[92.82968175,12.42173445],[92.8301084,12.42106461],[92.83377886,12.41771686],[92.83664525,12.41606414],[92.83836353,12.41537225],[92.84552717,12.41468775],[92.84632015,12.41490603],[92.84668911,12.41538882],[92.84685457,12.41645503],[92.84583521,12.41787231],[92.84215522,12.42105746]],[[92.88879013,12.41298675],[92.88934982,12.41284895],[92.88934982,12.41415775],[92.8885802,12.41415775],[92.88830018,12.41381323],[92.88879013,12.41298675]],[[92.90123177,12.42571151],[92.90048003,12.42580962],[92.8999238,12.42529607],[92.89938188,12.42196846],[92.89950216,12.42169142],[92.90326345,12.42024875],[92.90355003,12.42036664],[92.90465415,12.42309535],[92.90123177,12.42571151]],[[92.87522233,12.44492126],[92.87449431,12.44516873],[92.87421095,12.44437623],[92.87557745,12.44397342],[92.87588048,12.44415736],[92.87522233,12.44492126]],[[92.90835392,12.34144831],[92.91018045,12.33807445],[92.91060746,12.33775806],[92.91151226,12.33778644],[92.91195488,12.33812773],[92.91232133,12.34063125],[92.91867936,12.35004234],[92.91795075,12.35395801],[92.91530395,12.35539675],[92.91249537,12.35388434],[92.90950942,12.34887505],[92.90938997,12.34832215],[92.91011894,12.34430337],[92.90835392,12.34144831]],[[92.90592766,12.34086394],[92.90528548,12.34102392],[92.90466487,12.34027374],[92.90477467,12.33920813],[92.90542495,12.33845997],[92.90600443,12.33864522],[92.90670943,12.33978558],[92.90662265,12.34026456],[92.90592766,12.34086394]],[[92.91110086,12.33358586],[92.91150177,12.33238232],[92.91274762,12.33186138],[92.91319954,12.3320924],[92.91354215,12.33273077],[92.91345584,12.3330878],[92.91207445,12.33490372],[92.91150045,12.33518434],[92.91110086,12.33358586]],[[93.06853545,12.31905782],[93.06300795,12.31592357],[93.06955147,12.31647491],[93.07294464,12.31539226],[93.07388914,12.31670106],[93.07255983,12.31904292],[93.06853545,12.31905782]],[[92.92995167,12.30571628],[92.92987776,12.3046875],[92.92978263,12.3046875],[92.92941475,12.30373144],[92.93056452,12.29812896],[92.92877805,12.29145324],[92.93057942,12.28808367],[92.93060815,12.28504646],[92.92763472,12.28101003],[92.92562676,12.28056753],[92.92261481,12.28427684],[92.91982627,12.28256583],[92.91887152,12.28883481],[92.91276336,12.29305756],[92.90538275,12.29164171],[92.90505028,12.29150665],[92.90270448,12.29027307],[92.90187013,12.28879726],[92.90163922,12.28811896],[92.90241885,12.28486836],[92.90160251,12.28051662],[92.90166581,12.28019071],[92.90375304,12.27760196],[92.90374291,12.27709115],[92.90129626,12.2738142],[92.90143454,12.27133393],[92.90478873,12.27111435],[92.90772486,12.27453315],[92.90901113,12.27421248],[92.91304123,12.27287137],[92.91436446,12.27134788],[92.91209126,12.26313496],[92.9133985,12.26317835],[92.91720664,12.26759696],[92.91680574,12.26310885],[92.91837776,12.26305985],[92.91997743,12.26553547],[92.92116606,12.26509404],[92.92257464,12.25826931],[92.92008042,12.25097644],[92.91880238,12.23841822],[92.92138457,12.23153555],[92.92221045,12.23115051],[92.92342591,12.23113203],[92.92486978,12.23164678],[92.92516387,12.23196995],[92.92885637,12.23780406],[92.92899907,12.23818755],[92.92915273,12.24695027],[92.92772472,12.24902773],[92.92755401,12.25082004],[92.9278053,12.25261843],[92.92983115,12.25824893],[92.93001342,12.25855732],[92.9422518,12.27430928],[92.94254923,12.27860963],[92.94183171,12.28030694],[92.94157135,12.28067374],[92.93533886,12.28491521],[92.93356645,12.28754425],[92.93312764,12.29346514],[92.93656456,12.29824114],[92.93463373,12.30426896],[92.93463373,12.3046875],[92.93473291,12.3046875],[92.9343189,12.31024456],[92.92995167,12.30571628]],[[93.02229762,12.27458894],[93.02613687,12.27335274],[93.02699804,12.27352917],[93.03008401,12.27748561],[93.03029931,12.27790928],[93.02997625,12.27981687],[93.02965343,12.2801702],[93.02803874,12.28002882],[93.02462995,12.27812135],[93.02229762,12.27582526],[93.02208233,12.27476561],[93.02229762,12.27458894]],[[93.0625,12.23388875],[93.06333327,12.22916663],[93.06555545,12.2272222],[93.07538426,12.2255367],[93.08277774,12.22222221],[93.08638895,12.22416663],[93.09112775,12.22347045],[93.09308696,12.22443473],[93.09352624,12.22111094],[93.09333491,12.22014391],[93.09111094,12.21694446],[93.09111094,12.21583331],[93.09138894,12.21500003],[93.09416664,12.20972216],[93.09706485,12.20871794],[93.09893072,12.20415008],[93.09942055,12.20373702],[93.10074985,12.20394361],[93.10166657,12.20472205],[93.10361111,12.20833325],[93.10361111,12.22166657],[93.10055554,12.23138893],[93.10472214,12.23666656],[93.10583317,12.23972225],[93.10696495,12.25159371],[93.10591543,12.25427985],[93.1059854,12.26020384],[93.10570538,12.26075482],[93.10416663,12.26111114],[93.10166657,12.26083326],[93.10086656,12.26031113],[93.10009694,12.25934672],[93.09861112,12.25388885],[93.09944427,12.24972224],[93.09916663,12.24916661],[93.09638894,12.24694443],[93.09611106,12.24388885],[93.0958333,12.24333334],[93.09277773,12.2386111],[93.09222221,12.23805547],[93.08861113,12.23722208],[93.0866667,12.23722208],[93.08500004,12.2386111],[93.08611095,12.24611115],[93.08361113,12.25861096],[93.08139062,12.26031256],[93.0803411,12.25934815],[93.07777774,12.26194441],[93.07249987,12.25972223],[93.07055545,12.25777781],[93.07135987,12.25282216],[93.06749988,12.24916661],[93.06475115,12.23579574],[93.0625,12.23388875]],[[93.07213831,12.21078217],[93.06860483,12.21157443],[93.06832492,12.21157443],[93.06629992,12.21014607],[93.0640918,12.20389414],[93.05803955,12.19493961],[93.05580044,12.19025564],[93.05363142,12.18553722],[93.04964316,12.17182994],[93.04628456,12.16614723],[93.04411554,12.15936232],[93.04324102,12.15853584],[93.03752971,12.15974188],[93.03648007,12.15691781],[93.04320598,12.15581501],[93.03942776,12.14555156],[93.03946257,12.14110875],[93.03718865,12.13353193],[93.03925276,12.13077664],[93.03942776,12.12890625],[93.03970754,12.12695372],[93.03998745,12.12660933],[93.04131675,12.12654042],[93.04303098,12.12809014],[93.04436052,12.12829685],[93.04656446,12.12774575],[93.04708934,12.12450826],[93.04827881,12.12423277],[93.04771912,12.12299287],[93.05030775,12.11972106],[93.05303657,12.1227864],[93.05657005,12.12323415],[93.05443597,12.12244201],[93.05268681,12.11799908],[93.05062282,12.11748254],[93.05020285,12.11496818],[93.05688803,12.10594864],[93.05803955,12.10439503],[93.06216764,12.10281074],[93.06261144,12.10117543],[93.06339204,12.09829903],[93.06633067,12.09798896],[93.06633067,12.09523392],[93.06832492,12.09061885],[93.07031906,12.09054995],[93.06947935,12.08741581],[93.07248795,12.08693361],[93.07444715,12.08521163],[93.07441223,12.08362734],[93.0761615,12.08545256],[93.07864535,12.08466053],[93.07965994,12.08948231],[93.08417285,12.08855236],[93.08553731,12.08979225],[93.08518743,12.09082544],[93.086272,12.09130764],[93.08546734,12.09309852],[93.08662176,12.09337401],[93.08683157,12.09557831],[93.08966553,12.09754133],[93.09081995,12.09998655],[93.09012032,12.10074425],[93.09041509,12.10117543],[93.09134471,12.10253525],[93.09152315,12.10594864],[93.09158957,12.10721922],[93.09221935,12.10690916],[93.09179938,12.11093867],[93.09330392,12.11052537],[93.09330392,12.11166203],[93.08984041,12.11524391],[93.09256923,12.11696577],[93.09158957,12.11913574],[93.09302402,12.12268305],[93.09123981,12.12350965],[93.08767128,12.12306178],[93.08970034,12.12585163],[93.08994532,12.12719464],[93.08893084,12.12853801],[93.08824563,12.12890625],[93.08770633,12.12998438],[93.08998024,12.13435841],[93.09221935,12.13580501],[93.0949831,12.14241755],[93.09403861,12.14837575],[93.08889568,12.15243983],[93.08749628,12.15130317],[93.08609712,12.15161324],[93.08606195,12.15361083],[93.08382297,12.15553951],[93.08413792,12.15733027],[93.08515251,12.15684807],[93.08466256,12.15912116],[93.08602715,12.16387415],[93.08749628,12.16404617],[93.0877763,12.16463184],[93.0891757,12.16914356],[93.08998024,12.17444742],[93.08970034,12.18033671],[93.08812606,12.17988884],[93.08770633,12.18105996],[93.08634186,12.18030214],[93.08833611,12.18298864],[93.08553731,12.18691492],[93.08550227,12.19194317],[93.08662176,12.19304526],[93.08574724,12.19304526],[93.08546734,12.19521511],[93.08403301,12.19490504],[93.08182895,12.19838357],[93.0802896,12.19828033],[93.08021963,12.19958901],[93.07721102,12.20217204],[93.07770073,12.20496166],[93.07633626,12.20957685],[93.07213831,12.21078217]],[[93.11223793,12.13805032],[93.11248267,12.13553608],[93.11409211,12.13429618],[93.11556125,12.12995684],[93.11814857,12.13471723],[93.11881328,12.13478613],[93.12325788,12.13994455],[93.12136877,12.14135671],[93.12189364,12.14483523],[93.11972463,12.14338863],[93.11836004,12.14387083],[93.12038922,12.14559293],[93.12021434,12.14776266],[93.12052906,12.14834797],[93.11664593,12.1480726],[93.11503661,12.14442194],[93.10947394,12.14393973],[93.10908926,12.14307857],[93.11027873,12.14249325],[93.10964894,12.14046121],[93.11223793,12.13805032]],[[93.09856224,12.13660705],[93.09821224,12.13695145],[93.09639323,12.13657248],[93.09632325,12.13478172],[93.09747756,12.13357615],[93.09789753,12.13350725],[93.09856224,12.13660705]],[[93.03190744,12.11596155],[93.03378975,12.12237096],[93.03523755,12.12393033],[93.03233337,12.12890625],[93.03222644,12.12890625],[93.0321964,12.12931752],[93.03048408,12.13454545],[93.02611566,12.13855851],[93.02623308,12.14068365],[93.02846265,12.14361405],[93.02687836,12.14785516],[93.02712023,12.15494335],[93.02956104,12.16388953],[93.02754605,12.16623378],[93.02343321,12.16382456],[93.02109444,12.15730715],[93.01015723,12.15063643],[93.00773585,12.14760268],[93.00668693,12.14561081],[93.00213337,12.13337255],[93.00283456,12.12890625],[93.00268006,12.12890625],[93.00276327,12.12455845],[93.00531662,12.11698496],[93.00537205,12.11650324],[93.00498164,12.11353004],[93.00438225,12.11332572],[93.00379241,12.11344588],[93.00275636,12.11657512],[93.0009253,12.11759317],[93.00008166,12.12223256],[92.99555194,12.12890625],[92.99512982,12.12890625],[92.99465454,12.1330111],[92.99304223,12.13580096],[92.99290836,12.13658273],[92.99321568,12.14116442],[92.99250603,12.14301407],[92.99162436,12.14394498],[92.98833406,12.14463985],[92.98396182,12.14858341],[92.98302913,12.14894974],[92.97374976,12.14818788],[92.96360791,12.15059721],[92.95781398,12.14875627],[92.95578074,12.14604366],[92.95553505,12.14222586],[92.95710945,12.13542235],[92.95724153,12.13495338],[92.96000016,12.13117397],[92.96060145,12.12890625],[92.96048117,12.12890625],[92.96139562,12.12465382],[92.96224475,12.12271166],[92.96358204,12.12133777],[92.96599674,12.11893511],[92.96790051,12.11779344],[92.96908605,12.11751425],[92.97570515,12.11708868],[92.97625566,12.11316395],[92.98037577,12.11185646],[92.99707842,12.11345851],[93.00037372,12.11126244],[93.00049377,12.1070199],[93.00667286,12.10778964],[93.00729936,12.10594864],[93.0089237,12.10117543],[93.00917935,12.10042417],[93.00698733,12.09358954],[93.0061326,12.08319521],[93.00713933,12.07541084],[93.01085317,12.07148814],[93.01343012,12.07247102],[93.01952148,12.07218075],[93.02722144,12.06812024],[93.03420854,12.06048167],[93.04107344,12.04633987],[93.04463017,12.04552627],[93.04510462,12.04554081],[93.04948866,12.05064285],[93.05338073,12.06057644],[93.05229807,12.06293857],[93.05309117,12.06910014],[93.05120146,12.07311571],[93.05382776,12.07598877],[93.04925013,12.08313787],[93.04611576,12.08429015],[93.04236555,12.0882647],[93.03465903,12.09954727],[93.03481027,12.10117543],[93.03496993,12.10289407],[93.03371922,12.10594864],[93.03185201,12.11050892],[93.03190744,12.11596155]],[[93.00061941,12.06835747],[92.99911797,12.07212997],[93.00162876,12.07523656],[93.00008094,12.07685184],[93.00047505,12.08432853],[93.00066531,12.08581662],[93.00213647,12.09216547],[93.00382996,12.09754157],[93.00505841,12.09902716],[93.00518613,12.10117543],[93.00527954,12.10274672],[93.00469768,12.10377645],[93.00300825,12.10509396],[93.00197113,12.10541236],[92.99880952,12.10594864],[92.99269354,12.10698605],[92.99078298,12.10926676],[92.98996615,12.1097095],[92.98573267,12.10934496],[92.98372185,12.10861433],[92.98337615,12.1084367],[92.98201501,12.10649085],[92.9780057,12.10594864],[92.9742192,12.10543656],[92.97390664,12.10529315],[92.97401464,12.10386562],[92.97730911,12.10389233],[92.97428763,12.10245025],[92.97019064,12.10453296],[92.96908775,12.10594864],[92.96655178,12.10920382],[92.96435356,12.10753703],[92.96021986,12.10756135],[92.95986736,12.10735762],[92.95967925,12.10599971],[92.95968991,12.10594864],[92.96068631,12.10117543],[92.96187568,12.09547782],[92.96060574,12.09332764],[92.96535921,12.09424114],[92.96516562,12.09050512],[92.96999025,12.09007537],[92.97076964,12.08709848],[92.97000766,12.08607328],[92.96290314,12.08403885],[92.96043015,12.08242905],[92.96034086,12.08133006],[92.96210134,12.07186425],[92.96223485,12.07157421],[92.96401405,12.06872177],[92.96490455,12.06809366],[92.96858644,12.06807101],[92.97258985,12.06459761],[92.97520781,12.06514037],[92.97362983,12.06300902],[92.97320068,12.05982423],[92.97486901,12.05933726],[92.97577333,12.06067312],[92.97926426,12.05515552],[92.97948015,12.05467951],[92.97957861,12.05108655],[92.98088181,12.04992974],[92.98488414,12.04963315],[92.99012935,12.04437935],[92.99108136,12.04389191],[92.99364662,12.04383612],[92.99744987,12.04525244],[93.00119042,12.05063355],[92.99923062,12.05463791],[93.00146163,12.06164825],[92.99803102,12.06468725],[93.00061941,12.06835747]],[[92.96610677,12.04823756],[92.96491563,12.04956198],[92.96313155,12.04465604],[92.96330226,12.03758895],[92.96183395,12.03048801],[92.95384204,12.02050424],[92.95025957,12.01264274],[92.94205117,12.00702465],[92.93093932,12.00548756],[92.92799211,11.99945641],[92.92494547,11.99758804],[92.9254446,11.99588275],[92.92646444,11.99472165],[92.93078876,11.99205864],[92.93400884,11.98480237],[92.94010985,11.98600745],[92.94774842,11.98518252],[92.95985818,11.98091114],[92.96339762,11.97062171],[92.96583235,11.96657884],[92.96840024,11.95640504],[92.97046065,11.953125],[92.97074592,11.953125],[92.97350192,11.94893312],[92.97392213,11.94868696],[92.9814651,11.94562376],[92.98547602,11.94506764],[92.98632121,11.94747484],[92.99026751,11.95109534],[92.99343562,11.95002627],[92.99595726,11.94741428],[92.99879587,11.94764376],[93.00025654,11.94998336],[93.00171995,11.94746554],[92.99612224,11.94349885],[92.99438822,11.94138515],[92.99470055,11.93987405],[92.99873126,11.93767226],[92.99816942,11.93437731],[93.00286353,11.93119705],[93.00685215,11.92668438],[93.01260793,11.91585457],[93.01716721,11.91028738],[93.02212667,11.90118563],[93.02225971,11.89739764],[93.02513266,11.88847721],[93.02539146,11.88813114],[93.03340995,11.88238156],[93.03477204,11.88175726],[93.03915584,11.88172781],[93.04315162,11.88244295],[93.04586208,11.88396275],[93.04854703,11.88685036],[93.05159605,11.89108658],[93.05310607,11.89395165],[93.05397308,11.89699066],[93.05392575,11.90313125],[93.05381215,11.90369642],[93.04972923,11.90773165],[93.04937744,11.90866745],[93.04953504,11.91173267],[93.04804611,11.9130938],[93.04723394,11.91636908],[93.04804611,11.92010546],[93.04540086,11.92155361],[93.04658985,11.92424655],[93.04486012,11.9261626],[93.04458368,11.92952406],[93.03736508,11.94462013],[93.03727663,11.94767547],[93.03708982,11.94804347],[93.03405154,11.9491539],[93.03068626,11.94853067],[93.02836072,11.95127416],[93.02805662,11.953125],[93.02567816,11.95961297],[93.02488196,11.9662683],[93.01630914,11.98022223],[93.00737596,12.00036764],[93.00695705,12.00153446],[93.00698721,12.00426865],[93.00774395,12.00716221],[93.01010895,12.01246727],[93.01006341,12.01712883],[93.00892282,12.01994991],[93.00370514,12.02838051],[93.00340533,12.02881527],[92.9984436,12.03375721],[92.99800634,12.03412163],[92.98663795,12.03852534],[92.98252165,12.04341424],[92.97456324,12.04211438],[92.97395325,12.03982866],[92.97490585,12.03728676],[92.96907568,12.03388858],[92.96582353,12.04195523],[92.96610677,12.04823756]],[[92.78096855,11.89694512],[92.78545225,11.89967334],[92.78735125,11.8996309],[92.78859115,11.90147185],[92.78600705,11.90159631],[92.78355777,11.90420735],[92.78819132,11.91929197],[92.78782451,11.92496395],[92.78499997,11.92665231],[92.78247488,11.93011475],[92.78307128,11.93235445],[92.78540397,11.93435216],[92.78420782,11.93618596],[92.7712779,11.93957627],[92.76677382,11.93839288],[92.76426375,11.93976724],[92.76202607,11.93655515],[92.75954032,11.93622875],[92.75304174,11.93133283],[92.74818337,11.93239141],[92.74692631,11.9321928],[92.74552512,11.93101025],[92.74258411,11.92511284],[92.74148846,11.92050004],[92.73715365,11.91531062],[92.73699486,11.91495252],[92.73315978,11.90536821],[92.73155391,11.89912868],[92.73258996,11.89126277],[92.7313168,11.88310218],[92.73259985,11.87481987],[92.73098445,11.86972463],[92.73041165,11.86227226],[92.73037565,11.85952485],[92.73173428,11.85673201],[92.73056746,11.85321414],[92.72813368,11.85084796],[92.72578621,11.84232235],[92.72033823,11.83311474],[92.71837771,11.82432044],[92.71447444,11.82131493],[92.71301007,11.81954718],[92.71061564,11.81484103],[92.71021426,11.81451964],[92.70138252,11.8117429],[92.69878483,11.8125627],[92.69248486,11.80892277],[92.69214904,11.80893612],[92.69308126,11.80988502],[92.69293773,11.81335866],[92.68781447,11.81448364],[92.67983925,11.81889331],[92.68386376,11.81842685],[92.69603157,11.81309617],[92.69711936,11.81359947],[92.69714868,11.81511831],[92.70249808,11.81418204],[92.70830536,11.81705546],[92.71548843,11.82821786],[92.72607613,11.85646141],[92.72717512,11.86321604],[92.72526574,11.87540483],[92.72334194,11.87734365],[92.72642148,11.89029884],[92.72324455,11.89108515],[92.72550595,11.89332676],[92.72717273,11.89873874],[92.72545016,11.90231764],[92.72228181,11.90294003],[92.72469544,11.90500236],[92.72522235,11.90836215],[92.72419047,11.91800594],[92.72525096,11.9275949],[92.72454762,11.93077564],[92.72098362,11.93402171],[92.71774852,11.93408346],[92.71569026,11.93107498],[92.71445584,11.93245757],[92.71528757,11.93621647],[92.71724582,11.93667567],[92.71862435,11.9387151],[92.71704853,11.94540775],[92.71865976,11.94793057],[92.71614552,11.95079196],[92.71783745,11.953125],[92.71906722,11.95663357],[92.71915317,11.96172226],[92.72019935,11.96294141],[92.72058368,11.96325028],[92.72399127,11.96266413],[92.72563088,11.96715665],[92.72907674,11.96861374],[92.73293233,11.96843314],[92.73057306,11.97504592],[92.72882187,11.97567332],[92.72565305,11.97418535],[92.72379887,11.97458041],[92.72490835,11.97689545],[92.72337544,11.98073006],[92.72684026,11.98218584],[92.72666287,11.98391223],[92.73085904,11.9931277],[92.72791171,11.99326766],[92.72819304,11.99450135],[92.72849071,11.99485886],[92.73277092,11.99760127],[92.73887265,11.99701416],[92.73701465,11.99101758],[92.73779035,11.98636913],[92.73660028,11.98444664],[92.73335016,11.98272991],[92.73424876,11.97712624],[92.73711515,11.97685826],[92.74485695,11.98235786],[92.74578655,11.98210466],[92.74623024,11.97824943],[92.74866354,11.97745943],[92.75136197,11.97842026],[92.75473094,11.98184395],[92.75513697,11.98485637],[92.75707495,11.98792088],[92.75252044,11.99221528],[92.74306011,11.98832405],[92.74287212,11.99344695],[92.74531853,11.99423373],[92.74671495,11.99634326],[92.74875426,11.99531746],[92.76282167,11.99854565],[92.76545775,11.99755025],[92.76865375,11.99871862],[92.76631725,12.00267255],[92.76594615,12.01136625],[92.76385236,12.01138771],[92.76094866,12.00909257],[92.75718355,12.00263464],[92.75241268,12.00260568],[92.74998796,12.00483584],[92.75018156,12.00763595],[92.74883294,12.00939071],[92.75051534,12.01126885],[92.75033057,12.01374817],[92.74827576,12.01480734],[92.74683845,12.01718795],[92.7442106,12.017699],[92.74042582,12.01331186],[92.73677361,12.01567447],[92.74021006,12.01703942],[92.74026501,12.01878727],[92.73673284,12.02086794],[92.73418593,12.02006495],[92.73355162,12.02172363],[92.73511767,12.02400911],[92.74005866,12.02498674],[92.74178457,12.02914882],[92.74112451,12.0300312],[92.73636711,12.03025484],[92.73864293,12.03509772],[92.74087775,12.03423405],[92.73938704,12.04091191],[92.74136853,12.04212213],[92.74053204,12.03967261],[92.74397087,12.03478122],[92.74624825,12.03475106],[92.74833345,12.03631067],[92.74906027,12.03218091],[92.75132227,12.03226125],[92.75300503,12.03429377],[92.75375021,12.02741432],[92.75690627,12.02574456],[92.75783837,12.02215314],[92.76212084,12.02061784],[92.76515913,12.02320683],[92.76458216,12.02575457],[92.77843535,12.02406788],[92.77882934,12.02698362],[92.77551723,12.03118336],[92.77677345,12.04068875],[92.7801398,12.04130876],[92.78365147,12.04710758],[92.7785784,12.0504328],[92.77610755,12.04993975],[92.77306521,12.04720092],[92.76644397,12.04676914],[92.76584601,12.05069876],[92.76218045,12.05129027],[92.76009405,12.05514526],[92.75199985,12.05503452],[92.75156844,12.05560744],[92.75755334,12.06121874],[92.75825524,12.06417966],[92.75615943,12.06775165],[92.75144041,12.07094204],[92.74513924,12.07237685],[92.74227095,12.07421315],[92.74101675,12.07088161],[92.73791265,12.06948757],[92.73823476,12.06742811],[92.73645091,12.06505716],[92.73734057,12.06363821],[92.73523033,12.06515062],[92.73738086,12.06775176],[92.73751891,12.0707525],[92.73927724,12.07056928],[92.74061513,12.07175636],[92.74114263,12.07412052],[92.74115014,12.07457948],[92.73583138,12.08385086],[92.73526061,12.09451175],[92.73558942,12.10117543],[92.73572278,12.10387814],[92.73611372,12.10594864],[92.73615253,12.1061542],[92.73782241,12.11154366],[92.74372196,12.11981428],[92.74384916,12.12013555],[92.74520981,12.12890625],[92.74578142,12.13062811],[92.75057662,12.14013553],[92.7545197,12.15080011],[92.75568426,12.15537155],[92.75763714,12.16423094],[92.75738466,12.17610848],[92.75635076,12.17746913],[92.75238585,12.18025875],[92.74913335,12.17686784],[92.74837863,12.17696881],[92.74586844,12.17804277],[92.74330044,12.18052447],[92.73992038,12.18055475],[92.73632634,12.18213546],[92.72991455,12.18087053],[92.72422445,12.17834568],[92.72099245,12.1799736],[92.71781337,12.17535281],[92.71385765,12.16576231],[92.71223855,12.16522658],[92.71211958,12.16833186],[92.71339846,12.17051363],[92.71255624,12.17549372],[92.70704174,12.17041385],[92.70504308,12.16556478],[92.70486057,12.16530061],[92.70393884,12.16522777],[92.70356774,12.1657058],[92.70321393,12.16776323],[92.70485842,12.17125344],[92.70570004,12.18035305],[92.70917904,12.18757474],[92.71219027,12.18949914],[92.71173656,12.19198334],[92.70704806,12.19760108],[92.70870423,12.20043385],[92.71034145,12.20772874],[92.71025991,12.21231258],[92.70975935,12.21609533],[92.70732272,12.21824813],[92.70539916,12.23113072],[92.70190418,12.23362887],[92.69917858,12.23931766],[92.6947211,12.23903215],[92.69336605,12.23864293],[92.69192946,12.23609543],[92.68916786,12.23475242],[92.68833482,12.22919178],[92.68615472,12.22573101],[92.68502247,12.22004175],[92.68685818,12.21698832],[92.68691194,12.21362698],[92.68501914,12.20882034],[92.68480754,12.20843756],[92.68364966,12.20871258],[92.68323147,12.21354341],[92.68072641,12.21401811],[92.67902565,12.20892036],[92.67918265,12.20451486],[92.67737973,12.20423937],[92.67773426,12.21647131],[92.67630005,12.21818995],[92.67431593,12.21785343],[92.66950524,12.20585632],[92.66516864,12.20253003],[92.66090524,12.19097435],[92.65778816,12.18706512],[92.65851676,12.18309236],[92.65426266,12.18179035],[92.65576172,12.1892699],[92.66324902,12.20691288],[92.66549468,12.21587265],[92.66534746,12.21672201],[92.66408133,12.21780944],[92.66190755,12.21527541],[92.66028547,12.21172154],[92.65159345,12.18825436],[92.64591146,12.17896152],[92.64577854,12.17852044],[92.641065,12.15572751],[92.63720286,12.14633751],[92.63769364,12.14347804],[92.63536894,12.13945878],[92.63329434,12.12890625],[92.63315463,12.12890625],[92.63205504,12.12483776],[92.63176763,12.1229459],[92.63187778,12.12250662],[92.63540936,12.12177515],[92.63553154,12.11986876],[92.63541973,12.11949062],[92.63334096,12.11793292],[92.63156581,12.11274338],[92.62729025,12.11030388],[92.6250802,12.10594864],[92.62346745,12.10277045],[92.62340197,12.10117543],[92.62300408,12.09148347],[92.61961103,12.07080591],[92.62032378,12.06487155],[92.62421393,12.06287801],[92.62536752,12.06097317],[92.62402713,12.0548743],[92.62075627,12.05259764],[92.62240207,12.04874766],[92.62448466,12.04906046],[92.62696254,12.0476588],[92.6276834,12.04411304],[92.62699711,12.04283965],[92.62247753,12.04097641],[92.6198858,12.04114222],[92.62007725,12.03890145],[92.62207246,12.03605747],[92.61982095,12.03292835],[92.62281656,12.02782095],[92.62040377,12.02568996],[92.61691177,12.02552474],[92.61704063,12.02143204],[92.61294067,12.0062561],[92.61338794,11.99710453],[92.61680424,11.99109912],[92.61375082,11.99004817],[92.61297214,11.98850155],[92.61208534,11.98384965],[92.61208725,11.9809798],[92.61316586,11.96198785],[92.61219394,11.95771778],[92.60937834,11.95608842],[92.60948896,11.953125],[92.60842264,11.94818795],[92.60842252,11.94773173],[92.60923445,11.94514954],[92.61157918,11.94276535],[92.61168075,11.94049823],[92.60914624,11.9284271],[92.60626638,11.92397022],[92.60610223,11.91809761],[92.60914946,11.91782928],[92.61164284,11.91347384],[92.61015332,11.89070976],[92.61169982,11.87882602],[92.61105537,11.87093735],[92.60588813,11.8689152],[92.60370624,11.86621535],[92.60462606,11.85804951],[92.60250854,11.86034966],[92.60039592,11.86714351],[92.60170722,11.87146902],[92.60152745,11.89717412],[92.60055172,11.89812326],[92.59903586,11.89627874],[92.59785867,11.8963052],[92.59540665,11.89878654],[92.59390402,11.89894044],[92.5921787,11.88739014],[92.58950102,11.88621795],[92.58670771,11.88745987],[92.58500683,11.8910135],[92.58574915,11.89518177],[92.58496165,11.90076494],[92.58257008,11.90491307],[92.58348382,11.90856385],[92.58060825,11.91701496],[92.58090281,11.92124188],[92.57923865,11.92653406],[92.57305646,11.92706764],[92.57008362,11.93122256],[92.56546795,11.94289351],[92.5626229,11.94623756],[92.56230021,11.94625485],[92.55856085,11.94032764],[92.55843663,11.93990445],[92.56019175,11.93528736],[92.55566275,11.9290632],[92.55501676,11.92548883],[92.55060911,11.92602992],[92.54265535,11.92289615],[92.541453,11.91786182],[92.53468871,11.91168582],[92.53521025,11.9085952],[92.53784871,11.90503836],[92.53626573,11.90049374],[92.53016496,11.89631915],[92.52694035,11.89623117],[92.52626216,11.89494956],[92.52672684,11.88244641],[92.52483535,11.87807047],[92.52495444,11.87129045],[92.52094305,11.86678875],[92.51833928,11.85649371],[92.51627982,11.85452545],[92.51371622,11.84833157],[92.51371956,11.84722006],[92.51398802,11.84673226],[92.51811302,11.84263027],[92.51902545,11.83777881],[92.51786137,11.83360446],[92.52210724,11.82568336],[92.52492845,11.82621205],[92.52753413,11.82849824],[92.53083193,11.83325565],[92.53238165,11.83293176],[92.53663445,11.83853972],[92.54121137,11.83610511],[92.54217172,11.82877862],[92.54398584,11.82990384],[92.54646754,11.83502746],[92.54674327,11.8293761],[92.54146814,11.82415712],[92.54079902,11.81890202],[92.54692435,11.81844544],[92.5491147,11.81550992],[92.5492717,11.81508553],[92.54977071,11.80822456],[92.55102587,11.80659008],[92.55138946,11.80102921],[92.55381501,11.7934283],[92.55232215,11.78447664],[92.55238533,11.78415406],[92.55432665,11.78143597],[92.55452633,11.78089666],[92.55523825,11.77734375],[92.55612016,11.77319086],[92.55915105,11.77335417],[92.5593307,11.77309954],[92.55881786,11.76899421],[92.55456674,11.76586914],[92.55273533,11.76290751],[92.55346251,11.76016581],[92.55216885,11.75558865],[92.55323827,11.75374687],[92.55296707,11.74462533],[92.55406952,11.73983884],[92.55241835,11.73674595],[92.55216777,11.72110176],[92.56210804,11.69361293],[92.56522274,11.69201815],[92.56940055,11.69697285],[92.57289886,11.69936121],[92.57445061,11.71565223],[92.58123577,11.71673918],[92.58559465,11.71406794],[92.58781874,11.71805012],[92.58886576,11.71558905],[92.59482396,11.71081865],[92.59303415,11.70264947],[92.59628141,11.69797361],[92.59616101,11.69485354],[92.59960771,11.69071817],[92.59820414,11.67761254],[92.59548986,11.67309427],[92.59207582,11.6710577],[92.59154475,11.66877711],[92.59254873,11.66670775],[92.59443212,11.66611433],[92.59976995,11.65612984],[92.59901512,11.65134704],[92.60252535,11.6487993],[92.6058923,11.64327586],[92.60808885,11.63404763],[92.61028707,11.63380337],[92.61263704,11.6351639],[92.621158,11.63221776],[92.62566376,11.6282804],[92.63134515,11.62831843],[92.63269865,11.63786387],[92.63076603,11.6466434],[92.63183546,11.65064013],[92.63513494,11.64990115],[92.63809454,11.64544892],[92.63504791,11.64043355],[92.6344465,11.63466644],[92.63914657,11.63495266],[92.64199615,11.63893783],[92.64266825,11.63900924],[92.64352608,11.63827503],[92.64434302,11.63622987],[92.64462626,11.63543284],[92.64523554,11.62975216],[92.64433825,11.62458706],[92.6366235,11.61552584],[92.62991357,11.61663341],[92.62949097,11.62454677],[92.62808454,11.62582505],[92.62456715,11.61755252],[92.61638546,11.62146366],[92.61554563,11.62157965],[92.61038065,11.62159288],[92.60926795,11.62102342],[92.60843182,11.61975753],[92.60834515,11.61492872],[92.60811615,11.61411715],[92.60569584,11.6088289],[92.60710311,11.60254657],[92.60794413,11.6015625],[92.60810983,11.6015625],[92.60888982,11.59980285],[92.60889232,11.59944534],[92.60762405,11.59471178],[92.60768592,11.59439838],[92.61089897,11.59309101],[92.61496627,11.58696473],[92.61811256,11.58507228],[92.61882031,11.58377075],[92.61928606,11.58219075],[92.62032032,11.57791507],[92.62032044,11.57244635],[92.61820924,11.56719232],[92.61795926,11.56259716],[92.61833704,11.56211436],[92.62111986,11.56172752],[92.62821722,11.57111681],[92.63155401,11.57170308],[92.63326228,11.57904792],[92.63645995,11.57773352],[92.6393646,11.57459927],[92.64703524,11.57242036],[92.6473124,11.57207334],[92.64540112,11.56933594],[92.64539087,11.56688893],[92.64233828,11.56028044],[92.64339554,11.55720615],[92.64935505,11.55285776],[92.65100276,11.55006874],[92.64904904,11.54527462],[92.64417994,11.5409348],[92.64646661,11.52788723],[92.64610207,11.52361727],[92.64676833,11.52214575],[92.65436351,11.51481736],[92.65858936,11.51364243],[92.66717804,11.50393605],[92.67220736,11.50408316],[92.67416775,11.50560665],[92.67562771,11.50913441],[92.67879248,11.51136994],[92.68146455,11.51068056],[92.6843307,11.51155925],[92.68772936,11.50811374],[92.691679,11.50777817],[92.69365001,11.50539315],[92.69753993,11.50686467],[92.69867456,11.50660944],[92.6996119,11.50600851],[92.70043433,11.50518775],[92.70013082,11.50328183],[92.70315814,11.49894452],[92.70533276,11.49232042],[92.70914924,11.49032485],[92.70904744,11.48807001],[92.70696414,11.48507166],[92.70828295,11.48088336],[92.71145225,11.47708595],[92.71289694,11.48352087],[92.71258616,11.48734832],[92.71411336,11.48929536],[92.71452093,11.49219334],[92.71652722,11.49351656],[92.71637702,11.49760723],[92.71799743,11.49950755],[92.71786034,11.50209296],[92.72305691,11.50990224],[92.7237879,11.51319778],[92.72776985,11.51632571],[92.72557187,11.52441871],[92.72398365,11.52648926],[92.7238785,11.52965021],[92.72883844,11.5397315],[92.73190665,11.54199493],[92.73079431,11.54602218],[92.73350012,11.54779577],[92.73282754,11.54939008],[92.73448026,11.55067122],[92.73461676,11.55116987],[92.73442233,11.55341411],[92.73099685,11.55551887],[92.73054171,11.55623662],[92.73036397,11.55880523],[92.73062301,11.55972576],[92.73277581,11.5616585],[92.73440325,11.56525457],[92.73730934,11.56723082],[92.73933291,11.57107115],[92.73934245,11.57410181],[92.73768294,11.57620585],[92.73818874,11.57976973],[92.7420578,11.57908535],[92.74382556,11.58366275],[92.74458241,11.58887661],[92.74137342,11.58987153],[92.7410866,11.59008968],[92.74082112,11.59150636],[92.74073744,11.59278238],[92.74277914,11.59606636],[92.74541426,11.59902155],[92.74826157,11.59990466],[92.74893081,11.60079432],[92.7490195,11.6015625],[92.74925292,11.6015625],[92.74866891,11.60534871],[92.74888611,11.6059885],[92.75292611,11.60979354],[92.75262642,11.61649537],[92.75462008,11.61809015],[92.75193667,11.61964405],[92.75236285,11.62771726],[92.75042331,11.62830496],[92.75219858,11.63135147],[92.75219524,11.63399804],[92.75205004,11.63440275],[92.74815094,11.63997221],[92.74630117,11.63999927],[92.74815845,11.64438951],[92.75292563,11.64433026],[92.75621617,11.64718068],[92.75776291,11.65070307],[92.75689578,11.65303338],[92.75816154,11.6559689],[92.75439382,11.65821481],[92.75590944,11.66061223],[92.75636005,11.66581917],[92.75215971,11.66765964],[92.74969315,11.66686797],[92.74842846,11.66808581],[92.74758196,11.67130184],[92.74930203,11.67249083],[92.75095904,11.67210722],[92.74933255,11.67293668],[92.74962473,11.67515612],[92.74851406,11.6763854],[92.74348652,11.67566013],[92.73857892,11.67769182],[92.73458695,11.67599702],[92.73397505,11.67301631],[92.73156714,11.67330503],[92.73063731,11.68010294],[92.7260704,11.6805371],[92.72403693,11.68461072],[92.72203791,11.6845926],[92.72158194,11.68640685],[92.71709037,11.68171704],[92.71701336,11.67845952],[92.71538472,11.67733407],[92.71769142,11.67046034],[92.71629858,11.66453373],[92.72909915,11.66116333],[92.72974968,11.65910184],[92.72838736,11.65721893],[92.72285438,11.65554643],[92.72038496,11.65324295],[92.7106868,11.65234506],[92.70990515,11.65047395],[92.71224177,11.6451081],[92.71036243,11.64351535],[92.70725107,11.64436412],[92.7062726,11.64933515],[92.70240736,11.65420258],[92.70093214,11.65478134],[92.69511342,11.65301371],[92.69595838,11.64973331],[92.69986153,11.64768148],[92.70018733,11.64145863],[92.69788075,11.63931465],[92.69521666,11.63916802],[92.69303036,11.63632846],[92.69504952,11.6279819],[92.69493151,11.62290716],[92.69216382,11.62767005],[92.68967092,11.62957394],[92.69053435,11.63565874],[92.68967974,11.6388576],[92.68771255,11.64054275],[92.68647134,11.64004445],[92.68621254,11.63397825],[92.68485582,11.63091207],[92.68446326,11.63410163],[92.68174434,11.63753974],[92.67995155,11.63470113],[92.68080378,11.63152385],[92.68054914,11.62984681],[92.68019664,11.62927866],[92.67747033,11.62855232],[92.67603564,11.62544894],[92.67544484,11.62491477],[92.67403674,11.62462235],[92.67365158,11.62498295],[92.67307055,11.62599742],[92.67318952,11.63041341],[92.67282796,11.6309905],[92.66894543,11.63268924],[92.66808724,11.635499],[92.66847706,11.64069033],[92.66548824,11.64459872],[92.66625094,11.65393984],[92.66651511,11.65418065],[92.67646766,11.65311635],[92.68394852,11.65082955],[92.68653905,11.65540314],[92.68415618,11.65849185],[92.6855967,11.66218722],[92.69189572,11.66392756],[92.69325316,11.66807294],[92.69883442,11.66568994],[92.70332634,11.66668546],[92.70816183,11.66981542],[92.70795405,11.67182875],[92.70187414,11.67297375],[92.70096171,11.67671311],[92.70398414,11.68259597],[92.70203412,11.69186008],[92.70267737,11.69564486],[92.70583928,11.69866395],[92.70721126,11.69672513],[92.70697153,11.69863474],[92.70466483,11.70086181],[92.69547224,11.70033348],[92.70532656,11.70266581],[92.70213783,11.70724344],[92.70897865,11.70295513],[92.70825684,11.70010924],[92.71162176,11.69541073],[92.7133069,11.69578266],[92.71430361,11.70322514],[92.71820796,11.70589852],[92.72247851,11.69755554],[92.72682631,11.69749331],[92.72789276,11.69505274],[92.73005128,11.69776475],[92.73179805,11.69788003],[92.73690855,11.69172561],[92.74030352,11.69016254],[92.74447584,11.69094181],[92.74519002,11.69230616],[92.7422086,11.70775366],[92.74301565,11.71228123],[92.74433625,11.71338773],[92.74621046,11.71399534],[92.74728894,11.71017158],[92.75363433,11.70163667],[92.75566673,11.70192146],[92.7577697,11.70805156],[92.75777066,11.71133316],[92.7549926,11.71699524],[92.75660753,11.71939313],[92.75616717,11.72523427],[92.75893426,11.7289654],[92.75872874,11.73480141],[92.76171374,11.74065352],[92.76111805,11.74512756],[92.76590312,11.75159717],[92.76545894,11.75817204],[92.76379561,11.75983703],[92.76561308,11.76183784],[92.76485991,11.76698315],[92.76857054,11.77199876],[92.76883924,11.77450442],[92.76748633,11.77734375],[92.76730788,11.77758336],[92.76746714,11.77975535],[92.77108657,11.78593361],[92.76978827,11.79896164],[92.77424598,11.81078923],[92.77561152,11.82413614],[92.77780986,11.8273946],[92.77606821,11.83313775],[92.77852464,11.83710158],[92.77804124,11.83998215],[92.78097403,11.84300935],[92.78095615,11.85016382],[92.78469157,11.85108554],[92.78591383,11.85439718],[92.78376722,11.8590188],[92.78619444,11.8657155],[92.78548634,11.86847007],[92.78687572,11.87243557],[92.78590214,11.87443018],[92.785869,11.88086665],[92.78799105,11.88344896],[92.78296041,11.88709962],[92.78266466,11.88738775],[92.77890205,11.89197254],[92.77900314,11.89267075],[92.78096855,11.89694512]],[[93.0138309,11.83189797],[93.01554227,11.82859874],[93.01734352,11.83058643],[93.02691805,11.82577693],[93.03039694,11.82636416],[93.03064954,11.82378805],[93.03235841,11.82190835],[93.04386437,11.81465805],[93.05025661,11.81229353],[93.05443084,11.81299198],[93.05871964,11.81480145],[93.06219041,11.81709492],[93.06303275,11.81827664],[93.06324494,11.81879532],[93.06257355,11.82214606],[93.06810915,11.82832456],[93.07113123,11.8328284],[93.07216096,11.83559215],[93.07215536,11.83762395],[93.07208896,11.83823967],[93.06988597,11.84230363],[93.06958187,11.84251678],[93.06814075,11.84181416],[93.06547093,11.84253347],[93.06501114,11.8427273],[93.06380105,11.84483957],[93.05959535,11.84476912],[93.05297172,11.84411967],[93.04506373,11.84229708],[93.04474771,11.84218085],[93.04046094,11.83785796],[93.03473842,11.83631372],[93.03421247,11.83641946],[93.02762377,11.84093034],[93.02245915,11.84230053],[93.01761878,11.84518194],[93.01373994,11.84911847],[93.01191914,11.84830678],[93.01186681,11.84789217],[93.01218545,11.83831406],[93.01404464,11.83541286],[93.0138309,11.83189797]],[[93.07833481,11.77976573],[93.08114171,11.77936375],[93.08233345,11.77947116],[93.08351398,11.78023362],[93.08591855,11.78466332],[93.08620572,11.78875172],[93.08501732,11.78941762],[93.08426094,11.78957367],[93.08317435,11.78966224],[93.08062863,11.78810966],[93.08034325,11.78776097],[93.07753456,11.78109491],[93.07787836,11.78004062],[93.07833481,11.77976573]],[[92.72298026,11.68729782],[92.72524416,11.68706596],[92.72651315,11.68752122],[92.72663021,11.68833446],[92.72412956,11.68939674],[92.72370768,11.68951476],[92.72226155,11.68868864],[92.72298026,11.68729782]],[[92.69468403,11.65965271],[92.69964266,11.65934277],[92.70074821,11.65986824],[92.70133245,11.66264462],[92.70120394,11.66314662],[92.69872844,11.66440546],[92.69605768,11.66372764],[92.69431818,11.66244066],[92.69294214,11.6611799],[92.69305944,11.66021395],[92.69468403,11.65965271]],[[92.76368403,11.67866933],[92.75997376,11.67678225],[92.76115966,11.6694591],[92.76187825,11.66941845],[92.76289415,11.66997445],[92.76644826,11.67794156],[92.76675975,11.67872596],[92.7660073,11.68053818],[92.76515031,11.68093324],[92.76368403,11.67866933]],[[92.67029476,11.4856261],[92.66832721,11.48998487],[92.66807151,11.49044871],[92.66588998,11.49157345],[92.66269243,11.49054444],[92.65969002,11.4913038],[92.64582801,11.50027895],[92.64574575,11.51095808],[92.64103866,11.51019573],[92.6406635,11.51032913],[92.63667285,11.51669264],[92.63629627,11.51706696],[92.63202715,11.51434684],[92.62700391,11.50341451],[92.6231451,11.50084353],[92.6226114,11.50024903],[92.62098873,11.49740934],[92.61895716,11.49211121],[92.61784756,11.48649347],[92.61602342,11.48403394],[92.61585617,11.48353112],[92.61373842,11.47477782],[92.61359131,11.47395492],[92.61115694,11.45819604],[92.61611092,11.44935822],[92.62002575,11.44463742],[92.62069964,11.44182444],[92.62294745,11.44121337],[92.62330926,11.44068694],[92.62341464,11.44004107],[92.62237334,11.43736315],[92.62237,11.43680131],[92.62331784,11.43456936],[92.62153184,11.43337274],[92.62183261,11.43520784],[92.62021732,11.43530262],[92.61980772,11.43032944],[92.62279534,11.43073261],[92.62299681,11.43042302],[92.62433565,11.42578125],[92.62448788,11.42578125],[92.62526727,11.42020571],[92.62526715,11.41963744],[92.62394917,11.41472745],[92.62432921,11.40896165],[92.62284636,11.40497863],[92.62219834,11.40420854],[92.61442447,11.40046406],[92.61012554,11.40175605],[92.59961414,11.40047204],[92.58733964,11.40078807],[92.59231675,11.38400674],[92.59231591,11.37960196],[92.58924115,11.37437212],[92.58176565,11.37054503],[92.58101392,11.36643147],[92.58866203,11.35407555],[92.59268224,11.34949756],[92.5995512,11.34675777],[92.60019565,11.3465991],[92.6035912,11.34627354],[92.60988343,11.34609985],[92.61313975,11.34807527],[92.61724842,11.34888935],[92.61815035,11.34894884],[92.62315905,11.34743953],[92.62746358,11.34925675],[92.62834275,11.34925783],[92.63828301,11.34637737],[92.64003634,11.34957731],[92.64779604,11.35520065],[92.65255463,11.35711181],[92.66067755,11.35524464],[92.66466987,11.35205615],[92.66480374,11.35640454],[92.66729021,11.36085725],[92.67129707,11.36267543],[92.67843783,11.36286187],[92.68015003,11.36395681],[92.68106031,11.36633885],[92.6853652,11.36654067],[92.69049263,11.36990631],[92.69084775,11.37035501],[92.69182825,11.37720621],[92.69025826,11.38180351],[92.69039786,11.38260317],[92.69106483,11.38452816],[92.69378054,11.38717091],[92.68989313,11.38710773],[92.68850875,11.39084685],[92.68361461,11.39011705],[92.67815435,11.39259684],[92.67468786,11.39921665],[92.67235196,11.39910173],[92.67189515,11.39684701],[92.67042255,11.39599705],[92.66359556,11.3951056],[92.66237128,11.39908886],[92.66371977,11.40181065],[92.66078293,11.4030081],[92.66081882,11.40612113],[92.6556251,11.4074949],[92.64954877,11.40724444],[92.65237296,11.40935945],[92.67235208,11.41574597],[92.67420626,11.41779387],[92.6748631,11.42088377],[92.67170417,11.42578125],[92.671875,11.42578125],[92.671875,11.42592072],[92.67329144,11.42720866],[92.67613125,11.42668104],[92.67974162,11.42804694],[92.68126893,11.42578125],[92.68161893,11.42553711],[92.68240762,11.42578125],[92.68333852,11.42619777],[92.68373954,11.42716587],[92.68158495,11.42902005],[92.68116117,11.43104196],[92.68522024,11.43351257],[92.68573833,11.43592513],[92.68566632,11.43666601],[92.68388402,11.44073343],[92.68464184,11.44208264],[92.68449557,11.44253016],[92.68161643,11.44623184],[92.67971671,11.45298541],[92.68004417,11.45584798],[92.67596686,11.46201158],[92.67751086,11.47107017],[92.67739665,11.47141385],[92.67423403,11.47388625],[92.67064357,11.47949815],[92.67029476,11.4856261]],[[92.56120193,11.39783955],[92.56084812,11.39792764],[92.55706251,11.39601707],[92.55569375,11.3908627],[92.55589712,11.39064384],[92.55709445,11.39039254],[92.55742037,11.39070141],[92.56300724,11.3937242],[92.56344092,11.39635301],[92.56305885,11.39686966],[92.56120193,11.39783955]],[[92.55083478,11.39630592],[92.54937458,11.39758396],[92.54562986,11.39555085],[92.54551887,11.39521992],[92.54745054,11.39308727],[92.5483886,11.39302325],[92.55081224,11.39447522],[92.55095077,11.39487374],[92.55083478,11.39630592]],[[92.61631477,11.51117504],[92.61598515,11.51140857],[92.61309171,11.51041424],[92.61269045,11.51013231],[92.61041892,11.50761485],[92.60956275,11.50630724],[92.60931337,11.50543404],[92.60989726,11.50412858],[92.61081684,11.50403392],[92.61142874,11.50454175],[92.61575401,11.50986457],[92.61631477,11.51117504]],[[92.27331996,11.51616073],[92.27256298,11.51809227],[92.27024996,11.51676643],[92.27029967,11.51615393],[92.27331996,11.51616073]],[[92.26210201,11.51796162],[92.26636982,11.52040768],[92.26727748,11.52228296],[92.27017474,11.52271354],[92.271703,11.52937126],[92.27470565,11.53443837],[92.2739768,11.53980815],[92.27200997,11.54628122],[92.27031994,11.5479151],[92.26881802,11.55460918],[92.26950121,11.56515002],[92.26829624,11.56906426],[92.27069235,11.57636094],[92.27101743,11.58390295],[92.26295125,11.58981061],[92.24103296,11.59207594],[92.23536026,11.59130907],[92.23239744,11.58788133],[92.23042226,11.58739436],[92.21868014,11.5925076],[92.21771026,11.59495234],[92.21557033,11.59439623],[92.21687245,11.59171832],[92.21561825,11.58925974],[92.21289587,11.58680427],[92.20827877,11.58618188],[92.20737231,11.58518064],[92.20780766,11.58353257],[92.21200621,11.57945907],[92.21491444,11.57360423],[92.20909441,11.55893302],[92.20811558,11.54765952],[92.21092165,11.54228365],[92.21246314,11.53478014],[92.21514535,11.53136015],[92.21450734,11.52948368],[92.21475041,11.52912557],[92.21573734,11.52877295],[92.21772897,11.52946353],[92.21820414,11.52652037],[92.21934867,11.52889144],[92.22163141,11.53007746],[92.23509562,11.52518284],[92.25036025,11.52574015],[92.25435615,11.52417576],[92.25472081,11.52388525],[92.25948095,11.51788366],[92.26053536,11.51763892],[92.26210201,11.51796162]],[[92.53191102,11.59340584],[92.53213477,11.59060633],[92.53516126,11.58270895],[92.5351603,11.58192205],[92.53216946,11.57187843],[92.53514886,11.56720841],[92.53515136,11.56333661],[92.53185272,11.56066585],[92.53048825,11.55408907],[92.53854513,11.56190824],[92.54246914,11.56235576],[92.54833853,11.56035018],[92.55347395,11.56179225],[92.55904674,11.57036555],[92.56500268,11.57293022],[92.56473684,11.57566321],[92.56233645,11.58013725],[92.56218708,11.58333957],[92.56362796,11.58565617],[92.56406641,11.58597875],[92.56850815,11.58782661],[92.56915307,11.58841026],[92.56935334,11.58914816],[92.56916881,11.58999205],[92.56643105,11.59230042],[92.55412817,11.59126115],[92.55015516,11.59330964],[92.54555881,11.59195447],[92.54522872,11.59445202],[92.54627085,11.59748316],[92.54806125,11.59922135],[92.54793668,11.59965265],[92.54662192,11.6015625],[92.54270267,11.6015625],[92.54140651,11.60293138],[92.53791046,11.6054188],[92.53731596,11.60560048],[92.53585863,11.60491276],[92.53387105,11.6015625],[92.53381205,11.6015625],[92.5320518,11.59536815],[92.53191102,11.59340584]],[[92.60123491,11.58572221],[92.60087836,11.58527887],[92.60076416,11.56740224],[92.60393524,11.56791103],[92.60584414,11.57058394],[92.60614586,11.57050216],[92.60677946,11.56873345],[92.60992765,11.56808305],[92.61152446,11.56438172],[92.61173427,11.56417811],[92.61331356,11.56307816],[92.61478424,11.56280506],[92.61517024,11.56294274],[92.6170001,11.56570411],[92.61849022,11.57066643],[92.61918247,11.57330441],[92.61907566,11.57752645],[92.61721253,11.58240926],[92.61132026,11.58777738],[92.61005926,11.58855033],[92.60123491,11.58572221]],[[92.61003685,11.55918574],[92.60746348,11.56312466],[92.60608566,11.56049716],[92.60784495,11.55655313],[92.60985911,11.55545664],[92.61001384,11.55375564],[92.60743213,11.55379534],[92.60622585,11.55490482],[92.60484207,11.55404746],[92.60273683,11.55521786],[92.60176945,11.55311584],[92.60580742,11.54898286],[92.60594463,11.54865074],[92.60557842,11.54369616],[92.60643435,11.53892207],[92.60690868,11.53716815],[92.61042643,11.53203213],[92.6107552,11.53180635],[92.61820507,11.536116],[92.61902142,11.54195023],[92.62036324,11.55756664],[92.61847734,11.55966437],[92.61704516,11.55926347],[92.61657774,11.55669725],[92.61472642,11.55714941],[92.614344,11.55990553],[92.61277866,11.56079745],[92.61030376,11.55860376],[92.61003685,11.55918574]],[[92.62734747,11.54248238],[92.62790835,11.5422312],[92.62909961,11.54227996],[92.62946343,11.54281116],[92.62970078,11.54792166],[92.62789142,11.54913175],[92.62668407,11.54383075],[92.62734747,11.54248238]],[[92.60476208,11.53440106],[92.602548,11.53803146],[92.60072982,11.53026545],[92.60178316,11.52413297],[92.60643685,11.52208924],[92.60697114,11.52776217],[92.60643137,11.53419602],[92.60598886,11.5343796],[92.60476208,11.53440106]],[[92.56167865,11.53217638],[92.56053305,11.53399158],[92.56036592,11.53794587],[92.55987155,11.53969204],[92.55841577,11.54138863],[92.55531192,11.53795147],[92.55319285,11.53844213],[92.55221903,11.53799522],[92.55193281,11.53755081],[92.55265665,11.53180671],[92.55281901,11.53139031],[92.55775857,11.52331495],[92.56010056,11.52132225],[92.56148791,11.51722121],[92.56669438,11.51697695],[92.56909215,11.52713764],[92.56894684,11.52758515],[92.56207871,11.53164887],[92.56167865,11.53217638]],[[92.58324564,11.54031205],[92.58365941,11.53443646],[92.58457816,11.53474665],[92.58624375,11.54091954],[92.58789206,11.53861988],[92.58764732,11.53376997],[92.58796072,11.53354847],[92.59272945,11.53591692],[92.59547031,11.53277552],[92.59637141,11.53625452],[92.59736538,11.54217625],[92.59754705,11.54265225],[92.59750605,11.56100345],[92.59638536,11.56436145],[92.59339035,11.56714988],[92.59465623,11.57105994],[92.59234488,11.5773282],[92.58926356,11.57409024],[92.58792853,11.57042253],[92.58792961,11.56487811],[92.58924746,11.56140316],[92.58767664,11.55529678],[92.58438301,11.55049086],[92.58640778,11.54306698],[92.58610988,11.54171407],[92.58462405,11.54179287],[92.58324564,11.54031205]],[[92.57676828,11.57021737],[92.57663846,11.57079172],[92.57338655,11.56613755],[92.5730412,11.56515276],[92.57296276,11.5640645],[92.57316852,11.56326163],[92.57386947,11.5625602],[92.57432365,11.56259143],[92.57545424,11.56433427],[92.57676828,11.57021737]],[[92.56749213,11.57057416],[92.56715381,11.57111335],[92.56541312,11.57061875],[92.56558585,11.56791067],[92.56702876,11.56890285],[92.56749213,11.57057416]],[[92.57770395,11.58531904],[92.57726681,11.58541381],[92.57657194,11.58465087],[92.57814932,11.58192575],[92.57854545,11.58232045],[92.5795449,11.58389235],[92.57770395,11.58531904]],[[92.64377451,11.51325882],[92.64485931,11.51315522],[92.64530313,11.51335585],[92.64594364,11.5143193],[92.64553225,11.51519728],[92.64505112,11.51544821],[92.64377451,11.51325882]],[[92.67058682,11.48707676],[92.67326927,11.48706984],[92.67324603,11.48745942],[92.6720649,11.48890555],[92.67168403,11.48915946],[92.67028153,11.48863757],[92.67058682,11.48707676]],[[92.55168855,11.72495806],[92.55140924,11.72530317],[92.54945338,11.72426808],[92.55001235,11.72185302],[92.55071068,11.72123194],[92.55119956,11.72136974],[92.55057096,11.72364712],[92.55168855,11.72495806]],[[92.56799126,11.94398654],[92.56880712,11.94373691],[92.56951737,11.94545865],[92.56950545,11.9462676],[92.56823885,11.94965875],[92.56573796,11.94972146],[92.56492817,11.95015502],[92.56419313,11.9496454],[92.56306791,11.94724667],[92.56799126,11.94398654]],[[92.59699941,11.95201385],[92.59643364,11.94198275],[92.59754372,11.94127655],[92.59759498,11.93822503],[92.59609628,11.93756032],[92.59649706,11.93059063],[92.5967921,11.92964578],[92.59883666,11.92780232],[92.59946644,11.92817497],[92.60179055,11.93094313],[92.60181463,11.93403316],[92.60331428,11.93640435],[92.60621011,11.93638384],[92.60746813,11.93765128],[92.60895515,11.93997145],[92.60923064,11.94223952],[92.60683131,11.94479871],[92.60705972,11.95065558],[92.60575175,11.95185864],[92.60578227,11.953125],[92.60560763,11.9533298],[92.60266614,11.96331883],[92.60343254,11.96545947],[92.60331345,11.9658097],[92.60266495,11.96712244],[92.59643245,11.97570264],[92.59590483,11.97612536],[92.59312677,11.97655606],[92.59011996,11.97558081],[92.58948135,11.97257984],[92.58972466,11.97190285],[92.59531224,11.96665168],[92.59542203,11.96631944],[92.59665835,11.953125],[92.5963732,11.953125],[92.59699941,11.95201385]],[[92.58300054,11.97587395],[92.58477807,11.97708178],[92.58489096,11.97782123],[92.58466518,11.98144221],[92.58405602,11.98238301],[92.58353972,11.98248482],[92.58186221,11.98093116],[92.58129191,11.97916913],[92.58130157,11.97627246],[92.58192456,11.97591496],[92.58300054,11.97587395]],[[92.59605575,11.90600562],[92.59696722,11.90559816],[92.5989027,11.90644753],[92.59907055,11.90667915],[92.5997982,11.90808296],[92.59998322,11.90900505],[92.59918952,11.91021085],[92.59929073,11.91061485],[92.60156775,11.91392601],[92.60200381,11.91757345],[92.60160768,11.91853046],[92.60079682,11.91882765],[92.60012734,11.91763377],[92.5971024,11.91745961],[92.59554994,11.91475105],[92.59605575,11.90600562]],[[92.63041973,12.11621654],[92.63037765,12.11654711],[92.62871945,12.11507988],[92.62800574,12.11243486],[92.62821567,12.11218691],[92.62884545,12.11245561],[92.63018882,12.11305475],[92.63031483,12.11332345],[92.63041973,12.11621654]],[[92.63164365,12.11979377],[92.63153863,12.12045515],[92.63055205,12.11991775],[92.63032114,12.11946321],[92.63019514,12.11799598],[92.63061512,12.11791325],[92.63164365,12.11979377]],[[92.68131745,12.21523607],[92.68268275,12.21497714],[92.68345547,12.22278607],[92.68229151,12.22448134],[92.68023646,12.2188971],[92.68030202,12.21853936],[92.68131745,12.21523607]],[[92.70997894,12.2314893],[92.71098375,12.23048592],[92.71136725,12.23070514],[92.71230781,12.23428762],[92.71236897,12.24649525],[92.71524405,12.25464296],[92.71910775,12.25882852],[92.71537113,12.25958872],[92.71900892,12.26254666],[92.71666145,12.26607764],[92.72083545,12.27919126],[92.72012126,12.28270423],[92.72201061,12.28507638],[92.72367501,12.29120791],[92.72279871,12.29522646],[92.72035873,12.29482496],[92.71822691,12.29657471],[92.71465361,12.29555261],[92.70889544,12.29681647],[92.70663893,12.29848552],[92.70607162,12.29856968],[92.70467305,12.29809237],[92.70436645,12.29759145],[92.70431805,12.29370117],[92.70242155,12.28961384],[92.70423913,12.28374815],[92.70213747,12.27509463],[92.70353115,12.27093911],[92.70209742,12.26925492],[92.70192921,12.26570296],[92.70186746,12.26354373],[92.70429242,12.25378716],[92.70484686,12.24402666],[92.70748782,12.24093175],[92.70997894,12.2314893]],[[92.69754183,12.25063682],[92.69700921,12.25080061],[92.69598246,12.24803185],[92.69589972,12.24674797],[92.69712102,12.24519324],[92.69764137,12.24482942],[92.69823885,12.2446841],[92.69898272,12.24492812],[92.69955695,12.24572444],[92.69946682,12.24817824],[92.6991657,12.24895775],[92.69754183,12.25063682]],[[92.77709854,12.29619491],[92.77499771,12.29448855],[92.77499092,12.29283047],[92.77859366,12.29100931],[92.78190732,12.28556848],[92.78183496,12.28522491],[92.77815485,12.27913463],[92.77492106,12.27969444],[92.7722342,12.27334976],[92.76693344,12.26820826],[92.76478767,12.26381683],[92.75708091,12.26852035],[92.7524724,12.27434528],[92.75040531,12.27362645],[92.74999332,12.26862156],[92.74805164,12.26509273],[92.74866128,12.26188874],[92.74378884,12.25156558],[92.74241602,12.24529445],[92.74237895,12.24475205],[92.74269426,12.24446476],[92.74589276,12.24501193],[92.74767017,12.24346185],[92.74879313,12.24117982],[92.74790084,12.2355628],[92.75166237,12.23267126],[92.76102996,12.23606253],[92.75958025,12.23334622],[92.76293254,12.23257291],[92.7658751,12.23706186],[92.76901662,12.2379986],[92.76990688,12.23647284],[92.76949251,12.23308945],[92.77047658,12.23115706],[92.77047336,12.23088527],[92.76842153,12.22800398],[92.76424551,12.21120977],[92.76498806,12.20787835],[92.76964426,12.20054996],[92.76690924,12.19290304],[92.76792026,12.18951917],[92.76738012,12.18488991],[92.76505554,12.18181741],[92.76504874,12.17535853],[92.76148713,12.16742802],[92.75767267,12.15186822],[92.75442362,12.14672756],[92.75422811,12.13961983],[92.75136745,12.13494456],[92.74972093,12.12890625],[92.74977195,12.12890625],[92.74974263,12.12851906],[92.74719095,12.12369192],[92.74689043,12.11850345],[92.74514127,12.11273456],[92.74211335,12.10594864],[92.74057198,12.10249424],[92.74019388,12.10117543],[92.73953736,12.09888542],[92.73929346,12.09490585],[92.73956132,12.0834589],[92.73971498,12.08279002],[92.7420001,12.07740104],[92.74218452,12.07710958],[92.74401081,12.07564127],[92.74734592,12.07457876],[92.7564193,12.07420444],[92.7638576,12.06350446],[92.76440537,12.06338966],[92.76570451,12.06406891],[92.76761174,12.06812847],[92.77232826,12.06906533],[92.77274191,12.06943536],[92.774212,12.07263315],[92.77902734,12.07516181],[92.78208971,12.07988846],[92.78644443,12.07972062],[92.78955412,12.08201957],[92.79273665,12.08092678],[92.791471,12.08695996],[92.79393494,12.08998835],[92.79464757,12.09563124],[92.79089487,12.09758234],[92.7880976,12.10117543],[92.78790605,12.10142148],[92.78845227,12.10266924],[92.79424901,12.10594864],[92.79920578,12.10875285],[92.80659316,12.10594864],[92.80891383,12.10506773],[92.81067267,12.10594864],[92.8125,12.10686386],[92.81295133,12.1103729],[92.8125,12.11160708],[92.81142235,12.11289406],[92.81185615,12.11668193],[92.81159103,12.11766255],[92.81074011,12.11926103],[92.80794942,12.12368548],[92.80351841,12.12538731],[92.80252051,12.12890625],[92.80251241,12.12890625],[92.80230033,12.13049698],[92.80530071,12.13347316],[92.81027532,12.12962246],[92.81070995,12.12950218],[92.8125,12.12974334],[92.8125,12.13030136],[92.81508112,12.13242865],[92.81519985,12.13269603],[92.81536365,12.13744616],[92.81928468,12.14672077],[92.81956232,12.14723897],[92.82148278,12.15002537],[92.82597518,12.15327251],[92.82555056,12.15441585],[92.82000315,12.15553117],[92.81856573,12.15840673],[92.81846225,12.15887105],[92.82307696,12.16581607],[92.82344401,12.16608846],[92.82571995,12.16678226],[92.82812595,12.16468406],[92.83180141,12.16691554],[92.83639204,12.16739607],[92.83843684,12.16531634],[92.83946645,12.16125965],[92.84571314,12.1605401],[92.84756207,12.15663576],[92.85062444,12.15761995],[92.84840715,12.16177797],[92.85048234,12.16705966],[92.85531485,12.17115474],[92.85070014,12.17644954],[92.85295844,12.18127],[92.85227346,12.18365216],[92.85515511,12.1856662],[92.85521877,12.18862724],[92.85345638,12.19137537],[92.84962225,12.18932092],[92.84676874,12.18994701],[92.84810925,12.19443274],[92.84644496,12.19714785],[92.84875262,12.19984472],[92.8511281,12.20221984],[92.85443115,12.20376515],[92.85601592,12.20202863],[92.86270785,12.2001512],[92.86299384,12.19704366],[92.86944461,12.19662476],[92.87544823,12.19314361],[92.8793807,12.19394732],[92.88067174,12.19515395],[92.88172102,12.19751191],[92.88183725,12.1983],[92.88125014,12.20027876],[92.87391055,12.20560706],[92.873824,12.21516526],[92.8722198,12.22611725],[92.86876833,12.22884405],[92.86667192,12.23331654],[92.86266077,12.23642385],[92.85886681,12.24564385],[92.86510217,12.25134885],[92.8732686,12.25030851],[92.87827516,12.25115383],[92.88443911,12.25737143],[92.88786864,12.25879753],[92.88648105,12.26269352],[92.88940334,12.26556504],[92.88926888,12.26614261],[92.8870939,12.26750648],[92.88663602,12.26731563],[92.88426018,12.26345062],[92.88302791,12.26329172],[92.88209915,12.27385426],[92.87961805,12.27793694],[92.88278437,12.28159535],[92.88523698,12.28220463],[92.88692081,12.28574085],[92.88680816,12.28624415],[92.88181484,12.28996575],[92.88075674,12.28967535],[92.88021028,12.28756297],[92.87875533,12.2883172],[92.87489116,12.28743386],[92.8721714,12.29152405],[92.86945725,12.29039216],[92.86918843,12.29230201],[92.87230194,12.2951256],[92.87185836,12.29841804],[92.87353206,12.30036795],[92.87279165,12.30122566],[92.8658843,12.30131781],[92.86671817,12.3046875],[92.86676216,12.3046875],[92.86638677,12.30541635],[92.86604941,12.30546355],[92.86476314,12.3046875],[92.86415005,12.3046875],[92.86414433,12.30427253],[92.86298084,12.30335855],[92.85872805,12.3046875],[92.85654032,12.30495012],[92.85612226,12.30483842],[92.85003936,12.30224204],[92.84813452,12.30395365],[92.84760463,12.30409718],[92.84561121,12.30437124],[92.84102845,12.30382061],[92.83790445,12.30326235],[92.83548963,12.30024731],[92.82978046,12.30023861],[92.82477045,12.3046875],[92.82449484,12.3046875],[92.81987035,12.30837417],[92.8125,12.31194186],[92.80954695,12.31272376],[92.80886173,12.31271565],[92.80268467,12.31079817],[92.80107641,12.30733812],[92.79961634,12.30570924],[92.79822028,12.3046875],[92.7976613,12.3046875],[92.79775155,12.30456662],[92.79637182,12.30400574],[92.79536915,12.30393624],[92.79183948,12.30454683],[92.79195404,12.3046875],[92.79165185,12.3046875],[92.79038608,12.30738342],[92.79012203,12.30763495],[92.78530121,12.31074071],[92.77662682,12.31004787],[92.77158356,12.31276286],[92.77139223,12.31253636],[92.76966655,12.30923676],[92.76966131,12.3046875],[92.76744938,12.29787052],[92.77070224,12.29742825],[92.77308643,12.30104232],[92.77498364,12.30099654],[92.77709854,12.29619491]],[[92.76514792,12.29708505],[92.7651031,12.29894948],[92.76374435,12.29774213],[92.76371384,12.29708445],[92.76471865,12.29673553],[92.76514792,12.29708505]],[[92.87711036,12.29415405],[92.87853944,12.29398632],[92.88070655,12.29562914],[92.88022113,12.29770744],[92.87968433,12.29812002],[92.87715256,12.29600835],[92.87674308,12.2952497],[92.87711036,12.29415405]],[[92.89958334,12.25986016],[92.90087891,12.25867474],[92.90109456,12.26224875],[92.90078998,12.26247215],[92.90013826,12.26231468],[92.89959955,12.26048505],[92.89958334,12.25986016]],[[92.88727331,12.25119114],[92.88533545,12.24807012],[92.88576353,12.24437475],[92.88449812,12.2391541],[92.88114953,12.24105871],[92.88099825,12.23890555],[92.88007617,12.23943114],[92.87947035,12.24598765],[92.87828696,12.24799955],[92.87480664,12.24881494],[92.87392807,12.2485851],[92.87294185,12.24776363],[92.87065506,12.24428356],[92.87048733,12.24386263],[92.8697654,12.23695755],[92.87102866,12.23314714],[92.87439346,12.22836864],[92.87478125,12.22066915],[92.87917364,12.20842922],[92.88176751,12.21441984],[92.88068414,12.21716905],[92.88422883,12.22137237],[92.88434553,12.22168458],[92.88402665,12.22245491],[92.88238645,12.22418475],[92.88447285,12.22420144],[92.88499975,12.22748315],[92.88949466,12.23109674],[92.89049995,12.23318088],[92.89178026,12.2338798],[92.89264417,12.23393297],[92.894822,12.23295057],[92.89511883,12.23161995],[92.90030336,12.22811997],[92.90093923,12.22802293],[92.9068408,12.22976291],[92.90879238,12.23140991],[92.91121697,12.22886944],[92.91145623,12.2230134],[92.91334414,12.22272944],[92.91429794,12.23134124],[92.91402984,12.23252857],[92.91071177,12.23924577],[92.90975905,12.24068725],[92.90863574,12.24518025],[92.90584135,12.24754524],[92.90580094,12.25104296],[92.90081871,12.25641727],[92.89322472,12.25501406],[92.89254665,12.25312901],[92.88727331,12.25119114]],[[92.9337939,12.22520185],[92.92722857,12.22147155],[92.92735255,12.21854782],[92.92509854,12.21177804],[92.92514002,12.20845711],[92.92656004,12.20620441],[92.93232036,12.20286334],[92.93303394,12.19582975],[92.93459463,12.19735301],[92.93598938,12.20220041],[92.93447697,12.21020985],[92.93543685,12.21278656],[92.93713093,12.21154416],[92.93853033,12.21196294],[92.94158041,12.21673262],[92.94169271,12.21741831],[92.94146705,12.21980703],[92.94018745,12.22219098],[92.93870234,12.2243458],[92.93830836,12.22469473],[92.93705475,12.22380352],[92.93644536,12.22387481],[92.9337939,12.22520185]],[[93.01953995,12.22495306],[93.01931894,12.22270775],[93.01980865,12.22263885],[93.02177894,12.22364426],[93.02198875,12.22419536],[93.02170885,12.22495306],[93.01988971,12.22515964],[93.01953995,12.22495306]],[[92.86873591,12.24811876],[92.86823702,12.24912512],[92.86566675,12.25060916],[92.86247134,12.2481606],[92.86161184,12.24564815],[92.86143255,12.24291253],[92.86151147,12.24263084],[92.86332262,12.23814213],[92.86514413,12.23604822],[92.86539996,12.23591042],[92.86658835,12.23603332],[92.86748791,12.23654366],[92.86751902,12.24211013],[92.86892295,12.24681485],[92.86873591,12.24811876]],[[92.87999988,12.24888885],[92.87944436,12.24805546],[92.88111114,12.24527764],[92.88194442,12.24888885],[92.88055551,12.25],[92.87999988,12.24888885]],[[92.84451306,12.14770436],[92.84572756,12.14770222],[92.8462857,12.14810097],[92.847175,12.15018344],[92.84715891,12.15066111],[92.84631586,12.15097177],[92.84455407,12.14970994],[92.84426355,12.14918542],[92.84451306,12.14770436]],[[92.94943947,12.10594864],[92.94899962,12.10117543],[92.94879103,12.09891176],[92.94967651,12.08832443],[92.95157504,12.08407331],[92.95203233,12.08410704],[92.95216727,12.08602846],[92.95137215,12.09123445],[92.95702922,12.09566736],[92.95763004,12.09974885],[92.9574622,12.10117543],[92.95731616,12.10241675],[92.95648706,12.10547936],[92.95620818,12.10594864],[92.95294571,12.11143851],[92.94847405,12.11571836],[92.94989693,12.11091304],[92.94943947,12.10594864]],[[92.99257326,12.11076903],[92.99301386,12.11028147],[92.99379945,12.11051786],[92.99368787,12.11109865],[92.99261332,12.11201811],[92.99257326,12.11076903]],[[92.96947205,12.06495666],[92.96974492,12.06394422],[92.97012281,12.06423354],[92.97108841,12.06425405],[92.97089934,12.06528735],[92.96947205,12.06495666]],[[92.74216855,12.1120038],[92.74256682,12.11480677],[92.73899138,12.11022532],[92.73884344,12.10989726],[92.7385081,12.10752451],[92.73882246,12.10698581],[92.73946094,12.10706425],[92.74216855,12.1120038]],[[92.7583549,12.18102002],[92.75716054,12.18112075],[92.75629902,12.18039036],[92.75659573,12.17968416],[92.75936472,12.1778475],[92.75861454,12.16853118],[92.75906587,12.16673934],[92.75931454,12.16705215],[92.76363456,12.17838955],[92.7614665,12.18021345],[92.7583549,12.18102002]],[[92.74833822,12.18089092],[92.74910843,12.18262362],[92.75129676,12.1838088],[92.75272512,12.18225884],[92.75477314,12.18320751],[92.76390505,12.18220234],[92.76579976,12.18474376],[92.76594675,12.18509007],[92.76679754,12.18872523],[92.7667973,12.18917716],[92.76512945,12.19065702],[92.76515937,12.19348955],[92.76768172,12.19722795],[92.76792431,12.20083225],[92.76514101,12.20394862],[92.76287973,12.20914185],[92.76227665,12.22921312],[92.7574774,12.22984862],[92.75594711,12.22896338],[92.75408638,12.23043251],[92.750723,12.22878611],[92.74733746,12.23068666],[92.74630511,12.23033476],[92.74505866,12.22653413],[92.74339247,12.23286843],[92.74001586,12.23573136],[92.73799098,12.22809243],[92.74046552,12.2249428],[92.74426341,12.22356725],[92.74479556,12.21989477],[92.74348724,12.21398866],[92.74429286,12.20955694],[92.74265218,12.21378505],[92.74396861,12.22020316],[92.7390058,12.22342086],[92.73736882,12.221331],[92.73510397,12.22057044],[92.73308074,12.21038914],[92.73090231,12.21447146],[92.73139715,12.22011364],[92.73013985,12.22556853],[92.73053944,12.22901845],[92.73181725,12.22992146],[92.73176146,12.23376763],[92.73455036,12.23888361],[92.7327733,12.24156964],[92.7324965,12.24179935],[92.73132145,12.24183214],[92.72991931,12.24252033],[92.72861266,12.24060535],[92.72549844,12.24008071],[92.72471344,12.23534131],[92.7224406,12.23312652],[92.72288215,12.22376192],[92.72473562,12.22186303],[92.72238612,12.21635377],[92.72427583,12.20786703],[92.72226775,12.20408726],[92.72400022,12.20257521],[92.72203195,12.19545293],[92.72309792,12.18931377],[92.72320426,12.18903947],[92.72616363,12.1892091],[92.73089051,12.19298315],[92.73328114,12.18554056],[92.74255335,12.18411875],[92.74692047,12.18038297],[92.74833822,12.18089092]],[[92.73140395,12.18790436],[92.73023105,12.18960488],[92.72529626,12.18546557],[92.72869945,12.18489873],[92.7285552,12.18145216],[92.72887015,12.18140113],[92.73255515,12.18236494],[92.731866,12.18404984],[92.73038602,12.18471313],[92.73034203,12.18505895],[92.73140395,12.18790436]],[[92.72117436,12.18215382],[92.72094345,12.18231905],[92.71943212,12.18128586],[92.71886528,12.18033516],[92.71918023,12.17928135],[92.72029281,12.18043864],[92.72117436,12.18215382]],[[92.7456696,12.26999795],[92.74760115,12.27917326],[92.74752963,12.28014171],[92.74996436,12.28703535],[92.74845016,12.28856194],[92.74636435,12.28702414],[92.74173987,12.27909136],[92.74092305,12.27930427],[92.74056721,12.2826339],[92.73966062,12.28179264],[92.73994553,12.2729609],[92.73863006,12.26560247],[92.73643875,12.26401925],[92.7373507,12.26129913],[92.73503053,12.25786066],[92.73477554,12.24835014],[92.73675871,12.25192702],[92.7428869,12.25511527],[92.74289274,12.25748885],[92.74609578,12.26729822],[92.74622226,12.26785171],[92.7456696,12.26999795]],[[92.73836625,12.27530718],[92.73811626,12.27562237],[92.7375468,12.27524805],[92.73488343,12.26998806],[92.73531055,12.26931226],[92.73593724,12.26934051],[92.73846543,12.27247441],[92.73836625,12.27530718]],[[92.73662353,12.28194904],[92.73764241,12.29244554],[92.73527718,12.28806353],[92.73520732,12.28738284],[92.73627198,12.28440487],[92.73549044,12.28194046],[92.73614955,12.28168714],[92.73662353,12.28194904]],[[92.75277782,12.29222214],[92.75305545,12.2919445],[92.75499988,12.29361105],[92.75499988,12.29444444],[92.75444436,12.29472208],[92.75277782,12.29416657],[92.75222206,12.29277766],[92.75277782,12.29222214]],[[92.76974571,12.29447317],[92.76657653,12.28969336],[92.76698756,12.28907824],[92.76865792,12.28856456],[92.76888633,12.28902078],[92.77029943,12.29056573],[92.77117515,12.29270184],[92.77126074,12.29394674],[92.77049196,12.2950263],[92.76974571,12.29447317]],[[92.76335657,12.29401457],[92.76256096,12.29410982],[92.76132166,12.29313743],[92.75810587,12.28647685],[92.75484765,12.28290927],[92.75321877,12.27775764],[92.75322354,12.27746904],[92.75887811,12.2694391],[92.76195526,12.26964355],[92.76319575,12.26629663],[92.76367843,12.26616144],[92.76496005,12.26659834],[92.76522625,12.26704216],[92.76662254,12.27015197],[92.76738215,12.27251172],[92.76790905,12.28427112],[92.76475775,12.28892708],[92.76533151,12.29161215],[92.76501882,12.29273403],[92.76453638,12.2936362],[92.76335657,12.29401457]],[[92.77453113,12.01850176],[92.77346957,12.01733792],[92.77140951,12.01782894],[92.77093816,12.01710856],[92.77155423,12.01426935],[92.77208161,12.01351535],[92.77377653,12.01273882],[92.77498567,12.01309144],[92.77683163,12.01599026],[92.77609861,12.01744854],[92.77453113,12.01850176]],[[92.75019336,11.96842802],[92.74960983,11.96353745],[92.74930823,11.96322608],[92.74645245,11.96209586],[92.7430948,11.96290457],[92.73969746,11.96120667],[92.73608565,11.953125],[92.73654222,11.95118701],[92.74082911,11.95096874],[92.74112177,11.95078182],[92.74327564,11.94653463],[92.74624073,11.94484782],[92.75278616,11.94649553],[92.75620723,11.94905198],[92.76098514,11.94855785],[92.76187646,11.94906294],[92.76602006,11.9526726],[92.76602423,11.953125],[92.76630914,11.953125],[92.76697242,11.95526731],[92.76708984,11.95632374],[92.76599514,11.96415937],[92.76564205,11.96474254],[92.76272714,11.96691346],[92.75738263,11.96682703],[92.75700951,11.96699512],[92.75019336,11.96842802]],[[92.73363018,11.95668006],[92.73291075,11.95925403],[92.72781324,11.95695806],[92.72352445,11.95363474],[92.72354007,11.953125],[92.72362375,11.95063066],[92.72658205,11.95252287],[92.72418857,11.94718444],[92.72418392,11.94648063],[92.72565925,11.94162655],[92.72607374,11.94124091],[92.7266345,11.94115746],[92.73150826,11.94382882],[92.72960401,11.94807994],[92.73101652,11.95272601],[92.7312386,11.953125],[92.73152375,11.953125],[92.73363018,11.95668006]],[[92.74485397,11.96723986],[92.74391854,11.96766841],[92.74207807,11.96664655],[92.74179494,11.96576667],[92.74236536,11.96463525],[92.74386883,11.96470284],[92.74459398,11.96521092],[92.74508524,11.96680558],[92.74485397,11.96723986]],[[92.67520034,12.54234886],[92.6744076,12.54244852],[92.67227197,12.54147947],[92.67197788,12.54119205],[92.66944325,12.5370599],[92.66923976,12.53668106],[92.66873801,12.53170907],[92.67487597,12.52402556],[92.67828751,12.52232766],[92.67869663,12.52246463],[92.68105161,12.53130972],[92.68463051,12.53934443],[92.68168974,12.5412873],[92.67520034,12.54234886]],[[92.70249152,12.64053845],[92.70185876,12.64069283],[92.70071888,12.63961446],[92.70103955,12.63835967],[92.70147133,12.63799763],[92.70288515,12.63797104],[92.70317173,12.63816774],[92.70315957,12.63989437],[92.70249152,12.64053845]],[[92.73227155,12.70332003],[92.73118556,12.7044363],[92.73088098,12.70326126],[92.73087287,12.70253706],[92.73118031,12.70272434],[92.73227155,12.70332003]],[[92.71973002,12.72196531],[92.71974313,12.72910356],[92.71814704,12.73346174],[92.71903873,12.75021005],[92.72041964,12.75102115],[92.72160113,12.74514353],[92.72316825,12.74255836],[92.72546625,12.74821234],[92.72471464,12.7545228],[92.72166717,12.76158953],[92.71866608,12.76728773],[92.71326876,12.7734009],[92.71216857,12.77714646],[92.71378052,12.78624082],[92.71269691,12.79430425],[92.71269667,12.81758082],[92.7151525,12.82702196],[92.71350837,12.82955253],[92.71082938,12.82915938],[92.7081151,12.82967293],[92.70657694,12.81905127],[92.7049036,12.81604636],[92.70154142,12.81375384],[92.70148015,12.81096494],[92.69887447,12.80490112],[92.70060527,12.80037451],[92.69639933,12.80115652],[92.69443274,12.79680705],[92.69953775,12.78664625],[92.70658422,12.77998614],[92.7097311,12.77240121],[92.70902157,12.76866138],[92.71091986,12.76150644],[92.71111238,12.74708891],[92.71257305,12.73727155],[92.70871985,12.73088801],[92.70949912,12.72750056],[92.71118426,12.72794867],[92.71026433,12.72338486],[92.70799208,12.71999395],[92.71546257,12.72036934],[92.71809626,12.71922088],[92.71973002,12.72196531]],[[92.65646565,12.77394617],[92.65616214,12.77402926],[92.65414882,12.77131522],[92.6549319,12.76918352],[92.65527916,12.76900923],[92.65585291,12.76914751],[92.65730762,12.77275574],[92.65646565,12.77394617]],[[92.67270374,12.79873014],[92.67486048,12.80275321],[92.67516542,12.80762184],[92.67726445,12.80906737],[92.68278253,12.80915046],[92.68331301,12.81164467],[92.68730235,12.81285822],[92.68841147,12.81458044],[92.68768215,12.81602681],[92.68888974,12.81710744],[92.68874133,12.81815982],[92.68580878,12.82378137],[92.68712521,12.82632315],[92.68699098,12.82669401],[92.68515766,12.82876205],[92.68443835,12.82923985],[92.68327332,12.82937956],[92.68257892,12.82891941],[92.67951345,12.82540548],[92.67615688,12.82345414],[92.67742085,12.82766831],[92.67643321,12.83028615],[92.67805386,12.83203125],[92.67527091,12.83531332],[92.67639756,12.83698392],[92.68003523,12.83836973],[92.68364978,12.83572948],[92.68947268,12.83457541],[92.68996382,12.83569765],[92.69335937,12.83575761],[92.69390035,12.83756995],[92.69695592,12.83835185],[92.70117247,12.84142745],[92.70374274,12.84619844],[92.70212364,12.84816587],[92.70308936,12.85256648],[92.70685601,12.85442591],[92.71310592,12.86095357],[92.71583831,12.86881185],[92.71948624,12.87457812],[92.71807563,12.87752378],[92.71309197,12.87742412],[92.71192944,12.88223696],[92.70865846,12.88376987],[92.71311557,12.88334692],[92.71460354,12.88142896],[92.71755326,12.88073325],[92.71934211,12.8812201],[92.72070813,12.88322282],[92.72204471,12.89557564],[92.72099173,12.89964652],[92.72268474,12.90165746],[92.72268164,12.90527332],[92.72082186,12.90718567],[92.71988106,12.91070485],[92.71953845,12.9206146],[92.71550918,12.92263865],[92.72048807,12.92413735],[92.72148716,12.92691374],[92.72064614,12.93874538],[92.72148442,12.93923521],[92.72071755,12.94240165],[92.72177064,12.94474947],[92.72030854,12.94695485],[92.71762586,12.94256794],[92.7144438,12.94242954],[92.71459305,12.94490898],[92.71737421,12.94986093],[92.71816552,12.95954156],[92.71976626,12.96140504],[92.71892977,12.96341801],[92.72034991,12.96838725],[92.71937501,12.97143197],[92.72065771,12.97582281],[92.71919405,12.97641861],[92.7200402,12.97823977],[92.71758103,12.98106682],[92.71682227,12.98056746],[92.71324337,12.98260152],[92.71446896,12.984043],[92.71099925,12.98487258],[92.71081662,12.98802507],[92.70871925,12.98803663],[92.70944905,12.98657966],[92.70684957,12.98590457],[92.70577931,12.98734653],[92.70355391,12.98727393],[92.70285904,12.98876596],[92.70096791,12.98807406],[92.69725263,12.98930275],[92.69534016,12.99184334],[92.69466496,12.992136],[92.68928051,12.99060941],[92.68814576,12.98783112],[92.68714094,12.98817253],[92.68656146,12.98695195],[92.68489206,12.98765385],[92.67825592,12.97371054],[92.67417347,12.96937025],[92.67467451,12.96684945],[92.67352974,12.96515942],[92.67085373,12.96426046],[92.6711117,12.96288514],[92.66963065,12.96202064],[92.66929054,12.9560492],[92.67022967,12.95223463],[92.66862643,12.95079994],[92.67076504,12.94983685],[92.67607152,12.95026624],[92.67682314,12.95002615],[92.67718422,12.94969988],[92.6766448,12.9485774],[92.67771721,12.94735956],[92.67971754,12.94807041],[92.68008685,12.94805348],[92.68029606,12.94728541],[92.67966485,12.94410968],[92.67853725,12.94341397],[92.67972386,12.94164395],[92.67720997,12.94000351],[92.67697215,12.93777227],[92.67538166,12.93673742],[92.67660427,12.93458092],[92.67638791,12.93422234],[92.67371774,12.93274295],[92.67357111,12.93235505],[92.67395723,12.92818296],[92.67228007,12.92643976],[92.67240715,12.92343855],[92.67096686,12.92275858],[92.67026794,12.91858292],[92.66834176,12.91857994],[92.66932821,12.91157424],[92.67058075,12.91177976],[92.67126596,12.90710807],[92.67023766,12.90484905],[92.66575086,12.90248036],[92.66581702,12.89885175],[92.6674124,12.896474],[92.66553473,12.89357114],[92.666556,12.88796258],[92.66440725,12.88284147],[92.66506743,12.88184285],[92.66417444,12.88052905],[92.66046131,12.88019645],[92.66314757,12.87829018],[92.65448022,12.86722076],[92.65237784,12.86667943],[92.65113842,12.86768424],[92.65107715,12.86153495],[92.64837706,12.86165583],[92.65116453,12.85393405],[92.65115952,12.84583676],[92.65326345,12.84143031],[92.65365374,12.83762634],[92.65688562,12.83203125],[92.65640688,12.83161581],[92.65897882,12.83030534],[92.66061211,12.82740772],[92.66108406,12.81823015],[92.66565621,12.81178832],[92.66598785,12.81033826],[92.66653991,12.80389023],[92.66654015,12.80321121],[92.66567755,12.79996312],[92.66351604,12.79580045],[92.66033924,12.79626334],[92.66189826,12.79503608],[92.66092527,12.79455554],[92.66787231,12.79009974],[92.66803634,12.78265965],[92.67186642,12.79209566],[92.67270374,12.79873014]],[[92.67244577,12.94916296],[92.67055464,12.94954073],[92.66991651,12.94920874],[92.67057085,12.94841146],[92.67165863,12.94853103],[92.67244577,12.94916296]],[[92.66966033,12.95261991],[92.66815305,12.95374036],[92.66867185,12.95203805],[92.6693145,12.95182693],[92.66966033,12.95261991]],[[92.76338446,12.92553842],[92.76380122,12.92553377],[92.76479268,12.92647064],[92.76638997,12.92879176],[92.76527643,12.9324789],[92.76272714,12.93504596],[92.76120925,12.93269396],[92.76079917,12.92978716],[92.76091814,12.92921984],[92.76220584,12.92623305],[92.76338446,12.92553842]],[[92.77067041,12.92615747],[92.76942861,12.92279637],[92.77294958,12.91800296],[92.77439356,12.91953242],[92.77518737,12.92259824],[92.77582896,12.92796075],[92.77530146,12.93050694],[92.77274406,12.93112874],[92.77156556,12.93064547],[92.76990378,12.92849696],[92.77067041,12.92615747]],[[92.76723886,12.92025876],[92.7666769,12.92464256],[92.76220298,12.92150903],[92.76260388,12.91959476],[92.76488423,12.91787803],[92.76723886,12.92025876]],[[92.76669514,12.91779184],[92.76800775,12.91662955],[92.76815796,12.91689861],[92.76764894,12.91781545],[92.76669514,12.91779184]],[[92.79130697,12.91663587],[92.78734076,12.91259563],[92.78097105,12.91134477],[92.77581275,12.91233647],[92.77502692,12.91195643],[92.77423108,12.91060126],[92.77431154,12.90584397],[92.77437973,12.90553093],[92.77625978,12.90321887],[92.78022838,12.90185571],[92.78293455,12.90228236],[92.78719234,12.90525591],[92.78866124,12.90477443],[92.78958631,12.902794],[92.78842306,12.9004153],[92.78279531,12.89613891],[92.78460956,12.89369404],[92.78892267,12.89361167],[92.79270494,12.89180672],[92.79319942,12.89187801],[92.79814541,12.89402437],[92.80041933,12.89766037],[92.7981317,12.90081966],[92.79796755,12.90124261],[92.79709172,12.90795207],[92.79681754,12.90853155],[92.79489911,12.91148996],[92.79130697,12.91663587]],[[92.78627634,12.89306176],[92.78346527,12.89313614],[92.78165674,12.89134335],[92.78190768,12.88438165],[92.78554893,12.88204777],[92.79008102,12.88410461],[92.79033065,12.88458955],[92.79167783,12.89097691],[92.78999317,12.89254642],[92.78886402,12.89293981],[92.78627634,12.89306176]],[[92.75623453,12.8926779],[92.75708675,12.90322065],[92.7575531,12.90778315],[92.75405872,12.91329706],[92.75335622,12.90129435],[92.75377452,12.90043426],[92.75524271,12.9009093],[92.75522745,12.89825797],[92.75328195,12.89592552],[92.75356495,12.89297545],[92.75123167,12.89672196],[92.75021756,12.89710391],[92.74939382,12.89669001],[92.74847126,12.892802],[92.74975085,12.89063263],[92.75024557,12.8904109],[92.75252748,12.89140677],[92.75318027,12.88932073],[92.75566554,12.89125896],[92.75623453,12.8926779]],[[92.75685585,12.87785018],[92.75710213,12.87671137],[92.75761473,12.87613738],[92.75887454,12.87631536],[92.76037025,12.87717283],[92.76011515,12.87758577],[92.75712383,12.87837827],[92.75685585,12.87785018]],[[92.76228762,12.86531341],[92.76298285,12.86307907],[92.7633779,12.85584486],[92.76540124,12.85495818],[92.76599324,12.85508704],[92.76664746,12.85553765],[92.7672286,12.85763013],[92.76559424,12.86345017],[92.76567054,12.86819637],[92.76694334,12.87131584],[92.76602042,12.87259805],[92.76129556,12.86861825],[92.76115966,12.86760581],[92.76228762,12.86531341]],[[92.77774203,12.86469662],[92.77843475,12.86465526],[92.77864456,12.86498582],[92.77774203,12.86665964],[92.77593684,12.86603975],[92.77606273,12.86513054],[92.77774203,12.86469662]],[[92.72701991,12.86519158],[92.72624075,12.8652662],[92.72421432,12.8635174],[92.72047007,12.86409235],[92.7199409,12.86236036],[92.72105265,12.85970116],[92.71991324,12.85859752],[92.71769404,12.85879552],[92.71849072,12.85721266],[92.71483302,12.85255885],[92.71297884,12.84644103],[92.71321464,12.84373915],[92.71129215,12.84388793],[92.70808542,12.83798707],[92.71037507,12.83375251],[92.71218598,12.83442163],[92.71559036,12.83265305],[92.71897256,12.83582056],[92.725281,12.85128534],[92.72513437,12.85429525],[92.72526777,12.85462618],[92.72982395,12.86105692],[92.72995341,12.86258984],[92.72973895,12.86297953],[92.72852731,12.86394167],[92.72701991,12.86519158]],[[92.72922087,12.85585153],[92.72986221,12.85507071],[92.7307384,12.85527945],[92.73150241,12.85640275],[92.72922087,12.85585153]],[[92.72475243,12.83378243],[92.72497666,12.83250511],[92.7252717,12.83235753],[92.72579634,12.83258235],[92.72780645,12.83551228],[92.72719252,12.83830392],[92.72585225,12.83679807],[92.72475243,12.83378243]],[[92.71603525,12.80278265],[92.7169826,12.80257797],[92.71740067,12.80297506],[92.71711886,12.80398715],[92.71661615,12.80424571],[92.71603525,12.80278265]],[[92.71556175,12.79934371],[92.71616697,12.79839623],[92.71689713,12.7987504],[92.71627295,12.80084968],[92.71556175,12.79934371]],[[92.71533597,12.79615557],[92.71511304,12.79503763],[92.71590388,12.79505765],[92.71651244,12.79589605],[92.71618795,12.79729366],[92.71533597,12.79615557]],[[92.71995127,12.77784586],[92.71816182,12.7711426],[92.72099686,12.76561582],[92.72456443,12.76163328],[92.72464013,12.76660144],[92.72187555,12.7788161],[92.72032082,12.78480232],[92.71804094,12.78789544],[92.71753275,12.78800285],[92.71698678,12.78696704],[92.71761107,12.78270066],[92.7157104,12.78120375],[92.71528328,12.77857363],[92.7153362,12.77805245],[92.71995127,12.77784586]],[[92.71597695,12.77702773],[92.7156049,12.77710784],[92.71579874,12.77543926],[92.7171936,12.77502394],[92.71759403,12.77608812],[92.71597695,12.77702773]],[[92.72623801,12.75146747],[92.72682583,12.75140548],[92.72680485,12.75293457],[92.7264899,12.75367856],[92.72573423,12.75382316],[92.7254194,12.75367856],[92.72623801,12.75146747]],[[92.72287965,12.73525751],[92.72471225,12.73315406],[92.72561145,12.73322964],[92.72615457,12.72843945],[92.72630715,12.72802925],[92.72783744,12.72695136],[92.72966135,12.72889352],[92.72965825,12.73091483],[92.72673142,12.73596632],[92.72419524,12.73602295],[92.72371447,12.73666835],[92.72287965,12.73525751]],[[92.89370394,12.89856494],[92.89263344,12.89986682],[92.89204574,12.89982545],[92.89166784,12.89939153],[92.89156294,12.89757287],[92.8917309,12.89734554],[92.89353597,12.89744902],[92.89391375,12.89798617],[92.89370394,12.89856494]],[[92.86473322,12.91323805],[92.86339295,12.91475427],[92.8633424,12.91347015],[92.86473322,12.91323805]],[[92.8912785,12.93743706],[92.89072084,12.93752754],[92.89021182,12.93716574],[92.88948166,12.93592835],[92.88960636,12.93506646],[92.89013648,12.93515384],[92.89286006,12.93666291],[92.89285386,12.93695295],[92.8912785,12.93743706]],[[92.90270615,12.93983901],[92.90111411,12.94162941],[92.89968884,12.94097865],[92.90271497,12.93870425],[92.90286756,12.93893886],[92.90270615,12.93983901]],[[92.91165864,13.00492167],[92.91136396,13.00530577],[92.91078603,13.00468898],[92.91119885,13.0035423],[92.91222537,13.00256801],[92.91252601,13.00278854],[92.91165864,13.00492167]],[[92.94532716,13.02520943],[92.94928324,13.02123666],[92.94933784,13.02464974],[92.94676244,13.02559805],[92.94532716,13.02520943]],[[92.91703641,13.04696238],[92.91614234,13.04723835],[92.91501892,13.04567206],[92.91479945,13.04519594],[92.91479826,13.042135],[92.91697085,13.04014242],[92.91828322,13.04021072],[92.91897643,13.04034054],[92.9192698,13.04080725],[92.91878331,13.04358661],[92.91811883,13.04582608],[92.91703641,13.04696238]],[[92.93450296,13.0512377],[92.93288434,13.05273426],[92.93231165,13.05273426],[92.93185234,13.05221474],[92.93248093,13.04999876],[92.93287027,13.04951286],[92.93357432,13.04958928],[92.93450296,13.0512377]],[[92.91409385,13.06668985],[92.91346288,13.0668962],[92.9131124,13.06586492],[92.91325247,13.06153405],[92.91612685,13.05789053],[92.91682804,13.05789053],[92.91717851,13.05795932],[92.91682804,13.06256521],[92.91409385,13.06668985]],[[92.71125591,13.08979654],[92.71918952,13.09313583],[92.72038007,13.09441364],[92.72088516,13.09537625],[92.72089505,13.09735155],[92.7190268,13.09905136],[92.71845412,13.09905136],[92.71664917,13.09827864],[92.71284044,13.09591818],[92.71240997,13.09575915],[92.70759535,13.09494185],[92.70465946,13.09515965],[92.70225692,13.09781528],[92.69987476,13.09824967],[92.69623113,13.09518993],[92.69590223,13.09476221],[92.69548893,13.09052146],[92.69906175,13.07929337],[92.69905972,13.07579505],[92.7009474,13.07106686],[92.70143914,13.07078421],[92.70473456,13.06982684],[92.70659041,13.07029951],[92.70643616,13.07334685],[92.70412505,13.07799625],[92.70746267,13.08602464],[92.71125591,13.08979654]],[[92.72827506,13.09050512],[92.72891295,13.09031367],[92.73071945,13.09183025],[92.73168826,13.09341443],[92.73188996,13.09399712],[92.73075545,13.09586358],[92.72836733,13.09339964],[92.72787595,13.09083784],[92.72827506,13.09050512]],[[92.79490292,13.17096531],[92.79458415,13.17106795],[92.79327583,13.16969025],[92.79378843,13.16824806],[92.79420996,13.16775191],[92.797508,13.16781986],[92.79634726,13.17044985],[92.79490292,13.17096531]],[[92.81819296,13.41166663],[92.81777775,13.41444445],[92.8188889,13.41583335],[92.8188889,13.41638875],[92.81305552,13.41972208],[92.81277776,13.41972208],[92.81166661,13.41916656],[92.8125,13.41750002],[92.8125,13.41722214],[92.81354511,13.41357291],[92.81349266,13.40994],[92.81254411,13.40721476],[92.81193125,13.40587342],[92.8125,13.40528595],[92.81444442,13.40305555],[92.81500006,13.40305555],[92.81611407,13.40429294],[92.8159461,13.40649426],[92.81819296,13.41166663]],[[92.82722223,13.42111111],[92.83194435,13.41861105],[92.83500004,13.42027783],[92.83972216,13.42527783],[92.84138894,13.42555547],[92.84194446,13.42583334],[92.84638894,13.43083334],[92.84486496,13.43361115],[92.84333324,13.44083333],[92.84305561,13.44111097],[92.84333324,13.44416654],[92.84249985,13.44472206],[92.84027767,13.44027781],[92.83888876,13.44083333],[92.83500004,13.43861115],[92.83111095,13.43805552],[92.82555544,13.43916655],[92.82333326,13.43638885],[92.82166672,13.43666661],[92.82138884,13.43638885],[92.82249987,13.43333316],[92.82055545,13.42694437],[92.82194436,13.42083335],[92.82222223,13.42055547],[92.82333326,13.41972208],[92.82722223,13.42111111]],[[92.86500001,13.41194427],[92.86583185,13.41139555],[92.86751437,13.41160166],[92.86583316,13.41361105],[92.86500001,13.41250002],[92.86500001,13.41194427]],[[92.87472224,13.50666654],[92.87305546,13.50972223],[92.87444437,13.51222205],[92.87472224,13.51250005],[92.87416661,13.51305544],[92.87249994,13.51222205],[92.87,13.51305544],[92.86944437,13.51277781],[92.86666656,13.50916672],[92.86722207,13.50527775],[92.87111115,13.50194442],[92.87472224,13.50444436],[92.87472224,13.50666654]],[[92.91349328,13.50823045],[92.91559005,13.50675905],[92.91615546,13.50686347],[92.92146707,13.51269531],[92.92012286,13.51503694],[92.91798961,13.51565504],[92.91518772,13.51360178],[92.91349328,13.50823045]],[[92.91194427,13.53515625],[92.90999985,13.53722215],[92.90694427,13.53694427],[92.90555561,13.53515625],[92.90472221,13.53388894],[92.90472221,13.53361106],[92.90611112,13.53027773],[92.90777767,13.53027773],[92.91166663,13.53250003],[92.91250002,13.5333333],[92.91277766,13.53388894],[92.91194427,13.53515625]],[[92.87649858,13.53515625],[92.8786298,13.53775573],[92.87489176,13.54061365],[92.87399471,13.53716421],[92.87405574,13.53669667],[92.87506366,13.53515625],[92.87591386,13.53491211],[92.87649858,13.53515625]],[[93.00631821,13.55543196],[93.00722945,13.55529463],[93.00786054,13.55536342],[93.00777781,13.55638885],[93.00646555,13.55997753],[93.00618505,13.55997753],[93.00520372,13.55860257],[93.00555551,13.55694437],[93.00631821,13.55543196]],[[92.71500003,11.31694436],[92.71236014,11.31062448],[92.71284282,11.30902505],[92.71472216,11.30805552],[92.71583331,11.30916655],[92.71777773,11.31611097],[92.72138894,11.31444442],[92.7230556,11.31638885],[92.72400248,11.31780624],[92.72393274,11.31925547],[92.72253585,11.3231889],[92.72249985,11.32500005],[92.72410643,11.32983041],[92.72399998,11.33195138],[92.72344124,11.33277953],[92.72166657,11.33305538],[92.72111106,11.33277774],[92.71735871,11.32847655],[92.71833324,11.32611096],[92.71833324,11.32527781],[92.71756816,11.32368004],[92.71388876,11.32055545],[92.71500003,11.31694436]],[[92.71056926,11.30800486],[92.71027875,11.30839896],[92.70595837,11.30827475],[92.7028501,11.30859375],[92.70028996,11.31138384],[92.69780087,11.30927443],[92.69836855,11.30807531],[92.70140386,11.30809402],[92.70426881,11.30633545],[92.70615256,11.30344045],[92.70878732,11.30133915],[92.70950627,11.30114555],[92.71174204,11.30254471],[92.71195364,11.30298436],[92.71056926,11.30800486]],[[92.69222236,11.25566184],[92.69019258,11.25],[92.69029152,11.25],[92.68969262,11.24844325],[92.68741143,11.24617171],[92.6876806,11.24193323],[92.69332743,11.24310291],[92.69505036,11.2476083],[92.69455445,11.25],[92.69474363,11.25],[92.69475806,11.25206268],[92.69982254,11.25812376],[92.70580137,11.26313055],[92.70622992,11.26469624],[92.70532382,11.26975894],[92.70662665,11.27250922],[92.70590961,11.27595997],[92.70747006,11.2829293],[92.70746493,11.283445],[92.70706117,11.28668988],[92.70629418,11.28860617],[92.70537496,11.28925824],[92.70283783,11.28870416],[92.69610167,11.28525937],[92.69543231,11.28489912],[92.6927675,11.28141367],[92.69380665,11.27531946],[92.69321227,11.27046275],[92.69696665,11.26158166],[92.69222236,11.25566184]],[[92.40968804,11.24499252],[92.40802292,11.24651436],[92.40801109,11.24271544],[92.40816645,11.24020128],[92.40834809,11.23125537],[92.40852972,11.22230951],[92.40871136,11.21336366],[92.40889301,11.20441768],[92.40907466,11.19547186],[92.40925632,11.18652596],[92.40943798,11.17758007],[92.40961965,11.16863419],[92.40980132,11.15968828],[92.409983,11.15074237],[92.41016469,11.14179647],[92.41034638,11.13285059],[92.41052807,11.12390479],[92.41070977,11.11495884],[92.41089148,11.10601292],[92.41107319,11.09706702],[92.4112549,11.08812117],[92.41143663,11.07917528],[92.41154988,11.07359995],[92.41264473,11.07407615],[92.41674659,11.0757556],[92.4208846,11.07734621],[92.42297342,11.07812317],[92.42479333,11.07875843],[92.42774894,11.07975904],[92.42874478,11.08022583],[92.43280862,11.08199333],[92.43691059,11.08367278],[92.44104871,11.08526339],[92.4431376,11.08604035],[92.44522102,11.08676441],[92.44942554,11.08817511],[92.45366024,11.08949482],[92.45792313,11.09072291],[92.46221216,11.0918588],[92.46652528,11.09290195],[92.47086045,11.09385185],[92.47521559,11.09470807],[92.47740377,11.09511371],[92.4789085,11.09536438],[92.48146276,11.09577044],[92.48213759,11.09629705],[92.48701933,11.09987779],[92.48778802,11.10040715],[92.48665963,11.10309289],[92.48504748,11.10717954],[92.4842527,11.10926206],[92.48352594,11.11129994],[92.48209574,11.11545214],[92.4807073,11.11980401],[92.48012863,11.12143094],[92.47825263,11.12713407],[92.47700707,11.13134391],[92.47585476,11.13557957],[92.47479626,11.13983905],[92.47383207,11.14412031],[92.47296266,11.14842132],[92.47254569,11.15061008],[92.47218845,11.15274003],[92.47150981,11.15707439],[92.47092706,11.16142234],[92.47044049,11.1657818],[92.47005034,11.1701507],[92.46975679,11.17452696],[92.46955998,11.17890851],[92.46946002,11.18329325],[92.46943424,11.18552081],[92.46945696,11.1876791],[92.46949415,11.18941666],[92.46697584,11.19132292],[92.46351032,11.19406663],[92.46177522,11.19547161],[92.46025843,11.19675286],[92.45721618,11.19937407],[92.45422711,11.2020543],[92.4512924,11.20479248],[92.44841321,11.20758755],[92.44559067,11.21043841],[92.44282588,11.21334394],[92.44011994,11.21630299],[92.43878181,11.21779575],[92.43476101,11.22237169],[92.43423285,11.22297759],[92.43318143,11.22419355],[92.43264065,11.22482416],[92.43144529,11.22625642],[92.42904729,11.22918426],[92.42847036,11.22991627],[92.42525108,11.23224453],[92.4217253,11.23491299],[92.41825926,11.23765669],[92.41652382,11.23906172],[92.41515348,11.24021685],[92.41239911,11.24258053],[92.40968804,11.24499252]],[[92.67555547,11.17805553],[92.67750001,11.17694437],[92.68111098,11.18111098],[92.67694437,11.18361115],[92.67666662,11.18805552],[92.67472208,11.18944442],[92.67305553,11.18555546],[92.6761111,11.17972207],[92.67555547,11.17805553]],[[92.72703183,11.14550781],[92.7290101,11.14234924],[92.73016155,11.14169586],[92.73128653,11.14182115],[92.73170471,11.14204025],[92.73485756,11.14578223],[92.73132396,11.14989841],[92.72703183,11.14550781]],[[92.72527766,11.14138877],[92.72576058,11.14415956],[92.72333336,11.14388883],[92.72277772,11.14138877],[92.72416663,11.14027774],[92.72527766,11.14111114],[92.72527766,11.14138877]],[[92.65853405,10.98580885],[92.66083705,10.98159945],[92.663486,10.98149598],[92.66570687,10.98245132],[92.66922772,10.98532486],[92.66948664,10.98592031],[92.66964173,10.98934448],[92.66952968,10.99014842],[92.6682657,10.99132085],[92.66484725,10.99271596],[92.66201305,10.99274552],[92.65931451,10.99062383],[92.65853405,10.98580885]],[[92.22476792,10.98255885],[92.2226032,10.98301756],[92.22122812,10.98250091],[92.21526122,10.97875798],[92.21502221,10.97699225],[92.21758235,10.97321713],[92.21829677,10.9727416],[92.22170114,10.97264087],[92.22833848,10.97617781],[92.22872174,10.98173773],[92.22860301,10.98225093],[92.22476792,10.98255885]],[[92.61022055,10.92937517],[92.61402655,10.92720628],[92.61742854,10.92738736],[92.61941898,10.92776418],[92.62065482,10.92898154],[92.62085664,10.92955935],[92.61794496,10.9340409],[92.61423814,10.93503571],[92.60924053,10.93839896],[92.60882175,10.93860805],[92.60585177,10.93669093],[92.60648143,10.93396854],[92.60963357,10.92985475],[92.61022055,10.92937517]],[[92.50975347,10.89485204],[92.50704134,10.88980126],[92.50680316,10.88897443],[92.50841272,10.88147485],[92.51289713,10.87707055],[92.51212406,10.87100255],[92.51053965,10.86906827],[92.50987661,10.86875665],[92.50796592,10.86878276],[92.50753045,10.86899626],[92.50260973,10.87239873],[92.50944555,10.86965156],[92.51133382,10.87240505],[92.51135385,10.87780917],[92.50640357,10.88155413],[92.50495374,10.88909042],[92.50198185,10.89083028],[92.50087261,10.89083135],[92.49257934,10.88920045],[92.47966123,10.87155616],[92.47045124,10.87125432],[92.46867573,10.86718106],[92.46306133,10.86405492],[92.4609375,10.86356032],[92.45878518,10.86297226],[92.45699465,10.86118674],[92.45646107,10.86009884],[92.4565742,10.85936415],[92.46005547,10.85278726],[92.46000254,10.8463546],[92.45676243,10.83881867],[92.45655274,10.83854616],[92.45483792,10.83767676],[92.447456,10.83757937],[92.44129646,10.82911551],[92.43353236,10.82173514],[92.43043172,10.82171154],[92.42688417,10.82321095],[92.42713523,10.81684577],[92.42552197,10.81071246],[92.42230165,10.80778122],[92.42210245,10.80253196],[92.41838253,10.79531991],[92.41307604,10.78883827],[92.40737653,10.78437054],[92.39746654,10.78071427],[92.39533901,10.77329803],[92.39394915,10.7719717],[92.39582467,10.76309502],[92.39766216,10.76194262],[92.39925694,10.76297021],[92.3981328,10.76105821],[92.39549422,10.76097226],[92.39335835,10.76896024],[92.39293146,10.77552974],[92.39456105,10.77920318],[92.38611412,10.78384113],[92.38608634,10.78829384],[92.38489222,10.79043806],[92.38162065,10.78876185],[92.37665594,10.78278816],[92.37637818,10.78228021],[92.37608254,10.77319884],[92.38133597,10.76254535],[92.37833691,10.75573063],[92.37779891,10.73961353],[92.37779677,10.73895752],[92.38022006,10.72831905],[92.3819921,10.72265625],[92.38233948,10.72265625],[92.38262331,10.72223771],[92.38259256,10.71976376],[92.38069713,10.71496236],[92.3802222,10.70631313],[92.38113105,10.69935727],[92.37992644,10.69409788],[92.38092816,10.68375564],[92.38231015,10.68150032],[92.38237166,10.6789813],[92.38127363,10.67817581],[92.38340032,10.67393768],[92.38255036,10.66973042],[92.38043082,10.66696262],[92.38859475,10.66548705],[92.39512372,10.66593945],[92.40167475,10.65842736],[92.40888977,10.64754474],[92.41755438,10.62819564],[92.42057061,10.61427176],[92.42004192,10.61146832],[92.41558743,10.60948801],[92.41284084,10.6057533],[92.41207278,10.59804451],[92.40977585,10.59211278],[92.40929568,10.58227456],[92.40485251,10.5759176],[92.40053832,10.57236278],[92.39876723,10.56741333],[92.39613414,10.56481421],[92.3936516,10.56023991],[92.39244163,10.55759835],[92.39235735,10.55708075],[92.39376235,10.55354548],[92.38801456,10.546875],[92.38414824,10.54376292],[92.38210821,10.54051495],[92.3816514,10.53924036],[92.38178325,10.53745234],[92.38350356,10.53392863],[92.38512802,10.5324043],[92.38578451,10.53226376],[92.39112413,10.53099954],[92.39496624,10.53097093],[92.40258968,10.53187597],[92.40461326,10.53270996],[92.40869558,10.53505743],[92.40910494,10.53546405],[92.41865921,10.546875],[92.41862357,10.54701805],[92.42701078,10.54913616],[92.43469202,10.54824054],[92.43738651,10.546875],[92.43795395,10.546875],[92.44049096,10.54555452],[92.45022595,10.5431962],[92.45182466,10.54458296],[92.45338154,10.54089534],[92.45713317,10.5398699],[92.4609375,10.53710926],[92.4609375,10.53683031],[92.46880591,10.5279088],[92.48133194,10.51844466],[92.49290895,10.51554334],[92.49935341,10.51096916],[92.50505066,10.51087427],[92.50871444,10.51220465],[92.51327145,10.51186955],[92.52557707,10.51690543],[92.53122008,10.51815367],[92.53412485,10.52350807],[92.53418064,10.52960587],[92.53817928,10.53496194],[92.54068017,10.53576326],[92.54091144,10.53606546],[92.54344904,10.54122245],[92.54464281,10.546875],[92.54554546,10.55084312],[92.54590011,10.55154026],[92.54753065,10.55371666],[92.54787076,10.55405974],[92.55287361,10.55585492],[92.55426502,10.5571233],[92.55474997,10.55910611],[92.55820286,10.56156576],[92.56826365,10.57631731],[92.56843555,10.57669091],[92.56925094,10.58027744],[92.56912076,10.58118558],[92.5637356,10.58702397],[92.54587591,10.59211421],[92.54438913,10.59333146],[92.54069936,10.60177791],[92.54018402,10.6043328],[92.54003096,10.61111963],[92.54096127,10.61700416],[92.54328311,10.62262023],[92.54819417,10.63135493],[92.54987514,10.63384485],[92.55429018,10.63936925],[92.56140757,10.64629722],[92.56656241,10.65054202],[92.56995416,10.65251172],[92.57152605,10.65311265],[92.57633352,10.65298307],[92.58292556,10.65726972],[92.58139133,10.65925825],[92.57916486,10.65835047],[92.5781579,10.66060531],[92.57592475,10.67006314],[92.5780704,10.67439663],[92.58627725,10.67937672],[92.58873296,10.67939305],[92.59270465,10.67697716],[92.59526515,10.6768887],[92.59663355,10.67812693],[92.59680462,10.67857027],[92.59738827,10.68102574],[92.59670067,10.69270384],[92.59836161,10.69865906],[92.59822655,10.70298743],[92.59736693,10.70609713],[92.59433401,10.70916212],[92.59199905,10.71553445],[92.59035611,10.71716857],[92.58919096,10.72265625],[92.58901072,10.72265625],[92.58869505,10.73111951],[92.58811116,10.7331444],[92.58279276,10.74233556],[92.58262753,10.74540842],[92.58358526,10.74849403],[92.58341968,10.75858176],[92.58352876,10.75927544],[92.5870378,10.76933801],[92.58830452,10.77918172],[92.58786237,10.78682601],[92.58534682,10.78962004],[92.57864547,10.79241073],[92.57623184,10.7947824],[92.57181084,10.80274892],[92.56360996,10.80391312],[92.56191087,10.80313575],[92.56179655,10.79998517],[92.56051588,10.80138242],[92.56008422,10.80556965],[92.56102872,10.80332995],[92.56471336,10.80693054],[92.56165707,10.81155515],[92.56092715,10.82053173],[92.56341755,10.82780886],[92.55663753,10.84416854],[92.55749476,10.85390985],[92.55997038,10.85835648],[92.55884004,10.86194623],[92.55831134,10.86314273],[92.55093765,10.87090838],[92.54726255,10.87210155],[92.53692257,10.882761],[92.53178382,10.88490868],[92.52945781,10.88326943],[92.53145623,10.88126075],[92.53125131,10.87819505],[92.5332731,10.87351108],[92.53026175,10.86988306],[92.52978694,10.86739743],[92.53145611,10.86569345],[92.537081,10.86551404],[92.53152788,10.86470616],[92.53006315,10.86526418],[92.52883911,10.86657202],[92.52838028,10.86843193],[92.52843988,10.86870885],[92.52939606,10.87092102],[92.53166783,10.87276292],[92.53187072,10.87355006],[92.53191125,10.87479556],[92.52838385,10.88194644],[92.52960944,10.8867712],[92.52764404,10.89020467],[92.52082813,10.89706087],[92.51557255,10.89752412],[92.51274538,10.89711773],[92.51030147,10.89538717],[92.50975347,10.89485204]],[[92.77888894,9.24444437],[92.77685738,9.23923624],[92.77497745,9.23889005],[92.77497745,9.24041295],[92.77372408,9.24062073],[92.77277768,9.23833334],[92.77277768,9.23805547],[92.77555561,9.23611105],[92.77611113,9.23444438],[92.7741667,9.22916663],[92.77111113,9.2272222],[92.77046895,9.22373605],[92.77166665,9.22111106],[92.76805556,9.21611094],[92.76666665,9.21527767],[92.76527774,9.21472216],[92.75250006,9.21500003],[92.74694443,9.21194434],[92.74416661,9.21583331],[92.74194443,9.21666658],[92.74055552,9.21666658],[92.73627234,9.21532238],[92.73444438,9.21777773],[92.7294445,9.21972215],[92.72805548,9.21972215],[92.72646427,9.21931756],[92.72393072,9.21826756],[92.72111106,9.21416664],[92.7208333,9.21361113],[92.71972215,9.20777774],[92.71972215,9.20749986],[92.72055554,9.20583332],[92.72027767,9.20027781],[92.72138894,9.19833326],[92.72138894,9.19722223],[92.71944428,9.19444442],[92.71944428,9.19333327],[92.72116256,9.17606723],[92.71816874,9.15979993],[92.71833324,9.15277767],[92.71972585,9.14607263],[92.72222221,9.14305556],[92.72271848,9.140625],[92.72506596,9.13865492],[92.72625566,9.13575445],[92.72657597,9.13021266],[92.7269243,9.12965906],[92.73166656,9.12437606],[92.73437464,9.12347352],[92.73888564,9.12320662],[92.73986053,9.12334502],[92.74416661,9.12527776],[92.75277782,9.125],[92.75549316,9.12679982],[92.76361096,9.12361097],[92.76599145,9.12609422],[92.76808023,9.12554038],[92.76891565,9.12761712],[92.77741027,9.1211102],[92.78361106,9.11777782],[92.78583336,9.11694443],[92.78944445,9.11694443],[92.78999782,9.11777782],[92.78499985,9.11805546],[92.78233385,9.12018216],[92.78870142,9.11896515],[92.79343605,9.11924207],[92.79398656,9.11965263],[92.8020004,9.12034965],[92.80332315,9.12076497],[92.80805552,9.12416661],[92.81138885,9.12361097],[92.81083333,9.12555552],[92.81138885,9.12555552],[92.81223547,9.12678742],[92.8118875,9.13107908],[92.81432438,9.13170207],[92.81683111,9.13550937],[92.81850207,9.13537085],[92.82233155,9.13772452],[92.82414186,9.13834763],[92.83012986,9.13827825],[92.83054757,9.13869357],[92.83068693,9.139732],[92.82934642,9.140625],[92.82915521,9.14097786],[92.82811081,9.14990771],[92.83096552,9.15800667],[92.83173144,9.16652107],[92.83152235,9.1675595],[92.82880688,9.17628145],[92.82553446,9.17953503],[92.82650936,9.18770325],[92.82083333,9.20916665],[92.81916451,9.21324384],[92.81388891,9.22027767],[92.8125,9.22138894],[92.80099225,9.23113096],[92.79138875,9.24194443],[92.78777766,9.24416661],[92.78193116,9.24912882],[92.77819335,9.25636268],[92.77472222,9.25694442],[92.77388895,9.25611114],[92.77388895,9.25527775],[92.77888894,9.24444437]],[[92.81166661,9.12555552],[92.81166661,9.12444437],[92.8125,9.12471986],[92.81472206,9.12583327],[92.81472206,9.12611115],[92.81416655,9.12694442],[92.81361115,9.12694442],[92.81333327,9.12583327],[92.81166661,9.12555552]],[[92.80380285,9.12058616],[92.79989362,9.11869931],[92.80361176,9.11933684],[92.80386257,9.11944902],[92.80389845,9.12084198],[92.80380285,9.12058616]],[[92.7942183,9.11861098],[92.79333317,9.11888885],[92.79305553,9.11888885],[92.79222214,9.11777782],[92.79440725,9.11776125],[92.79861104,9.11833334],[92.79861104,9.11861098],[92.79444444,9.11833334],[92.7942183,9.11861098]],[[92.85379076,8.81964636],[92.85734606,8.81907213],[92.86217284,8.82247865],[92.86256242,8.82313585],[92.86305738,8.82475162],[92.86313784,8.83071363],[92.86226296,8.83381176],[92.86188662,8.83468485],[92.85923386,8.83733261],[92.85810435,8.83733261],[92.85802197,8.83725107],[92.85434425,8.83361125],[92.85322845,8.83111596],[92.85267067,8.82817614],[92.85216928,8.82155836],[92.85379076,8.81964636]],[[93.04287052,8.44059873],[93.05140388,8.43840945],[93.052019,8.43846822],[93.05388165,8.43942344],[93.05738044,8.43919265],[93.05959213,8.44122112],[93.06055355,8.44266641],[93.0605129,8.44311154],[93.05632186,8.44804025],[93.05732524,8.45726824],[93.05568588,8.46219313],[93.04344213,8.47349334],[93.04131377,8.47118998],[93.03983605,8.46915722],[93.03575051,8.45981038],[93.03458238,8.45549667],[93.03458452,8.45021105],[93.03514886,8.44862497],[93.03769624,8.44493794],[93.04209316,8.44113874],[93.04287052,8.44059873]],[[93.64580452,8.39246511],[93.64775312,8.38972795],[93.65036583,8.39014852],[93.65330386,8.38779664],[93.65698993,8.39040482],[93.65701008,8.39078832],[93.65173984,8.39461994],[93.65129471,8.39476955],[93.64634597,8.39444935],[93.64544773,8.39484191],[93.64427972,8.39434195],[93.64375663,8.39333606],[93.64580452,8.39246511]],[[93.63492954,8.39481151],[93.63538253,8.39502406],[93.63561773,8.39629185],[93.63336611,8.39824545],[93.63383222,8.39512336],[93.63492954,8.39481151]],[[93.12552714,8.35528111],[93.11939347,8.34950304],[93.11846721,8.34909725],[93.11469924,8.35010076],[93.11516118,8.34849632],[93.11276185,8.34752464],[93.11184371,8.34731758],[93.10653353,8.34986687],[93.10575664,8.34983373],[93.10492635,8.34865952],[93.10436654,8.34735954],[93.10098577,8.34537113],[93.10025454,8.34228385],[93.09515142,8.34000361],[93.09502757,8.3397361],[93.09386265,8.33579803],[93.0946238,8.32572865],[93.08593094,8.30919981],[93.08434296,8.30381846],[93.08351457,8.29440725],[93.08475435,8.28652108],[93.08378267,8.28244185],[93.08489394,8.27518368],[93.08533371,8.27357471],[93.08815765,8.26769757],[93.08834052,8.26741111],[93.09301686,8.26171875],[93.0952425,8.25906813],[93.09811866,8.25359201],[93.10057998,8.25339055],[93.09984565,8.25085843],[93.101372,8.24571145],[93.10490322,8.23984075],[93.11186063,8.23240113],[93.11585462,8.23234785],[93.11544776,8.22648776],[93.11798978,8.22602105],[93.12314534,8.22095895],[93.12533903,8.22133136],[93.12862062,8.21949553],[93.1314218,8.21927583],[93.13240612,8.21882534],[93.13439691,8.21733344],[93.13592994,8.21478474],[93.13880861,8.21521282],[93.14585245,8.21068561],[93.1526345,8.20913446],[93.15320623,8.20658946],[93.15858221,8.20575595],[93.16101754,8.20099235],[93.1640625,8.20061386],[93.16747725,8.19984031],[93.17185235,8.20112824],[93.17308617,8.1989609],[93.17547035,8.20013416],[93.1771239,8.1991837],[93.17664504,8.19841385],[93.17826676,8.19826245],[93.17906952,8.19589424],[93.18519723,8.19470966],[93.18776035,8.19264531],[93.19168043,8.19386494],[93.19523621,8.19310832],[93.19947886,8.19389915],[93.19950235,8.19392276],[93.20181084,8.19624424],[93.20346463,8.20188844],[93.20535338,8.21296597],[93.20461845,8.21554124],[93.20197391,8.21816373],[93.19763267,8.22006547],[93.19432414,8.2247678],[93.18249977,8.22830117],[93.17406285,8.23377895],[93.1640625,8.23828125],[93.1640625,8.23856032],[93.15486085,8.24251485],[93.13586974,8.26171875],[93.13558793,8.26171875],[93.13341427,8.26403892],[93.13093364,8.26764751],[93.12647796,8.27606905],[93.12621248,8.27689946],[93.12579358,8.28044951],[93.12663424,8.28414965],[93.13071465,8.29198933],[93.13384032,8.30149841],[93.1325562,8.30415773],[93.13339174,8.30595875],[93.13130236,8.30984914],[93.1313889,8.31016195],[93.13394475,8.31731462],[93.13413,8.31768835],[93.13950503,8.32547343],[93.14044845,8.32773125],[93.14119661,8.33056676],[93.14075065,8.33704233],[93.14293337,8.3411442],[93.1425513,8.34761906],[93.14224684,8.34798706],[93.13243854,8.3482753],[93.13178623,8.34842956],[93.13098216,8.34953988],[93.12872601,8.35227573],[93.12867105,8.35489964],[93.12707043,8.35541844],[93.12552714,8.35528111]],[[93.22805977,8.26171875],[93.22317672,8.25862765],[93.22160494,8.25657654],[93.22003424,8.24888217],[93.21996594,8.24756646],[93.22036755,8.24459183],[93.22132337,8.24187398],[93.22472286,8.2361474],[93.23351252,8.22985065],[93.2344135,8.22419858],[93.23877347,8.22086501],[93.239995,8.22360265],[93.24282145,8.22275031],[93.24884403,8.22377312],[93.25188506,8.22864807],[93.25058424,8.23283148],[93.25171077,8.23338807],[93.24933624,8.23700094],[93.24977946,8.24057186],[93.23877311,8.26171875],[93.23849106,8.26171875],[93.23806453,8.26243043],[93.23508894,8.26540291],[93.23441672,8.26412761],[93.22862375,8.26171875],[93.22805977,8.26171875]],[[93.515625,8.22963154],[93.51316166,8.22794342],[93.50925136,8.22847104],[93.5086863,8.22831082],[93.50614154,8.22620022],[93.50553095,8.22594643],[93.49631441,8.22356463],[93.4949069,8.22290564],[93.49298453,8.22124624],[93.49131584,8.21766675],[93.49242997,8.20883405],[93.49030435,8.20350742],[93.49053335,8.19880021],[93.48125935,8.19231892],[93.47634256,8.18410623],[93.46920466,8.18103445],[93.46014953,8.17920113],[93.45503235,8.1753211],[93.45408034,8.17376101],[93.45402706,8.17341602],[93.45496345,8.16872287],[93.45396864,8.16831994],[93.45377994,8.16568565],[93.45653665,8.15838814],[93.45493507,8.15115738],[93.45560443,8.14580894],[93.45826375,8.14139295],[93.46200156,8.14344907],[93.46462595,8.13934696],[93.45845103,8.13392436],[93.45841455,8.13076711],[93.46003783,8.12734675],[93.45902073,8.12421656],[93.45983315,8.12151158],[93.46144474,8.11843872],[93.46819711,8.11819291],[93.46481574,8.11634791],[93.46369851,8.11449254],[93.46599162,8.11237371],[93.46579695,8.10893524],[93.46663535,8.10622847],[93.46873295,8.10238063],[93.47170103,8.09804821],[93.47759736,8.09112406],[93.47887135,8.09046483],[93.47922325,8.09075606],[93.48105466,8.09642684],[93.48132932,8.09660196],[93.48536277,8.09481454],[93.48943567,8.09155238],[93.48740101,8.08764601],[93.48470664,8.08722055],[93.48348534,8.0859375],[93.48038423,8.0859375],[93.48319948,8.07738912],[93.48428345,8.0700134],[93.48330951,8.06706643],[93.48457122,8.06320131],[93.48386598,8.05593205],[93.48484147,8.05202842],[93.48515916,8.0514667],[93.48572195,8.05107152],[93.48825276,8.05138516],[93.49050391,8.04904413],[93.49301422,8.05143535],[93.49442804,8.05372405],[93.49433446,8.05886245],[93.49425554,8.05956101],[93.49203396,8.06092846],[93.49205196,8.06211936],[93.4961673,8.06599736],[93.49793363,8.06468928],[93.49945283,8.06494284],[93.50266635,8.06904316],[93.50478423,8.06863952],[93.50637615,8.07241702],[93.51248932,8.07358384],[93.51269746,8.07660055],[93.51387274,8.07766521],[93.51316333,8.08080673],[93.51328135,8.08129263],[93.51453042,8.08393645],[93.515625,8.08398426],[93.51965725,8.08144307],[93.52261233,8.08377492],[93.52401912,8.08220208],[93.52418852,8.07862306],[93.52980471,8.07849062],[93.52348113,8.07352722],[93.52479637,8.06706452],[93.52494276,8.06680536],[93.52843297,8.06836414],[93.53014445,8.06625104],[93.52763712,8.06365013],[93.52407145,8.06376123],[93.52393115,8.06349301],[93.52410388,8.0576179],[93.52555251,8.05536437],[93.52549887,8.05313146],[93.52139735,8.05103421],[93.51801944,8.046875],[93.51399612,8.04993415],[93.515625,8.05747771],[93.51407146,8.06030583],[93.51430857,8.06372094],[93.51203156,8.06846654],[93.50848985,8.06389415],[93.50885117,8.05757451],[93.50664794,8.05759346],[93.50328076,8.05536115],[93.50743556,8.05320835],[93.50870121,8.05082834],[93.50559068,8.0403949],[93.50370038,8.04743898],[93.50286865,8.04713738],[93.50136626,8.04091394],[93.49958718,8.03937995],[93.49691367,8.04182315],[93.49296951,8.04308844],[93.49021852,8.04662836],[93.48748636,8.04617262],[93.48573756,8.0450232],[93.48538101,8.04450238],[93.48624134,8.03832757],[93.48527074,8.03470695],[93.48521018,8.02283251],[93.48553181,8.01677108],[93.49234426,7.99962056],[93.49332392,7.99894238],[93.49670815,8.00015104],[93.50069225,7.99735641],[93.50210488,7.99805045],[93.50227272,7.99864066],[93.50128543,8.00009346],[93.50141036,8.00026774],[93.50203264,8.00050306],[93.50504935,7.99846935],[93.50631106,8.00119853],[93.50738192,8.00531936],[93.50716651,8.00791037],[93.50922263,8.00990927],[93.50663066,8.01309395],[93.50687206,8.01452875],[93.50816095,8.01587605],[93.51004756,8.01514363],[93.51201391,8.01655805],[93.51006544,8.0200628],[93.5062505,8.02358484],[93.50817955,8.03325033],[93.50834847,8.03373265],[93.515625,8.03431904],[93.51722312,8.03439987],[93.52013946,8.03713417],[93.52210486,8.03313816],[93.52231395,8.03292537],[93.52410305,8.03186154],[93.52502954,8.03193223],[93.52555227,8.03235996],[93.52865887,8.03796256],[93.52877784,8.03833973],[93.52808762,8.04498267],[93.53061104,8.04852533],[93.53602004,8.04626906],[93.53590167,8.0444839],[93.53927326,8.04205942],[93.5390408,8.03923702],[93.54140055,8.03738844],[93.54966187,8.03548014],[93.54998171,8.03558445],[93.55022061,8.03610265],[93.54972565,8.04189706],[93.54853141,8.04500151],[93.54514074,8.04869723],[93.54884231,8.05040824],[93.54866075,8.05603397],[93.54988277,8.05702746],[93.55106735,8.06347275],[93.55304015,8.06637204],[93.55219436,8.0736407],[93.55045855,8.07636273],[93.55076456,8.08035815],[93.54861367,8.08468175],[93.54858386,8.0859375],[93.54861045,8.0859375],[93.54834724,8.08791852],[93.54593205,8.09068084],[93.54054534,8.09155548],[93.53169465,8.0994699],[93.53218651,8.10451281],[93.52881825,8.11031115],[93.52572656,8.11893284],[93.52378142,8.12247443],[93.52083278,8.12480724],[93.515625,8.13309145],[93.515625,8.13364947],[93.5134176,8.13701951],[93.5128355,8.13759327],[93.50455117,8.14401352],[93.50329256,8.14808214],[93.50326014,8.14846528],[93.50708306,8.14911413],[93.50814855,8.15635645],[93.51069117,8.15625],[93.51192963,8.15787268],[93.5126276,8.16222525],[93.51014972,8.16332102],[93.50971925,8.16432762],[93.50975633,8.16519105],[93.51098025,8.16823077],[93.51407445,8.16964281],[93.515625,8.16964281],[93.51807666,8.17256021],[93.52158582,8.17212176],[93.52899385,8.18103147],[93.53267395,8.18308473],[93.53382444,8.18354702],[93.53420365,8.18345165],[93.53305197,8.18064022],[93.52961731,8.17720628],[93.52667177,8.17658818],[93.52440524,8.17429101],[93.52418125,8.17388535],[93.5242455,8.17197025],[93.52531326,8.17120981],[93.53331411,8.17811132],[93.53502572,8.17980707],[93.53767121,8.18503785],[93.53783834,8.18557525],[93.53819585,8.19062746],[93.53923166,8.19206226],[93.54219627,8.19282687],[93.54451656,8.19609773],[93.54516137,8.19789815],[93.54681802,8.20943666],[93.54547143,8.21289515],[93.54547954,8.22165775],[93.54444325,8.22402155],[93.54358685,8.22517347],[93.53922415,8.22817624],[93.53770947,8.22893345],[93.53068376,8.23139393],[93.53011024,8.23152447],[93.52689111,8.23109365],[93.52641642,8.23120046],[93.52196217,8.23311853],[93.52098906,8.23292994],[93.515625,8.22963154]],[[93.56469631,8.11361563],[93.57050145,8.10594261],[93.57284856,8.10870492],[93.57509685,8.10941255],[93.57382786,8.10783458],[93.5719763,8.10037148],[93.56936753,8.09644735],[93.56926501,8.09543681],[93.56997597,8.09140837],[93.57042313,8.09058213],[93.57124901,8.08992672],[93.57185221,8.08988667],[93.57263815,8.09071875],[93.57567525,8.0859375],[93.57619071,8.0859375],[93.57753897,8.08345735],[93.58109248,8.08044946],[93.57967591,8.07835364],[93.5812788,8.07738447],[93.58149326,8.07680821],[93.58149743,8.07598555],[93.58123386,8.07353997],[93.58100533,8.07291424],[93.58065593,8.07280254],[93.5775578,8.07386804],[93.57415044,8.07256055],[93.57321632,8.07152236],[93.57171333,8.06710601],[93.57171321,8.06627405],[93.57275236,8.06366646],[93.57580936,8.05831611],[93.57619536,8.05792534],[93.57998264,8.05652738],[93.58223832,8.04916751],[93.5838747,8.04964066],[93.58554387,8.04852986],[93.59160626,8.03859377],[93.59190536,8.03819895],[93.59326506,8.03772903],[93.59395194,8.03782845],[93.60101283,8.04392087],[93.60119915,8.04933918],[93.60115194,8.04978454],[93.59945226,8.05090678],[93.59966445,8.05299485],[93.59698963,8.05916464],[93.59541166,8.06182683],[93.59199548,8.06459224],[93.59147191,8.06591976],[93.59076273,8.06916952],[93.59076273,8.07023156],[93.59301615,8.07659173],[93.59058785,8.08305991],[93.59055734,8.0859375],[93.59089935,8.0859375],[93.59058774,8.1013931],[93.58883476,8.10884082],[93.58869624,8.10928643],[93.58016622,8.12481892],[93.57893324,8.12491202],[93.57830036,8.12530851],[93.57266152,8.12408137],[93.56393361,8.12105906],[93.56348097,8.12087655],[93.56170976,8.11952651],[93.56137455,8.11838186],[93.56137407,8.11793923],[93.56225574,8.11532092],[93.56469631,8.11361563]],[[93.54529643,8.0281049],[93.54327178,8.02512646],[93.5488286,8.02008903],[93.54795456,8.01660228],[93.54876566,8.01424551],[93.55051231,8.01340616],[93.54961395,8.01244795],[93.55031538,8.00939286],[93.55235922,8.00717366],[93.55052614,8.00530744],[93.55189121,7.99979401],[93.55107093,7.99629164],[93.54867494,7.99739134],[93.54770935,8.00153613],[93.54299355,8.00635254],[93.54189575,8.0112648],[93.54238653,8.01492751],[93.53676844,8.01834726],[93.53695166,8.02113605],[93.53498173,8.02418125],[93.5329504,8.025141],[93.53011513,8.02351165],[93.52827168,8.01823091],[93.53024435,8.01548505],[93.53078163,8.00599146],[93.52765417,8.00474453],[93.52537644,7.99982834],[93.52365351,7.99916291],[93.52210414,7.99762833],[93.51926494,7.99373472],[93.51837301,7.99316013],[93.51794767,7.99316633],[93.515625,7.99441957],[93.515625,7.99469864],[93.51495612,7.99501336],[93.51478124,7.99720275],[93.51322985,7.99896526],[93.50717807,7.99641645],[93.50508773,7.99380577],[93.50811875,7.98883951],[93.50721514,7.98496056],[93.50736356,7.98448694],[93.515625,7.97907364],[93.515625,7.97879457],[93.51722217,7.97591674],[93.51624775,7.97471941],[93.52051675,7.97137034],[93.52109873,7.97103715],[93.52465534,7.97055936],[93.52439773,7.96856153],[93.53547907,7.96369886],[93.53756714,7.96162295],[93.53788006,7.95842695],[93.53910243,7.95708251],[93.54254866,7.95530581],[93.54545152,7.95160675],[93.55187595,7.94903052],[93.56210685,7.93898344],[93.56248391,7.93732655],[93.56878781,7.93350256],[93.57380486,7.9288125],[93.57540345,7.92933714],[93.57744336,7.92828858],[93.57688928,7.93154776],[93.57930756,7.93339491],[93.57928932,7.93652344],[93.58114636,7.93832052],[93.58119535,7.93883657],[93.58020306,7.9423213],[93.58179486,7.94935656],[93.58179176,7.95100665],[93.58150887,7.95195842],[93.57963622,7.95436037],[93.57963836,7.95469582],[93.58155751,7.95780897],[93.58181345,7.96270955],[93.57969892,7.96406877],[93.57934284,7.96556795],[93.58206093,7.96856308],[93.58275926,7.97039866],[93.58272648,7.97127914],[93.58195615,7.97541845],[93.5798676,7.97691143],[93.57964671,7.97844327],[93.58024442,7.98068178],[93.58295143,7.98311925],[93.58153093,7.98517466],[93.58269942,7.99143708],[93.57679033,7.99939954],[93.57257915,8.00703013],[93.57129872,8.01161671],[93.56660688,8.01562822],[93.56461108,8.02362263],[93.56307328,8.02492118],[93.56106305,8.02346301],[93.55989206,8.02473736],[93.5566076,8.02503514],[93.55439532,8.02647674],[93.54779434,8.02695751],[93.54697764,8.02866006],[93.54602432,8.02843404],[93.54529643,8.0281049]],[[93.46554995,7.92802203],[93.46515203,7.92927885],[93.46235383,7.93429124],[93.45942557,7.9375],[93.43970644,7.95449066],[93.43598807,7.95631576],[93.43277562,7.96493173],[93.43012881,7.96763384],[93.42254925,7.96004665],[93.42082572,7.95929515],[93.41635644,7.95929253],[93.41227055,7.96191478],[93.4102391,7.96778953],[93.40536475,7.97129703],[93.40269518,7.97449386],[93.40217376,7.97662866],[93.40226853,7.97830296],[93.40449286,7.98389971],[93.40303958,7.98997986],[93.40302515,7.99439955],[93.40359044,7.99787104],[93.40579152,8.00351012],[93.40959883,8.00533247],[93.40974581,8.00659525],[93.40773356,8.00906813],[93.40613174,8.01057315],[93.40249991,8.01232827],[93.39801502,8.01754844],[93.38564241,8.02121246],[93.38253164,8.02281535],[93.37945116,8.02478552],[93.37708211,8.02319586],[93.37156045,8.02205145],[93.37084043,8.02154481],[93.36578822,8.01419103],[93.36524546,8.01365316],[93.36111045,8.01035321],[93.35480082,8.00788546],[93.3505789,8.00897062],[93.34956765,8.01356471],[93.34881902,8.01493466],[93.34731936,8.01654696],[93.34672093,8.01608407],[93.34208083,8.01063454],[93.33673155,8.01215041],[93.32671511,8.00240934],[93.32212234,7.99112785],[93.32408285,7.97678995],[93.321437,7.97298646],[93.31704903,7.97048426],[93.31501532,7.96591544],[93.31059051,7.9616214],[93.31234241,7.95002961],[93.31812334,7.94303083],[93.31896853,7.93981504],[93.31891334,7.93649316],[93.31740725,7.9336431],[93.32206142,7.92678535],[93.32254636,7.92655444],[93.33082426,7.92330396],[93.33126974,7.92343175],[93.3327527,7.92523503],[93.33061492,7.92856765],[93.33394158,7.93556464],[93.33768666,7.93605483],[93.34294736,7.93171525],[93.34776735,7.93545043],[93.34845173,7.93935168],[93.34656525,7.94044375],[93.34330535,7.93874395],[93.34319103,7.93945456],[93.34978366,7.94508135],[93.35074425,7.94486284],[93.35098851,7.94308686],[93.35437465,7.94100237],[93.35772026,7.9418298],[93.35231912,7.93555915],[93.34493196,7.93068147],[93.34479916,7.92825973],[93.3460021,7.92721784],[93.35104024,7.93189645],[93.35160315,7.93105304],[93.34472811,7.92240226],[93.34261215,7.91789055],[93.34513772,7.91474927],[93.34660447,7.91015625],[93.34702134,7.91015625],[93.34651387,7.90736663],[93.34381616,7.90652192],[93.34448767,7.90170622],[93.34899175,7.89885604],[93.35016906,7.89346552],[93.35235417,7.89142215],[93.35556781,7.88930094],[93.36450791,7.88651645],[93.36741805,7.88596487],[93.37068176,7.88648355],[93.37216926,7.883726],[93.37248647,7.88356543],[93.37709343,7.88165545],[93.37752855,7.88173592],[93.38004208,7.88226366],[93.38193858,7.88531935],[93.3867017,7.88727057],[93.38867796,7.88877177],[93.39215732,7.89232886],[93.39241004,7.89269006],[93.39462042,7.89829981],[93.39754665,7.90203524],[93.40506673,7.90339422],[93.40805078,7.90223742],[93.41448462,7.90610194],[93.41508257,7.9063071],[93.42064345,7.90729344],[93.42262101,7.90717661],[93.42879784,7.90545034],[93.43955946,7.89997292],[93.44120586,7.89893508],[93.44318163,7.89697647],[93.44691515,7.89215147],[93.4482944,7.88824046],[93.45113456,7.88490427],[93.45153701,7.88407516],[93.45123732,7.88151073],[93.4531672,7.87541926],[93.46164024,7.87218034],[93.46448755,7.87446415],[93.46675766,7.87911165],[93.47047555,7.88287628],[93.4724189,7.89000225],[93.47483861,7.89259315],[93.46805573,7.91015625],[93.46773577,7.91015625],[93.46567345,7.91544497],[93.46555614,7.91592836],[93.46629763,7.92353666],[93.46554995,7.92802203]],[[93.34187198,7.90601504],[93.34161913,7.90635121],[93.34079564,7.90575957],[93.34070778,7.90504158],[93.34241712,7.90437377],[93.34260416,7.90468776],[93.34187198,7.90601504]],[[93.34019208,7.91015625],[93.33962774,7.91114855],[93.33878887,7.91015625],[93.33880818,7.90919161],[93.33937764,7.90865016],[93.33987784,7.90865016],[93.34046125,7.90973282],[93.34019208,7.91015625]],[[93.54013157,7.51381207],[93.54248166,7.51005626],[93.54774845,7.51197684],[93.54998183,7.51629066],[93.54964376,7.51839137],[93.54916644,7.51906264],[93.54579914,7.5225805],[93.54332805,7.52511156],[93.54058063,7.52392173],[93.53978205,7.51941764],[93.54160178,7.51779044],[93.54013157,7.51381207]],[[93.63025951,7.47806215],[93.633008,7.4755944],[93.63383758,7.47579634],[93.63429415,7.47623706],[93.63429415,7.47808874],[93.6322031,7.47991073],[93.63051546,7.47991073],[93.63025951,7.47806215]],[[93.64734638,7.47687137],[93.64406061,7.47420776],[93.64407921,7.47105765],[93.64426124,7.47075713],[93.65189981,7.47033894],[93.65256417,7.47078514],[93.65259373,7.47363281],[93.64986181,7.47625351],[93.64767444,7.47676885],[93.64734638,7.47687137]],[[93.71099806,7.44504857],[93.70834255,7.44342041],[93.70571613,7.44466197],[93.70482445,7.44339681],[93.70499957,7.44055593],[93.70680511,7.43744886],[93.70659947,7.42690217],[93.70929611,7.4236927],[93.70898962,7.41752255],[93.70611358,7.41169834],[93.70680964,7.40940046],[93.70572042,7.40462816],[93.70310557,7.40208876],[93.70372331,7.4010576],[93.70804536,7.39999712],[93.70928907,7.39704096],[93.71344805,7.39622402],[93.71449697,7.39459836],[93.71433055,7.39315855],[93.71405435,7.39292443],[93.70961344,7.39256084],[93.7072705,7.39385498],[93.70045996,7.39256644],[93.69890702,7.39398634],[93.69376123,7.38975465],[93.69154155,7.39011288],[93.68414617,7.38738096],[93.68152487,7.38400102],[93.68156254,7.3828125],[93.68005216,7.37649822],[93.67446232,7.37334025],[93.67158163,7.37363684],[93.66570795,7.38084531],[93.66373861,7.38105845],[93.66208375,7.38084531],[93.65628254,7.37356985],[93.64987934,7.36876464],[93.64738774,7.36917257],[93.64069533,7.37355053],[93.63950098,7.37379873],[93.6351968,7.37315297],[93.63413966,7.37272847],[93.63237393,7.37039626],[93.63101065,7.36127043],[93.63101065,7.36060298],[93.63181186,7.35148835],[93.63339675,7.34762561],[93.63213694,7.33713377],[93.63647413,7.33178425],[93.63596976,7.32128894],[93.62971056,7.31428385],[93.62941432,7.31405926],[93.62533653,7.31176555],[93.62231207,7.31149924],[93.62193525,7.31119907],[93.62114692,7.30907953],[93.62115097,7.30837464],[93.62223673,7.30627501],[93.62629676,7.30580354],[93.6286602,7.30303001],[93.63422525,7.28613651],[93.63395607,7.28324962],[93.63114071,7.27888536],[93.63373494,7.27699184],[93.63385165,7.27500892],[93.62947476,7.26966655],[93.62897885,7.26581013],[93.62938118,7.26476657],[93.63013256,7.26364088],[93.63245141,7.26334727],[93.63649285,7.25966573],[93.63848186,7.2563225],[93.63805115,7.25293195],[93.64484966,7.24501896],[93.6482352,7.24261045],[93.64867115,7.24270725],[93.65328813,7.24482775],[93.65364957,7.24512052],[93.66056955,7.25295603],[93.66887653,7.25767505],[93.67130256,7.26831496],[93.67365766,7.27106571],[93.67512345,7.27559733],[93.67750895,7.27759242],[93.67698562,7.28093302],[93.67943025,7.28484762],[93.68333936,7.28617597],[93.68670034,7.29069686],[93.6982969,7.29355621],[93.70527816,7.29916024],[93.70724893,7.30411744],[93.71355295,7.30527484],[93.71545315,7.30677295],[93.71846163,7.30501235],[93.72484517,7.30987954],[93.72912383,7.32103205],[93.73272777,7.32332015],[93.73437035,7.32630396],[93.73746395,7.33886886],[93.74262226,7.34753776],[93.74881017,7.35226023],[93.74773955,7.35477078],[93.74884617,7.35676324],[93.75553036,7.35992563],[93.75502896,7.36305654],[93.75715697,7.36714554],[93.75637495,7.37430251],[93.75430298,7.37661815],[93.75157344,7.37678194],[93.74808216,7.38194537],[93.74421632,7.38287675],[93.74104917,7.3847928],[93.72973847,7.39394951],[93.72574675,7.39601946],[93.72133064,7.40213156],[93.72100925,7.41698086],[93.72209215,7.42084241],[93.72039366,7.42281425],[93.71987045,7.43032682],[93.71605706,7.43387258],[93.71325266,7.44381905],[93.71312726,7.44421375],[93.71099806,7.44504857]],[[93.76594663,7.39414501],[93.77021945,7.39386225],[93.77095425,7.39417756],[93.77182984,7.39508283],[93.77227056,7.39839745],[93.767609,7.40382695],[93.76719177,7.40410256],[93.7625643,7.39859271],[93.76258135,7.39708161],[93.76533973,7.39435971],[93.76594663,7.39414501]],[[93.84471536,7.28608763],[93.8457334,7.28577065],[93.84621394,7.28619182],[93.84839773,7.29005837],[93.84421766,7.28815818],[93.84471536,7.28608763]],[[93.84735751,7.24361718],[93.84568822,7.24026716],[93.84331286,7.23972797],[93.83676314,7.24177825],[93.83633745,7.24100924],[93.83816791,7.23846495],[93.83620751,7.23935282],[93.83112657,7.23616433],[93.82636607,7.2378453],[93.81640971,7.23507011],[93.81591296,7.23255718],[93.81058514,7.23138917],[93.80666435,7.23289895],[93.80537701,7.22778344],[93.80890822,7.2286607],[93.80898595,7.22328198],[93.81032884,7.21976674],[93.80925548,7.21888876],[93.80632317,7.21931112],[93.80675173,7.21684206],[93.80795026,7.21484756],[93.81164861,7.21406305],[93.80743587,7.21029091],[93.80413234,7.21242762],[93.80325735,7.21176124],[93.80277622,7.21117795],[93.8027848,7.20912671],[93.80446875,7.20703125],[93.80451894,7.20703125],[93.80282593,7.20156753],[93.80152476,7.20301616],[93.80182302,7.20541453],[93.79910553,7.20660293],[93.79917943,7.20703125],[93.79884374,7.20703125],[93.79697657,7.2094419],[93.79449081,7.21009815],[93.79309344,7.21264291],[93.78758752,7.21090913],[93.7846837,7.21329296],[93.77723837,7.21187532],[93.77768123,7.20967376],[93.77745307,7.20889795],[93.7761991,7.20761526],[93.77521872,7.20703125],[93.77015615,7.20703125],[93.76470804,7.20963705],[93.76430953,7.21101427],[93.76603997,7.21424484],[93.76349902,7.21353054],[93.76083756,7.2145133],[93.75420082,7.21067655],[93.75187504,7.20703125],[93.75168598,7.20703125],[93.75428867,7.20392942],[93.754444,7.20357215],[93.75430965,7.20253622],[93.75375521,7.20224881],[93.75057244,7.20295513],[93.74614346,7.20030892],[93.73666644,7.18949938],[93.73345196,7.18726921],[93.73282695,7.18712986],[93.72930741,7.18742085],[93.72541904,7.18585527],[93.71918666,7.18768644],[93.71842706,7.19008136],[93.7128911,7.19217122],[93.70693755,7.19169986],[93.70145524,7.18859887],[93.69373024,7.19020224],[93.69219124,7.19164503],[93.68607664,7.1899091],[93.68349278,7.18308294],[93.68145788,7.18249631],[93.67298961,7.17556918],[93.67573225,7.17225385],[93.67447913,7.16020274],[93.67774642,7.15683961],[93.67854404,7.15395927],[93.67669594,7.14162242],[93.67269516,7.13762963],[93.66927111,7.13938904],[93.66739714,7.13905096],[93.667068,7.13464832],[93.66535056,7.13152683],[93.66358471,7.12974334],[93.65791976,7.12915528],[93.65564847,7.1252284],[93.65613616,7.11509764],[93.65826297,7.11190641],[93.66280925,7.11162114],[93.66749835,7.11743534],[93.67262924,7.11491931],[93.67461097,7.11224234],[93.67409074,7.11002684],[93.66799796,7.10603905],[93.66601121,7.10357785],[93.65923822,7.10227215],[93.65734625,7.09931517],[93.65743113,7.09451747],[93.65872288,7.09106195],[93.66035295,7.08970416],[93.66052496,7.08603573],[93.66239035,7.08517575],[93.66610372,7.08671117],[93.66640115,7.0865761],[93.66959441,7.08386016],[93.66985035,7.08276963],[93.67011428,7.08156145],[93.66950083,7.07957733],[93.66889167,7.07872081],[93.66379917,7.07365501],[93.66208816,7.06933415],[93.66291416,7.06695366],[93.66797614,7.06710565],[93.66830385,7.06583607],[93.66717041,7.06012285],[93.66763067,7.05428958],[93.66451216,7.04834116],[93.66437745,7.0475831],[93.66473472,7.04402137],[93.6651597,7.04215491],[93.66667616,7.04048645],[93.67060936,7.03903413],[93.67299914,7.03669083],[93.67292404,7.03352857],[93.67273664,7.03315663],[93.67147171,7.03183401],[93.66990781,7.03125],[93.66912925,7.02928245],[93.66966558,7.02746904],[93.67416692,7.0236088],[93.67409575,7.02255857],[93.67364252,7.02144003],[93.67008877,7.01971865],[93.66944754,7.01230311],[93.66381598,7.01051581],[93.66353202,7.01011336],[93.66272604,7.00740135],[93.66299593,7.00656021],[93.66450298,7.00446236],[93.66695702,7.00306904],[93.67332685,7.00332963],[93.67468548,7.00497055],[93.67713225,7.01568675],[93.68118024,7.01754594],[93.68670952,7.0179466],[93.69460225,7.01465452],[93.70090961,7.00944352],[93.70623755,6.99987984],[93.70593667,6.99703276],[93.70348716,6.99407816],[93.70477271,6.99041402],[93.70847964,6.99005568],[93.71160042,6.99259961],[93.71619058,6.99352026],[93.72271907,6.99185693],[93.72929835,6.98465145],[93.73367083,6.97726226],[93.73139608,6.96937728],[93.73216653,6.96735895],[93.73511863,6.96567476],[93.73515797,6.95989752],[93.73830307,6.95963645],[93.74262881,6.96337914],[93.74529338,6.96166015],[93.74846613,6.95625186],[93.74640214,6.95182705],[93.74965465,6.94849241],[93.75079715,6.94484043],[93.74933755,6.94169176],[93.75135422,6.94005644],[93.75208247,6.93722653],[93.75124454,6.92946994],[93.74889624,6.92835343],[93.74313128,6.92891765],[93.74182355,6.92785513],[93.74188066,6.92480266],[93.74670255,6.91809392],[93.74910331,6.91048563],[93.75233352,6.90743053],[93.75414646,6.9070574],[93.75643623,6.90909171],[93.75796175,6.9131242],[93.76208413,6.91605544],[93.76377022,6.91653383],[93.76570725,6.91503894],[93.7662698,6.91144335],[93.76543903,6.90921712],[93.76315856,6.90783572],[93.76508021,6.90405595],[93.76780844,6.90197015],[93.76696968,6.89885545],[93.76804125,6.89524651],[93.76881981,6.89485896],[93.77086496,6.89710224],[93.77166033,6.89374983],[93.77620804,6.89091873],[93.77935398,6.89136815],[93.78063953,6.89026034],[93.78052115,6.88870025],[93.77728617,6.88468695],[93.78026664,6.88358545],[93.77921033,6.88078511],[93.77169144,6.87652493],[93.77549624,6.86984885],[93.77332461,6.86649871],[93.77337444,6.86517715],[93.77352452,6.86482656],[93.77929962,6.85723495],[93.78091276,6.85546875],[93.78147483,6.85546875],[93.78243613,6.85467863],[93.78597105,6.85546875],[93.78597105,6.85560823],[93.78791034,6.85706842],[93.78847218,6.85688245],[93.78990555,6.85546875],[93.79018664,6.85546875],[93.79086125,6.85274935],[93.79393244,6.85102165],[93.79421973,6.85057485],[93.7943536,6.84923744],[93.79350388,6.8474915],[93.79133081,6.84482622],[93.78780401,6.84230936],[93.78575444,6.83536947],[93.78665054,6.83069515],[93.79490507,6.82385135],[93.79610002,6.81874275],[93.80353296,6.81225455],[93.80634832,6.81253195],[93.81054473,6.81806576],[93.81331873,6.81802344],[93.81395745,6.81776917],[93.81527364,6.81624281],[93.81542087,6.81546128],[93.81559145,6.81127501],[93.81311941,6.80757272],[93.80847013,6.80670297],[93.80829585,6.80599844],[93.80922616,6.80291915],[93.80769396,6.79813135],[93.80789006,6.79732537],[93.80836976,6.79661214],[93.81144726,6.79485261],[93.81177926,6.793347],[93.80873776,6.78987634],[93.80760944,6.78388774],[93.81220424,6.78067863],[93.81286991,6.77936077],[93.81280375,6.77889645],[93.81133926,6.77679884],[93.80567026,6.77268577],[93.80401075,6.76896298],[93.80472887,6.76524174],[93.80485535,6.76490617],[93.80661654,6.76274574],[93.80971622,6.76214266],[93.81080437,6.75995004],[93.82041132,6.75579226],[93.82629597,6.75421464],[93.82890034,6.75426972],[93.83063541,6.7554251],[93.8375,6.75444445],[93.83494997,6.75553715],[93.83922195,6.77036083],[93.84725344,6.77912021],[93.84685385,6.78645396],[93.84894943,6.79040396],[93.84616673,6.80009484],[93.84877157,6.80833554],[93.85151148,6.81314123],[93.85073924,6.81569195],[93.85094738,6.81594765],[93.85291111,6.81637275],[93.85498083,6.81537485],[93.8671875,6.81501114],[93.86822605,6.81499481],[93.86975515,6.81207192],[93.87764025,6.8037467],[93.87890553,6.80139196],[93.87959313,6.7950958],[93.88029587,6.79338574],[93.88071728,6.79327011],[93.88190854,6.79302263],[93.88286138,6.79311645],[93.8827877,6.79459393],[93.88301206,6.79474711],[93.88739145,6.79673088],[93.88920855,6.80377555],[93.89399445,6.8036015],[93.89630902,6.80450463],[93.89787233,6.80661237],[93.90200102,6.81271446],[93.90178442,6.82019162],[93.90874934,6.82854426],[93.91017628,6.8357681],[93.90754581,6.83924794],[93.90523505,6.84039497],[93.90109396,6.84043121],[93.89610672,6.84169042],[93.89574933,6.84212852],[93.89379191,6.84655905],[93.89339697,6.8492583],[93.89339662,6.85023642],[93.89472795,6.85546875],[93.89444685,6.85546875],[93.89307141,6.86534905],[93.89335978,6.86611724],[93.89439595,6.86748993],[93.9007138,6.87112594],[93.90167856,6.87281442],[93.90166044,6.88110113],[93.90009165,6.88303053],[93.90015244,6.88601816],[93.89756775,6.88851154],[93.89658058,6.89118254],[93.89698458,6.89321911],[93.89970863,6.89477885],[93.90030766,6.89665663],[93.89733231,6.90213442],[93.90213716,6.9073956],[93.90918612,6.90504515],[93.91263401,6.90711915],[93.91327882,6.90997207],[93.9164505,6.91252303],[93.91577435,6.91712916],[93.91059494,6.92250061],[93.90913415,6.92728853],[93.91115713,6.93193615],[93.91742945,6.93293655],[93.91729641,6.94342077],[93.91826844,6.94688535],[93.91843557,6.94713247],[93.92752075,6.95492434],[93.94002104,6.95010734],[93.94330013,6.95109522],[93.94562328,6.95484495],[93.94432056,6.95936835],[93.93550706,6.96288705],[93.93313885,6.9701457],[93.92837155,6.97390234],[93.92797387,6.97833025],[93.92920053,6.98318326],[93.92785883,6.98613656],[93.91886795,6.99304307],[93.91566432,6.99330354],[93.91386783,6.99627733],[93.91386795,6.99983156],[93.91584194,7.00403225],[93.91926754,7.00745332],[93.92478025,7.01077294],[93.92649674,7.01107836],[93.92722845,7.01098037],[93.93005848,7.00945461],[93.93382895,7.00068772],[93.93913555,6.99771607],[93.94127572,6.99418652],[93.94266355,6.99289894],[93.94402552,6.99258065],[93.94458234,6.99295771],[93.9478718,6.99793875],[93.94781196,7.00236833],[93.94629908,7.00801134],[93.94578052,7.00903225],[93.94517493,7.00957417],[93.93984425,7.01054835],[93.93944466,7.01074886],[93.93663931,7.01324451],[93.93494511,7.01632166],[93.93489444,7.01965463],[93.92858136,7.02689827],[93.92810953,7.02721214],[93.92692232,7.02716124],[93.92069066,7.02346611],[93.91802478,7.02358615],[93.91746295,7.02395833],[93.91611695,7.02516282],[93.91573203,7.02687633],[93.91664791,7.03125],[93.91664791,7.03166854],[93.91413665,7.03391147],[93.91404724,7.03715754],[93.91222596,7.03940463],[93.91223085,7.04007125],[93.91244745,7.04117274],[93.91649795,7.04437184],[93.91668105,7.04761291],[93.91171324,7.05271971],[93.91097105,7.05600405],[93.90851796,7.05975795],[93.90576375,7.06184006],[93.90656066,7.06912518],[93.90591347,7.07044363],[93.90156746,7.07754576],[93.89849961,7.07893205],[93.89339507,7.07898784],[93.8923105,7.07948661],[93.89068603,7.08066893],[93.88807774,7.08593154],[93.88785481,7.08665311],[93.88767087,7.09612298],[93.88578713,7.09950614],[93.88546026,7.10502684],[93.88859415,7.11010206],[93.88883555,7.11445045],[93.89020264,7.11588693],[93.89129221,7.1214174],[93.88974547,7.12380064],[93.88570893,7.12569404],[93.88411474,7.13152182],[93.88678432,7.13951814],[93.88658535,7.14593494],[93.88788247,7.1502794],[93.88404691,7.16150665],[93.88505328,7.16607654],[93.88158071,7.16864812],[93.87979496,7.17278588],[93.8834151,7.18284798],[93.88345814,7.18875515],[93.87986243,7.19321895],[93.88202906,7.19780636],[93.88247526,7.20356691],[93.87770724,7.20342851],[93.87720835,7.20372498],[93.87618017,7.20703125],[93.87590623,7.20703125],[93.87451565,7.21026921],[93.87159765,7.21262085],[93.87025142,7.21582043],[93.86884677,7.21709454],[93.8671875,7.21735477],[93.86335874,7.21659684],[93.85906947,7.21722984],[93.85780191,7.21495402],[93.85411966,7.21369982],[93.85099173,7.21421278],[93.84614432,7.21803164],[93.84240723,7.22852147],[93.84816182,7.23308921],[93.84828305,7.23337924],[93.84757161,7.23591185],[93.84815443,7.24009895],[93.84826696,7.24126291],[93.84735751,7.24361718]],[[93.78861797,6.85261035],[93.78772676,6.85270464],[93.78718412,6.85222185],[93.78427386,6.84909916],[93.78444922,6.84878135],[93.78703237,6.8479923],[93.78751492,6.84810472],[93.79038274,6.85052836],[93.79021656,6.85192406],[93.78984284,6.85219645],[93.78861797,6.85261035]],[[93.72153664,7.21309638],[93.71362495,7.22195876],[93.71356285,7.22480166],[93.71081245,7.22977126],[93.70954072,7.23105025],[93.70898497,7.23084354],[93.70636463,7.22652543],[93.70822442,7.22347045],[93.70856237,7.22000563],[93.71114254,7.21693051],[93.71132338,7.21641445],[93.71169734,7.20942044],[93.71242452,7.20803142],[93.71334374,7.20703125],[93.71503115,7.20703125],[93.71503115,7.20717072],[93.71525621,7.20730102],[93.71542501,7.20728242],[93.71553755,7.20720792],[93.71559358,7.20703125],[93.71976435,7.20656467],[93.71981251,7.20703125],[93.71977592,7.21073163],[93.72153664,7.21309638]],[[93.69211245,7.40836775],[93.68901491,7.40990758],[93.68333077,7.40641963],[93.68308425,7.40596175],[93.68358767,7.40250921],[93.68440473,7.40025342],[93.68725586,7.39735353],[93.68967676,7.39683688],[93.69123817,7.39695227],[93.69499803,7.39930665],[93.69143736,7.40421545],[93.69211245,7.40836775]],[[93.62718451,8.43094015],[93.62783182,8.4375],[93.62763965,8.4375],[93.626266,8.43967354],[93.62742984,8.44136202],[93.62484825,8.44403505],[93.62291396,8.44874275],[93.62522721,8.45579445],[93.62529123,8.46120596],[93.62676787,8.46682346],[93.62947071,8.46938777],[93.63347244,8.47061145],[93.63568294,8.46978831],[93.63720345,8.4683758],[93.63873148,8.46531486],[93.63969731,8.46487773],[93.64112616,8.46459878],[93.64141464,8.46471882],[93.64251697,8.4674263],[93.64244413,8.46851182],[93.64055598,8.47712195],[93.6387521,8.48010838],[93.63934076,8.48319507],[93.63784766,8.48778057],[93.63701785,8.49705005],[93.63177705,8.50573206],[93.63351655,8.50846148],[93.63735557,8.51048636],[93.63690305,8.51307833],[93.63342857,8.51777625],[93.63388062,8.51997292],[93.63603055,8.52215886],[93.63512635,8.52391374],[93.6322664,8.52405596],[93.63093448,8.52576435],[93.62693417,8.52681565],[93.62580574,8.52737355],[93.62375295,8.52922475],[93.62218904,8.53139877],[93.62212121,8.53167331],[93.62321198,8.53343236],[93.62217271,8.53475475],[93.62143445,8.54106736],[93.61965132,8.54252672],[93.61997914,8.54478216],[93.61865532,8.54567921],[93.62043261,8.54807282],[93.61837697,8.55184782],[93.62062395,8.55717015],[93.62038493,8.56413734],[93.62024713,8.56475854],[93.61955786,8.56653786],[93.61776722,8.56783354],[93.61778307,8.57175398],[93.61273253,8.57584381],[93.61340725,8.57346451],[93.61121035,8.57147145],[93.61446273,8.56460822],[93.61257136,8.56161404],[93.61045575,8.56054115],[93.61176968,8.55903065],[93.60965514,8.55252266],[93.61150444,8.54654431],[93.61022425,8.54424024],[93.61356783,8.53784466],[93.61688328,8.53524506],[93.61741221,8.53367114],[93.61638522,8.5329318],[93.61855292,8.53053784],[93.61823714,8.52915192],[93.61924446,8.52835071],[93.61840165,8.52776432],[93.62135077,8.52724826],[93.62224495,8.52504694],[93.62223566,8.52308905],[93.6205523,8.52056706],[93.62285245,8.51934707],[93.62480974,8.51515722],[93.62484837,8.50369954],[93.62561834,8.50276566],[93.62434697,8.49698496],[93.62549675,8.49225426],[93.62812507,8.48773241],[93.62470663,8.48250163],[93.62009835,8.48181021],[93.61842656,8.47999024],[93.62033021,8.47580504],[93.61877573,8.47350061],[93.62194824,8.47307098],[93.62269533,8.47196341],[93.62253976,8.47086954],[93.62049246,8.46984994],[93.62280524,8.46107864],[93.62048411,8.45932138],[93.61898041,8.45641804],[93.61555517,8.45633554],[93.62038136,8.4523983],[93.62050891,8.45181775],[93.62002146,8.44628894],[93.61693966,8.44318485],[93.62049294,8.43992984],[93.62058592,8.4375],[93.62050176,8.4375],[93.61648393,8.43427396],[93.61947155,8.43156588],[93.62159896,8.42703676],[93.62152982,8.42287314],[93.62280965,8.42167854],[93.62718451,8.43094015]],[[93.61339963,8.48599243],[93.61208713,8.48635638],[93.61117315,8.48574007],[93.61074674,8.48505521],[93.61131895,8.48449266],[93.61251295,8.48454833],[93.61338031,8.48499417],[93.61352813,8.48569942],[93.61339963,8.48599243]],[[93.6091696,8.58167934],[93.60897553,8.58203065],[93.60688114,8.58120406],[93.60803056,8.57805562],[93.6083467,8.57823074],[93.60914171,8.57926846],[93.6091696,8.58167934]]]]},"geometry_name":"the_geom","properties":{"mrgid":49060,"geoname":"Indian 12 NM (Andaman and Nicobar Islands)","pol_type":"12NM","mrgid_ter1":8605,"territory1":"Andaman and Nicobar","mrgid_sov1":2128,"sovereign1":"India","iso_ter1":null,"x_1":92.99987,"y_1":10.41828,"mrgid_eez":8333,"area_km2":59057,"iso_sov1":"IND","un_sov1":356,"un_ter1":null}},{"type":"Feature","id":"eez_12nm.162","geometry":{"type":"MultiPolygon","coordinates":[[[[72.19765031,12.40547045],[72.20463014,12.39981957],[72.21161003,12.39416864],[72.21858987,12.38851775],[72.2255692,12.38286727],[72.23255091,12.37721487],[72.23952871,12.37156564],[72.24650975,12.36591378],[72.25348815,12.36026406],[72.26046755,12.35461354],[72.26744749,12.34896257],[72.27442709,12.34331188],[72.28140716,12.33766082],[72.28838644,12.33201039],[72.29536779,12.3263583],[72.2990623,12.32331178],[72.3023461,12.32070866],[72.30309685,12.32009789],[72.306493,12.3172593],[72.30932586,12.31505785],[72.31630522,12.30940736],[72.32328534,12.30375626],[72.33026445,12.29810598],[72.33724308,12.29245609],[72.34422397,12.28680437],[72.35120408,12.28115328],[72.35818335,12.27550287],[72.36516268,12.26985242],[72.3721428,12.26420133],[72.3791213,12.25855155],[72.38610238,12.25289968],[72.39308241,12.24724867],[72.40006121,12.24159865],[72.40704045,12.23594827],[72.4140206,12.23029717],[72.42100066,12.22464613],[72.42798093,12.21899492],[72.43495937,12.2133452],[72.44193987,12.20769381],[72.44891999,12.20204273],[72.45590041,12.19639141],[72.46287965,12.19074105],[72.46985757,12.18509175],[72.4768375,12.17944083],[72.48381799,12.17378945],[72.49079827,12.16813825],[72.49777745,12.16248794],[72.50475747,12.15683695],[72.51173739,12.15118604],[72.51871606,12.14553615],[72.52569602,12.13988521],[72.53267577,12.13423444],[72.5396567,12.12858272],[72.54663596,12.12293235],[72.55361466,12.11728244],[72.5605953,12.11163095],[72.56757525,12.10598003],[72.56761402,12.10594864],[72.57455536,12.10032898],[72.58153616,12.09467737],[72.58851475,12.08902755],[72.59549373,12.08337742],[72.60247409,12.07772617],[72.60945372,12.07207551],[72.61643582,12.06642286],[72.62341428,12.06077315],[72.63039321,12.05512306],[72.6373729,12.04947236],[72.6443521,12.04382205],[72.65133374,12.03816978],[72.65831197,12.03252026],[72.66529045,12.02687054],[72.67227161,12.02121866],[72.67925342,12.01556625],[72.68623035,12.00991778],[72.69321211,12.00426542],[72.70019131,11.99861512],[72.70717139,11.99296411],[72.71415026,11.98731408],[72.72112986,11.98166347],[72.72810975,11.97601262],[72.73508942,11.97036195],[72.74207096,11.96470977],[72.74904905,11.95906038],[72.75603,11.95340867],[72.76301054,11.94775731],[72.76998912,11.94210753],[72.77696995,11.93645593],[72.78394927,11.93080554],[72.79092776,11.92515584],[72.79790853,11.91950428],[72.80488757,11.91385414],[72.81186836,11.90820257],[72.81884817,11.9025518],[72.82582869,11.89690046],[72.83280748,11.89125052],[72.83978771,11.88559941],[72.84676793,11.87994831],[72.85374823,11.87429715],[72.86072704,11.8686472],[72.86770711,11.86299622],[72.87468797,11.85734461],[72.88166685,11.85169461],[72.88864692,11.84604364],[72.89562733,11.84039239],[72.90260642,11.83474222],[72.90958592,11.82909171],[72.91656619,11.82344058],[72.92354641,11.8177895],[72.93052681,11.81213827],[72.93750559,11.80648835],[72.9444856,11.80083743],[72.95146455,11.79518738],[72.95844583,11.78953545],[72.96542537,11.78388492],[72.97240485,11.77823444],[72.9793862,11.77258245],[72.98636554,11.76693208],[72.99334494,11.76128167],[73.00032493,11.75563079],[73.0073045,11.74998024],[73.01428495,11.74432898],[73.02126568,11.7386775],[73.02824488,11.73302725],[73.03522396,11.72737711],[73.04220488,11.72172547],[73.04918576,11.71607388],[73.05616468,11.71042386],[73.06314404,11.7047735],[73.07012307,11.69912339],[73.07710408,11.6934717],[73.08408431,11.68782063],[73.0910633,11.68217056],[73.09804379,11.67651929],[73.10502344,11.6708687],[73.10582987,11.67021582],[73.10958417,11.66796844],[73.1133359,11.66561058],[73.11703448,11.66317257],[73.12067815,11.66065556],[73.12426519,11.65806075],[73.12779389,11.65538939],[73.13126255,11.65264274],[73.1329638,11.65126554],[73.13480224,11.64970709],[73.13840595,11.64657792],[73.14018908,11.6449924],[73.14201193,11.64333275],[73.14319629,11.64223705],[73.14554714,11.64002717],[73.14786195,11.63778064],[73.15014013,11.63549803],[73.1523811,11.63317993],[73.15458429,11.63082691],[73.15674915,11.62843958],[73.15887513,11.62601855],[73.15991048,11.62482066],[73.16104452,11.62346365],[73.16200645,11.62229182],[73.16665527,11.61776207],[73.1730622,11.61151923],[73.17946493,11.60528049],[73.18587008,11.59903939],[73.19227533,11.59279818],[73.19867857,11.58655895],[73.20508444,11.58031715],[73.21148984,11.57407582],[73.21789351,11.56783617],[73.22429841,11.56159532],[73.23070285,11.55535492],[73.23710767,11.54911416],[73.24351162,11.54287424],[73.24991599,11.53663392],[73.25632259,11.53039142],[73.26272595,11.52415209],[73.2691302,11.5179119],[73.27553598,11.5116702],[73.28194026,11.50542998],[73.2883449,11.4991894],[73.29474965,11.49294871],[73.3011545,11.48670794],[73.3075591,11.48046741],[73.31396456,11.47422604],[73.32036901,11.46798566],[73.32677292,11.46174581],[73.33317907,11.45550377],[73.33958198,11.4492649],[73.34598803,11.44302296],[73.35239268,11.43678239],[73.35879681,11.43054234],[73.36520177,11.42430147],[73.37160704,11.41806031],[73.37801146,11.41181997],[73.38441592,11.4055796],[73.39081994,11.39933965],[73.39722412,11.39309956],[73.40362991,11.38685789],[73.41003463,11.38061727],[73.4164399,11.37437612],[73.42284455,11.36813557],[73.4292498,11.36189444],[73.43565458,11.35565377],[73.44205878,11.34941367],[73.44846366,11.3431729],[73.45486768,11.33693298],[73.46127314,11.33069165],[73.46767822,11.32445069],[73.4740824,11.31821062],[73.48048774,11.31196941],[73.48689238,11.3057289],[73.49329757,11.29948784],[73.49970197,11.29324755],[73.50610556,11.28700807],[73.51251152,11.28076626],[73.51891705,11.27452489],[73.52532112,11.26828493],[73.53172556,11.26204462],[73.53813123,11.25580311],[73.54453535,11.24956311],[73.55093959,11.243323],[73.55734517,11.23708158],[73.56375117,11.23083976],[73.57015532,11.22459974],[73.57656033,11.21835888],[73.58296512,11.21211824],[73.58937032,11.20587721],[73.59577399,11.19963766],[73.60217904,11.19339677],[73.60858349,11.18715647],[73.61498889,11.18091524],[73.62139324,11.17467504],[73.6277989,11.16843357],[73.63420321,11.16219341],[73.64060738,11.15595339],[73.64701349,11.14971148],[73.65341779,11.14347134],[73.65982297,11.13723035],[73.666228,11.13098949],[73.67263217,11.12474948],[73.67903765,11.11850819],[73.68544144,11.11226856],[73.69184666,11.10602753],[73.69825116,11.09978721],[73.70465705,11.09354553],[73.71106089,11.08730585],[73.71746664,11.0810643],[73.72387185,11.0748233],[73.73027608,11.06858324],[73.73668141,11.06234212],[73.74308569,11.05610202],[73.74949003,11.04986186],[73.75589584,11.04362028],[73.76230107,11.03737926],[73.76870646,11.03113809],[73.77511068,11.02489805],[73.78151507,11.01865787],[73.78792048,11.01241668],[73.79432582,11.00617556],[73.80073006,10.99993551],[73.80713562,10.99369418],[73.81354081,10.98745322],[73.8199451,10.98121313],[73.82243531,10.97878677],[73.82442253,10.97734586],[73.82794297,10.97467446],[73.83140353,10.97192778],[73.83310188,10.97054967],[73.83480255,10.96910712],[73.83813844,10.96621383],[73.84140958,10.96324928],[73.84461444,10.9602149],[73.84775148,10.95711212],[73.85081921,10.95394242],[73.85381616,10.95070732],[73.85674093,10.94740835],[73.85816834,10.94576281],[73.8595921,10.9440471],[73.86236833,10.94062515],[73.86506829,10.93714415],[73.86769071,10.93360574],[73.87023433,10.93001163],[73.87269795,10.92636351],[73.87508039,10.92266313],[73.87738053,10.91891224],[73.87849518,10.91704958],[73.87959726,10.91511265],[73.88172955,10.91126615],[73.88377637,10.90737458],[73.88573675,10.9034398],[73.88760976,10.89946367],[73.88939452,10.89544809],[73.89109017,10.89139498],[73.89269592,10.88730627],[73.89346533,10.88528287],[73.89444219,10.8825013],[73.89629302,10.87697089],[73.89798089,10.87138979],[73.89950441,10.86576268],[73.90055781,10.86150159],[73.90142214,10.85719912],[73.90168338,10.85552967],[73.90204436,10.85383117],[73.90265256,10.85072587],[73.90313929,10.84801245],[73.90351656,10.84575137],[73.90377508,10.84408365],[73.90408744,10.84191043],[73.90444218,10.83923277],[73.90470603,10.83705718],[73.90489018,10.83538469],[73.90510615,10.83320225],[73.90534262,10.83050972],[73.9055104,10.82832265],[73.90562062,10.82664325],[73.90573997,10.82445575],[73.90585733,10.82175884],[73.90592271,10.81974393],[73.90597705,10.81880648],[73.90614358,10.81302209],[73.9061035,10.81023328],[73.90594701,10.80472471],[73.90583059,10.80197151],[73.9053312,10.79308265],[73.90483179,10.78419349],[73.9043324,10.77530432],[73.903833,10.76641516],[73.90333362,10.75752599],[73.90283423,10.74863681],[73.90233486,10.73974765],[73.90183548,10.73085848],[73.90133612,10.72196931],[73.90083676,10.71308015],[73.9003374,10.70419098],[73.89983805,10.69530182],[73.8993387,10.68641265],[73.89883936,10.67752349],[73.89834003,10.66863433],[73.8978407,10.65974517],[73.89734137,10.65085599],[73.89684205,10.64196683],[73.89634274,10.63307766],[73.89584343,10.6241885],[73.89534412,10.61529934],[73.89484482,10.60641017],[73.89434553,10.59752101],[73.89384624,10.58863185],[73.89334696,10.57974269],[73.89284768,10.57085354],[73.89234841,10.56196437],[73.89184914,10.5530752],[73.89134988,10.54418604],[73.89085062,10.53529688],[73.89035137,10.52640772],[73.88985212,10.51751856],[73.88935288,10.5086294],[73.88885364,10.49974024],[73.88835441,10.49085108],[73.88785519,10.48196192],[73.88735597,10.47307277],[73.88685675,10.46418361],[73.88635754,10.45529445],[73.88585833,10.44640529],[73.88535913,10.43751613],[73.88485994,10.42862697],[73.88436075,10.41973781],[73.88386156,10.41084866],[73.88336239,10.4019595],[73.88286321,10.39307034],[73.88236404,10.38418119],[73.88186488,10.37529204],[73.88136572,10.36640289],[73.88086657,10.35751372],[73.88036742,10.34862457],[73.87986828,10.33973541],[73.87936914,10.33084626],[73.87887001,10.3219571],[73.87837088,10.31306795],[73.87787176,10.30417879],[73.87737264,10.29528964],[73.87687353,10.28640049],[73.87637442,10.27751134],[73.87587532,10.26862219],[73.87537622,10.25973303],[73.87487713,10.25084388],[73.87437805,10.24195473],[73.87387896,10.23306557],[73.87337989,10.22417642],[73.87288082,10.21528727],[73.87238175,10.20639812],[73.87188269,10.19750897],[73.87138364,10.18861982],[73.87088459,10.17973068],[73.87038555,10.17084153],[73.86988651,10.16195237],[73.86938747,10.15306322],[73.86888844,10.14417407],[73.86838942,10.13528492],[73.86789042,10.12639607],[73.86767671,10.12339804],[73.86715896,10.11740963],[73.8664608,10.11143923],[73.86558287,10.10549218],[73.86510448,10.10255551],[73.86484386,10.10115172],[73.86431422,10.09840851],[73.8640398,10.09703873],[73.86221341,10.08824247],[73.86038681,10.07944513],[73.85856022,10.07064779],[73.85673363,10.06185046],[73.85490704,10.05305312],[73.85308046,10.04425577],[73.85125388,10.03545844],[73.84942731,10.0266611],[73.84760096,10.01786483],[73.84630856,10.01241362],[73.84341968,10.00159093],[73.84182322,9.99621947],[73.83902126,9.98767684],[73.8362188,9.97913266],[73.83341635,9.97058848],[73.8306139,9.9620443],[73.82781146,9.95350014],[73.82500902,9.94495596],[73.82220659,9.93641179],[73.81940416,9.92786762],[73.81660173,9.91932344],[73.81379932,9.91077928],[73.8109969,9.90223512],[73.8081945,9.89369095],[73.80539209,9.88514679],[73.80258969,9.87660263],[73.7997873,9.86805847],[73.79698491,9.8595143],[73.79418252,9.85097014],[73.79138015,9.84242599],[73.78857778,9.83388183],[73.78577541,9.82533768],[73.78297304,9.81679353],[73.78017068,9.80824937],[73.77736833,9.79970521],[73.77456598,9.79116107],[73.77176364,9.78261693],[73.7689613,9.77407278],[73.76615896,9.76552863],[73.76335663,9.75698449],[73.76055431,9.74844034],[73.75775199,9.7398962],[73.75494967,9.73135206],[73.75214736,9.72280793],[73.74934506,9.71426379],[73.74654276,9.70571965],[73.74374047,9.69717552],[73.74093817,9.68863137],[73.73813589,9.68008724],[73.73533361,9.67154312],[73.73253134,9.66299899],[73.72972907,9.65445486],[73.7269268,9.64591073],[73.72412454,9.63736661],[73.72132228,9.62882247],[73.72059271,9.62699478],[73.71958638,9.62362887],[73.71852003,9.62027835],[73.71740386,9.61697277],[73.71571779,9.61173423],[73.71291555,9.60319011],[73.71011331,9.59464599],[73.70731108,9.58610188],[73.70450885,9.57755775],[73.70170663,9.56901363],[73.69890442,9.56046953],[73.69610221,9.55192542],[73.6933,9.5433813],[73.6904978,9.53483719],[73.68769561,9.52629308],[73.68489341,9.51774897],[73.68209123,9.50920486],[73.67928905,9.50066076],[73.67648687,9.49211666],[73.6736847,9.48357256],[73.67088253,9.47502845],[73.66808037,9.46648435],[73.66527821,9.45794025],[73.66247606,9.44939615],[73.65967392,9.44085206],[73.65687177,9.43230797],[73.65406964,9.42376387],[73.6512675,9.41521978],[73.64846537,9.40667568],[73.64566325,9.39813159],[73.64286114,9.38958751],[73.64005902,9.38104342],[73.63725692,9.37249934],[73.63445481,9.36395525],[73.63165272,9.35541117],[73.62885062,9.34686708],[73.62604853,9.338323],[73.62324645,9.32977893],[73.62044437,9.32123485],[73.6176423,9.31269077],[73.61484023,9.3041467],[73.61203817,9.29560262],[73.60923611,9.28705854],[73.60643405,9.27851447],[73.60363201,9.26997041],[73.60082997,9.26142634],[73.59802793,9.25288227],[73.59522589,9.2443382],[73.59242386,9.23579413],[73.58962184,9.22725007],[73.58681982,9.21870601],[73.58401781,9.21016195],[73.5812158,9.20161789],[73.57841379,9.19307383],[73.57561179,9.18452978],[73.5728098,9.17598571],[73.57000781,9.16744166],[73.56720582,9.15889761],[73.56440384,9.15035356],[73.56160187,9.14180951],[73.5587999,9.13326546],[73.55599793,9.1247214],[73.55319597,9.11617735],[73.55039402,9.10763332],[73.54759207,9.09908927],[73.54479012,9.09054523],[73.54198818,9.08200119],[73.53918625,9.07345715],[73.53638431,9.0649131],[73.53358238,9.05636906],[73.53078047,9.04782503],[73.52797855,9.039281],[73.52517664,9.03073696],[73.52237473,9.02219293],[73.51957283,9.0136489],[73.51677093,9.00510486],[73.51396904,8.99656083],[73.51116716,8.98801681],[73.50836527,8.97947279],[73.5055634,8.97092876],[73.50276152,8.96238474],[73.49995965,8.95384071],[73.49715779,8.94529669],[73.49435594,8.93675267],[73.49155408,8.92820866],[73.48875224,8.91966464],[73.48595039,8.91112062],[73.48314856,8.90257661],[73.48034672,8.89403259],[73.47754489,8.88548857],[73.47474307,8.87694457],[73.47194125,8.86840056],[73.46913944,8.85985655],[73.46633763,8.85131255],[73.46353583,8.84276854],[73.46073402,8.83422453],[73.45793223,8.82568053],[73.45513044,8.81713653],[73.45232866,8.80859253],[73.44952688,8.80004853],[73.4467251,8.79150454],[73.44392333,8.78296053],[73.44112157,8.77441654],[73.43831981,8.76587255],[73.43551805,8.75732856],[73.4327163,8.74878457],[73.42991456,8.74024058],[73.42711282,8.73169659],[73.42431108,8.72315259],[73.42150935,8.71460861],[73.41870763,8.70606463],[73.41590591,8.69752065],[73.41310419,8.68897667],[73.41030248,8.68043268],[73.40750077,8.6718887],[73.40469907,8.66334472],[73.40189737,8.65480074],[73.39909568,8.64625677],[73.39629399,8.6377128],[73.39349231,8.62916883],[73.39069064,8.62062485],[73.38788896,8.61208088],[73.38508729,8.60353691],[73.38228563,8.59499295],[73.37948398,8.58644898],[73.37668232,8.57790502],[73.37388068,8.56936105],[73.37107903,8.56081709],[73.36827739,8.55227312],[73.36547576,8.54372916],[73.36267413,8.53518521],[73.35987251,8.52664125],[73.35707089,8.51809729],[73.35426928,8.50955334],[73.35146767,8.50100939],[73.34866606,8.49246543],[73.34586446,8.48392147],[73.34306287,8.47537753],[73.34026128,8.46683359],[73.33745969,8.45828964],[73.33465811,8.44974569],[73.33185654,8.44120174],[73.32905497,8.4326578],[73.3262534,8.42411386],[73.32345184,8.41556992],[73.32065029,8.40702598],[73.31784874,8.39848204],[73.31504719,8.38993811],[73.31224565,8.38139416],[73.30944411,8.37285023],[73.30664258,8.36430631],[73.30384106,8.35576237],[73.30103953,8.34721844],[73.29823802,8.33867452],[73.29543651,8.33013059],[73.292635,8.32158665],[73.28983349,8.31304273],[73.287032,8.30449881],[73.28423051,8.29595489],[73.28142902,8.28741097],[73.27862754,8.27886705],[73.27582605,8.27032312],[73.273025,8.26178048],[73.27248091,8.26016745],[73.2713654,8.25695075],[73.27080225,8.25536969],[73.2700174,8.25329462],[73.26841949,8.24920703],[73.26673249,8.24515513],[73.26495719,8.24114084],[73.26303563,8.2370474],[73.26272028,8.23588654],[73.26157856,8.23164997],[73.26034437,8.2274392],[73.2590183,8.22325626],[73.25760098,8.21910313],[73.25687782,8.21705675],[73.25609309,8.21498178],[73.25449534,8.21089417],[73.2528085,8.20684226],[73.25103339,8.20282796],[73.24917083,8.19885319],[73.24722172,8.19491983],[73.245187,8.19102977],[73.24306763,8.18718484],[73.24199797,8.18529297],[73.24086462,8.18338688],[73.23857902,8.17963769],[73.23621192,8.17593906],[73.23376445,8.17229274],[73.23123777,8.16870048],[73.22863309,8.16516396],[73.22595166,8.16168489],[73.22319473,8.15826492],[73.22181014,8.15658482],[73.22067809,8.15526437],[73.21841694,8.15267254],[73.21611172,8.15011955],[73.21376312,8.14760615],[73.2113718,8.14513307],[73.20893848,8.14270103],[73.20646386,8.14031074],[73.20539263,8.13931079],[73.20455408,8.1382944],[73.20389314,8.13750159],[73.20244674,8.13582246],[73.19954296,8.13252551],[73.19656775,8.12929245],[73.19352251,8.12612481],[73.1904087,8.1230241],[73.18722781,8.11999178],[73.18398133,8.11702932],[73.18067083,8.1141381],[73.17901229,8.11272095],[73.17729787,8.11131952],[73.17386405,8.10857489],[73.17037102,8.10590554],[73.16682043,8.10331274],[73.16321398,8.1007977],[73.15955337,8.09836163],[73.15584036,8.09600569],[73.15207669,8.093731],[73.15019343,8.09262043],[73.14826417,8.09153863],[73.14440461,8.08942964],[73.14049985,8.08740502],[73.13655173,8.08546573],[73.13256214,8.0836127],[73.12853297,8.0818468],[73.12446614,8.08016889],[73.12036359,8.07857974],[73.11831179,8.07781042],[73.11622726,8.07708013],[73.11205911,8.07567076],[73.10786114,8.0743523],[73.10363533,8.07312538],[73.0993837,8.07199059],[73.09510826,8.07094845],[73.09081105,8.06999947],[73.08649411,8.0691441],[73.0843353,8.06874063],[73.08291563,8.0685016],[73.08008171,8.06804515],[73.07866313,8.06782696],[73.07275288,8.06696073],[73.07092793,8.06671019],[73.06727374,8.06624233],[73.06361159,8.06584101],[73.05994271,8.06550638],[73.05626831,8.06523854],[73.05258962,8.06503758],[73.04890769,8.06490357],[73.04522374,8.06483655],[73.04338146,8.06481979],[73.03774428,8.06481979],[73.03522715,8.06485108],[73.03019445,8.06497619],[73.02516662,8.06522634],[73.02014679,8.06560137],[73.01763923,8.06582007],[73.01175154,8.06640736],[73.00987789,8.06661188],[73.00613472,8.06705574],[73.00240051,8.06756918],[72.99867657,8.06815204],[72.99681299,8.06846156],[72.99446757,8.06890219],[72.98977919,8.06984032],[72.98511441,8.07088888],[72.98047585,8.07204728],[72.97816346,8.07265385],[72.96933128,8.07508242],[72.96739801,8.0756347],[72.96354285,8.07677754],[72.9597113,8.07799671],[72.95590487,8.07929173],[72.95399996,8.07996109],[72.95194815,8.08073042],[72.94784557,8.08231956],[72.94377872,8.08399747],[72.93974954,8.08576337],[72.93575992,8.0876164],[72.93181179,8.08955569],[72.927907,8.09158031],[72.92404742,8.0936893],[72.92211815,8.0947711],[72.92054023,8.09569785],[72.9179349,8.09725994],[72.9148885,8.09877022],[72.91102885,8.10087921],[72.90909954,8.10196101],[72.90721624,8.10307157],[72.90345249,8.10534627],[72.89973939,8.1077022],[72.8960787,8.11013827],[72.89247216,8.1126533],[72.88892149,8.11524611],[72.88542838,8.11791545],[72.88199448,8.12066007],[72.88028,8.12206152],[72.87862144,8.12347866],[72.87531086,8.12636987],[72.87206431,8.12933234],[72.86888334,8.13236464],[72.86576946,8.13546535],[72.86272415,8.13863299],[72.85974886,8.14186605],[72.85684502,8.145163],[72.85539857,8.14684214],[72.85401399,8.14852226],[72.85125714,8.15194224],[72.84857577,8.15542131],[72.84597116,8.15895783],[72.84344454,8.1625501],[72.84099713,8.16619642],[72.83863009,8.16989505],[72.83634455,8.17364424],[72.83521124,8.17555031],[72.83392291,8.17784109],[72.83138561,8.18249404],[72.82897211,8.18721194],[72.82668409,8.19199151],[72.82557166,8.19439629],[72.8219044,8.20260633],[72.81823645,8.21081792],[72.81456849,8.21902953],[72.81090053,8.22724113],[72.80723256,8.23545274],[72.80356459,8.24366434],[72.79989662,8.25187594],[72.79622864,8.26008756],[72.79256065,8.26829917],[72.78889266,8.27651078],[72.78522467,8.28472239],[72.78155668,8.292934],[72.77788867,8.30114563],[72.77422066,8.30935724],[72.77055265,8.31756886],[72.76688463,8.32578048],[72.76321661,8.33399211],[72.75954858,8.34220373],[72.75588055,8.35041536],[72.75221252,8.35862697],[72.74854448,8.36683861],[72.74487644,8.37505024],[72.74120839,8.38326186],[72.73754033,8.3914735],[72.73387228,8.39968514],[72.73020421,8.40789677],[72.72653615,8.41610841],[72.72286808,8.42432004],[72.7192,8.43253169],[72.71553192,8.44074333],[72.71186383,8.44895496],[72.70819574,8.45716662],[72.70452765,8.46537826],[72.70085955,8.47358991],[72.69719144,8.48180156],[72.69352334,8.4900132],[72.68985522,8.49822486],[72.6861871,8.50643651],[72.68251898,8.51464816],[72.67885086,8.52285982],[72.67518273,8.53107147],[72.67151459,8.53928314],[72.66784645,8.5474948],[72.66417831,8.55570645],[72.66051015,8.56391812],[72.656842,8.57212979],[72.65317384,8.58034145],[72.64950568,8.58855312],[72.64583751,8.59676478],[72.64216933,8.60497646],[72.63850116,8.61318813],[72.63483298,8.6213998],[72.63116479,8.62961148],[72.6274966,8.63782316],[72.6238284,8.64603483],[72.6201602,8.65424651],[72.616492,8.66245819],[72.61282379,8.67066988],[72.60915557,8.67888156],[72.60548736,8.68709324],[72.60181913,8.69530493],[72.5981509,8.70351662],[72.59448267,8.71172831],[72.59081443,8.71994],[72.5871462,8.72815168],[72.58347795,8.73636339],[72.57980969,8.74457508],[72.57614144,8.75278678],[72.57247318,8.76099848],[72.56880492,8.76921017],[72.56513664,8.77742188],[72.56146837,8.78563358],[72.5578001,8.79384527],[72.55413181,8.80205699],[72.55046352,8.8102687],[72.54679523,8.8184804],[72.54312693,8.82669211],[72.53945863,8.83490382],[72.53579032,8.84311554],[72.53212201,8.85132725],[72.5284537,8.85953896],[72.52478538,8.86775069],[72.52111705,8.8759624],[72.51744872,8.88417412],[72.51378039,8.89238585],[72.51011206,8.90059756],[72.50644371,8.90880929],[72.50277573,8.91702019],[72.50199909,8.91880501],[72.50121158,8.9206639],[72.49965945,8.92401787],[72.49875908,8.92602068],[72.49738158,8.92917673],[72.49663321,8.93093652],[72.49543828,8.93344532],[72.49177029,8.94165621],[72.48810192,8.94986794],[72.48443355,8.95807967],[72.48076518,8.9662914],[72.4770968,8.97450314],[72.47342841,8.98271488],[72.46976002,8.99092662],[72.46609163,8.99913836],[72.46242324,9.00735009],[72.45875483,9.01556185],[72.45508642,9.02377359],[72.45141801,9.03198533],[72.44774959,9.04019708],[72.44408117,9.04840883],[72.44041274,9.05662058],[72.43674431,9.06483234],[72.43307588,9.07304408],[72.42940744,9.08125585],[72.42573899,9.0894676],[72.42207055,9.09767935],[72.41840209,9.10589112],[72.41473363,9.11410288],[72.41106517,9.12231464],[72.4073967,9.13052641],[72.40372823,9.13873816],[72.40005975,9.14694994],[72.39639127,9.15516171],[72.39272279,9.16337347],[72.38905429,9.17158525],[72.3853858,9.17979702],[72.3817173,9.1880088],[72.37804879,9.19622057],[72.37438029,9.20443234],[72.37071177,9.21264413],[72.36704325,9.22085591],[72.36337473,9.22906769],[72.3597062,9.23727947],[72.35603767,9.24549125],[72.35236913,9.25370304],[72.34870059,9.26191483],[72.34503204,9.27012661],[72.34136349,9.27833841],[72.33769493,9.2865502],[72.33402637,9.29476199],[72.33035781,9.30297379],[72.32668924,9.31118558],[72.32302066,9.31939738],[72.31935208,9.32760918],[72.3156835,9.33582097],[72.31201491,9.34403278],[72.30834632,9.35224459],[72.30467772,9.36045639],[72.30100912,9.3686682],[72.29734052,9.37688],[72.2936719,9.38509182],[72.29000329,9.39330363],[72.28633467,9.40151543],[72.28266604,9.40972725],[72.27899741,9.41793907],[72.27532877,9.42615088],[72.27166014,9.4343627],[72.26799149,9.44257451],[72.26432284,9.45078634],[72.26065419,9.45899816],[72.25923372,9.46235298],[72.25698553,9.46720999],[72.25561387,9.4703522],[72.25429727,9.47351505],[72.25331687,9.47542181],[72.24964821,9.48363363],[72.24597953,9.49184547],[72.24231085,9.5000573],[72.23864218,9.50826912],[72.23497349,9.51648096],[72.2313048,9.5246928],[72.2276361,9.53290463],[72.2239674,9.54111647],[72.2202987,9.5493283],[72.21662999,9.55754015],[72.21296127,9.56575199],[72.20929256,9.57396382],[72.20562383,9.58217568],[72.2019551,9.59038752],[72.19828637,9.59859937],[72.19461764,9.60681122],[72.1909489,9.61502306],[72.18728015,9.62323492],[72.1836114,9.63144677],[72.17994264,9.63965862],[72.17627388,9.64787048],[72.17260512,9.65608234],[72.16893635,9.6642942],[72.16526757,9.67250606],[72.1615988,9.68071791],[72.15793001,9.68892979],[72.15426122,9.69714165],[72.15059243,9.70535352],[72.14692363,9.71356538],[72.14325483,9.72177725],[72.13958602,9.72998912],[72.13591721,9.738201],[72.1322484,9.74641286],[72.12857957,9.75462475],[72.12491075,9.76283662],[72.12124192,9.7710485],[72.11757308,9.77926038],[72.11390425,9.78747225],[72.1102354,9.79568414],[72.10656655,9.80389603],[72.1028977,9.8121079],[72.09922884,9.8203198],[72.09555997,9.82853169],[72.09189111,9.83674358],[72.08822223,9.84495547],[72.08455336,9.85316735],[72.08088448,9.86137925],[72.07721559,9.86959115],[72.0735467,9.87780304],[72.0698778,9.88601495],[72.0662089,9.89422684],[72.06254,9.90243875],[72.05887109,9.91065065],[72.05520218,9.91886255],[72.05153325,9.92707446],[72.04786517,9.9352845],[72.04718669,9.93683823],[72.04585621,9.93995682],[72.04457886,9.94309717],[72.04335501,9.9462584],[72.04274647,9.9478714],[72.04212315,9.94961759],[72.04089,9.95317596],[72.0397242,9.95675658],[72.03862618,9.96035819],[72.0375963,9.96397954],[72.03663494,9.96761936],[72.03574244,9.97127637],[72.0349191,9.9749493],[72.03452476,9.97678956],[72.03273071,9.98556479],[72.03093645,9.99434106],[72.02914218,10.00311734],[72.02734791,10.01189361],[72.02555363,10.02066988],[72.02375934,10.02944615],[72.02196505,10.03822243],[72.02017076,10.0469987],[72.01837646,10.05577498],[72.01658215,10.06455126],[72.01478784,10.07332754],[72.01299353,10.08210382],[72.01119921,10.09088009],[72.00940488,10.09965637],[72.00761055,10.10843266],[72.00581622,10.11720894],[72.00402188,10.12598523],[72.00222753,10.13476151],[72.00043318,10.14353779],[71.99863882,10.15231408],[71.99684446,10.16109037],[71.9950501,10.16986666],[71.99325572,10.17864295],[71.99146135,10.18741924],[71.98966697,10.19619553],[71.98787258,10.20497182],[71.98607819,10.21374811],[71.98428379,10.22252441],[71.98248939,10.2313007],[71.98069498,10.240077],[71.97890057,10.24885329],[71.97710615,10.25762959],[71.97531173,10.26640589],[71.9735173,10.27518219],[71.97172287,10.28395849],[71.96992843,10.29273479],[71.96813398,10.30151109],[71.96633954,10.3102874],[71.96454508,10.3190637],[71.96275062,10.32784001],[71.96095616,10.33661631],[71.95916169,10.34539261],[71.95736722,10.35416893],[71.95557274,10.36294524],[71.95377825,10.37172155],[71.95198376,10.38049786],[71.95018927,10.38927417],[71.94839477,10.39805048],[71.94660026,10.40682679],[71.94480575,10.41560311],[71.94301124,10.42437943],[71.94121672,10.43315574],[71.93942219,10.44193206],[71.93762766,10.45070838],[71.93583312,10.45948469],[71.93403858,10.46826101],[71.93224404,10.47703734],[71.93044948,10.48581366],[71.92865493,10.49458998],[71.92686037,10.5033663],[71.9250658,10.51214263],[71.92327123,10.52091895],[71.92147665,10.52969528],[71.91968207,10.53847161],[71.91788748,10.54724794],[71.91609289,10.55602427],[71.91429829,10.56480059],[71.91250369,10.57357692],[71.91070908,10.58235326],[71.90891446,10.59112959],[71.90711985,10.59990591],[71.90532522,10.60868226],[71.90353059,10.61745859],[71.90173596,10.62623493],[71.89994132,10.63501127],[71.89814668,10.64378761],[71.89635203,10.65256395],[71.89455737,10.66134029],[71.89276271,10.67011663],[71.89096805,10.67889297],[71.88917338,10.68766931],[71.8873787,10.69644566],[71.88558402,10.705222],[71.88378933,10.71399835],[71.88199464,10.72277469],[71.88019995,10.73155104],[71.87840525,10.74032739],[71.87661054,10.74910374],[71.87481583,10.75788009],[71.87302111,10.76665644],[71.87122639,10.77543279],[71.86943166,10.78420914],[71.86763693,10.7929855],[71.86584219,10.80176185],[71.86404745,10.81053821],[71.8622527,10.81931457],[71.86045795,10.82809092],[71.85866319,10.83686728],[71.85686843,10.84564364],[71.85507366,10.85441999],[71.85327889,10.86319636],[71.85148411,10.87197273],[71.84968932,10.88074909],[71.84789453,10.88952545],[71.84609974,10.89830182],[71.84430494,10.90707818],[71.84251013,10.91585455],[71.84071533,10.92463092],[71.83892051,10.93340729],[71.83712569,10.94218366],[71.83533086,10.95096003],[71.83353603,10.9597364],[71.8317412,10.96851277],[71.82994636,10.97728915],[71.82815151,10.98606552],[71.82635666,10.99484189],[71.8245618,11.00361827],[71.82276694,11.01239465],[71.82097207,11.02117103],[71.8191772,11.02994741],[71.81738232,11.03872378],[71.81558744,11.04750016],[71.81379255,11.05627655],[71.81199766,11.06505293],[71.81020276,11.07382931],[71.80840786,11.0826057],[71.80661295,11.09138208],[71.80481804,11.10015847],[71.80302312,11.10893485],[71.80122819,11.11771124],[71.80040184,11.12175173],[71.79903734,11.12560809],[71.79605261,11.13404356],[71.79306787,11.14247904],[71.79008314,11.15091449],[71.7870984,11.15934996],[71.78411365,11.16778545],[71.7811289,11.17622091],[71.77814414,11.18465638],[71.77515937,11.19309187],[71.77217461,11.20152734],[71.76918984,11.20996281],[71.76620506,11.21839829],[71.76322027,11.22683378],[71.76023549,11.23526925],[71.7572507,11.24370473],[71.7542659,11.25214023],[71.7512811,11.26057571],[71.74829629,11.2690112],[71.74531148,11.27744669],[71.74232666,11.28588217],[71.73934184,11.29431766],[71.73635701,11.30275317],[71.73337218,11.31118865],[71.73038735,11.31962414],[71.7274025,11.32805965],[71.72441766,11.33649514],[71.7214328,11.34493064],[71.71844795,11.35336614],[71.71546309,11.36180164],[71.71247822,11.37023714],[71.70949334,11.37867266],[71.70650847,11.38710815],[71.70352359,11.39554366],[71.7005387,11.40397917],[71.69755381,11.41241468],[71.69456892,11.42085019],[71.69158401,11.42928571],[71.68859911,11.43772121],[71.6856142,11.44615673],[71.68262928,11.45459225],[71.67964436,11.46302776],[71.67665943,11.47146328],[71.6736745,11.47989881],[71.67068957,11.48833432],[71.66770462,11.49676985],[71.66471968,11.50520538],[71.66173473,11.51364089],[71.65874977,11.52207642],[71.65576481,11.53051196],[71.65277984,11.53894748],[71.64979487,11.54738301],[71.6468099,11.55581855],[71.64382492,11.56425408],[71.64083993,11.57268961],[71.63785494,11.58112516],[71.63486994,11.58956069],[71.63188494,11.59799622],[71.62889994,11.60643177],[71.62591492,11.61486732],[71.62292991,11.62330285],[71.61994489,11.63173839],[71.61695986,11.64017395],[71.61397483,11.64860949],[71.6109898,11.65704504],[71.60800475,11.6654806],[71.60501971,11.67391613],[71.60203466,11.68235169],[71.5990496,11.69078725],[71.59606455,11.6992228],[71.59307948,11.70765835],[71.59009441,11.71609392],[71.58710934,11.72452947],[71.58412425,11.73296503],[71.58113916,11.7414006],[71.57815408,11.74983615],[71.57516898,11.75827172],[71.57218388,11.76670729],[71.56919878,11.77514285],[71.56621366,11.78357842],[71.56322855,11.792014],[71.56024343,11.80044956],[71.55725899,11.8088832],[71.55669516,11.81052166],[71.55559619,11.81380791],[71.55506105,11.81545569],[71.55253013,11.82348593],[71.54999869,11.83151783],[71.54746723,11.83954974],[71.54493577,11.84758167],[71.54240431,11.85561357],[71.53987285,11.86364549],[71.53734137,11.87167742],[71.5348099,11.87970932],[71.53227842,11.88774124],[71.52974693,11.89577317],[71.52721597,11.90380341],[71.52675247,11.90531584],[71.52584963,11.90834772],[71.52499527,11.91139318],[71.5241896,11.9144515],[71.52343282,11.9175219],[71.52272511,11.92060363],[71.52176811,11.9252851],[71.52166783,11.92585342],[71.52037807,11.93328962],[71.51953583,11.93919662],[71.5190477,11.94355582],[71.51865625,11.94792447],[71.51836167,11.95230049],[71.5181641,11.95668179],[71.51806365,11.96106629],[71.51803768,11.96329621],[71.51806036,11.9654519],[71.51815424,11.96983654],[71.51834525,11.97421812],[71.51863331,11.97859455],[71.51901828,11.98296375],[71.51949998,11.98732364],[71.5200782,11.99167215],[71.52075265,11.9960072],[71.52112034,11.99820714],[71.52144313,11.99992554],[71.52213319,12.00342839],[71.5228863,12.00691862],[71.52370224,12.01039515],[71.52458076,12.01385686],[71.52552157,12.01730268],[71.52652439,12.02073152],[71.5275889,12.02414229],[71.52813653,12.02584301],[71.53095252,12.03432582],[71.53376822,12.04280774],[71.53658368,12.05128899],[71.5393994,12.05977102],[71.5422148,12.0682521],[71.54503045,12.07673395],[71.54784587,12.08521512],[71.55066136,12.09369652],[71.55347691,12.10217809],[71.55472858,12.10594864],[71.55629236,12.11065939],[71.55910772,12.11914043],[71.56192331,12.12762219],[71.56473865,12.13610322],[71.56755424,12.14458498],[71.57036982,12.15306676],[71.57318523,12.161548],[71.57600065,12.17002931],[71.57881611,12.17851074],[71.58163136,12.18699159],[71.58444715,12.19547406],[71.58726225,12.20395445],[71.59007773,12.21243601],[71.59289319,12.22091751],[71.59570866,12.22939908],[71.59852427,12.23788106],[71.6013395,12.24636192],[71.60415491,12.25484335],[71.60697036,12.26332491],[71.60978582,12.2718065],[71.61260124,12.28028797],[71.6154164,12.2887687],[71.61823188,12.29725042],[71.62104747,12.30573245],[71.62386284,12.31421384],[71.62667814,12.32269504],[71.6294933,12.33117583],[71.63230888,12.33965789],[71.63512416,12.34813908],[71.63793948,12.3566204],[71.64075483,12.36510182],[71.64357007,12.37358291],[71.64638556,12.38206478],[71.64920077,12.39054582],[71.65201599,12.39902692],[71.65483151,12.40750891],[71.65764678,12.41599017],[71.66046221,12.42447194],[71.66327723,12.43295245],[71.6660928,12.44143467],[71.66890866,12.44991777],[71.66944519,12.45148995],[71.67054459,12.45462542],[71.67112005,12.45622274],[71.67189196,12.45824157],[71.67350639,12.46232999],[71.67521124,12.46638281],[71.67700571,12.47039811],[71.67888894,12.47437397],[71.68086005,12.47830849],[71.68291809,12.48219982],[71.6850621,12.48604608],[71.68617245,12.48798664],[71.68729104,12.48984545],[71.68960388,12.49359611],[71.69199949,12.49729629],[71.69447676,12.50094421],[71.6970345,12.50453814],[71.69967149,12.50807636],[71.70238648,12.51155719],[71.70517819,12.51497898],[71.70661239,12.51669755],[71.70804527,12.51834008],[71.71098638,12.5216389],[71.71400011,12.52487387],[71.71708503,12.52804343],[71.71830611,12.52923704],[71.71970446,12.53083991],[71.72264571,12.53413873],[71.72565958,12.5373737],[71.72874464,12.54054326],[71.73189943,12.54364592],[71.73512243,12.54668019],[71.73841212,12.54964463],[71.74176693,12.55253782],[71.7434798,12.5539824],[71.74518527,12.55535838],[71.7486655,12.55810497],[71.75220597,12.56077628],[71.75580499,12.56337104],[71.75946084,12.56588801],[71.7631718,12.56832598],[71.76693608,12.5706838],[71.77075189,12.57296034],[71.77268951,12.57408782],[71.77461742,12.57515452],[71.77853082,12.57726528],[71.78249023,12.57929163],[71.78649376,12.58123259],[71.79053951,12.58308725],[71.79462553,12.58485471],[71.7987499,12.58653413],[71.80291063,12.58812472],[71.8050125,12.58890222],[71.80710575,12.58962571],[71.81133325,12.59103638],[71.81559112,12.59235608],[71.81987733,12.59358415],[71.82418983,12.59472003],[71.82852657,12.59576316],[71.83288548,12.59671305],[71.83726448,12.59756926],[71.83946548,12.59797504],[71.84166148,12.59833135],[71.84607439,12.59899899],[71.85050109,12.59957184],[71.85493948,12.60004963],[71.85938744,12.60043214],[71.86384285,12.60071918],[71.86830358,12.60091062],[71.87276751,12.60100636],[71.8772325,12.60100636],[71.88169642,12.60091062],[71.88615715,12.60071918],[71.89061256,12.60043214],[71.89506052,12.60004963],[71.89949891,12.59957184],[71.90392561,12.59899899],[71.90833852,12.59833135],[71.91053452,12.59797504],[71.91241537,12.59763133],[71.91615677,12.59691198],[71.91988386,12.59612425],[71.92359534,12.59526842],[71.925447,12.59482351],[71.93100482,12.59343401],[71.93656147,12.5920448],[71.93903266,12.59139453],[71.94395768,12.59003345],[71.94760785,12.5888411],[71.94882648,12.58848195],[71.95187301,12.58754306],[71.9536916,12.58693731],[71.95609786,12.58612449],[71.95819457,12.58533355],[71.96026302,12.58454553],[71.9623366,12.58370137],[71.96437664,12.58284508],[71.96648471,12.58207697],[71.9705707,12.58030951],[71.9746164,12.57845486],[71.97861989,12.57651389],[71.98257925,12.57448754],[71.98649261,12.57237678],[71.98842051,12.57131008],[71.99025582,12.57024354],[71.99386971,12.56809313],[71.99743758,12.56586983],[72.00095789,12.5635746],[72.00442915,12.56120843],[72.00784988,12.5587723],[72.01121861,12.55626728],[72.0145339,12.55369443],[72.016178,12.55239119],[72.02316007,12.54673846],[72.03014001,12.54108746],[72.03711877,12.53543742],[72.04409815,12.52978687],[72.05107966,12.5241346],[72.05805853,12.51848447],[72.06503767,12.51283412],[72.07201833,12.50718254],[72.07899673,12.5015328],[72.08597641,12.49588202],[72.09295651,12.4902309],[72.09993572,12.4845805],[72.10691424,12.47893066],[72.11389575,12.4732784],[72.12087425,12.46762858],[72.12785487,12.46197704],[72.1348341,12.45632663],[72.14181408,12.45067562],[72.148793,12.44502546],[72.15577306,12.43937438],[72.16275312,12.4337233],[72.16973237,12.42807289],[72.17671183,12.4224223],[72.18369302,12.41677031],[72.19067149,12.41112052],[72.19765031,12.40547045]],[[72.23333333,10.01666667],[73.01,8.27611111],[73.01131997,8.27700312],[73.01214671,8.27664626],[73.01253951,8.27698565],[73.01271502,8.27794587],[73.07392331,8.31930928],[73.06707251,8.30559444],[73.0647999,8.29698265],[73.05564165,8.28266013],[73.04696357,8.27627921],[73.04128361,8.27420354],[73.04085743,8.27414095],[73.03494012,8.27424502],[73.02542877,8.27244866],[73.02195442,8.27592075],[73.01962161,8.27725422],[73.01851404,8.27742064],[73.01792765,8.27649307],[73.01898074,8.27165246],[73.02301681,8.26892126],[73.03185296,8.26649153],[73.03774357,8.26590395],[73.04338217,8.26590395],[73.04929531,8.2667706],[73.05616653,8.2752825],[73.05798185,8.2775315],[73.06720495,8.28585374],[73.06666934,8.29588115],[73.06780076,8.3031466],[73.07600595,8.3207167],[73.08111111,8.32416667],[73.64888889,10.05833333],[73.66527778,10.1375],[73.70277778,10.81305556],[73.70167127,10.8141332],[73.70252132,10.81574774],[73.70232904,10.81654823],[73.70047927,10.81730866],[73.69803648,10.81767319],[73.01055555,11.48722222],[73.00753514,11.48966661],[73.00652754,11.49178994],[73.00370562,11.49561322],[73.00188291,11.49727201],[73.00007236,11.49740803],[72.99918342,11.49780405],[72.99812126,11.49729562],[72.99811704,11.49728857],[72.24602425,12.10594864],[72.24569734,12.10621321],[72.2454734,12.10639444],[71.88611111,12.39722222],[71.875,12.4],[71.86333333,12.3875],[71.76981557,12.10639444],[71.76975528,12.10621321],[71.76966726,12.10594864],[71.72222222,11.96333333],[71.75,11.875],[71.99722222,11.175],[72.23333333,10.01666667]]],[[[68.0628895,23.58774955],[68.0669396,23.59148932],[68.08508464,23.60824403],[68.0854933,23.60867833],[68.08594242,23.60915563],[68.10398422,23.62832936],[68.11691667,23.60841667],[68.12458333,23.60422222],[68.15032502,23.58103059],[68.16675077,23.56623202],[68.34694444,23.40388889],[68.46333333,23.30666667],[68.51388889,23.26111111],[68.60916667,23.18416667],[68.93277778,22.31],[68.93604207,22.31034172],[68.93705022,22.30452216],[68.93930674,22.29677033],[68.94367886,22.28536284],[68.95080483,22.27298737],[68.9579674,22.2573595],[68.95265484,22.25092936],[68.95329082,22.24613094],[68.95769823,22.23743224],[68.96275103,22.23723841],[68.96915615,22.23139346],[68.97136176,22.22611582],[68.97884548,22.21673357],[68.98096085,22.21191394],[69.00777233,22.18150115],[69.02337825,22.16729653],[69.03898895,22.1484375],[69.05531955,22.12844586],[69.05734146,22.12633955],[69.06266785,22.12269115],[69.08775008,22.09974885],[69.10842204,22.07341385],[69.15065813,22.02859926],[69.15424263,22.02652907],[69.16149402,22.01688063],[69.16467965,22.01470125],[69.16992176,22.00767302],[69.18746138,21.98893285],[69.19357097,21.98355043],[69.20137608,21.98430824],[69.20103264,21.98274624],[69.19763076,21.98072696],[69.20453632,21.97265625],[69.20462728,21.97265625],[69.21111453,21.96438527],[69.22561276,21.95044935],[69.23049927,21.94433713],[69.24624395,21.93108261],[69.24994564,21.92761648],[69.25155675,21.92476141],[69.2578125,21.91880584],[69.27006352,21.90709853],[69.27508998,21.90373886],[69.28313613,21.89495075],[69.29016471,21.89026964],[69.32526195,21.85974515],[69.35157573,21.83932996],[69.36825836,21.83237815],[69.37576485,21.82636154],[69.40024042,21.796875],[69.40041888,21.796875],[69.40957582,21.78989947],[69.43448484,21.7656635],[69.44033647,21.76078916],[69.44075322,21.76053596],[69.44441605,21.75990987],[69.44512916,21.75804675],[69.4510709,21.75252354],[69.45585406,21.74920905],[69.47022104,21.74107134],[69.47769976,21.73460913],[69.48768401,21.72505558],[69.50027025,21.71098232],[69.53773165,21.67616522],[69.55573571,21.66122651],[69.56057358,21.65549231],[69.56694531,21.65223527],[69.57157433,21.64702106],[69.57494497,21.64612472],[69.58428335,21.63788641],[69.59147274,21.63476336],[69.59189677,21.63338137],[69.5895015,21.62902617],[69.58775878,21.62109375],[69.58779573,21.62109375],[69.58771944,21.62096536],[69.59001434,21.62029874],[69.5902214,21.62035525],[69.59019327,21.62109375],[69.59016061,21.62109375],[69.59095275,21.62341332],[69.58933473,21.62535524],[69.59179616,21.62530148],[69.59070313,21.62760377],[69.59312236,21.62939405],[69.59314072,21.62960255],[69.59233451,21.63206422],[69.59342217,21.63369775],[69.59329486,21.63422787],[69.59009445,21.63699484],[69.5910933,21.63824773],[69.59136295,21.63842154],[69.60213971,21.63708663],[69.60341406,21.63465846],[69.60751963,21.63238156],[69.609375,21.62974334],[69.61029112,21.62854874],[69.61376154,21.62740326],[69.61928225,21.62109375],[69.61988485,21.62063801],[69.62598765,21.61518347],[69.66839695,21.56971455],[69.68856704,21.55029225],[69.70585203,21.53892016],[69.70615006,21.53890204],[69.70763755,21.54013956],[69.71055913,21.53946912],[69.71555173,21.54063141],[69.72007322,21.54356444],[69.71979713,21.54624164],[69.71547306,21.55119967],[69.71550477,21.55367362],[69.71939993,21.56286633],[69.72366774,21.56600356],[69.72491968,21.57023561],[69.72463167,21.57066202],[69.70687497,21.58831286],[69.70453453,21.58953452],[69.69913971,21.58956897],[69.69788766,21.59107304],[69.69365776,21.59200835],[69.69215226,21.59310198],[69.69195151,21.59550357],[69.69000244,21.59479857],[69.68636274,21.59573245],[69.67781806,21.60362625],[69.67624152,21.60616708],[69.67616105,21.60868955],[69.67730236,21.60894787],[69.67613983,21.61105645],[69.67428255,21.61321545],[69.67301261,21.6115731],[69.67180955,21.61199296],[69.66807544,21.61846864],[69.66687143,21.61980617],[69.66512144,21.62109375],[69.66461623,21.62109375],[69.6636492,21.62188005],[69.65008748,21.62670386],[69.64370465,21.63305426],[69.63534427,21.63895094],[69.63300717,21.64189744],[69.63286686,21.64264345],[69.63310945,21.643296],[69.63351655,21.6435461],[69.63614225,21.6426053],[69.64006865,21.63849604],[69.64669085,21.63405347],[69.65425837,21.63110924],[69.65801644,21.62660944],[69.66143942,21.62522805],[69.66112387,21.62454903],[69.66348064,21.62476826],[69.66416585,21.62583697],[69.66894603,21.62580752],[69.67953885,21.6217519],[69.68022776,21.62109375],[69.68040681,21.62109375],[69.68441641,21.61767852],[69.69101083,21.61463988],[69.69599175,21.6072824],[69.70129812,21.60283208],[69.69887412,21.60052252],[69.69789255,21.60266185],[69.69551635,21.60361707],[69.69505084,21.60372865],[69.69379783,21.60312772],[69.69332945,21.60225666],[69.69322264,21.59630966],[69.69364858,21.59449422],[69.69578755,21.59296715],[69.69648016,21.59296846],[69.69811356,21.59355545],[69.69909561,21.59891331],[69.70193875,21.60154414],[69.70592666,21.60179186],[69.71575511,21.59907877],[69.717489,21.60225987],[69.71736813,21.60281885],[69.71343124,21.60854745],[69.71241665,21.60947752],[69.70750237,21.61128426],[69.7048676,21.61303556],[69.7038877,21.61493397],[69.70008028,21.61693203],[69.69719064,21.62109375],[69.69704044,21.62109375],[69.69199288,21.62887478],[69.68450797,21.63127315],[69.67590988,21.63860548],[69.67823482,21.63888717],[69.68180466,21.63571715],[69.68608224,21.63643956],[69.69072318,21.64010227],[69.69273186,21.63885307],[69.69658935,21.63991332],[69.69560707,21.64131844],[69.69747305,21.64389348],[69.70417285,21.64738154],[69.70831466,21.64413035],[69.70700324,21.64197075],[69.70958197,21.64061844],[69.70933795,21.63726985],[69.71197093,21.63708818],[69.71383655,21.63198376],[69.71717954,21.63343275],[69.71476436,21.63857806],[69.71676314,21.64005554],[69.71807253,21.63953447],[69.71837282,21.63632822],[69.72484446,21.63222527],[69.72534335,21.63232684],[69.72852898,21.63365352],[69.72894192,21.63396895],[69.73061776,21.63657665],[69.72735143,21.63847601],[69.72701955,21.64165711],[69.72993076,21.64069915],[69.73115075,21.64127874],[69.73502886,21.64767945],[69.73411322,21.65006292],[69.73429096,21.65040946],[69.73591661,21.65097392],[69.73761153,21.65031135],[69.73782337,21.64980042],[69.73704612,21.64696658],[69.73727882,21.64062202],[69.73774374,21.63962567],[69.73819113,21.63929105],[69.74123454,21.63895535],[69.74534476,21.63295186],[69.74545395,21.6255728],[69.74664581,21.62214267],[69.74717784,21.62109375],[69.74724257,21.62109375],[69.74980056,21.61752284],[69.75154841,21.61846662],[69.74959445,21.61330676],[69.75107002,21.61269677],[69.75216424,21.60900521],[69.75553465,21.60704052],[69.7558043,21.59386885],[69.75772703,21.59269238],[69.75858235,21.59510326],[69.76372433,21.59565723],[69.76361477,21.58991241],[69.76486576,21.58890426],[69.76422977,21.57892191],[69.75911832,21.57909334],[69.75840306,21.57709753],[69.75798142,21.57704055],[69.75372303,21.5775429],[69.75325036,21.57735837],[69.75171876,21.57600617],[69.7518059,21.57351851],[69.75124323,21.57327378],[69.74980414,21.57321823],[69.74819326,21.57452762],[69.74745464,21.57292891],[69.74737751,21.57098734],[69.74749005,21.57062495],[69.75152361,21.56329823],[69.74919176,21.56109142],[69.74530911,21.56242621],[69.7416743,21.56141174],[69.73700392,21.56200385],[69.72965777,21.55865967],[69.72677302,21.55631495],[69.72574091,21.55463135],[69.72930956,21.54216123],[69.72360444,21.54167676],[69.72046101,21.53609347],[69.71165645,21.53271878],[69.71114886,21.53233051],[69.71104693,21.53215981],[69.71251404,21.52943015],[69.71496916,21.52630734],[69.72920835,21.51184666],[69.73758745,21.50112104],[69.74060607,21.49774778],[69.76994336,21.46697891],[69.77525973,21.45991194],[69.77558196,21.45988691],[69.77491152,21.46330714],[69.7780112,21.46283054],[69.77837968,21.4625504],[69.77771378,21.46078956],[69.78558147,21.45372582],[69.79523873,21.45263505],[69.79966044,21.45519423],[69.80231643,21.46193492],[69.80516684,21.46396124],[69.80118084,21.45650005],[69.80492604,21.45578575],[69.80488575,21.45488954],[69.80177593,21.45536017],[69.79945815,21.45214283],[69.78787732,21.45148027],[69.78455675,21.45287538],[69.77847123,21.45833397],[69.78015542,21.4557687],[69.77980816,21.45535243],[69.77928054,21.45522475],[69.78860295,21.4453125],[69.78874958,21.4453125],[69.82258832,21.40778446],[69.88300335,21.33890772],[69.92297077,21.29196215],[69.94149423,21.27264035],[69.94386828,21.26953125],[69.94419634,21.26953125],[69.9609375,21.24916291],[69.98276055,21.22614396],[70.00038505,21.20558655],[70.00527787,21.20170593],[70.00896311,21.19646442],[70.01602185,21.19111621],[70.02602231,21.18082535],[70.02874005,21.17855895],[70.03217554,21.17848301],[70.03261948,21.17861438],[70.03832102,21.18304944],[70.03181434,21.17475855],[70.03192294,21.17446756],[70.04640627,21.15889168],[70.04712153,21.15616608],[70.05569994,21.14856792],[70.06067586,21.14232421],[70.06855774,21.13746774],[70.07067871,21.13256657],[70.09376907,21.11183214],[70.0984534,21.10588717],[70.09989572,21.10459542],[70.10516346,21.10544026],[70.10590351,21.10277784],[70.10885811,21.10101116],[70.11549342,21.09375],[70.11595952,21.09375],[70.12629032,21.08611143],[70.13282037,21.07969892],[70.13312411,21.07956743],[70.13596284,21.08220518],[70.13582861,21.08556664],[70.13659322,21.08562565],[70.13866365,21.08526957],[70.14630985,21.08057594],[70.14755654,21.078812],[70.14722502,21.07836294],[70.1409651,21.08198106],[70.14040923,21.0819056],[70.14019275,21.08158195],[70.14161432,21.07977486],[70.13939846,21.07973051],[70.13802171,21.07771516],[70.14100933,21.07411194],[70.14318025,21.06817174],[70.14685345,21.06683111],[70.15997505,21.05369103],[70.16372132,21.05204833],[70.16327882,21.05038464],[70.16571617,21.05023122],[70.17050445,21.04647946],[70.1773355,21.04033756],[70.17765546,21.03997707],[70.17700505,21.0389204],[70.18059766,21.03582466],[70.18672395,21.03190076],[70.18738735,21.0303272],[70.19347048,21.02726305],[70.19393754,21.0258249],[70.19852054,21.02311587],[70.21163106,21.01043916],[70.21411765,21.00992501],[70.21666968,21.00686455],[70.22042191,21.005656],[70.22124934,21.00292182],[70.22530973,21.00126088],[70.22663665,20.99874735],[70.231462,20.99852157],[70.23583305,20.9962095],[70.24018896,20.99967766],[70.23626137,20.99528384],[70.23825657,20.99389005],[70.24750745,21.00024962],[70.23978364,20.99255764],[70.24880028,20.98372304],[70.25181055,20.97882664],[70.25818503,20.97265983],[70.27640152,20.96166813],[70.28006816,20.95736515],[70.28940761,20.95164776],[70.29398847,20.94757664],[70.30931807,20.93882096],[70.31162608,20.93517733],[70.3125,20.93470967],[70.31462073,20.93444943],[70.31757784,20.93205905],[70.32029223,20.92796731],[70.32106853,20.92745745],[70.32921135,20.92420065],[70.33968115,20.91796875],[70.33995652,20.91796875],[70.34548175,20.9154911],[70.34652221,20.91796875],[70.34734976,20.92140281],[70.3476212,20.91897917],[70.35131967,20.92034185],[70.34861124,20.91796875],[70.34720445,20.91567934],[70.34741735,20.91501606],[70.35103023,20.91029417],[70.35229921,20.90910935],[70.36515236,20.90069914],[70.36904585,20.89952397],[70.37399852,20.89482987],[70.37441325,20.89612806],[70.37089407,20.89968753],[70.37141907,20.90250432],[70.37961912,20.90017033],[70.38572085,20.8973006],[70.38755965,20.89536881],[70.39342415,20.89397657],[70.40722156,20.88243365],[70.41290784,20.88385415],[70.4169147,20.88303244],[70.41641021,20.88655853],[70.41721451,20.88682091],[70.41786444,20.88261616],[70.41959345,20.88157344],[70.4159404,20.88247824],[70.41451943,20.88213277],[70.41221774,20.88059926],[70.41114283,20.87798297],[70.41314912,20.87535596],[70.42511952,20.86311293],[70.42946553,20.86141706],[70.43248975,20.85763025],[70.43937016,20.85234237],[70.44251144,20.85397792],[70.44709802,20.84997845],[70.44764054,20.84772515],[70.45236194,20.84848845],[70.45415854,20.84644413],[70.46092665,20.84356976],[70.46240461,20.84163463],[70.46903253,20.83837771],[70.47060013,20.83814001],[70.47415566,20.84080756],[70.47634745,20.84036398],[70.48103023,20.83596694],[70.48699617,20.83441973],[70.48923922,20.82815397],[70.49296224,20.82836366],[70.50066948,20.82371056],[70.50931513,20.82150674],[70.51331258,20.81827164],[70.51623511,20.81749535],[70.51915276,20.81373],[70.52388287,20.81057203],[70.52749455,20.81051815],[70.53218412,20.80886161],[70.53300381,20.80837667],[70.53595185,20.80441797],[70.53635585,20.80412734],[70.54123688,20.80190265],[70.54168177,20.80175447],[70.54938388,20.80439925],[70.55332363,20.80326295],[70.55928874,20.79786146],[70.55903292,20.79602802],[70.56241691,20.79248655],[70.57020187,20.79294014],[70.57906365,20.78822386],[70.58585012,20.78153062],[70.58964241,20.78202462],[70.59982717,20.77764702],[70.60518944,20.77667606],[70.60686445,20.77739525],[70.60940146,20.77630055],[70.61275113,20.77438927],[70.61162245,20.77143645],[70.61460435,20.76996791],[70.61706483,20.77168977],[70.62165415,20.7712239],[70.62764525,20.76794112],[70.63260877,20.76796043],[70.63553667,20.76937616],[70.64659297,20.76290357],[70.65299606,20.76416683],[70.65472353,20.76339102],[70.65465224,20.76438332],[70.65650535,20.76439047],[70.65699434,20.7598803],[70.66249764,20.75800395],[70.6640625,20.75585926],[70.66514444,20.75306976],[70.66600692,20.75257766],[70.66671026,20.75313127],[70.66639721,20.75560606],[70.6640625,20.76004457],[70.6639415,20.76001656],[70.66262174,20.76129913],[70.66288757,20.7618525],[70.6640625,20.76171875],[70.67129242,20.76085007],[70.67334235,20.76448655],[70.67468953,20.75726962],[70.68716836,20.74856007],[70.69256473,20.74670875],[70.69557667,20.74485981],[70.69868147,20.7421875],[70.69921875,20.7421875],[70.70345855,20.73795462],[70.70911384,20.73741233],[70.72441447,20.72958434],[70.72988856,20.72822952],[70.73578513,20.72387552],[70.74397624,20.72000217],[70.74883497,20.71957397],[70.75722241,20.72232306],[70.76482368,20.72125435],[70.77944112,20.71491051],[70.79236925,20.71211672],[70.79805458,20.70508301],[70.80437148,20.70071232],[70.80533195,20.70213807],[70.80780232,20.70172048],[70.81087935,20.70382822],[70.8062793,20.70600736],[70.80604267,20.7103343],[70.81005704,20.71086288],[70.81020915,20.7138859],[70.81343663,20.7153275],[70.81293213,20.71780884],[70.81633401,20.71902943],[70.81692982,20.71760237],[70.81586754,20.71497357],[70.82691872,20.71192074],[70.82878184,20.70901835],[70.82711995,20.70130944],[70.82746434,20.69768596],[70.81959367,20.69814444],[70.82063735,20.70009995],[70.81963873,20.70149744],[70.80728221,20.70046628],[70.81370938,20.69857311],[70.81901026,20.69384003],[70.82162225,20.69347346],[70.82238686,20.69102275],[70.82166667,20.69],[72.63694444,19.84222222],[72.68777778,19.62777778],[72.7,19.54055556],[72.74944444,19.3375],[72.76,19.26444445],[72.77416667,19.13333333],[72.78916667,18.9225],[72.795,18.87583333],[72.81307189,18.7057933],[72.81231904,18.70638096],[72.81236076,18.70376802],[72.81316781,18.70232403],[72.81352866,18.70234716],[72.81356124,18.70236176],[72.91472222,18.27111111],[72.93194444,18.21694444],[72.99018924,18.05642944],[72.99000192,18.05497205],[72.99129982,18.05332735],[73.0025,18.02],[73.01944444,17.96888889],[73.03055556,17.94194444],[73.13739963,17.55691826],[73.13737297,17.55681062],[73.13752008,17.55605543],[73.13794387,17.55468996],[73.16666667,17.405],[73.19042727,17.29985252],[73.18957305,17.29922724],[73.18935728,17.29851294],[73.18950152,17.29790306],[73.19048131,17.29708052],[73.19109196,17.29693256],[73.25333333,17.02666667],[73.31,16.53805556],[73.31638889,16.51111111],[73.45550981,15.88977824],[73.45528245,15.88987792],[73.4548074,15.8885324],[73.45644951,15.88686824],[73.45658712,15.886989],[73.76111111,15.34388889],[73.91218595,15.08435006],[73.91196156,15.08413124],[73.9123142,15.08412974],[73.91277778,15.08333333],[74.055,14.815],[74.39833333,14.31194444],[74.32532942,14.0204656],[74.32492852,14.02067316],[74.32333362,14.01782525],[74.32333851,14.01672244],[74.32352233,14.01584995],[74.32397325,14.01505086],[74.32277778,14.01027778],[74.64916667,13.40166667],[74.67155742,13.19932058],[74.67041004,13.19980621],[74.66988981,13.19936442],[74.67034066,13.19846201],[74.67253959,13.19635428],[74.81951201,12.86314605],[74.82128024,12.85665143],[74.82117236,12.85244155],[74.82380223,12.84694076],[74.82407248,12.84656084],[74.82473624,12.84680533],[74.82626331,12.84740686],[74.82642069,12.84736288],[74.83717633,12.82148416],[74.84557414,12.79664302],[74.84977587,12.7911689],[75.00888889,12.40833333],[75.15298662,12.10639444],[75.15307311,12.10621321],[75.15319938,12.10594864],[75.20111111,12.00555556],[75.52777778,11.49166667],[75.91,10.79],[75.9320826,10.74054741],[75.93585777,10.73144674],[75.93608415,10.73151576],[75.93609406,10.731564],[75.93758379,10.72822784],[75.9375,10.72795761],[75.9375,10.72767854],[75.9400537,10.72265625],[75.94005573,10.72265625],[75.94022948,10.722303],[75.95268887,10.69440097],[75.95473933,10.68848646],[75.9548732,10.68818796],[75.96590471,10.66475904],[75.96596457,10.6646709],[76.02304579,10.53684113],[76.02334511,10.53605628],[76.02406939,10.53454883],[76.02833333,10.525],[76.22166667,9.97416667],[76.31333333,9.50611111],[76.31479325,9.5064514],[76.31656265,9.49886036],[76.31853604,9.49408245],[76.31791151,9.4921875],[76.31909657,9.49036825],[76.31929171,9.48977006],[76.31975985,9.48244238],[76.32518256,9.46529365],[76.32897174,9.44883144],[76.33363855,9.43579495],[76.33333957,9.43301892],[76.33821785,9.41595185],[76.34002447,9.41026735],[76.35227466,9.37751317],[76.36903155,9.34363663],[76.38013506,9.31640625],[76.38062704,9.31640625],[76.38125932,9.31207836],[76.39556587,9.28435171],[76.40713036,9.25740945],[76.43242025,9.20470393],[76.43578017,9.19459724],[76.43862784,9.18817616],[76.45612133,9.15202522],[76.46060455,9.140625],[76.46103156,9.140625],[76.46166825,9.13952816],[76.46179557,9.13964117],[76.46216106,9.140625],[76.46418417,9.14115512],[76.46625555,9.14040184],[76.46682203,9.140625],[76.46790075,9.14136446],[76.46789944,9.14266276],[76.46099281,9.15896678],[76.45937061,9.15989387],[76.45844507,9.15688717],[76.45697701,9.15604866],[76.45456481,9.15855086],[76.45492423,9.16103518],[76.45731676,9.16126621],[76.45827341,9.16329014],[76.45169044,9.17788494],[76.44873524,9.17982686],[76.44622946,9.18383193],[76.43986416,9.18987608],[76.44077432,9.19287395],[76.43852222,9.20331323],[76.43203068,9.21938324],[76.43109214,9.22446275],[76.42082894,9.24156296],[76.42284393,9.24564254],[76.43186295,9.23049462],[76.44053745,9.23038661],[76.43948197,9.21855032],[76.44258285,9.20062757],[76.44876623,9.18652451],[76.45292306,9.18037951],[76.45807385,9.16733122],[76.46013141,9.16497433],[76.46262515,9.16482925],[76.46458435,9.16299915],[76.46730006,9.15789688],[76.46726167,9.15114772],[76.46825755,9.14722693],[76.47091794,9.14607525],[76.46988702,9.14475656],[76.47101665,9.14231014],[76.47401035,9.14260471],[76.47463155,9.14615333],[76.47763777,9.14829016],[76.47761846,9.15194786],[76.47890234,9.15425003],[76.476179,9.16007924],[76.47605574,9.16648424],[76.47806954,9.16759193],[76.48025978,9.17110002],[76.4825325,9.16879451],[76.48905814,9.17070198],[76.49054015,9.17009783],[76.48825085,9.16691565],[76.48227441,9.16749895],[76.48024464,9.16502535],[76.48075736,9.15248632],[76.48506415,9.13833511],[76.4833796,9.13643622],[76.48393595,9.12672377],[76.48258352,9.12552845],[76.47979355,9.12705576],[76.4774065,9.13320947],[76.47608364,9.13148606],[76.47442484,9.13133454],[76.47373521,9.12769043],[76.4761039,9.12611318],[76.47646308,9.12437511],[76.47359395,9.12446845],[76.47249365,9.12279534],[76.47283173,9.12512422],[76.47152042,9.12619972],[76.47227216,9.12680602],[76.47130811,9.1296283],[76.46698618,9.13145685],[76.46927452,9.13641167],[76.46736097,9.13503015],[76.46373987,9.13512254],[76.46366417,9.13512445],[76.4636358,9.13421571],[76.47295177,9.11398005],[76.48172975,9.09604836],[76.48300195,9.09524763],[76.51104271,9.02976823],[76.51786602,9.01919997],[76.51890552,9.01075375],[76.5206604,9.00595892],[76.52078342,9.00567102],[76.52127266,9.00534523],[76.52281082,9.00635386],[76.52173662,9.00442505],[76.52146804,8.99638247],[76.52382386,8.9899404],[76.52414954,8.98368204],[76.52421272,8.98334467],[76.52832091,8.96973264],[76.5279088,8.96782053],[76.52908504,8.96484375],[76.53509188,8.94736516],[76.53705251,8.93725967],[76.53546941,8.93565714],[76.5356369,8.93544495],[76.53718364,8.93505096],[76.53881764,8.93603635],[76.54306126,8.93535841],[76.54671097,8.93614018],[76.55355585,8.94675434],[76.55249274,8.95069897],[76.54978025,8.9536103],[76.54646564,8.95186245],[76.54437244,8.9530431],[76.54369164,8.95611525],[76.53849006,8.95893931],[76.53488338,8.95870411],[76.53424156,8.96010053],[76.54408073,8.96208942],[76.54405105,8.96484375],[76.54649651,8.96874654],[76.54998386,8.97041714],[76.55083585,8.97251475],[76.55511463,8.97617078],[76.55779886,8.97684515],[76.55886924,8.97824252],[76.56316125,8.97802031],[76.56632113,8.97924936],[76.56732297,8.98119056],[76.56589985,8.98342264],[76.56773186,8.98581111],[76.56809998,8.98573744],[76.56783438,8.98424065],[76.57103086,8.97742021],[76.56793678,8.97763491],[76.56339896,8.97491777],[76.55750334,8.97373366],[76.55414414,8.97108161],[76.55424476,8.96861196],[76.55583191,8.96604276],[76.55921185,8.96692407],[76.55788767,8.96484375],[76.55721593,8.96406162],[76.55678523,8.96384275],[76.55466461,8.9652158],[76.55428088,8.96519876],[76.54906821,8.96396327],[76.54746306,8.96254468],[76.54694331,8.96009111],[76.54745686,8.95818174],[76.55122435,8.95737255],[76.55398226,8.95525026],[76.55460966,8.95515871],[76.55787945,8.95567286],[76.55913866,8.95699108],[76.55874014,8.95497835],[76.55604768,8.95281327],[76.55682075,8.94909954],[76.55719018,8.94897425],[76.56252277,8.95053303],[76.56281781,8.95066154],[76.56630993,8.95355427],[76.56879604,8.95885706],[76.56808662,8.96079493],[76.56953836,8.96191323],[76.5703125,8.96484375],[76.57331288,8.96577084],[76.57535541,8.96917784],[76.57737374,8.97311771],[76.57752597,8.97388792],[76.57516503,8.97782326],[76.57529557,8.97812045],[76.57833886,8.98148477],[76.58142066,8.98301494],[76.58322501,8.99150991],[76.58558094,8.99451697],[76.59104145,8.99665844],[76.59455836,8.99507225],[76.59540343,8.98887563],[76.59329212,8.98752618],[76.59556174,8.98413706],[76.59766817,8.9848386],[76.6008476,8.98840916],[76.60435295,8.98998416],[76.60597825,8.99018562],[76.60615325,8.98997796],[76.60693955,8.98840404],[76.60770726,8.97889864],[76.60764754,8.97848225],[76.60648191,8.97522068],[76.60403836,8.97398758],[76.60573244,8.97105324],[76.60742235,8.9705801],[76.60625243,8.96804297],[76.60702181,8.96470416],[76.60859597,8.96335316],[76.60902357,8.96324527],[76.61208725,8.96394205],[76.61302376,8.96389031],[76.61407328,8.96302974],[76.61406326,8.96279228],[76.60924816,8.96090543],[76.60723734,8.95782638],[76.60669327,8.95634556],[76.60854614,8.95444775],[76.60856485,8.95345163],[76.60830724,8.95328021],[76.60480845,8.95467401],[76.60317981,8.95569587],[76.60041475,8.95833361],[76.60002196,8.95990574],[76.60064936,8.96111596],[76.603881,8.9630115],[76.60265374,8.96432471],[76.6000669,8.96333933],[76.59939754,8.96484375],[76.59943235,8.96528161],[76.6033107,8.96864223],[76.60384095,8.97089791],[76.60372102,8.97145915],[76.60207868,8.97344828],[76.60108137,8.97129965],[76.6007148,8.97132981],[76.59836376,8.97365534],[76.5941087,8.96892035],[76.59767294,8.96240592],[76.59691536,8.95792067],[76.59322035,8.95207477],[76.59416485,8.9496392],[76.59307802,8.94922805],[76.59107625,8.95128214],[76.58991003,8.95108247],[76.5869441,8.94626677],[76.58206022,8.94362617],[76.57033753,8.92902732],[76.57570827,8.92852736],[76.57673061,8.93101954],[76.58032167,8.93359292],[76.58322191,8.93363833],[76.58560634,8.93538666],[76.58777857,8.93506503],[76.58968663,8.93617654],[76.58874142,8.94188952],[76.58980334,8.94418287],[76.59087837,8.9403789],[76.59371376,8.94096565],[76.59266353,8.93961215],[76.59416497,8.93719363],[76.60085535,8.93743372],[76.59153354,8.93506837],[76.5899415,8.93317723],[76.59075832,8.92947626],[76.58230817,8.93003654],[76.58175814,8.92558575],[76.57404161,8.92593145],[76.56855917,8.92449677],[76.56645787,8.92323923],[76.56618857,8.92089522],[76.56748104,8.91892564],[76.56777334,8.91435516],[76.57113004,8.91379404],[76.57279098,8.90742505],[76.57438147,8.90575862],[76.57652485,8.91029573],[76.58348513,8.91639698],[76.58401191,8.91793835],[76.58687425,8.91808903],[76.58347034,8.91305578],[76.57736695,8.90706611],[76.57994175,8.90404427],[76.58190143,8.90619922],[76.58948565,8.90696788],[76.59139311,8.9162153],[76.59324241,8.91563392],[76.59542406,8.91169834],[76.59891415,8.91268516],[76.60313487,8.91809428],[76.60444522,8.92335987],[76.60822666,8.9278897],[76.61170506,8.92761266],[76.61266375,8.93021286],[76.61486316,8.9290632],[76.61883986,8.93121123],[76.61917412,8.92918456],[76.61564624,8.92735696],[76.60983038,8.92079437],[76.60987532,8.91532755],[76.61198902,8.91023242],[76.61418271,8.90921295],[76.61482024,8.90773606],[76.61261654,8.90792954],[76.60956526,8.91196227],[76.60806692,8.90960741],[76.60721135,8.91221106],[76.60587096,8.91291475],[76.60128295,8.9060992],[76.59248495,8.90046072],[76.58808506,8.90135157],[76.58477485,8.90369487],[76.58288336,8.90117598],[76.58598542,8.89381862],[76.58817196,8.89256024],[76.58835316,8.89204407],[76.58751655,8.8914963],[76.58598125,8.89147282],[76.58290315,8.89301753],[76.58340621,8.89577913],[76.58095682,8.89967167],[76.58074844,8.90227127],[76.57992995,8.90277755],[76.57649565,8.9040035],[76.57603383,8.90396285],[76.57358384,8.89825845],[76.57285941,8.89717674],[76.5715667,8.89663506],[76.57124162,8.89691174],[76.57194006,8.90133977],[76.57056224,8.90480006],[76.57096767,8.90840697],[76.56969702,8.91125453],[76.56590402,8.91495955],[76.56271815,8.92371297],[76.56478441,8.92576706],[76.56565225,8.92907524],[76.56369364,8.92894888],[76.56349623,8.93011165],[76.56513846,8.93143785],[76.56058776,8.93436694],[76.55862975,8.93340123],[76.5584712,8.93523216],[76.55602395,8.93535817],[76.55796087,8.93812597],[76.55796075,8.93848717],[76.55603755,8.94057274],[76.55366755,8.94131374],[76.55130243,8.94026303],[76.55001116,8.93810904],[76.54877496,8.93257713],[76.54364812,8.93392646],[76.54114807,8.93282306],[76.5356369,8.9333837],[76.53534067,8.93286335],[76.53557396,8.93259525],[76.53921187,8.93134451],[76.54063356,8.92674494],[76.54194891,8.91364837],[76.54597092,8.90556061],[76.54633915,8.90282548],[76.54701614,8.90181506],[76.5496546,8.90052962],[76.55442405,8.89232445],[76.55990875,8.88853765],[76.56565571,8.87948966],[76.56955874,8.87698841],[76.58297265,8.86999786],[76.58332252,8.87002075],[76.58364797,8.87102854],[76.58220005,8.87241566],[76.57045364,8.87751114],[76.56823623,8.87959993],[76.56807804,8.88011515],[76.57123733,8.88192761],[76.57239723,8.88218105],[76.57464182,8.88206482],[76.57918966,8.88110876],[76.58148587,8.88023412],[76.5924319,8.87412477],[76.5933429,8.87341595],[76.60708225,8.86216855],[76.61925423,8.85014594],[76.64051056,8.82560146],[76.640625,8.82505584],[76.64587104,8.81726146],[76.64867365,8.81045783],[76.64900827,8.80999732],[76.65820766,8.7993865],[76.66067886,8.79509973],[76.66660392,8.7890625],[76.66686523,8.7890625],[76.67026031,8.78550506],[76.67937624,8.77314377],[76.68343127,8.76464295],[76.68900192,8.75593686],[76.69392443,8.75036657],[76.69562244,8.74755681],[76.6978693,8.74346447],[76.69978857,8.73746455],[76.70384741,8.73481035],[76.70656836,8.72967267],[76.72056425,8.7150861],[76.72856486,8.70429337],[76.73313761,8.69986606],[76.75600982,8.66998458],[76.75958347,8.66702867],[76.78448164,8.63569844],[76.78596354,8.63239467],[76.80201638,8.61328125],[76.80258071,8.61328125],[76.82762897,8.58066535],[76.83500505,8.57291424],[76.83957314,8.56602704],[76.87428784,8.52429438],[76.87852633,8.51748896],[76.90474987,8.48625052],[76.91148305,8.47973645],[76.91575801,8.47341168],[76.9234097,8.4647392],[76.92515361,8.46423995],[76.94359136,8.44188094],[76.94619656,8.4375],[76.94623351,8.4375],[76.94709325,8.43632185],[76.95196462,8.43159652],[76.95645142,8.42448723],[76.96329355,8.41718733],[76.96572888,8.41117585],[76.96836925,8.4081645],[76.97327018,8.39678454],[76.9698348,8.39382982],[76.9723165,8.38981557],[76.97548294,8.38847935],[76.97498596,8.38517988],[76.97820413,8.38477087],[76.97897613,8.38165271],[76.98380363,8.37919533],[76.98503578,8.37615454],[76.98982203,8.37281501],[76.98854327,8.37619305],[76.98866022,8.37674117],[76.98915148,8.37710214],[76.98990607,8.37704623],[76.99175668,8.37499595],[76.9921875,8.375],[76.9921875,8.37555802],[76.99336171,8.37643015],[76.99514186,8.37599885],[76.99967253,8.37168145],[77.00210846,8.37095737],[77.00320721,8.36563432],[77.00702953,8.36288774],[77.00923252,8.35669041],[77.01785088,8.35573971],[77.02890265,8.34785211],[77.03967655,8.33827126],[77.04711628,8.33351886],[77.0518589,8.32759535],[77.06166923,8.3193084],[77.06473577,8.31807125],[77.07718742,8.30839014],[77.07913303,8.30874956],[77.08568502,8.3040266],[77.08644986,8.30297995],[77.08526444,8.30277896],[77.08559346,8.30061495],[77.12062347,8.27536845],[77.13850725,8.26171875],[77.13878918,8.26171875],[77.13974237,8.26083851],[77.14600825,8.25743175],[77.16233492,8.24442208],[77.16260254,8.24633956],[77.16684461,8.24472141],[77.17015946,8.23674786],[77.18096817,8.22647202],[77.18476391,8.21950364],[77.20187414,8.21024227],[77.22356522,8.19641113],[77.22828794,8.18899405],[77.22983205,8.18816507],[77.23082936,8.18511784],[77.23957407,8.17629135],[77.24328065,8.17604172],[77.24801421,8.17235684],[77.25292945,8.17280197],[77.26185763,8.16969967],[77.27884841,8.16113305],[77.29682744,8.14914334],[77.30208814,8.14324844],[77.30188787,8.13954294],[77.30391633,8.13694274],[77.30352914,8.13159287],[77.30566573,8.13067555],[77.30582655,8.12782204],[77.31053734,8.12627625],[77.31210268,8.12396431],[77.31631577,8.12081897],[77.31805384,8.12055981],[77.31846237,8.12073112],[77.31922162,8.12292612],[77.32248187,8.12211263],[77.3235445,8.12589395],[77.32465816,8.12621164],[77.32514942,8.12632763],[77.33322537,8.12602878],[77.33472824,8.12578464],[77.34375,8.12388384],[77.36364675,8.11946917],[77.37465656,8.11446166],[77.38641524,8.11181915],[77.40201795,8.10596001],[77.42395806,8.09960926],[77.43010497,8.09932578],[77.43411255,8.0971539],[77.43752694,8.09720945],[77.44888127,8.09405851],[77.47982132,8.08968043],[77.4806782,8.08851671],[77.49806631,8.08704567],[77.50021923,8.0859375],[77.50065732,8.0859375],[77.50717616,8.08356571],[77.51691568,8.08187842],[77.52584803,8.0814414],[77.52832985,8.08086526],[77.53076577,8.07965612],[77.53174353,8.07717574],[77.53849554,8.07834256],[77.54989731,8.07779896],[77.5508939,8.07661283],[77.55123186,8.07664335],[77.55123568,8.07664848],[77.55393851,8.0769304],[77.55666667,8.07333333],[77.55816523,8.07414177],[77.58502965,8.08863442],[77.59923107,8.09629571],[77.62423683,8.10978566],[77.65510824,8.12643997],[77.66883981,8.13384779],[77.68172367,8.14079829],[77.72656031,8.16498648],[77.74666667,8.17583333],[77.76977245,8.18994692],[77.79822385,8.20732574],[77.84452157,8.23560553],[77.90640127,8.27340318],[77.98975707,8.32431897],[78.06482714,8.37017362],[78.06657624,8.37036753],[78.06705368,8.37063766],[78.06779187,8.37198455],[78.07,8.37333333],[78.08242929,8.39796796],[78.108087,8.44882109],[78.13166667,8.49555556],[78.14977816,8.54180638],[78.17440601,8.60469783],[78.20862008,8.69206935],[78.22106669,8.72385392],[78.23,8.74666667],[78.33194729,8.84982761],[78.35751139,8.87569605],[78.46668636,8.98617073],[78.51104096,9.03105335],[78.58,9.10083333],[78.67835428,9.11808564],[78.77443973,9.13493997],[78.92641309,9.1615976],[78.98780319,9.17236602],[79.00350763,9.17512074],[79.08833333,9.19],[79.09498152,9.18854492],[79.12557398,9.18184922],[79.21373301,9.16255403],[79.41019627,9.11955453],[79.46353607,9.10788016],[79.48484252,9.10321686],[79.53,9.09333333],[79.52666667,9.10666667],[79.43543904,9.2074972],[79.42500472,9.21902987],[79.34753368,9.30465576],[79.33666667,9.31666667],[79.33333907,9.31524992],[79.33327258,9.31537414],[79.33216941,9.31640625],[79.33207214,9.31640625],[79.33044422,9.31890655],[79.32999587,9.31925201],[79.32470357,9.32248604],[79.32112944,9.32474542],[79.31441665,9.32776535],[79.31172061,9.32833517],[79.31084633,9.32833254],[79.30307734,9.32530546],[79.30012476,9.32264078],[79.28997481,9.31986701],[79.28962946,9.31969488],[79.28891075,9.31780887],[79.28597021,9.31640625],[79.28610444,9.31640625],[79.27950907,9.31187654],[79.27767873,9.30959225],[79.2730478,9.30262125],[79.2711668,9.29602802],[79.2682265,9.29385555],[79.26735043,9.2934767],[79.25512981,9.29167867],[79.23074496,9.29261768],[79.2208091,9.29183126],[79.21979761,9.29134274],[79.21599495,9.28590333],[79.21288037,9.28350985],[79.20560241,9.28029645],[79.20536053,9.28018415],[79.20512089,9.27938008],[79.19062098,9.28173913],[79.19078553,9.28206491],[79.19055653,9.28322637],[79.18144226,9.28323245],[79.17676592,9.28456867],[79.16092443,9.28422165],[79.14853597,9.28983247],[79.14006412,9.29231846],[79.13172686,9.28722382],[79.12678504,9.28770494],[79.12401867,9.28960598],[79.10973752,9.28853393],[79.1015625,9.29017854],[79.08687723,9.29513395],[79.07476056,9.29819775],[79.06559086,9.29941571],[79.06439984,9.29987311],[79.04749227,9.30946565],[79.03769326,9.31640625],[79.03735924,9.31640625],[79.03422213,9.31857681],[79.02190936,9.32739568],[79.0208683,9.32938766],[79.01943195,9.32931495],[79.01236475,9.336151],[79.00099564,9.34501636],[79.00038266,9.34500647],[78.99891901,9.34455526],[78.99781513,9.34335291],[78.99670303,9.34059465],[78.99729967,9.33855331],[79.00068724,9.33646655],[79.00238407,9.33311582],[79.00169027,9.32921696],[78.9992938,9.32757676],[78.98749042,9.32731736],[78.96667683,9.33585131],[78.96640444,9.33609772],[78.96734881,9.33703816],[78.96927285,9.33718288],[78.9877429,9.32871246],[78.99783087,9.32899046],[79.00143945,9.33027172],[79.0016855,9.33075786],[79.0017482,9.33382881],[78.99496114,9.33835626],[78.99387705,9.34003866],[78.99388123,9.34045851],[78.99653304,9.34782076],[78.99608862,9.34882927],[78.98932791,9.35391414],[78.97061026,9.37207031],[78.94320536,9.40192521],[78.93959487,9.40616858],[78.92709756,9.42262065],[78.91001666,9.45075154],[78.9018141,9.46666741],[78.90011692,9.4710412],[78.89823484,9.48046064],[78.89822006,9.48867404],[78.90079296,9.49173033],[78.90406895,9.49297798],[78.90937412,9.49086535],[78.91048181,9.4908663],[78.91340518,9.49153531],[78.91376066,9.4921875],[78.91468763,9.49375236],[78.9148128,9.49431992],[78.91443622,9.50119185],[78.91570127,9.50483596],[78.91489935,9.50849485],[78.91724074,9.51531756],[78.91702652,9.51737785],[78.91893804,9.51886261],[78.92146695,9.52457857],[78.92244625,9.52764738],[78.922719,9.53064895],[78.92233455,9.53198385],[78.91857755,9.53672314],[78.91894805,9.5423845],[78.91904986,9.54329264],[78.92257357,9.55835974],[78.92230964,9.56397951],[78.92393064,9.56710994],[78.92418754,9.57261026],[78.92813706,9.58054066],[78.92736673,9.58604622],[78.92951953,9.59413934],[78.93437767,9.60311913],[78.93514967,9.60823011],[78.93883967,9.61088073],[78.94456375,9.61778152],[78.95415378,9.62379694],[78.95943272,9.62976694],[78.96198285,9.63797331],[78.96134806,9.64208102],[78.96264565,9.64044225],[78.96394575,9.64131176],[78.96505642,9.64521015],[78.96990776,9.65247273],[78.97010922,9.65296376],[78.97108757,9.65668356],[78.97155595,9.66740561],[78.97174168,9.66796875],[78.97192025,9.66796875],[78.98042095,9.68817675],[78.98177385,9.69030583],[78.98830926,9.69684851],[78.99404526,9.70830262],[79.00458956,9.71711802],[79.00875711,9.72508073],[79.01282275,9.72767854],[79.01770055,9.73284173],[79.02092874,9.74094057],[79.0264765,9.74591005],[79.03698134,9.7617439],[79.04169285,9.76596975],[79.04968226,9.76816571],[79.05777705,9.77261794],[79.05872464,9.7737782],[79.06281304,9.78278375],[79.06906152,9.792014],[79.07767415,9.79865146],[79.07943404,9.80120492],[79.08041751,9.80959821],[79.08748186,9.82246935],[79.08882475,9.82435823],[79.09218538,9.82815373],[79.09552741,9.83089375],[79.10113776,9.83482134],[79.1015625,9.83482134],[79.10674095,9.83708334],[79.10767865,9.83799076],[79.11005425,9.84375],[79.11034453,9.84375],[79.11961234,9.85197854],[79.12183511,9.85473585],[79.12414992,9.85893786],[79.12470674,9.86255777],[79.12362933,9.86627984],[79.12306905,9.86728144],[79.12018013,9.86925638],[79.11988366,9.86983514],[79.11887312,9.87425864],[79.11934543,9.87568235],[79.12476194,9.88440692],[79.12541783,9.88907075],[79.12671125,9.89179516],[79.12809873,9.89395606],[79.12850666,9.89434636],[79.13669026,9.90052998],[79.14324367,9.90830553],[79.14472306,9.9097265],[79.14898801,9.91269863],[79.15183175,9.91706586],[79.15350032,9.92008173],[79.1536324,9.92072105],[79.15273833,9.92687404],[79.15288293,9.92752075],[79.15533185,9.93221354],[79.16308117,9.93775606],[79.17037976,9.9449532],[79.17408454,9.95019531],[79.19267488,9.96815836],[79.19905305,9.97135687],[79.2007817,9.97699261],[79.20252585,9.98025393],[79.20444465,9.98278677],[79.22016156,9.99965835],[79.22467315,10.00580585],[79.22493625,10.00796783],[79.22518063,10.00826144],[79.22722864,10.00763667],[79.23782468,10.01953125],[79.23810816,10.01953125],[79.24273944,10.02499127],[79.24686372,10.02832365],[79.25213087,10.0314995],[79.2672888,10.03830564],[79.25745904,10.04392624],[79.25263166,10.04838884],[79.25222993,10.05301535],[79.25361884,10.06252205],[79.25218201,10.06632853],[79.24707425,10.07084215],[79.24264598,10.07233346],[79.24419618,10.07261431],[79.2436496,10.07317924],[79.23648715,10.07441652],[79.23280001,10.08255446],[79.23321295,10.08384395],[79.23152673,10.08522391],[79.22869182,10.09196556],[79.22664428,10.09840965],[79.22645092,10.10113192],[79.22953677,10.10393035],[79.22826755,10.11266506],[79.22838831,10.11314106],[79.23236716,10.12396133],[79.23717725,10.12865734],[79.23371923,10.12863708],[79.23038006,10.1311022],[79.22871911,10.13770056],[79.23051965,10.13878274],[79.23049152,10.14212883],[79.22901285,10.14360535],[79.23073602,10.15019906],[79.23781216,10.15260804],[79.23980606,10.1544404],[79.24091053,10.16266167],[79.23788726,10.16867435],[79.24147773,10.17424631],[79.24125457,10.18037617],[79.24250805,10.18270254],[79.25276065,10.18797564],[79.26012397,10.19316995],[79.26247096,10.1953125],[79.26260066,10.1953125],[79.26569057,10.19824314],[79.26902115,10.20420897],[79.26942742,10.20460784],[79.28116167,10.21369982],[79.28013384,10.22037685],[79.27072954,10.22498941],[79.27036655,10.22527885],[79.26829386,10.22851551],[79.26789916,10.22969961],[79.26799655,10.23180938],[79.27371061,10.24006498],[79.27403605,10.24043977],[79.29488635,10.26035643],[79.29539835,10.26074386],[79.30124295,10.2647866],[79.30847275,10.2643826],[79.31168795,10.26995766],[79.31476808,10.27357686],[79.31608403,10.27478731],[79.32004654,10.27785301],[79.32937932,10.28342462],[79.332497,10.28484774],[79.34171355,10.28703725],[79.34732902,10.28697395],[79.34766698,10.29562807],[79.34899676,10.29313564],[79.34858286,10.29076016],[79.35003304,10.28975153],[79.35116732,10.28609514],[79.35362208,10.28850758],[79.36254084,10.29210222],[79.3659991,10.29214084],[79.366521,10.29384756],[79.36514783,10.29595304],[79.35858786,10.30057883],[79.35860062,10.30181134],[79.36310804,10.29991424],[79.36949325,10.29484463],[79.37615526,10.30224848],[79.38000715,10.31208074],[79.38261986,10.31545973],[79.38578534,10.31659865],[79.39529145,10.31783617],[79.41386855,10.31687272],[79.42744148,10.3150779],[79.43711674,10.31543303],[79.44443727,10.31369126],[79.45042682,10.31438112],[79.453125,10.31361604],[79.48105144,10.31054676],[79.50253797,10.30964804],[79.50668955,10.30839443],[79.51209795,10.30903864],[79.51273584,10.30945694],[79.51813841,10.31506765],[79.51794541,10.31578302],[79.51736093,10.31602025],[79.50785065,10.31504035],[79.49988103,10.31620383],[79.49902225,10.31743801],[79.49746382,10.31668794],[79.48678291,10.31699431],[79.45713031,10.32034254],[79.45742464,10.32478011],[79.45875013,10.32699382],[79.46133125,10.32517147],[79.47080231,10.32474375],[79.47358656,10.32581115],[79.48043525,10.32402265],[79.48594427,10.32495964],[79.48658013,10.3260324],[79.48114121,10.33320606],[79.47598708,10.33559811],[79.46880102,10.33570492],[79.46624517,10.33891022],[79.46294415,10.33757591],[79.46266115,10.33622444],[79.46072125,10.33710551],[79.45901835,10.33525503],[79.45837522,10.33653462],[79.45518744,10.33635592],[79.45588803,10.34165847],[79.45609927,10.34204245],[79.4577986,10.33781695],[79.46120524,10.33789063],[79.46262276,10.33928573],[79.46723032,10.34006977],[79.46945107,10.33918715],[79.47146845,10.33666527],[79.47617805,10.33648336],[79.47821415,10.33510423],[79.48132396,10.33632755],[79.48634446,10.33557224],[79.48760247,10.33010364],[79.49079215,10.32928252],[79.49459255,10.33058584],[79.49397302,10.32763934],[79.48870397,10.32862091],[79.48752594,10.32800961],[79.48840225,10.32698453],[79.48780465,10.32523835],[79.49266732,10.32363474],[79.49284744,10.32021391],[79.4957813,10.31864882],[79.49362946,10.32241261],[79.49457145,10.32586336],[79.49672806,10.32791674],[79.49549317,10.32134604],[79.50078034,10.32009983],[79.50452936,10.32200563],[79.50558484,10.32834232],[79.50244486,10.33014405],[79.50178492,10.33330834],[79.50801885,10.33828056],[79.5123831,10.33740163],[79.51437664,10.33387101],[79.50991702,10.33111894],[79.51058495,10.32984078],[79.51702845,10.32733881],[79.52190185,10.3306272],[79.52727604,10.33019722],[79.52961564,10.32775736],[79.52840245,10.32437396],[79.52573395,10.32446206],[79.52493334,10.32724094],[79.52372324,10.32776046],[79.52265656,10.32709944],[79.52292001,10.32533967],[79.51943195,10.32504344],[79.51198697,10.32618654],[79.50873744,10.32768714],[79.50717926,10.32506394],[79.51620865,10.32034111],[79.52008545,10.32051837],[79.52390802,10.318295],[79.52965414,10.32148206],[79.53757644,10.32191062],[79.54014873,10.32260656],[79.54090977,10.32431424],[79.54354286,10.32410383],[79.54155338,10.32828605],[79.53447843,10.33563793],[79.53441215,10.33615565],[79.53664386,10.33785665],[79.53917265,10.33789063],[79.54068696,10.33645713],[79.54358566,10.33780408],[79.54368925,10.33805478],[79.54330945,10.33859265],[79.54022133,10.33875418],[79.53822231,10.34673584],[79.53842616,10.34707224],[79.53897512,10.34697127],[79.54083955,10.34420347],[79.54063523,10.34194624],[79.54289401,10.33910942],[79.54347002,10.34246337],[79.54256713,10.34587407],[79.54359925,10.34747565],[79.54574513,10.34786677],[79.57635212,10.34075212],[79.58313048,10.34132481],[79.58364177,10.3414489],[79.58666611,10.34345663],[79.58703017,10.34334171],[79.59002471,10.34000862],[79.58729696,10.32938302],[79.58652031,10.32784593],[79.58261073,10.32787538],[79.56187332,10.33280027],[79.55990004,10.33238077],[79.5532366,10.3287816],[79.5515058,10.32491624],[79.55159545,10.31992805],[79.54932332,10.31678402],[79.53766716,10.31201506],[79.53168786,10.31653643],[79.52785456,10.31667805],[79.52516866,10.31510735],[79.52318394,10.31096566],[79.52313495,10.30788636],[79.52435565,10.30699956],[79.52623642,10.3056612],[79.52700984,10.30537033],[79.55010092,10.30099893],[79.56562781,10.29960084],[79.57317174,10.29841328],[79.57719338,10.29672217],[79.58182204,10.29707432],[79.63377786,10.289312],[79.67419732,10.28100038],[79.68531704,10.28038335],[79.72729623,10.27402496],[79.73024273,10.27402484],[79.73475134,10.27700245],[79.73916364,10.27750516],[79.73941874,10.27810264],[79.73914695,10.27924025],[79.73514783,10.27802777],[79.73153496,10.28028214],[79.71572232,10.28385711],[79.71351802,10.28687835],[79.70866585,10.28693521],[79.70896995,10.28328538],[79.70303762,10.28568482],[79.68292797,10.29011881],[79.68054605,10.29220164],[79.68637121,10.29104507],[79.69069684,10.29191744],[79.68317795,10.29495132],[79.67633224,10.30047226],[79.67357194,10.30115235],[79.66882098,10.29967141],[79.66613996,10.29531884],[79.66391921,10.29657531],[79.66884232,10.30135655],[79.66638577,10.30125666],[79.66271555,10.29786754],[79.66566765,10.29149544],[79.6651715,10.28918695],[79.66256344,10.28915024],[79.65641141,10.29199815],[79.64575613,10.29216528],[79.64441621,10.29378045],[79.62471247,10.29551041],[79.61950827,10.29746306],[79.619753,10.29857588],[79.61685157,10.29857886],[79.61541212,10.29721451],[79.61611831,10.29892075],[79.60299933,10.29969597],[79.60287976,10.30075097],[79.59527695,10.302423],[79.59322417,10.30105495],[79.59286046,10.30271804],[79.58955312,10.30297673],[79.58882296,10.30199754],[79.58753037,10.30464292],[79.58231914,10.30289733],[79.57958365,10.30450177],[79.57432902,10.30470216],[79.56961644,10.30701041],[79.55573666,10.30834424],[79.55125546,10.31235802],[79.55082297,10.31358135],[79.56381285,10.31017697],[79.56457806,10.31006086],[79.57205105,10.31048465],[79.57667315,10.30862308],[79.58083105,10.30862224],[79.58764565,10.31274664],[79.58507621,10.30973935],[79.58942127,10.30862308],[79.59674108,10.30865467],[79.59942615,10.3094604],[79.6066395,10.31562674],[79.61356103,10.31741655],[79.61676335,10.32490766],[79.62130857,10.33077443],[79.62202776,10.33378255],[79.62059152,10.34080803],[79.61881065,10.34085286],[79.61664248,10.33817232],[79.61580074,10.34062302],[79.61453474,10.34085381],[79.61302865,10.33952332],[79.61051905,10.34124827],[79.62036395,10.34392488],[79.62232804,10.34753323],[79.62122226,10.34834838],[79.62504935,10.35126746],[79.62416005,10.35836327],[79.62525034,10.36063063],[79.62995124,10.3629204],[79.63148415,10.36202991],[79.62755406,10.35673523],[79.62951612,10.3528434],[79.62759066,10.35020936],[79.62753522,10.34599423],[79.63074315,10.33940876],[79.63117444,10.33607686],[79.63417244,10.33385015],[79.63500154,10.33529425],[79.63744164,10.32769942],[79.63646293,10.31821954],[79.63868713,10.31783831],[79.63950264,10.31889415],[79.64520848,10.31894696],[79.64719307,10.32000375],[79.65698886,10.31872034],[79.67182064,10.31922591],[79.68717814,10.32530534],[79.70458615,10.32345414],[79.70914388,10.32508075],[79.71016431,10.32499492],[79.71163607,10.32475162],[79.71194768,10.32452011],[79.71166992,10.3236829],[79.70875466,10.32341623],[79.72061312,10.31886983],[79.73056853,10.31104612],[79.73762655,10.31029642],[79.74389517,10.31332994],[79.75734568,10.31358612],[79.76165354,10.31248295],[79.76668692,10.30674923],[79.77523196,10.30254495],[79.77828825,10.30241215],[79.77858067,10.30179834],[79.77781367,10.30150843],[79.77388144,10.30167174],[79.77303255,10.30182636],[79.76882148,10.30360091],[79.76262164,10.31017184],[79.75977945,10.31191981],[79.75712216,10.31198525],[79.75825286,10.31013823],[79.75764835,10.30846536],[79.75879633,10.30649233],[79.76045871,10.30454803],[79.76398194,10.30083108],[79.77948928,10.29210317],[79.78537834,10.28669083],[79.78675926,10.28390777],[79.78676546,10.28363585],[79.78498077,10.28104544],[79.7844758,10.28075635],[79.78268528,10.28173912],[79.77925575,10.28151095],[79.7757858,10.28577912],[79.77212286,10.28434384],[79.77104425,10.28708196],[79.7694267,10.28788114],[79.76876831,10.28787923],[79.76343286,10.28713632],[79.7606101,10.28241706],[79.75809276,10.28427601],[79.76071215,10.28669083],[79.75861931,10.29020464],[79.7543596,10.29020512],[79.75328302,10.28851783],[79.75144637,10.29011285],[79.74918783,10.28890443],[79.75134385,10.28582644],[79.75033271,10.28358483],[79.74907255,10.28399575],[79.74719655,10.28251445],[79.75152421,10.27846718],[79.75498831,10.27744257],[79.75554466,10.27534628],[79.75096262,10.27611208],[79.75033677,10.27783155],[79.74746215,10.27943397],[79.74572372,10.27847374],[79.74614096,10.27678573],[79.74329746,10.2767266],[79.74280775,10.27822745],[79.74153996,10.27830946],[79.74155605,10.27793646],[79.74292946,10.27529705],[79.74329245,10.27514374],[79.74448812,10.27486575],[79.75861585,10.27371645],[79.78725112,10.27287936],[79.8046875,10.27371645],[79.83538032,10.27541995],[79.84992421,10.2787683],[79.85174954,10.27934146],[79.85305464,10.28063095],[79.85869622,10.2818439],[79.85936058,10.28306794],[79.86691475,10.28632808],[79.87646872,10.29399133],[79.87833333,10.29166667],[79.88888889,10.30833333],[79.88189281,10.32232549],[79.88048025,10.3279559],[79.85833333,11.19722222],[79.84583333,11.35],[79.78333333,11.70611111],[79.94667765,12.10594864],[79.94678573,12.10621321],[79.94685977,12.10639444],[79.99361111,12.22083333],[80.14583333,12.44666667],[80.14790997,12.45198287],[80.15561354,12.46577954],[80.15610707,12.46763384],[80.15625,12.46763384],[80.15625,12.46847093],[80.15732276,12.47179353],[80.15795264,12.47769208],[80.20833333,12.60666667],[80.25666667,12.78166667],[80.34666667,13.27666667],[80.34888889,13.30694444],[80.34621846,13.32443573],[80.34614015,13.32573974],[80.34532416,13.33072853],[80.34525203,13.33076585],[80.34457163,13.33522247],[80.34475291,13.33769894],[80.34286063,13.34616957],[80.32666667,13.44333333],[80.25555556,13.78166667],[80.19722222,14.57777778],[80.19727469,14.58093081],[80.19777656,14.5827533],[80.19916415,14.58408678],[80.19917917,14.58689404],[80.19777977,14.58984375],[80.19749153,14.59026217],[80.1975466,14.59298635],[80.19747648,14.59305644],[80.2125,15.49583333],[80.93364589,15.72110557],[80.93426502,15.72048533],[80.93540096,15.71934664],[80.93927705,15.71837866],[80.94576085,15.72144675],[80.94765246,15.72270966],[80.9496454,15.72522986],[80.95097625,15.72834337],[80.95282817,15.72986484],[80.95687926,15.7328763],[80.95901792,15.73436889],[80.96879187,15.74042874],[80.97248316,15.74195945],[80.97555014,15.74461886],[80.97957237,15.74711265],[80.97945094,15.74655688],[80.97728634,15.74198866],[80.95585954,15.72970605],[80.95449197,15.72850573],[80.95447147,15.72801673],[80.95523632,15.72758412],[80.95605588,15.72747433],[80.96040702,15.72886193],[80.98266566,15.73999202],[80.98301041,15.74018991],[81.00108647,15.75184906],[81.00634885,15.75790656],[81.00446725,15.76138866],[81.00432003,15.76143563],[81.00355792,15.75837624],[80.99954764,15.75949731],[81.01111111,15.76666667],[81.15666667,15.96666667],[81.7,16.29444445],[81.95833333,16.39444444],[82.32222222,16.57083333],[83.215,17.59],[84.13416667,18.31666667],[84.35888889,18.55611111],[84.55833333,18.79444444],[86.375,19.95],[86.7925,20.34166667],[87.10166667,20.74166667],[88.725,21.37833333],[88.94595747,21.47634219],[89.14583333,21.565],[89.16600993,21.56897979],[89.1821983,21.45203838],[89.18311111,21.44544444],[89.18355902,21.44256755],[89.19566037,21.36484042],[89.18913433,21.36194645],[89.18103727,21.3583558],[89.1729402,21.35476515],[89.16484313,21.3511745],[89.15674607,21.34758385],[89.14864902,21.3439932],[89.14055197,21.34040256],[89.13245491,21.33681191],[89.12435784,21.33322125],[89.11626078,21.32963061],[89.10816374,21.32603996],[89.10006668,21.32244932],[89.09196963,21.31885867],[89.08387257,21.31526802],[89.07577552,21.31167737],[89.06767848,21.30808673],[89.05958143,21.30449608],[89.05148438,21.30090544],[89.04338732,21.29731479],[89.03529028,21.29372414],[89.02719324,21.2901335],[89.01909619,21.28654286],[89.01099915,21.28295221],[89.0029021,21.27936156],[88.99480506,21.27577092],[88.98670802,21.27218028],[88.97861098,21.26858963],[88.97051394,21.26499899],[88.9624169,21.26140834],[88.95431986,21.2578177],[88.94622283,21.25422706],[88.9381258,21.25063641],[88.93002876,21.24704577],[88.92193172,21.24345512],[88.91383468,21.23986448],[88.90573766,21.23627384],[88.89764063,21.2326832],[88.88954359,21.22909255],[88.88144656,21.22550191],[88.87334954,21.22191127],[88.86525252,21.21832063],[88.85715549,21.21472999],[88.84905845,21.21113935],[88.84096143,21.20754871],[88.83286441,21.20395807],[88.82476739,21.20036743],[88.81667627,21.1967794],[88.8144477,21.19582016],[88.80996779,21.19394969],[88.80771647,21.19303846],[88.79935138,21.18975835],[88.79098027,21.18647587],[88.78260915,21.18319339],[88.77423804,21.17991091],[88.76586692,21.17662843],[88.75749579,21.17334594],[88.74912468,21.17006346],[88.74075357,21.16678098],[88.73238246,21.1634985],[88.72401134,21.16021602],[88.71564022,21.15693354],[88.70726911,21.15365106],[88.698898,21.15036858],[88.69052689,21.1470861],[88.68215578,21.14380362],[88.67378466,21.14052114],[88.66541355,21.13723866],[88.65704245,21.13395618],[88.64867135,21.1306737],[88.64030024,21.12739122],[88.63192912,21.12410874],[88.62355802,21.12082626],[88.61518692,21.11754379],[88.60681582,21.11426131],[88.59844472,21.11097883],[88.5900736,21.10769635],[88.5817025,21.10441387],[88.57333141,21.10113139],[88.56496031,21.09784892],[88.55658921,21.09456644],[88.5482181,21.09128396],[88.539847,21.08800148],[88.53147591,21.08471901],[88.52310481,21.08143653],[88.51473372,21.07815405],[88.50636261,21.07487157],[88.49799151,21.07158909],[88.48962043,21.06830662],[88.48124934,21.06502415],[88.47287824,21.06174167],[88.46450715,21.05845919],[88.45613605,21.05517671],[88.44776497,21.05189424],[88.43939388,21.04861176],[88.43102278,21.04532928],[88.4226517,21.04204681],[88.41428062,21.03876434],[88.40590953,21.03548186],[88.39753844,21.03219939],[88.38916735,21.02891691],[88.38079626,21.02563443],[88.37242519,21.02235196],[88.3640541,21.01906949],[88.35568302,21.01578701],[88.34731193,21.01250453],[88.33894085,21.00922206],[88.33056977,21.00593959],[88.3221987,21.00265712],[88.31382762,20.99937464],[88.30545653,20.99609216],[88.29708545,20.99280969],[88.28871438,20.98952722],[88.28034331,20.98624475],[88.27197223,20.98296227],[88.26360114,20.9796798],[88.25523007,20.97639732],[88.24685901,20.97311486],[88.23848793,20.96983238],[88.23011686,20.96654991],[88.22174578,20.96326743],[88.2133747,20.95998496],[88.20500365,20.95670249],[88.19663258,20.95342002],[88.18826151,20.95013755],[88.17989043,20.94685507],[88.17151936,20.9435726],[88.1631483,20.94029013],[88.15477724,20.93700766],[88.14640617,20.93372519],[88.1380351,20.93044272],[88.12966404,20.92716025],[88.12129298,20.92387778],[88.11292192,20.92059531],[88.10455086,20.91731284],[88.09617978,20.91403036],[88.08780873,20.91074789],[88.07943768,20.90746543],[88.07106661,20.90418296],[88.06269556,20.90090049],[88.05432449,20.89761801],[88.04595343,20.89433554],[88.03758239,20.89105308],[88.02921133,20.88777061],[88.02084027,20.88448814],[88.01246921,20.88120567],[88.00409816,20.8779232],[87.99572712,20.87464073],[87.98735607,20.87135826],[87.97898501,20.86807579],[87.97061395,20.86479332],[87.9622429,20.86151086],[87.95387186,20.85822839],[87.94550082,20.85494592],[87.93712976,20.85166345],[87.92875871,20.84838098],[87.92038767,20.84509852],[87.91201663,20.84181605],[87.90364558,20.83853358],[87.89527453,20.83525111],[87.88690349,20.83196865],[87.87853245,20.82868618],[87.87016141,20.82540372],[87.86179037,20.82212125],[87.85341932,20.81883878],[87.84504828,20.81555631],[87.83667724,20.81227385],[87.82830621,20.80899139],[87.81993517,20.80570892],[87.81156412,20.80242645],[87.80319309,20.79914398],[87.79482206,20.79586152],[87.78645102,20.79257906],[87.77807999,20.78929659],[87.76970895,20.78601412],[87.76133791,20.78273166],[87.75296689,20.7794492],[87.74459586,20.77616673],[87.73622483,20.77288427],[87.72785379,20.7696018],[87.71948276,20.76631933],[87.71111174,20.76303687],[87.70274071,20.75975441],[87.69436968,20.75647195],[87.68599865,20.75318948],[87.67762762,20.74990701],[87.6692566,20.74662455],[87.66088558,20.74334209],[87.65251456,20.74005963],[87.64414352,20.73677716],[87.6357725,20.7334947],[87.62740149,20.73021224],[87.61903046,20.72692977],[87.61065945,20.72364731],[87.60228842,20.72036485],[87.59391739,20.71708238],[87.58554639,20.71379993],[87.57717537,20.71051746],[87.56880435,20.707235],[87.56043333,20.70395254],[87.55206231,20.70067007],[87.54369131,20.69738762],[87.53532029,20.69410516],[87.52694928,20.69082269],[87.51857826,20.68754023],[87.51020724,20.68425777],[87.50183624,20.68097531],[87.49346523,20.67769285],[87.48509421,20.67441039],[87.4767232,20.67112792],[87.4683522,20.66784547],[87.4599812,20.66456301],[87.45161018,20.66128055],[87.44323917,20.65799808],[87.43486817,20.65471563],[87.42649717,20.65143317],[87.41812616,20.64815071],[87.40975516,20.64486825],[87.40138415,20.64158579],[87.39301315,20.63830333],[87.38464215,20.63502087],[87.37627115,20.63173841],[87.36790015,20.62845595],[87.35952914,20.62517349],[87.35115814,20.62189103],[87.34278716,20.61860858],[87.33441615,20.61532612],[87.32604516,20.61204366],[87.31767415,20.6087612],[87.30930315,20.60547874],[87.30093217,20.60219629],[87.29256118,20.59891383],[87.28419018,20.59563137],[87.27581918,20.59234891],[87.26744819,20.58906646],[87.25907721,20.585784],[87.25070622,20.58250155],[87.24233523,20.57921909],[87.23898708,20.5779062],[87.23619889,20.57430404],[87.23076424,20.56728283],[87.22532959,20.56026161],[87.21989493,20.55324038],[87.21446029,20.54621916],[87.20902565,20.53919794],[87.20359102,20.53217673],[87.19815639,20.52515552],[87.19272177,20.51813432],[87.18728715,20.51111311],[87.18185253,20.50409189],[87.17641792,20.49707068],[87.17098331,20.49004948],[87.16554871,20.48302827],[87.16011411,20.47600707],[87.15467952,20.46898587],[87.14924493,20.46196467],[87.14381034,20.45494346],[87.13837576,20.44792226],[87.13294118,20.44090106],[87.12750662,20.43387987],[87.12207205,20.42685868],[87.11663749,20.41983749],[87.11120293,20.4128163],[87.10576838,20.4057951],[87.10033383,20.39877392],[87.09489928,20.39175273],[87.08946474,20.38473154],[87.08403021,20.37771036],[87.07859568,20.37068918],[87.07316115,20.363668],[87.06772663,20.35664681],[87.0622921,20.34962563],[87.05685759,20.34260445],[87.05142309,20.33558328],[87.04598858,20.3285621],[87.04055409,20.32154094],[87.03511959,20.31451976],[87.03296542,20.31185743],[87.02968509,20.30749858],[87.02752775,20.30476043],[87.02531953,20.30205477],[87.02425061,20.30047742],[87.01881612,20.29345625],[87.01338165,20.28643508],[87.00794717,20.27941391],[87.00251271,20.27239276],[86.99707824,20.26537159],[86.99164378,20.25835042],[86.98620932,20.25132926],[86.98077487,20.2443081],[86.97534042,20.23728695],[86.96990598,20.23026579],[86.96447497,20.22324907],[86.96339185,20.22187437],[86.96120096,20.21914257],[86.9589611,20.21644642],[86.95667293,20.21378668],[86.95555068,20.212504],[86.95395591,20.21075292],[86.95079366,20.20736026],[86.94755151,20.20403556],[86.9442311,20.20078049],[86.94255155,20.19917057],[86.93602372,20.19305207],[86.9294914,20.18692936],[86.92295908,20.18080666],[86.91642677,20.17468396],[86.90989446,20.16856126],[86.90336215,20.16243856],[86.89682985,20.15631586],[86.89029755,20.15019316],[86.88376526,20.14407047],[86.87723296,20.13794777],[86.87070068,20.13182508],[86.86416839,20.12570238],[86.8576361,20.11957969],[86.85110382,20.113457],[86.84457155,20.10733431],[86.83803928,20.10121162],[86.83150701,20.09508893],[86.82497474,20.08896624],[86.81844248,20.08284356],[86.81191022,20.07672087],[86.80537796,20.07059818],[86.79884571,20.0644755],[86.79231346,20.05835282],[86.78578121,20.05223013],[86.77924897,20.04610745],[86.77271673,20.03998477],[86.76618449,20.0338621],[86.75965226,20.02773942],[86.75312003,20.02161674],[86.7465878,20.01549407],[86.74005558,20.00937139],[86.73352337,20.00324872],[86.72699114,19.99712604],[86.72045893,19.99100337],[86.71392672,19.9848807],[86.70739673,19.9787601],[86.70644835,19.97788216],[86.70420639,19.97583242],[86.70171379,19.97344256],[86.7000677,19.97189833],[86.69764499,19.96967451],[86.69506943,19.96721252],[86.6943279,19.96651062],[86.68779791,19.96039003],[86.68126572,19.95426736],[86.67473353,19.9481447],[86.66820134,19.94202203],[86.66166916,19.93589937],[86.65513698,19.92977671],[86.6486048,19.92365405],[86.64207263,19.91753139],[86.63554046,19.91140873],[86.62900829,19.90528607],[86.62247613,19.89916342],[86.61594397,19.89304076],[86.60941181,19.88691811],[86.60287966,19.88079545],[86.59634751,19.8746728],[86.58981536,19.86855015],[86.58328322,19.8624275],[86.57675108,19.85630485],[86.57021894,19.8501822],[86.5636868,19.84405955],[86.55715467,19.8379369],[86.55062255,19.83181426],[86.54409042,19.82569161],[86.5375583,19.81956897],[86.53102618,19.81344633],[86.52449847,19.80732781],[86.52291146,19.80587085],[86.51970576,19.80298846],[86.51643744,19.80016985],[86.51310791,19.79741623],[86.51146102,19.79608198],[86.50924858,19.79437366],[86.50484349,19.79106453],[86.50034749,19.78786693],[86.49576373,19.7847831],[86.49345034,19.78326989],[86.48588004,19.77845672],[86.47830452,19.77364022],[86.47072901,19.76882373],[86.46315349,19.76400724],[86.45557797,19.75919074],[86.44800246,19.75437425],[86.44042695,19.74955776],[86.43285145,19.74474126],[86.42527595,19.73992478],[86.41770044,19.73510829],[86.41012493,19.73029179],[86.40254943,19.7254753],[86.39497393,19.72065881],[86.38739844,19.71584232],[86.37982295,19.71102584],[86.37224746,19.70620935],[86.36467195,19.70139285],[86.35709646,19.69657637],[86.34952098,19.69175988],[86.3419455,19.6869434],[86.33437002,19.68212692],[86.32679453,19.67731043],[86.31921905,19.67249394],[86.31164357,19.66767746],[86.30406809,19.66286098],[86.29649263,19.6580445],[86.28891715,19.65322801],[86.28134168,19.64841153],[86.2737662,19.64359504],[86.26619073,19.63877856],[86.25861528,19.63396209],[86.25103982,19.62914561],[86.24346435,19.62432912],[86.23588889,19.61951264],[86.22831343,19.61469617],[86.22073798,19.60987969],[86.21316253,19.60506321],[86.20558708,19.60024674],[86.19801162,19.59543025],[86.19043617,19.59061378],[86.18286072,19.5857973],[86.17528528,19.58098083],[86.16770984,19.57616435],[86.16013439,19.57134788],[86.15255895,19.5665314],[86.14498352,19.56171493],[86.13740808,19.55689846],[86.12983265,19.55208199],[86.12225722,19.54726552],[86.11468178,19.54244904],[86.10710636,19.53763257],[86.09953093,19.5328161],[86.09195551,19.52799963],[86.08438009,19.52318316],[86.07680466,19.51836669],[86.06922924,19.51355022],[86.06165382,19.50873375],[86.05407841,19.50391729],[86.046503,19.49910082],[86.03892759,19.49428436],[86.03135217,19.48946789],[86.02377677,19.48465142],[86.01620136,19.47983495],[86.00862596,19.47501849],[86.00105056,19.47020203],[85.99347515,19.46538556],[85.98589975,19.4605691],[85.97832435,19.45575263],[85.97074896,19.45093617],[85.96317358,19.44611972],[85.95559818,19.44130325],[85.94802279,19.43648679],[85.9404474,19.43167033],[85.93287201,19.42685387],[85.92529664,19.42203741],[85.91772125,19.41722095],[85.91014587,19.41240449],[85.90257049,19.40758803],[85.89499511,19.40277158],[85.88741974,19.39795512],[85.87984437,19.39313866],[85.87226899,19.38832221],[85.86469362,19.38350575],[85.85711826,19.37868929],[85.84954289,19.37387284],[85.84196753,19.36905639],[85.83439217,19.36423994],[85.8268168,19.35942348],[85.81924145,19.35460703],[85.81166609,19.34979057],[85.80409073,19.34497412],[85.79651539,19.34015768],[85.78894004,19.33534122],[85.78136468,19.33052477],[85.77378933,19.32570832],[85.76621399,19.32089187],[85.75863865,19.31607543],[85.75106331,19.31125898],[85.74348796,19.30644252],[85.73591262,19.30162608],[85.72833729,19.29680963],[85.72076195,19.29199318],[85.71318663,19.28717674],[85.7056113,19.2823603],[85.69803596,19.27754385],[85.69046063,19.2727274],[85.6828853,19.26791095],[85.67530999,19.26309452],[85.66773467,19.25827808],[85.66015934,19.25346163],[85.65258402,19.24864519],[85.64500871,19.24382874],[85.63743339,19.2390123],[85.62985809,19.23419587],[85.62228278,19.22937943],[85.61470746,19.22456298],[85.60713215,19.21974654],[85.59955685,19.2149301],[85.59198155,19.21011367],[85.58440625,19.20529723],[85.57683094,19.20048079],[85.56925565,19.19566435],[85.56168035,19.19084792],[85.55410506,19.18603148],[85.54652977,19.18121505],[85.53895448,19.17639861],[85.53137918,19.17158218],[85.5238039,19.16676574],[85.51622861,19.16194931],[85.50865333,19.15713287],[85.50107805,19.15231645],[85.49350277,19.14750001],[85.48592748,19.14268357],[85.47835221,19.13786715],[85.47077694,19.13305072],[85.46320167,19.12823429],[85.4556264,19.12341786],[85.44805113,19.11860143],[85.44047586,19.113785],[85.43290059,19.10896857],[85.42532533,19.10415214],[85.41775008,19.09933572],[85.41017482,19.09451929],[85.40259955,19.08970286],[85.39502429,19.08488643],[85.38744904,19.08007001],[85.3798738,19.07525359],[85.37229855,19.07043716],[85.36472329,19.06562074],[85.35714804,19.06080431],[85.3495728,19.05598789],[85.34199755,19.05117147],[85.33442232,19.04635505],[85.32684708,19.04153863],[85.31927184,19.0367222],[85.3116966,19.03190578],[85.30412137,19.02708936],[85.29654614,19.02227294],[85.2889709,19.01745652],[85.28139567,19.0126401],[85.27382045,19.00782368],[85.26624522,19.00300727],[85.25867,18.99819085],[85.25109478,18.99337444],[85.24351956,18.98855802],[85.23594434,18.9837416],[85.22836912,18.97892518],[85.22079391,18.97410877],[85.2132187,18.96929236],[85.20564349,18.96447595],[85.19806827,18.95965952],[85.19049306,18.95484311],[85.18291786,18.9500267],[85.17534266,18.94521029],[85.16776747,18.94039388],[85.16019227,18.93557747],[85.15261706,18.93076106],[85.14504186,18.92594465],[85.13746667,18.92112824],[85.12989149,18.91631183],[85.12231629,18.91149542],[85.1147411,18.90667901],[85.10716591,18.9018626],[85.09959072,18.89704619],[85.09201554,18.89222979],[85.08444037,18.88741339],[85.07686519,18.88259698],[85.06929,18.87778057],[85.06171483,18.87296416],[85.05413965,18.86814776],[85.04656449,18.86333136],[85.03898931,18.85851496],[85.03141414,18.85369855],[85.02383897,18.84888215],[85.01626381,18.84406574],[85.00868864,18.83924934],[85.00111348,18.83443294],[84.99353833,18.82961655],[84.98596316,18.82480014],[84.978388,18.81998374],[84.97081285,18.81516734],[84.9632377,18.81035095],[84.95566255,18.80553455],[84.9480874,18.80071815],[84.94051225,18.79590175],[84.9329371,18.79108535],[84.92536196,18.78626896],[84.91778683,18.78145256],[84.91021168,18.77663617],[84.90263653,18.77181977],[84.8950614,18.76700337],[84.88748627,18.76218698],[84.87991114,18.75737059],[84.87233601,18.7525542],[84.86476087,18.7477378],[84.85718575,18.74292141],[84.84961062,18.73810502],[84.8420355,18.73328863],[84.83446038,18.72847224],[84.82688526,18.72365585],[84.81931013,18.71883945],[84.81173501,18.71402306],[84.8041599,18.70920667],[84.7965848,18.70439029],[84.78900968,18.6995739],[84.78143457,18.69475751],[84.77385946,18.68994113],[84.76628435,18.68512474],[84.75870925,18.68030835],[84.75113415,18.67549197],[84.74355905,18.67067559],[84.73598395,18.6658592],[84.72840885,18.66104281],[84.72083375,18.65622643],[84.71325866,18.65141005],[84.70568357,18.64659367],[84.70269546,18.64469377],[84.70035265,18.64189735],[84.69464505,18.63508463],[84.68893745,18.62827191],[84.68322986,18.62145921],[84.67752228,18.6146465],[84.67181469,18.60783379],[84.66610711,18.60102108],[84.66039954,18.59420838],[84.65469197,18.58739567],[84.6489844,18.58058296],[84.64327684,18.57377027],[84.63756928,18.56695757],[84.63186172,18.56014487],[84.62615417,18.55333217],[84.62044662,18.54651947],[84.61473908,18.53970678],[84.60903155,18.53289409],[84.60332401,18.52608139],[84.59761647,18.5192687],[84.59190895,18.51245601],[84.58620142,18.50564332],[84.5804939,18.49883063],[84.57478639,18.49201794],[84.56907888,18.48520526],[84.56337137,18.47839257],[84.55766387,18.47157989],[84.55195637,18.46476721],[84.54624887,18.45795453],[84.54054137,18.45114184],[84.53483389,18.44432917],[84.52912641,18.4375165],[84.5234223,18.43070784],[84.52260904,18.42974917],[84.52097026,18.4278414],[84.52017503,18.42692671],[84.51905075,18.42567011],[84.51684245,18.42324255],[84.51572816,18.4220372],[84.50964974,18.41556675],[84.50356763,18.40909236],[84.49748551,18.40261797],[84.49140341,18.39614358],[84.48532132,18.3896692],[84.47923921,18.38319481],[84.47315712,18.37672043],[84.46707503,18.37024605],[84.46099294,18.36377166],[84.45491085,18.35729728],[84.44882877,18.35082291],[84.44274669,18.34434853],[84.43666463,18.33787416],[84.43058255,18.33139977],[84.42450048,18.3249254],[84.41841842,18.31845103],[84.41233636,18.31197665],[84.4062543,18.30550228],[84.40017225,18.29902791],[84.3940902,18.29255354],[84.38800816,18.28607918],[84.38192612,18.27960481],[84.37584408,18.27313044],[84.36976205,18.26665608],[84.36368001,18.26018171],[84.35759798,18.25370734],[84.35151596,18.24723299],[84.34543394,18.24075863],[84.33935193,18.23428427],[84.33326991,18.22780991],[84.3271879,18.22133555],[84.3211059,18.2148612],[84.31502388,18.20838684],[84.30894189,18.20191249],[84.30285989,18.19543814],[84.2967779,18.18896379],[84.29056493,18.18244414],[84.28941006,18.18120752],[84.28745032,18.17913418],[84.28689777,18.17857435],[84.28448096,18.17616839],[84.28234171,18.17413985],[84.2816565,18.17351091],[84.27998147,18.1720006],[84.27892763,18.1710989],[84.27627446,18.16857645],[84.27350381,18.16619267],[84.27068945,18.16385619],[84.26915058,18.16260342],[84.268456,18.16205044],[84.26650471,18.16053557],[84.2636012,18.15833591],[84.26253678,18.15746446],[84.26060796,18.15588541],[84.2597729,18.15520894],[84.25858644,18.15427195],[84.25502951,18.15150444],[84.25342565,18.15028393],[84.24787344,18.14579336],[84.24711585,18.14518874],[84.2400947,18.13964129],[84.23307136,18.1340921],[84.22604802,18.12854292],[84.21902469,18.12299374],[84.21200135,18.11744455],[84.20497802,18.11189537],[84.19795469,18.10634619],[84.19093137,18.10079701],[84.18390805,18.09524784],[84.17688472,18.08969865],[84.16986141,18.08414948],[84.1628381,18.0786003],[84.15581478,18.07305112],[84.14879147,18.06750195],[84.14176816,18.06195277],[84.13474486,18.0564036],[84.12772156,18.05085443],[84.12069825,18.04530525],[84.11367495,18.03975608],[84.10665166,18.03420691],[84.09962836,18.02865774],[84.09260508,18.02310857],[84.08558179,18.0175594],[84.0785585,18.01201023],[84.07153523,18.00646107],[84.06451194,18.0009119],[84.05748866,17.99536273],[84.05046539,17.98981357],[84.04344211,17.9842644],[84.03641885,17.97871524],[84.02939557,17.97316607],[84.02237231,17.96761691],[84.01534905,17.96206775],[84.00832578,17.95651859],[84.00130253,17.95096943],[83.99427927,17.94542027],[83.98725601,17.93987111],[83.98023277,17.93432195],[83.97320952,17.9287728],[83.96618627,17.92322364],[83.95916303,17.91767448],[83.95213979,17.91212533],[83.94511656,17.90657618],[83.93809332,17.90102702],[83.93107008,17.89547787],[83.92404685,17.88992872],[83.91702362,17.88437956],[83.9100004,17.87883042],[83.90297717,17.87328126],[83.89595395,17.86773211],[83.88893074,17.86218297],[83.88190751,17.85663381],[83.8748843,17.85108467],[83.86786109,17.84553552],[83.86083789,17.83998638],[83.85381684,17.83443894],[83.8523054,17.83326703],[83.85075274,17.83208576],[83.84859631,17.83033019],[83.84805602,17.82989331],[83.84756441,17.82950094],[83.84694626,17.82901062],[83.84594408,17.82822562],[83.8425404,17.82559287],[83.84092132,17.82436547],[83.83938812,17.82322646],[83.83432387,17.81906242],[83.83339366,17.81830647],[83.83274292,17.8177881],[83.82572188,17.81224066],[83.81869869,17.80669152],[83.8116755,17.80114238],[83.80465231,17.79559324],[83.79762913,17.7900441],[83.79060594,17.78449496],[83.78358276,17.77894582],[83.77655958,17.77339669],[83.7695364,17.76784755],[83.76251323,17.76229842],[83.75549006,17.75674928],[83.74846689,17.75120015],[83.74144372,17.74565101],[83.73442056,17.74010188],[83.7273974,17.73455275],[83.72037424,17.72900362],[83.71335108,17.72345449],[83.70632793,17.71790536],[83.69930477,17.71235623],[83.69228162,17.7068071],[83.68525848,17.70125797],[83.67823533,17.69570885],[83.6712122,17.69015972],[83.66418905,17.68461059],[83.65716591,17.67906147],[83.65014278,17.67351234],[83.64311965,17.66796322],[83.63609653,17.6624141],[83.62907339,17.65686498],[83.62205027,17.65131586],[83.61502715,17.64576674],[83.60800403,17.64021762],[83.60098092,17.6346685],[83.59395779,17.62911938],[83.58693468,17.62357026],[83.57991158,17.61802115],[83.57288847,17.61247203],[83.56586536,17.60692291],[83.55884225,17.6013738],[83.55181915,17.59582468],[83.54479607,17.59027558],[83.53777297,17.58472646],[83.53074987,17.57917735],[83.52372678,17.57362824],[83.5167037,17.56807913],[83.50968062,17.56253002],[83.50265753,17.55698091],[83.49563445,17.5514318],[83.48861138,17.5458827],[83.48158829,17.54033359],[83.47456522,17.53478448],[83.46754215,17.52923538],[83.46051908,17.52368627],[83.45349602,17.51813717],[83.44647295,17.51258806],[83.43944989,17.50703896],[83.43242683,17.50148986],[83.42540378,17.49594076],[83.41838073,17.49039167],[83.41135767,17.48484256],[83.40433463,17.47929346],[83.39731159,17.47374437],[83.39028854,17.46819527],[83.3832655,17.46264617],[83.37624246,17.45709708],[83.36921942,17.45154798],[83.36295381,17.44659734],[83.35753796,17.44042089],[83.35161712,17.43366852],[83.34569629,17.42691615],[83.33977547,17.42016379],[83.33385464,17.41341143],[83.32793382,17.40665906],[83.322013,17.3999067],[83.31609219,17.39315434],[83.31017138,17.38640199],[83.30425057,17.37964962],[83.29832977,17.37289726],[83.29240897,17.36614491],[83.28648818,17.35939256],[83.28056739,17.35264021],[83.2746466,17.34588785],[83.26872582,17.3391355],[83.26280504,17.33238315],[83.25688427,17.32563081],[83.2509635,17.31887846],[83.24504272,17.31212611],[83.23912196,17.30537376],[83.23320121,17.29862143],[83.22728045,17.29186909],[83.22135969,17.28511674],[83.21543894,17.2783644],[83.20951821,17.27161207],[83.20359746,17.26485973],[83.19767672,17.25810739],[83.19175598,17.25135505],[83.18583525,17.24460272],[83.17991454,17.2378504],[83.17399381,17.23109807],[83.16807309,17.22434573],[83.16215237,17.2175934],[83.15623167,17.21084108],[83.15031096,17.20408876],[83.14439026,17.19733643],[83.13846955,17.1905841],[83.13254885,17.18383177],[83.12662817,17.17707946],[83.12070748,17.17032714],[83.11478679,17.16357481],[83.10886611,17.15682249],[83.10294544,17.15007018],[83.09702477,17.14331787],[83.0911041,17.13656556],[83.08518342,17.12981324],[83.07926276,17.12306092],[83.07334211,17.11630862],[83.06742146,17.10955632],[83.0615008,17.102804],[83.05558015,17.09605169],[83.04965951,17.08929939],[83.04373887,17.08254709],[83.03781823,17.07579478],[83.0318976,17.06904247],[83.02597697,17.06229018],[83.02005635,17.05553788],[83.01413573,17.04878559],[83.00821511,17.04203328],[83.00229449,17.03528098],[82.99637389,17.02852869],[82.99045329,17.02177641],[82.98453268,17.01502411],[82.97861208,17.00827181],[82.97269149,17.00151953],[82.9667709,16.99476724],[82.96085031,16.98801496],[82.95492972,16.98126266],[82.94900914,16.97451037],[82.94308857,16.9677581],[82.937168,16.96100581],[82.93124743,16.95425353],[82.92532686,16.94750125],[82.9194063,16.94074897],[82.91348575,16.9339967],[82.90756519,16.92724442],[82.90164464,16.92049214],[82.8957241,16.91373987],[82.88980355,16.9069876],[82.88388302,16.90023533],[82.87796248,16.89348305],[82.87204195,16.88673078],[82.86612142,16.87997852],[82.8602009,16.87322625],[82.85428038,16.86647398],[82.84835986,16.85972172],[82.84243935,16.85296946],[82.83651884,16.84621719],[82.83059834,16.83946493],[82.82467783,16.83271267],[82.81875734,16.82596041],[82.81283684,16.81920816],[82.80691635,16.8124559],[82.80099586,16.80570364],[82.79507538,16.79895139],[82.78915491,16.79219915],[82.78323443,16.78544689],[82.77731395,16.77869464],[82.77139349,16.77194239],[82.76547303,16.76519015],[82.75955257,16.7584379],[82.75363211,16.75168565],[82.74771165,16.7449334],[82.74179121,16.73818117],[82.73587077,16.73142893],[82.72995032,16.72467668],[82.72402988,16.71792444],[82.71810944,16.7111722],[82.71218902,16.70441998],[82.7062686,16.69766774],[82.70034817,16.6909155],[82.69442774,16.68416326],[82.68850733,16.67741104],[82.68258692,16.67065881],[82.67666651,16.66390658],[82.6707461,16.65715434],[82.6648257,16.65040211],[82.65890531,16.6436499],[82.65298492,16.63689767],[82.64706453,16.63014545],[82.64114414,16.62339322],[82.63522376,16.616641],[82.62930338,16.60988879],[82.623383,16.60313656],[82.61746263,16.59638434],[82.61154226,16.58963212],[82.60562191,16.58287992],[82.59970155,16.57612771],[82.59378118,16.56937548],[82.58786083,16.56262327],[82.58194048,16.55587107],[82.57602014,16.54911886],[82.5700998,16.54236666],[82.56417945,16.53561444],[82.55825912,16.52886223],[82.5523388,16.52211004],[82.54641847,16.51535784],[82.54049814,16.50860562],[82.53457782,16.50185342],[82.52865751,16.49510123],[82.5227372,16.48834904],[82.51681689,16.48159684],[82.51089658,16.47484463],[82.50497628,16.46809244],[82.49905599,16.46134026],[82.4931357,16.45458806],[82.4872154,16.44783586],[82.48129825,16.44108726],[82.47984081,16.43946054],[82.47689022,16.43623752],[82.47386895,16.43307614],[82.47077836,16.42997784],[82.46761987,16.42694403],[82.46439493,16.4239761],[82.46110502,16.42107541],[82.45775165,16.41824328],[82.45608582,16.41686598],[82.45430268,16.41545496],[82.45075854,16.41271313],[82.44715338,16.41004651],[82.4434889,16.40745637],[82.43976685,16.40494394],[82.435989,16.40251041],[82.43215714,16.40015694],[82.4282731,16.39788464],[82.42634158,16.3967819],[82.42368728,16.39535294],[82.41838408,16.39259496],[82.41571188,16.39125296],[82.40762656,16.38733459],[82.39953673,16.38341403],[82.39144691,16.37949347],[82.38335708,16.37557291],[82.37526726,16.37165235],[82.36717744,16.36773179],[82.3590876,16.36381122],[82.35099779,16.35989067],[82.34290797,16.35597011],[82.33481816,16.35204955],[82.32672834,16.34812899],[82.31863852,16.34420844],[82.31054871,16.34028788],[82.30245888,16.33636732],[82.29436908,16.33244676],[82.28627926,16.3285262],[82.27818945,16.32460565],[82.27009964,16.32068509],[82.26200983,16.31676454],[82.25392002,16.31284398],[82.24583021,16.30892342],[82.2377404,16.30500287],[82.22965059,16.30108231],[82.22156079,16.29716176],[82.21347099,16.2932412],[82.20538118,16.28932064],[82.19729138,16.28540009],[82.18920158,16.28147954],[82.18111178,16.27755898],[82.17302197,16.27363842],[82.16493218,16.26971788],[82.15684239,16.26579732],[82.14875259,16.26187677],[82.14066279,16.25795621],[82.13257299,16.25403566],[82.1244832,16.25011511],[82.11639341,16.24619456],[82.10830362,16.242274],[82.10021382,16.23835345],[82.09212404,16.2344329],[82.08403425,16.23051235],[82.07594446,16.2265918],[82.06785467,16.22267124],[82.05976489,16.21875069],[82.05167956,16.21483231],[82.04773333,16.21301891],[82.03976569,16.20955365],[82.0357443,16.2079018],[82.0274131,16.20467725],[82.01907739,16.20145096],[82.01074168,16.19822467],[82.00240597,16.19499837],[81.99407027,16.19177208],[81.98573456,16.18854579],[81.97739885,16.18531949],[81.96906314,16.1820932],[81.96072744,16.17886691],[81.95239173,16.17564062],[81.94405603,16.17241433],[81.93572032,16.16918803],[81.92738462,16.16596174],[81.91904892,16.16273545],[81.91071321,16.15950916],[81.90237751,16.15628287],[81.89404181,16.15305658],[81.8857061,16.14983028],[81.87737041,16.146604],[81.86903471,16.1433777],[81.86069901,16.14015141],[81.85236331,16.13692512],[81.8440276,16.13369883],[81.83569192,16.13047254],[81.82735622,16.12724625],[81.81902051,16.12401996],[81.81068482,16.12079367],[81.80234913,16.11756738],[81.79448023,16.11452176],[81.78717266,16.11011471],[81.77951564,16.10549692],[81.77185862,16.10087913],[81.76420161,16.09626134],[81.75654461,16.09164355],[81.74888759,16.08702575],[81.74123058,16.08240796],[81.73357357,16.07779017],[81.72591656,16.07317238],[81.71825957,16.0685546],[81.71060256,16.06393681],[81.70294556,16.05931902],[81.69528856,16.05470123],[81.68763156,16.05008344],[81.67997456,16.04546566],[81.67231756,16.04084787],[81.66466058,16.03623009],[81.65700358,16.0316123],[81.64934659,16.02699451],[81.6416896,16.02237673],[81.63403261,16.01775894],[81.62637563,16.01314116],[81.62482727,16.01235293],[81.62179149,16.01041293],[81.61871864,16.00852337],[81.6156867,16.00672949],[81.61106165,16.00390559],[81.60340467,15.99928781],[81.59574769,15.99467002],[81.58809072,15.99005224],[81.58043373,15.98543446],[81.57277675,15.98081668],[81.56511978,15.9761989],[81.55746281,15.97158111],[81.54980584,15.96696334],[81.54214886,15.96234555],[81.5344919,15.95772777],[81.52683493,15.95310999],[81.51917796,15.94849222],[81.511521,15.94387444],[81.50386403,15.93925666],[81.49620707,15.93463888],[81.48855011,15.9300211],[81.48089315,15.92540333],[81.47323621,15.92078556],[81.46557925,15.91616778],[81.45792229,15.91155],[81.45026533,15.90693222],[81.44260838,15.90231445],[81.43495143,15.89769667],[81.42729449,15.8930789],[81.41963755,15.88846113],[81.41198059,15.88384335],[81.40432365,15.87922558],[81.39666671,15.8746078],[81.38900977,15.86999003],[81.38135283,15.86537226],[81.37369589,15.86075449],[81.36603895,15.85613672],[81.35838202,15.85151895],[81.35072508,15.84690118],[81.34306816,15.84228341],[81.33541122,15.83766564],[81.32775429,15.83304787],[81.32009736,15.8284301],[81.31244044,15.82381233],[81.30478353,15.81919457],[81.30219337,15.81763249],[81.30040173,15.81517348],[81.29519532,15.80802779],[81.28998893,15.80088211],[81.28478254,15.79373642],[81.27957616,15.78659074],[81.27436978,15.77944507],[81.2691634,15.77229937],[81.26395703,15.7651537],[81.25875067,15.75800803],[81.2535443,15.75086235],[81.24833794,15.74371667],[81.24313159,15.73657101],[81.23792523,15.72942533],[81.23268298,15.72223038],[81.23186285,15.71887715],[81.23078282,15.71461952],[81.22960721,15.71038571],[81.22833658,15.70617774],[81.22697154,15.70199761],[81.22551275,15.69784732],[81.22477642,15.69582347],[81.22407773,15.69402041],[81.22267937,15.69051416],[81.22121362,15.68703384],[81.21968098,15.68358068],[81.21889801,15.68186104],[81.21826222,15.68049926],[81.21716731,15.67822981],[81.2149195,15.67371804],[81.21255641,15.66926193],[81.2100795,15.66486425],[81.20883488,15.66271735],[81.20765851,15.6607948],[81.20530781,15.65704852],[81.20287341,15.65335279],[81.20035647,15.64970936],[81.19775819,15.64611997],[81.19507981,15.64258632],[81.19232261,15.63911009],[81.1894879,15.63569293],[81.18807642,15.63402826],[81.18692193,15.63271895],[81.18464115,15.63017671],[81.18231678,15.62767185],[81.17994946,15.62520507],[81.17875517,15.62398129],[81.17355307,15.61873923],[81.1715945,15.61681787],[81.16762486,15.61302677],[81.16355168,15.60934035],[81.15937789,15.60576126],[81.15729128,15.60401922],[81.15555978,15.60264259],[81.15211755,15.59996551],[81.14856506,15.59732272],[81.14489906,15.59471535],[81.1413026,15.59226923],[81.1373429,15.58969553],[81.13338212,15.58724525],[81.12942075,15.58491522],[81.12744868,15.58378394],[81.12545512,15.58269718],[81.12148838,15.58059017],[81.11747524,15.57856747],[81.11341761,15.57663003],[81.10828954,15.57434726],[81.10452117,15.57290478],[81.10288414,15.57222696],[81.10098505,15.57146867],[81.09903714,15.57071312],[81.09674337,15.56984939],[81.09467121,15.56909367],[81.09271687,15.56840389],[81.09060061,15.56768232],[81.0884671,15.5669799],[81.08788906,15.56679607],[81.08691819,15.56624512],[81.08635493,15.56592778],[81.08420542,15.56475826],[81.07992295,15.56249259],[81.07776802,15.56138416],[81.05552362,15.55026358],[81.05404858,15.54954042],[81.05108676,15.54811693],[81.04945381,15.54738966],[81.04785805,15.5465147],[81.04472147,15.54483044],[81.04155536,15.54319899],[81.03836067,15.54162081],[81.03675631,15.54084511],[81.03027686,15.53777966],[81.02780734,15.53665005],[81.02283851,15.53445419],[81.01781185,15.53238587],[81.01273083,15.53044652],[81.01019346,15.52951499],[81.00804377,15.52878263],[81.00376115,15.52737462],[80.99944793,15.52605745],[80.99510615,15.52483173],[80.99073787,15.52369804],[80.98634517,15.52265693],[80.98193013,15.52170888],[80.97749485,15.52085436],[80.97528107,15.52045199],[80.97304143,15.52009375],[80.96857198,15.51942743],[80.96408864,15.51885571],[80.96118958,15.51854818],[80.95381599,15.51624499],[80.94523596,15.51356496],[80.93665595,15.51088494],[80.92807593,15.50820492],[80.91949592,15.5055249],[80.9109159,15.50284487],[80.90233588,15.50016485],[80.89375586,15.49748483],[80.88517583,15.4948048],[80.87659582,15.49212478],[80.86801581,15.48944476],[80.85943579,15.48676474],[80.85085578,15.48408471],[80.84227576,15.48140469],[80.83369575,15.47872467],[80.82511574,15.47604465],[80.81653571,15.47336462],[80.80795569,15.4706846],[80.79937569,15.46800458],[80.79079568,15.46532456],[80.78221566,15.46264454],[80.77363565,15.45996451],[80.76505564,15.45728449],[80.75647561,15.45460447],[80.7478956,15.45192445],[80.7393156,15.44924443],[80.73073559,15.4465644],[80.72215558,15.44388438],[80.71357556,15.44120436],[80.70499556,15.43852434],[80.69641555,15.43584432],[80.68783552,15.43316429],[80.67925551,15.43048427],[80.67067552,15.42780425],[80.66209551,15.42512423],[80.6535155,15.42244421],[80.64493549,15.41976419],[80.63635548,15.41708417],[80.62777547,15.41440415],[80.61919546,15.41172412],[80.61061545,15.4090441],[80.60203546,15.40636408],[80.59345545,15.40368406],[80.58487544,15.40100404],[80.57629543,15.39832402],[80.56771543,15.395644],[80.55913543,15.39296398],[80.55055541,15.39028395],[80.54197541,15.38760393],[80.53339541,15.38492392],[80.52481541,15.3822439],[80.51623541,15.37956388],[80.5076554,15.37688386],[80.4990754,15.37420383],[80.49049539,15.37152381],[80.48191539,15.36884379],[80.47333539,15.36616378],[80.46475539,15.36348375],[80.45617539,15.36080373],[80.44759539,15.35812371],[80.43901539,15.3554437],[80.43043539,15.35276368],[80.42185538,15.35008365],[80.41719786,15.34862885],[80.41706283,15.34096829],[80.41690572,15.33205504],[80.41674861,15.3231418],[80.41659152,15.31422855],[80.41643442,15.30531531],[80.41627733,15.29640206],[80.41612025,15.28748882],[80.41596318,15.27857557],[80.41580611,15.26966233],[80.41564904,15.26074907],[80.41549198,15.25183583],[80.41533493,15.24292259],[80.41517788,15.23400935],[80.41502084,15.22509611],[80.41486381,15.21618286],[80.41470678,15.20726962],[80.41454975,15.19835638],[80.41439273,15.18944313],[80.41423572,15.18052989],[80.41407871,15.17161664],[80.41392171,15.1627034],[80.41376472,15.15379016],[80.41360773,15.14487691],[80.41345074,15.13596367],[80.41329376,15.12705042],[80.41313679,15.11813717],[80.41297982,15.10922394],[80.41282286,15.1003107],[80.4126659,15.09139745],[80.41250895,15.08248421],[80.41235201,15.07357097],[80.41219507,15.06465773],[80.41203814,15.05574448],[80.41188121,15.04683124],[80.41172429,15.037918],[80.41156737,15.02900476],[80.41141046,15.02009151],[80.41125356,15.01117827],[80.41109666,15.00226503],[80.41093977,14.99335179],[80.41078288,14.98443853],[80.410626,14.97552529],[80.41046912,14.96661206],[80.41031225,14.95769882],[80.41015539,14.94878558],[80.40999853,14.93987234],[80.40984167,14.93095909],[80.40968483,14.92204585],[80.40952798,14.91313261],[80.40937115,14.90421937],[80.40921432,14.89530613],[80.40905749,14.88639289],[80.40890067,14.87747965],[80.40874386,14.8685664],[80.40858705,14.85965316],[80.40843025,14.85073992],[80.40827345,14.84182667],[80.40811666,14.83291343],[80.40795988,14.8240002],[80.4078031,14.81508696],[80.40764632,14.80617372],[80.40748955,14.79726048],[80.40733279,14.78834724],[80.40717603,14.779434],[80.40701928,14.77052076],[80.40686254,14.76160752],[80.4067058,14.75269428],[80.40654906,14.74378104],[80.40639233,14.7348678],[80.40623561,14.72595456],[80.40607889,14.71704132],[80.40592218,14.70812808],[80.40576548,14.69921483],[80.40560877,14.69030159],[80.40545208,14.68138836],[80.40529539,14.67247512],[80.40513871,14.66356188],[80.40498203,14.65464864],[80.40482536,14.6457354],[80.40466869,14.63682216],[80.40451203,14.62790892],[80.40435538,14.61899569],[80.40419738,14.61001442],[80.40457999,14.60650365],[80.40496837,14.60213528],[80.40525878,14.5977597],[80.4054511,14.59337899],[80.40554524,14.58899524],[80.40556747,14.58669474],[80.40556463,14.58588644],[80.40554634,14.58294828],[80.40550987,14.58082155],[80.40539072,14.5765693],[80.4051792,14.57232047],[80.40486047,14.56791705],[80.40503335,14.56516109],[80.40568045,14.55621648],[80.40632755,14.54727212],[80.40697467,14.53832746],[80.40762177,14.52938318],[80.40826888,14.52043893],[80.40891601,14.5114943],[80.40956314,14.50254993],[80.41021025,14.49360577],[80.4108574,14.48466131],[80.41150455,14.47571675],[80.41215169,14.46677249],[80.41279885,14.45782797],[80.41344602,14.44888344],[80.41409316,14.43993941],[80.41474035,14.43099479],[80.41538753,14.42205027],[80.41603473,14.4131057],[80.41668194,14.40416103],[80.4173291,14.39521706],[80.41797631,14.38627248],[80.41862352,14.37732801],[80.41927072,14.36838382],[80.41991794,14.3594393],[80.42056516,14.35049506],[80.42121243,14.34155003],[80.42185964,14.33260602],[80.42250686,14.32366176],[80.42315413,14.31471713],[80.42380138,14.30577264],[80.42444866,14.29682797],[80.42509591,14.2878837],[80.42574317,14.27893935],[80.42639046,14.26999479],[80.42703773,14.26105053],[80.42768498,14.25210655],[80.42833232,14.24316148],[80.42897959,14.23421739],[80.42962694,14.22527238],[80.4302742,14.21632854],[80.43092151,14.20738424],[80.43156883,14.19843979],[80.43221617,14.18949518],[80.43286349,14.18055096],[80.43351084,14.17160636],[80.4341582,14.16266169],[80.43480551,14.15371778],[80.4354529,14.14477276],[80.43610026,14.13582839],[80.43674762,14.12688399],[80.43739497,14.11793988],[80.43804236,14.10899522],[80.43868973,14.10005096],[80.43933713,14.09110631],[80.43998452,14.082162],[80.44063193,14.07321741],[80.44127933,14.06427309],[80.44192674,14.05532859],[80.44257415,14.04638423],[80.44322158,14.03743971],[80.44386901,14.02849518],[80.44451643,14.01955093],[80.44516384,14.01060685],[80.4458113,14.00166219],[80.44645877,13.99271752],[80.44710623,13.98377308],[80.44775367,13.97482886],[80.44840114,13.9658844],[80.44904864,13.9569395],[80.4496961,13.94799533],[80.45034358,13.93905099],[80.45099108,13.93010645],[80.45163855,13.92116226],[80.45228609,13.91221736],[80.45293357,13.90327326],[80.45358108,13.8943288],[80.45422859,13.88538443],[80.45487611,13.87643999],[80.45552367,13.86749509],[80.45617119,13.85855095],[80.4568187,13.84960687],[80.45746627,13.84066211],[80.4581138,13.83171789],[80.45876136,13.82277338],[80.45940894,13.81382873],[80.45975099,13.80910425],[80.46067604,13.804685],[80.46249168,13.79601121],[80.46430725,13.78733774],[80.46612298,13.77866353],[80.46793835,13.76999108],[80.46975407,13.76131702],[80.47156977,13.75264301],[80.4733854,13.74396943],[80.47520113,13.73529536],[80.47622637,13.73022874],[80.47701671,13.726622],[80.47756901,13.72388715],[80.47883241,13.71794813],[80.48064799,13.70927486],[80.48246373,13.70060084],[80.48427923,13.69192797],[80.48609512,13.68325329],[80.48791064,13.67458044],[80.48972642,13.66590628],[80.4915423,13.65723171],[80.49335776,13.64855919],[80.49517356,13.63988505],[80.49698928,13.63121133],[80.49880507,13.6225373],[80.50062078,13.61386369],[80.50243641,13.60519043],[80.50425215,13.59651672],[80.50606782,13.58784336],[80.50788364,13.5791693],[80.50969947,13.57049522],[80.51151513,13.56182198],[80.51333088,13.55314832],[80.51514663,13.54447473],[80.51696235,13.53580124],[80.51877819,13.52712725],[80.52059411,13.5184529],[80.52240984,13.50977946],[80.52422569,13.50110549],[80.52604141,13.49243211],[80.5278575,13.48375706],[80.52813959,13.48235919],[80.52868349,13.47955965],[80.528938,13.47819864],[80.52905698,13.47752317],[80.52927619,13.47625283],[80.52938372,13.47561733],[80.53076558,13.46728411],[80.53214732,13.45895169],[80.53352905,13.45061933],[80.53491067,13.44228768],[80.53629243,13.43395517],[80.53767411,13.4256232],[80.53905587,13.41729081],[80.54043754,13.40895895],[80.54181925,13.40062691],[80.54320102,13.39229448],[80.54344517,13.39074597],[80.54433698,13.38478125],[80.54456082,13.38366825],[80.54575154,13.37856692],[80.54655991,13.37454137],[80.54693587,13.37256487],[80.5473061,13.37036084],[80.5479838,13.36602618],[80.54856474,13.36167807],[80.54904864,13.35731859],[80.54929435,13.35319901],[80.54944374,13.35227548],[80.54973267,13.35026867],[80.54984366,13.3494749],[80.54995651,13.34864131],[80.55036992,13.34649788],[80.5508059,13.34386692],[80.55191107,13.33658833],[80.55217362,13.33474153],[80.55266367,13.33104346],[80.55308357,13.32733712],[80.55343318,13.32362379],[80.55371238,13.31990474],[80.55392107,13.31618126],[80.55405918,13.31245463],[80.55412668,13.30872613],[80.5541428,13.30690301],[80.55412474,13.30505859],[80.55405566,13.30145323],[80.55392055,13.29784967],[80.55371947,13.29424906],[80.55360245,13.29244965],[80.55304054,13.28488022],[80.55247861,13.27731036],[80.55191668,13.26974051],[80.55135479,13.26217109],[80.55112986,13.25959827],[80.55061262,13.2544591],[80.54995412,13.24929136],[80.54915274,13.24410017],[80.54872123,13.24153085],[80.54707236,13.23250195],[80.54545764,13.22366104],[80.54384299,13.21482053],[80.54222835,13.20598001],[80.54061371,13.1971395],[80.53899909,13.188299],[80.53738446,13.17945849],[80.53576984,13.17061798],[80.53415523,13.16177747],[80.53254062,13.15293697],[80.53092602,13.14409646],[80.52931142,13.13525596],[80.52769683,13.12641545],[80.52608224,13.11757495],[80.52446766,13.10873446],[80.52285308,13.09989394],[80.52123851,13.09105345],[80.51962395,13.08221295],[80.51800939,13.07337245],[80.51639484,13.06453195],[80.51478029,13.05569145],[80.51316575,13.04685096],[80.51155121,13.03801046],[80.50993668,13.02916998],[80.50832215,13.02032947],[80.50670763,13.01148898],[80.50509311,13.00264849],[80.5034786,12.993808],[80.5018641,12.98496751],[80.5002496,12.97612702],[80.49863511,12.96728653],[80.49702062,12.95844604],[80.49540614,12.94960556],[80.49379166,12.94076507],[80.49217719,12.93192458],[80.49056272,12.9230841],[80.48894826,12.91424362],[80.4873338,12.90540313],[80.48571935,12.89656265],[80.48410491,12.88772217],[80.48249047,12.87888169],[80.48087604,12.87004122],[80.47926161,12.86120073],[80.47764718,12.85236026],[80.47603276,12.84351978],[80.47441835,12.8346793],[80.47280395,12.82583883],[80.47118954,12.81699835],[80.46957515,12.80815788],[80.46796076,12.79931741],[80.46634637,12.79047693],[80.46473199,12.78163646],[80.46311762,12.772796],[80.46150325,12.76395552],[80.45988889,12.75511506],[80.45827475,12.7462758],[80.45738104,12.74193452],[80.45539975,12.73329477],[80.45431218,12.72899633],[80.45200415,12.72066304],[80.44969567,12.71232809],[80.44738719,12.70399313],[80.44507871,12.69565818],[80.44277024,12.68732324],[80.44046177,12.67898829],[80.43815331,12.67065335],[80.43584486,12.6623184],[80.43353641,12.65398346],[80.43122796,12.64564851],[80.42891952,12.63731357],[80.42661108,12.62897863],[80.42430265,12.62064369],[80.42199422,12.61230875],[80.4196858,12.60397381],[80.41737738,12.59563887],[80.41506897,12.58730394],[80.41276056,12.57896901],[80.41045216,12.57063407],[80.40814376,12.56229913],[80.40583582,12.55396584],[80.40524868,12.55193054],[80.40403094,12.54787251],[80.40272658,12.54384055],[80.40133618,12.53983644],[80.40063236,12.53787611],[80.40031298,12.53702692],[80.39969271,12.53540028],[80.39937901,12.53458828],[80.39624816,12.52658839],[80.3931165,12.5185864],[80.38998484,12.51058442],[80.38685319,12.50258245],[80.38372154,12.49458047],[80.38058989,12.48657849],[80.37745825,12.47857652],[80.37432662,12.47057455],[80.37119499,12.46257258],[80.36806336,12.4545706],[80.36493174,12.44656863],[80.36180013,12.43856667],[80.35866851,12.43056471],[80.35582117,12.4232891],[80.35553272,12.42213892],[80.35489158,12.41975376],[80.35436359,12.41764109],[80.35320901,12.41341958],[80.35195732,12.40921022],[80.35061258,12.40502875],[80.34938975,12.40149632],[80.34858661,12.39916482],[80.34780857,12.39698867],[80.34710906,12.39515723],[80.3457006,12.39157586],[80.34422286,12.38802159],[80.34267636,12.38449569],[80.34106167,12.38099947],[80.3393794,12.37753419],[80.33763015,12.37410111],[80.33581457,12.37070149],[80.33382618,12.36715377],[80.33316742,12.36603241],[80.33290678,12.36543795],[80.33124742,12.36184439],[80.32951667,12.35828353],[80.32771519,12.35475675],[80.32584369,12.35126541],[80.32390288,12.34781084],[80.32293226,12.34612185],[80.32211817,12.34476139],[80.32050333,12.34211053],[80.31884727,12.33948438],[80.31715038,12.33688355],[80.31629179,12.33558955],[80.31137698,12.32830501],[80.3064604,12.32101784],[80.30154383,12.31373068],[80.29662726,12.30644352],[80.29171069,12.29915636],[80.28679414,12.29186921],[80.28187757,12.28458204],[80.27696102,12.27729489],[80.27204448,12.27000774],[80.26712792,12.26272058],[80.26221139,12.25543344],[80.25729485,12.24814629],[80.25237832,12.24085914],[80.24746179,12.23357199],[80.24254526,12.22628484],[80.23762874,12.2189977],[80.23271222,12.21171056],[80.22779571,12.20442341],[80.2228792,12.19713627],[80.21796269,12.18984913],[80.21304619,12.18256199],[80.20812969,12.17527486],[80.2032132,12.16798773],[80.19829671,12.1607006],[80.19338022,12.15341346],[80.18846373,12.14612632],[80.18354726,12.1388392],[80.17863078,12.13155207],[80.17541239,12.12678181],[80.17300449,12.12089788],[80.16960622,12.11259387],[80.16688678,12.10594864],[80.16620795,12.10428984],[80.16280968,12.09598582],[80.15941143,12.08768182],[80.15601317,12.07937781],[80.15261492,12.0710738],[80.14921668,12.06276979],[80.14581844,12.05446578],[80.14242021,12.04616178],[80.13902198,12.03785778],[80.13562375,12.02955377],[80.13222553,12.02124977],[80.12882732,12.01294578],[80.12542911,12.00464178],[80.1220309,11.99633777],[80.1186327,11.98803378],[80.11523451,11.97972979],[80.11183632,11.9714258],[80.10843814,11.96312181],[80.10503995,11.95481781],[80.10164178,11.94651383],[80.09824361,11.93820985],[80.09484545,11.92990586],[80.09144728,11.92160187],[80.08804913,11.91329789],[80.08465098,11.90499391],[80.08125283,11.89668994],[80.07785469,11.88838596],[80.07445655,11.88008197],[80.07105842,11.871778],[80.0676603,11.86347403],[80.06426218,11.85517006],[80.06086406,11.84686608],[80.05746595,11.83856211],[80.05406784,11.83025814],[80.05066974,11.82195419],[80.04727164,11.81365022],[80.04387355,11.80534625],[80.04047546,11.79704229],[80.03707738,11.78873833],[80.03367931,11.78043437],[80.03028123,11.7721304],[80.02688316,11.76382645],[80.0234851,11.75552249],[80.02008705,11.74721855],[80.01668899,11.7389146],[80.01329094,11.73061063],[80.0098929,11.72230669],[80.00649487,11.71400275],[80.00309683,11.7056988],[79.9996988,11.69739485],[79.99630078,11.6890909],[79.99421124,11.68398458],[79.99499262,11.67951411],[79.99651068,11.67082899],[79.99802852,11.66214514],[79.99954657,11.65346013],[80.0010645,11.64477584],[80.00258247,11.63609131],[80.00410053,11.62740631],[80.00561846,11.61872212],[80.00713646,11.61003752],[80.00865446,11.60135293],[80.01017238,11.59266886],[80.01169055,11.58398341],[80.01320844,11.57529956],[80.01472646,11.56661496],[80.01624451,11.55793027],[80.01776252,11.54924584],[80.01928053,11.54056142],[80.02079852,11.53187716],[80.02231661,11.52319232],[80.02383465,11.51450781],[80.02535266,11.50582349],[80.02687072,11.49713895],[80.02838887,11.4884539],[80.02990676,11.47977036],[80.03142496,11.47108509],[80.03294291,11.46240122],[80.034461,11.45371664],[80.03597914,11.44503179],[80.03749717,11.4363476],[80.03901531,11.42766283],[80.04053345,11.41897802],[80.04205154,11.41029361],[80.0435696,11.40160935],[80.04508771,11.39292482],[80.04660606,11.38423898],[80.04728922,11.37971972],[80.04844665,11.37065519],[80.04892091,11.36610996],[80.04960935,11.35762242],[80.05029774,11.34913539],[80.05098618,11.34064793],[80.05167457,11.33216111],[80.05236299,11.323674],[80.05305141,11.31518695],[80.05373988,11.30669932],[80.05442827,11.29821264],[80.0551167,11.28972564],[80.05580515,11.28123846],[80.05649361,11.27275122],[80.05718205,11.26426424],[80.05787051,11.25577705],[80.05855897,11.24728995],[80.05924744,11.23880285],[80.0599359,11.23031584],[80.06062439,11.22182853],[80.06131291,11.21334101],[80.06149924,11.21055997],[80.06179373,11.20499385],[80.06190189,11.20220878],[80.06212242,11.19330867],[80.06234296,11.18440865],[80.0625635,11.1755087],[80.06278406,11.16660859],[80.06300461,11.15770857],[80.06322517,11.14880856],[80.06344574,11.13990851],[80.06366631,11.13100854],[80.06388688,11.12210853],[80.06410746,11.11320852],[80.06432805,11.10430858],[80.06454864,11.09540849],[80.06476924,11.08650852],[80.06498984,11.07760847],[80.06521045,11.06870846],[80.06543106,11.05980848],[80.06565168,11.05090844],[80.0658723,11.04200842],[80.06609293,11.03310841],[80.06631357,11.02420845],[80.06653421,11.01530836],[80.06675485,11.00640837],[80.0669755,10.99750829],[80.06719615,10.98860836],[80.06741681,10.97970833],[80.06763748,10.97080828],[80.06785815,10.96190826],[80.06807883,10.95300829],[80.06829951,10.9441083],[80.06852019,10.93520827],[80.06874088,10.92630827],[80.06896158,10.91740824],[80.06918229,10.90850813],[80.06940299,10.89960822],[80.0696237,10.89070823],[80.06984442,10.88180813],[80.07006514,10.87290822],[80.07028587,10.86400814],[80.07050661,10.85510814],[80.07072735,10.84620806],[80.07094809,10.83730812],[80.07116884,10.82840811],[80.07138959,10.81950808],[80.07161035,10.81060806],[80.07183112,10.80170795],[80.07205189,10.79280803],[80.07227266,10.78390795],[80.07249344,10.77500808],[80.07271423,10.76610798],[80.07293502,10.7572079],[80.07315581,10.74830803],[80.07337662,10.73940799],[80.07359743,10.73050784],[80.07381824,10.72160793],[80.07403905,10.71270788],[80.07425988,10.70380786],[80.0744807,10.69490786],[80.07470154,10.68600786],[80.07492237,10.67710781],[80.07514322,10.6682078],[80.07536407,10.65930772],[80.07558492,10.65040783],[80.07580578,10.64150771],[80.07602664,10.63260778],[80.07624751,10.62370766],[80.07646839,10.61480768],[80.07668927,10.60590767],[80.07691015,10.59700765],[80.0770022,10.59186602],[80.07713104,10.58810763],[80.07717737,10.58560748],[80.07718265,10.5812251],[80.07735194,10.57920756],[80.07757284,10.5703076],[80.07779374,10.56140757],[80.07801465,10.55250758],[80.07823557,10.54360754],[80.07845649,10.53470747],[80.07867742,10.52580747],[80.07889835,10.51690752],[80.07911929,10.50800747],[80.07934023,10.49910738],[80.07956118,10.49020735],[80.07978213,10.4813074],[80.08000309,10.47240738],[80.08022405,10.46350736],[80.08044502,10.45460734],[80.08066599,10.44570736],[80.08088697,10.43680729],[80.08110796,10.42790728],[80.08132895,10.4190072],[80.08154994,10.41010723],[80.08177094,10.40120726],[80.08199195,10.39230715],[80.08221296,10.38340717],[80.08243397,10.37450717],[80.08258067,10.3686],[80.0832048,10.36663597],[80.08444183,10.36242437],[80.08558574,10.35818704],[80.086636,10.35392601],[80.08759209,10.3496433],[80.08845358,10.34534096],[80.08885512,10.34321608],[80.08922005,10.34102103],[80.08989114,10.33668557],[80.09046655,10.33233665],[80.09094599,10.32797633],[80.09132925,10.32360668],[80.09161614,10.3192298],[80.09180654,10.31484776],[80.09190036,10.31046265],[80.09192313,10.30830146],[80.09189755,10.30607655],[80.09179812,10.30169156],[80.09160213,10.29730976],[80.09130967,10.29293323],[80.09092088,10.28856406],[80.09043595,10.28420433],[80.08985512,10.27985611],[80.08917867,10.27552147],[80.08882209,10.27338869],[80.08840692,10.27120247],[80.08754024,10.26690118],[80.08657906,10.26261962],[80.08552383,10.25835985],[80.08437505,10.25412389],[80.08313328,10.24991375],[80.08179912,10.24573143],[80.08037319,10.24157893],[80.07964771,10.23953848],[80.07885619,10.23745822],[80.07724883,10.23337127],[80.07555189,10.22932],[80.07376617,10.22530636],[80.07189253,10.22133224],[80.06993186,10.21739955],[80.0678851,10.21351015],[80.06575322,10.20966588],[80.06468004,10.2077791],[80.06372272,10.2061722],[80.06180685,10.20302342],[80.0608344,10.2014577],[80.05731307,10.19590239],[80.05379071,10.19034547],[80.05026937,10.18479014],[80.04932606,10.18333003],[80.04741419,10.18042612],[80.0454521,10.1775553],[80.04344036,10.1747184],[80.04137958,10.17191628],[80.03927037,10.16914976],[80.03711337,10.16641968],[80.0349092,10.16372683],[80.03381118,10.16240842],[80.03235326,10.16072589],[80.0294327,10.15742959],[80.02644032,10.15419716],[80.02337754,10.15103015],[80.02024582,10.14793006],[80.01704664,10.14489836],[80.01378154,10.1419365],[80.01045206,10.13904588],[80.00878718,10.13763165],[80.00705979,10.13622788],[80.00360634,10.13348384],[80.00009335,10.13081505],[79.99652251,10.12822279],[79.99289549,10.1257083],[79.98921404,10.12327276],[79.9854799,10.12091733],[79.98169484,10.11864313],[79.97980366,10.11753439],[79.97786066,10.11645125],[79.9739792,10.11434272],[79.97005229,10.11231855],[79.96608179,10.1103797],[79.96206961,10.10852709],[79.96004041,10.10764294],[79.95822053,10.1066284],[79.95433918,10.10451987],[79.95041239,10.10249569],[79.94644202,10.10055684],[79.94242996,10.09870422],[79.93837811,10.09693872],[79.9342884,10.09526119],[79.93016278,10.09367241],[79.9281015,10.09290399],[79.92629031,10.09227012],[79.92460822,10.09169911],[79.92283924,10.09102587],[79.92115428,10.09040153],[79.91913256,10.08969644],[79.91509525,10.08833568],[79.91306939,10.0876763],[79.91124504,10.08710348],[79.90741925,10.08598372],[79.89972627,10.083894],[79.89585911,10.08292403],[79.88132365,10.07957769],[79.87865296,10.07900024],[79.87329682,10.07791678],[79.87061685,10.07741173],[79.86764196,10.07693707],[79.86169023,10.07607703],[79.85571543,10.07539212],[79.84972277,10.07488293],[79.84672269,10.07467232],[79.81585612,10.07295952],[79.81469815,10.07289958],[79.79707967,10.07205338],[79.79462327,10.07196492],[79.78970898,10.07184696],[79.78725112,10.07181746],[79.78575224,10.07182843],[79.78275481,10.0718723],[79.7812563,10.07190519],[79.75263901,10.07274176],[79.74997793,10.0728541],[79.74465957,10.0731479],[79.74207902,10.07332412],[79.74130225,10.07327369],[79.73687939,10.07308247],[79.73245222,10.07298684],[79.73023811,10.07296295],[79.72728885,10.07296307],[79.71959727,10.07325265],[79.70425832,10.07440839],[79.69661176,10.07527443],[79.66425735,10.08017499],[79.66285009,10.08025308],[79.65985118,10.08046366],[79.65385942,10.08097285],[79.64788549,10.08165771],[79.64193463,10.08251763],[79.63896017,10.08299222],[79.63745618,10.08326653],[79.63444165,10.08383965],[79.63293706,10.08413739],[79.59799275,10.09132304],[79.56718463,10.09592583],[79.56613308,10.0959713],[79.56171632,10.09625799],[79.55730691,10.09664003],[79.55290695,10.09711724],[79.54851852,10.09768939],[79.54414372,10.09835621],[79.54195451,10.0987142],[79.53978462,10.09911739],[79.53544329,10.09997256],[79.53182783,10.10075385],[79.52961622,10.10097513],[79.52538801,10.10144446],[79.52117065,10.1020015],[79.51696599,10.10264598],[79.51486159,10.10299101],[79.51414859,10.10311815],[79.51271261,10.10337946],[79.51199513,10.10351266],[79.48891784,10.10788141],[79.48682704,10.1082997],[79.48240224,10.10878964],[79.47801366,10.10936179],[79.47736781,10.10946023],[79.47249377,10.1096641],[79.46903208,10.10986759],[79.46211435,10.11039184],[79.45866074,10.11071244],[79.45644177,10.11095632],[79.45718023,10.10907144],[79.4579486,10.1070458],[79.45869171,10.10494893],[79.46011205,10.10079473],[79.46144056,10.0966108],[79.46267662,10.09239915],[79.46381963,10.08816177],[79.46486907,10.08390068],[79.46582443,10.07961792],[79.46668526,10.07531553],[79.46708664,10.07318979],[79.46745116,10.07099554],[79.46812176,10.06666002],[79.46869676,10.06231103],[79.46917587,10.05795065],[79.46955888,10.05358094],[79.46984561,10.04920399],[79.47003592,10.04482188],[79.47012973,10.0404367],[79.47015252,10.03827462],[79.470127,10.03605053],[79.47002773,10.03166546],[79.46983198,10.02728358],[79.46953984,10.02290698],[79.46915145,10.01853773],[79.468667,10.01417792],[79.46808673,10.00982962],[79.46741092,10.0054949],[79.46705453,10.00336125],[79.46663989,10.00117582],[79.46577401,9.99687443],[79.4648137,9.9925928],[79.46375942,9.98833294],[79.46261168,9.98409689],[79.46137101,9.97988666],[79.46003803,9.97570425],[79.45861336,9.97155166],[79.45788824,9.96951041],[79.45709769,9.96743086],[79.45549173,9.96334381],[79.45379627,9.95929245],[79.4520121,9.95527872],[79.45014008,9.95130451],[79.44818111,9.94737172],[79.44613611,9.94348223],[79.44400606,9.93963787],[79.44293343,9.9377504],[79.44179199,9.93584048],[79.43949494,9.93209186],[79.437116,9.9283938],[79.43465632,9.92474805],[79.43211707,9.92115635],[79.42949945,9.91762041],[79.42680471,9.9141419],[79.42403414,9.91072248],[79.42264542,9.90904588],[79.42118905,9.90736378],[79.4182708,9.90406739],[79.41528078,9.90083488],[79.41222041,9.89766778],[79.40909116,9.89456761],[79.4058945,9.89153583],[79.40263196,9.88857389],[79.39930509,9.8856832],[79.39764113,9.88426859],[79.39591548,9.88286512],[79.39246474,9.880121],[79.3889545,9.87745214],[79.38538644,9.87485981],[79.38176226,9.87234524],[79.37808368,9.86990963],[79.37435245,9.86755414],[79.37173853,9.86598233],[79.3712243,9.86514297],[79.36884586,9.86144488],[79.36638669,9.85779911],[79.36384796,9.85420739],[79.36123088,9.85067142],[79.3585367,9.84719289],[79.3557667,9.84377345],[79.35437817,9.84209672],[79.3529222,9.84041473],[79.35000455,9.83711832],[79.34701515,9.83388578],[79.34395541,9.83071867],[79.34082679,9.82761847],[79.33763078,9.82458668],[79.33436891,9.82162471],[79.33104272,9.818734],[79.32937899,9.81731929],[79.3276538,9.8159159],[79.32651054,9.81500655],[79.3261111,9.81434024],[79.32348281,9.81007857],[79.32214201,9.80796393],[79.31929697,9.80359812],[79.3188231,9.80288322],[79.31812691,9.80051929],[79.31679469,9.79633682],[79.31537084,9.79218417],[79.31464595,9.79014239],[79.31396413,9.78833979],[79.31258658,9.78480115],[79.31114201,9.78128891],[79.30963091,9.77780432],[79.30805385,9.77434863],[79.30641137,9.77092305],[79.30470407,9.76752881],[79.30293255,9.76416711],[79.30203083,9.76249455],[79.29971446,9.75829375],[79.2991343,9.75725618],[79.29796168,9.7551879],[79.29738248,9.75417995],[79.29639762,9.75252548],[79.29442361,9.74928053],[79.29238834,9.74607305],[79.29029252,9.74290419],[79.2881369,9.73977507],[79.28592224,9.73668679],[79.28364935,9.73364047],[79.28131901,9.73063717],[79.2801396,9.72914641],[79.27791636,9.72639012],[79.27715948,9.72546309],[79.27563469,9.72361798],[79.27488184,9.7227177],[79.27369386,9.7213392],[79.27132379,9.71863872],[79.26890567,9.71598053],[79.26812552,9.71515302],[79.26709874,9.71382633],[79.26432987,9.71040684],[79.26294169,9.70872984],[79.26128117,9.70681669],[79.25794325,9.7030671],[79.2545124,9.69940104],[79.25373569,9.6986114],[79.25196954,9.69570869],[79.24991637,9.69247474],[79.24780164,9.68928008],[79.24672899,9.68769273],[79.24496843,9.68514012],[79.24353417,9.68311453],[79.24061585,9.67909897],[79.23759884,9.6751559],[79.23448498,9.67128771],[79.23291904,9.66939031],[79.23146411,9.66770861],[79.22939024,9.66536424],[79.2290141,9.66477345],[79.22682071,9.66147372],[79.22456241,9.65821739],[79.22224008,9.65500573],[79.2198546,9.65183998],[79.21740692,9.64872136],[79.21616765,9.64717398],[79.21521987,9.64601415],[79.21466657,9.64534298],[79.21355415,9.64400541],[79.21300998,9.64335664],[79.21155519,9.64167499],[79.2086393,9.63837851],[79.2056517,9.63514591],[79.20259379,9.63197873],[79.19946705,9.62887847],[79.19627296,9.62584661],[79.19301304,9.62288459],[79.18968884,9.61999381],[79.18802579,9.61857882],[79.18630194,9.61717565],[79.18285395,9.61443145],[79.17962065,9.61197111],[79.17707117,9.60867694],[79.17430317,9.60525742],[79.17291527,9.60358021],[79.17108359,9.60147463],[79.167393,9.59734884],[79.16703595,9.59696054],[79.16664493,9.5964318],[79.16395282,9.59295319],[79.16314056,9.59194969],[79.1627883,9.59083038],[79.16126654,9.5863654],[79.16048895,9.58416803],[79.15981064,9.58237335],[79.15843999,9.57884929],[79.157738,9.57709365],[79.15753631,9.57660274],[79.15686784,9.57501468],[79.15550362,9.57185014],[79.15408505,9.56870924],[79.15261255,9.56559289],[79.15108654,9.56250202],[79.14950747,9.55943752],[79.14850614,9.55760777],[79.14740648,9.55480553],[79.14571318,9.55075403],[79.14393128,9.54674016],[79.14206163,9.54276581],[79.14010513,9.53883289],[79.1380627,9.53494325],[79.13593533,9.53109875],[79.13486348,9.52921026],[79.13372403,9.52730123],[79.13142985,9.52355247],[79.12905388,9.51985427],[79.12659726,9.51620838],[79.12450254,9.51324166],[79.12444531,9.51252681],[79.12417082,9.5095254],[79.12395469,9.50741065],[79.123675,9.5049349],[79.12516694,9.50375539],[79.12743787,9.50191655],[79.12800911,9.5014473],[79.13638492,9.49508929],[79.13858758,9.49336564],[79.14227324,9.49336564],[79.14669044,9.4932699],[79.15110448,9.49307846],[79.15551325,9.49279141],[79.15991465,9.4924089],[79.1643066,9.49193111],[79.16868698,9.49135825],[79.17305372,9.49069061],[79.17522845,9.49033399],[79.17803556,9.48980179],[79.18081438,9.48923445],[79.18268516,9.49041848],[79.18646167,9.4926951],[79.18837505,9.49382018],[79.19103078,9.49529053],[79.19641656,9.49816791],[79.20152055,9.50071303],[79.20701749,9.50326388],[79.21249632,9.50561348],[79.21795567,9.50776742],[79.21844737,9.50795323],[79.22037293,9.50883047],[79.22384762,9.51033591],[79.22735011,9.51177648],[79.22910815,9.51248048],[79.23688065,9.51550915],[79.23805046,9.51595669],[79.2403956,9.51683735],[79.24158028,9.51727386],[79.24365506,9.5179985],[79.24783887,9.5194092],[79.25205273,9.52072892],[79.25629461,9.52195701],[79.2605625,9.52309291],[79.26485436,9.52413605],[79.26916815,9.52508596],[79.27350181,9.52594217],[79.27567834,9.52634767],[79.27781548,9.52669849],[79.28210684,9.52735619],[79.28641143,9.52792236],[79.29072728,9.52839674],[79.29505238,9.52877913],[79.29938476,9.52906933],[79.30372241,9.52926721],[79.30806335,9.5293727],[79.31023438,9.52940232],[79.31110917,9.52940495],[79.31347142,9.52938467],[79.3181948,9.52928939],[79.32276212,9.52909475],[79.32717135,9.52880771],[79.33157322,9.5284252],[79.33596562,9.5279474],[79.34034646,9.52737454],[79.34471366,9.5267069],[79.34688859,9.52635029],[79.34864248,9.52602737],[79.3521343,9.5253528],[79.35387721,9.52500029],[79.3565747,9.52443015],[79.35829743,9.52405043],[79.36173595,9.5232612],[79.36516009,9.52241259],[79.3685688,9.52150485],[79.37196103,9.52053826],[79.37533576,9.51951311],[79.37869197,9.5184297],[79.38202863,9.51728838],[79.38368258,9.51670667],[79.38549863,9.51603067],[79.38909875,9.51465138],[79.39267172,9.5132042],[79.39621623,9.51168968],[79.39798119,9.51091565],[79.40469678,9.50789417],[79.40695072,9.50684671],[79.41143197,9.50469706],[79.4158586,9.50243869],[79.42022793,9.50007297],[79.42238532,9.49887066],[79.42286575,9.49858646],[79.42425424,9.49793944],[79.42821639,9.49599842],[79.4321349,9.49397201],[79.4360079,9.49186118],[79.43792019,9.490792],[79.43983355,9.48966693],[79.44361002,9.4873903],[79.44733552,9.48503239],[79.45100827,9.48259432],[79.45462652,9.48007724],[79.45818855,9.47748237],[79.46169267,9.47481093],[79.46287461,9.47386842],[79.51166667,9.36333333],[79.53333333,9.21666667],[79.53333333,9.1],[79.52166667,9],[79.497774,8.92593273],[79.48833333,8.89666667],[79.48827527,8.89659449],[79.48651468,8.89696051],[79.47785656,8.89885547],[79.46919598,8.90075096],[79.46053539,8.90264645],[79.45187481,8.90454195],[79.44321425,8.90643744],[79.43455367,8.90833293],[79.42589309,8.91022843],[79.4172325,8.91212392],[79.40857193,8.91401941],[79.39991136,8.9159149],[79.39125078,8.9178104],[79.38259019,8.91970589],[79.37392962,8.92160139],[79.36526905,8.92349688],[79.35660847,8.92539237],[79.34794789,8.92728786],[79.3392873,8.92918336],[79.33062672,8.93107885],[79.32196616,8.93297435],[79.31330558,8.93486984],[79.30464499,8.93676533],[79.29598441,8.93866083],[79.28732384,8.94055632],[79.27866326,8.94245181],[79.27000268,8.94434731],[79.26134209,8.9462428],[79.25268151,8.9481383],[79.24402094,8.95003379],[79.23536036,8.95192928],[79.22669977,8.95382478],[79.21803919,8.95572027],[79.20937862,8.95761576],[79.20071804,8.95951125],[79.19205745,8.96140675],[79.18339687,8.96330224],[79.1747363,8.96519774],[79.16607572,8.96709323],[79.15741514,8.96898872],[79.14875455,8.97088422],[79.14009397,8.97277971],[79.1314334,8.9746752],[79.12277281,8.9765707],[79.11411222,8.97846619],[79.10545164,8.98036169],[79.09679107,8.98225718],[79.08813049,8.98415267],[79.08399629,8.9850575],[79.07966935,8.98429852],[79.07090468,8.98276112],[79.06214001,8.98122372],[79.05337534,8.97968632],[79.04461068,8.97814892],[79.03584602,8.97661152],[79.02708135,8.97507413],[79.01831669,8.97353673],[79.00955201,8.97199933],[79.00078736,8.97046193],[78.99202269,8.96892453],[78.98325802,8.96738713],[78.97449336,8.96584973],[78.96572869,8.96431233],[78.95696403,8.96277494],[78.94819937,8.96123754],[78.9394347,8.95970014],[78.93067004,8.95816274],[78.92190536,8.95662534],[78.91314071,8.95508794],[78.90437604,8.95355054],[78.89561138,8.95201314],[78.88684671,8.95047574],[78.87808204,8.94893834],[78.86931738,8.94740095],[78.86055272,8.94586355],[78.85178805,8.94432615],[78.84302339,8.94278875],[78.83425871,8.94125135],[78.82549406,8.93971395],[78.8167294,8.93817655],[78.80796473,8.93663916],[78.79920007,8.93510176],[78.79043539,8.93356436],[78.78167074,8.93202696],[78.77290608,8.93048956],[78.76414141,8.92895216],[78.75537675,8.92741476],[78.74661207,8.92587736],[78.73784742,8.92433997],[78.72908276,8.92280257],[78.72031809,8.92126517],[78.71155343,8.91972777],[78.70278875,8.91819037],[78.6940241,8.91665297],[78.68525944,8.91511557],[78.67889135,8.91399856],[78.67424582,8.90929957],[78.66799209,8.90297387],[78.66173835,8.89664816],[78.65548461,8.89032245],[78.64923088,8.88399674],[78.64297715,8.87767104],[78.63672343,8.87134534],[78.6304697,8.86501963],[78.62421598,8.85869393],[78.61796226,8.85236823],[78.61170855,8.84604253],[78.60545484,8.83971683],[78.59920113,8.83339113],[78.59294741,8.82706543],[78.58669371,8.82073973],[78.58044001,8.81441404],[78.57418631,8.80808835],[78.56793262,8.80176265],[78.56167892,8.79543695],[78.55542523,8.78911126],[78.54917154,8.78278558],[78.54291786,8.77645989],[78.53666418,8.7701342],[78.53041049,8.7638085],[78.52415681,8.75748282],[78.51790314,8.75115714],[78.51164947,8.74483145],[78.5053958,8.73850577],[78.49914213,8.73218008],[78.49288847,8.72585439],[78.48663481,8.71952872],[78.48038116,8.71320304],[78.4741275,8.70687736],[78.46787384,8.70055167],[78.46162019,8.694226],[78.45536655,8.68790032],[78.44911291,8.68157465],[78.44285926,8.67524897],[78.43660562,8.66892329],[78.43035199,8.66259763],[78.42409836,8.65627195],[78.41784473,8.64994628],[78.4115911,8.64362061],[78.40533747,8.63729494],[78.40319479,8.63512758],[78.40187723,8.63176722],[78.39859475,8.62339543],[78.39531227,8.61502365],[78.39202979,8.60665184],[78.38874732,8.59828006],[78.38546485,8.58990827],[78.38218239,8.58153649],[78.37889993,8.57316471],[78.37561748,8.56479292],[78.37233503,8.55642114],[78.36905258,8.54804936],[78.36577015,8.53967759],[78.36248771,8.53130581],[78.35920528,8.52293403],[78.35592286,8.51456226],[78.35264044,8.50619048],[78.34935802,8.49781871],[78.34607561,8.48944695],[78.34279321,8.48107519],[78.3395108,8.47270341],[78.33622841,8.46433164],[78.33294602,8.45595988],[78.32966363,8.44758813],[78.32638125,8.43921637],[78.32309887,8.4308446],[78.31981708,8.42247432],[78.31799263,8.41812472],[78.31414112,8.40951539],[78.31211407,8.40525568],[78.30825646,8.39761696],[78.30439804,8.38997663],[78.30053961,8.38233628],[78.29668119,8.37469594],[78.29282278,8.36705562],[78.28896437,8.35941529],[78.28510596,8.35177495],[78.28124756,8.34413463],[78.27738916,8.3364943],[78.27353077,8.32885397],[78.26967238,8.32121365],[78.26581399,8.31357332],[78.26195561,8.305933],[78.25809723,8.29829267],[78.25423886,8.29065236],[78.25038129,8.28301363],[78.24902836,8.28042853],[78.24624786,8.27529847],[78.24483149,8.27277279],[78.24369775,8.27086651],[78.24141164,8.26711735],[78.239044,8.26341875],[78.23659598,8.25977246],[78.23406873,8.25618022],[78.23146347,8.25264373],[78.22878143,8.24916469],[78.22602389,8.24574474],[78.22463912,8.24406481],[78.22319216,8.2423855],[78.2202876,8.23908859],[78.21514636,8.23367168],[78.2124636,8.23104712],[78.20966063,8.22825671],[78.20647888,8.22522443],[78.20323232,8.22226269],[78.2009344,8.22022955],[78.19788698,8.21761482],[78.19678482,8.21668286],[78.19316737,8.21367552],[78.18816065,8.2097732],[78.18460914,8.20718041],[78.18100174,8.2046654],[78.17734018,8.20222936],[78.1736262,8.19987345],[78.16986156,8.19759878],[78.16782063,8.1963982],[78.16690366,8.19587524],[78.16627432,8.19551886],[78.16442513,8.1944981],[78.16070572,8.19249538],[78.15681582,8.19052029],[78.15359804,8.18852226],[78.15295976,8.1881292],[78.14543929,8.18353621],[78.13791778,8.17894259],[78.13039628,8.17434898],[78.12287478,8.16975537],[78.11535328,8.16516175],[78.10783179,8.16056815],[78.1003103,8.15597454],[78.09278879,8.15138092],[78.0852673,8.14678731],[78.07774581,8.1421937],[78.07022432,8.13760009],[78.06270284,8.13300649],[78.05518134,8.12841287],[78.04765985,8.12381926],[78.04013837,8.11922566],[78.03261689,8.11463205],[78.0250954,8.11003844],[78.01757392,8.10544483],[78.01005243,8.10085122],[78.00253095,8.09625762],[77.99500948,8.09166401],[77.987488,8.0870704],[77.97996652,8.0824768],[77.97244505,8.07788319],[77.96809137,8.07526471],[77.96492356,8.07328958],[77.96265182,8.07192255],[77.95884773,8.06972298],[77.9574021,8.06869598],[77.94988063,8.06410238],[77.94235915,8.05950877],[77.93483769,8.05491517],[77.92731622,8.05032157],[77.91979475,8.04572796],[77.91227329,8.04113436],[77.90475183,8.03654076],[77.89723035,8.03194715],[77.8897089,8.02735355],[77.88218744,8.02275995],[77.87466598,8.01816635],[77.86714453,8.01357275],[77.85962307,8.00897915],[77.85210364,8.00438679],[77.85096504,8.00370164],[77.84867887,8.00234634],[77.84754218,8.00168245],[77.84633129,8.00099683],[77.84392206,7.99965453],[77.84271285,7.9989916],[77.83511316,7.99489225],[77.82751142,7.9907918],[77.8199097,7.98669136],[77.81230797,7.98259091],[77.80470624,7.97849047],[77.79710451,7.97439002],[77.78950278,7.97028957],[77.78190106,7.96618913],[77.77429934,7.96208869],[77.76669761,7.95798824],[77.75909588,7.95388779],[77.75149416,7.94978735],[77.74389245,7.94568691],[77.73629072,7.94158646],[77.72868899,7.93748602],[77.72108728,7.93338558],[77.71348557,7.92928514],[77.70588384,7.92518469],[77.69828212,7.92108424],[77.69068042,7.91698381],[77.68307871,7.91288337],[77.67547699,7.90878292],[77.66787527,7.90468248],[77.66027356,7.90058204],[77.65267388,7.89648269],[77.65103526,7.89561809],[77.64774234,7.89391904],[77.64441868,7.89228061],[77.6410654,7.89070336],[77.63768363,7.88918781],[77.6342745,7.88773448],[77.63083919,7.88634386],[77.62737883,7.88501642],[77.62565051,7.88437144],[77.62356715,7.88364121],[77.61940097,7.88223181],[77.61520498,7.88091332],[77.61098116,7.87968638],[77.60673153,7.87855156],[77.6024581,7.8775094],[77.59816291,7.8765604],[77.593848,7.87570501],[77.59169011,7.87530151],[77.58951541,7.87494364],[77.58516722,7.87427664],[77.58080548,7.87370434],[77.57643227,7.87322701],[77.57204966,7.87284487],[77.56765975,7.87255811],[77.5632646,7.87236686],[77.55886633,7.87227121],[77.55666667,7.87224729],[77.55446701,7.87227121],[77.55006873,7.87236686],[77.54567359,7.87255811],[77.54128367,7.87284487],[77.53690107,7.87322701],[77.53252785,7.87370434],[77.52816611,7.87427664],[77.52381792,7.87494364],[77.52164323,7.87530151],[77.51948534,7.87570501],[77.51517042,7.8765604],[77.5134458,7.87694145],[77.51197774,7.87706945],[77.50760449,7.87754678],[77.50324271,7.87811908],[77.49889448,7.87878608],[77.49671976,7.87914395],[77.49456185,7.87954745],[77.4902469,7.88040284],[77.48595167,7.88135184],[77.48167821,7.88239399],[77.47742853,7.88352881],[77.47320468,7.88475576],[77.46879296,7.8861472],[77.4657407,7.88678064],[77.4613836,7.88774187],[77.45698697,7.8888169],[77.45237146,7.88943327],[77.44789307,7.89011724],[77.44565348,7.89048503],[77.44349551,7.89088853],[77.43918045,7.89174392],[77.4348851,7.89269292],[77.43249777,7.89327509],[77.42053601,7.8949677],[77.41886612,7.89521819],[77.41552744,7.89574753],[77.41385608,7.89602689],[77.41145588,7.89647871],[77.40665869,7.89744183],[77.40188632,7.89852068],[77.40026702,7.89892814],[77.39908709,7.89912231],[77.39692909,7.8995258],[77.39261393,7.90038119],[77.3883185,7.90133018],[77.38404482,7.90237234],[77.38146794,7.90306043],[77.38091432,7.90317317],[77.37560269,7.90440486],[77.37032623,7.90577927],[77.36769734,7.90650202],[77.34576675,7.91284982],[77.3441628,7.91332846],[77.34096303,7.91431222],[77.33778006,7.91534878],[77.33461477,7.91643787],[77.33302866,7.9169984],[77.33250073,7.91719159],[77.33142999,7.9175868],[77.33089605,7.91778558],[77.3282542,7.9187776],[77.32560977,7.91941605],[77.32476765,7.9195988],[77.32025375,7.91949815],[77.31805384,7.91947423],[77.31618164,7.91949155],[77.31243787,7.91956082],[77.30869604,7.91969935],[77.30495743,7.91990708],[77.30122333,7.92018393],[77.29749502,7.92052983],[77.29377378,7.92094464],[77.29006091,7.92142822],[77.28820672,7.92168719],[77.28646948,7.92194622],[77.28517388,7.922148],[77.28258543,7.92256831],[77.2812883,7.9227876],[77.27913019,7.92319109],[77.27481479,7.92404648],[77.2705191,7.92499547],[77.26624519,7.92603762],[77.26199507,7.92717244],[77.25777077,7.92839938],[77.25357429,7.92971786],[77.24940763,7.93112725],[77.24732399,7.93185749],[77.24527278,7.93262688],[77.24117169,7.93421605],[77.23710631,7.93589399],[77.23307859,7.93765991],[77.22909042,7.93951297],[77.22514372,7.94145229],[77.22124035,7.94347695],[77.21738218,7.94558597],[77.21545381,7.94666767],[77.21288038,7.94819974],[77.20775904,7.95135246],[77.20273428,7.95465607],[77.19924096,7.95710491],[77.19560594,7.95941219],[77.19194659,7.96184829],[77.18834137,7.96436336],[77.18479201,7.9669562],[77.18130018,7.96962559],[77.17786755,7.97237025],[77.17615393,7.97377152],[77.17449575,7.97518887],[77.17118639,7.97808012],[77.16794104,7.98104263],[77.16476124,7.98407498],[77.16164851,7.98717573],[77.15860434,7.99034341],[77.15583106,7.99335812],[77.15233698,7.99498577],[77.14838975,7.99692508],[77.14448585,7.99894972],[77.14062715,8.00105874],[77.13869845,8.00214047],[77.13681549,8.00325112],[77.13305267,8.00552584],[77.12934048,8.0078818],[77.12568069,8.01031789],[77.12207505,8.01283295],[77.11852526,8.01542578],[77.11503301,8.01809515],[77.11159997,8.0208398],[77.10988607,8.02224112],[77.10810481,8.023766],[77.10455408,8.0268779],[77.10107743,8.03007186],[77.09767679,8.03334613],[77.09599571,8.03500311],[77.0880481,8.04302223],[77.08730834,8.04342878],[77.08502569,8.04470255],[77.08387757,8.0453531],[77.08199447,8.04646371],[77.07823124,8.04873842],[77.07451866,8.05109437],[77.07085848,8.05353045],[77.06725245,8.05604549],[77.06370228,8.05863832],[77.06020966,8.06130768],[77.05677626,8.06405231],[77.0550621,8.06545369],[77.05340369,8.06687091],[77.05009358,8.06976214],[77.04684749,8.07272462],[77.04366697,8.07575694],[77.04055353,8.07885767],[77.03750866,8.08202533],[77.03453379,8.0852584],[77.03163036,8.08855536],[77.03018421,8.09023441],[77.02879975,8.09191464],[77.02711085,8.0940101],[77.02582537,8.09486557],[77.0225027,8.09718187],[77.019733,8.09915404],[77.01709337,8.10110135],[77.01578167,8.10208556],[77.00009595,8.11405491],[76.96730858,8.13768027],[76.96585022,8.13875097],[76.9629526,8.14091858],[76.96009448,8.14313765],[76.95727677,8.14540749],[76.95586555,8.14656551],[76.95420693,8.14798262],[76.95089614,8.15087383],[76.94944258,8.15220011],[76.94773574,8.15333583],[76.94412881,8.15585085],[76.94057775,8.15844364],[76.93708426,8.16111298],[76.93365,8.16385759],[76.93183965,8.1653392],[76.93123511,8.16584704],[76.92132419,8.17421648],[76.91971006,8.17560905],[76.91741234,8.17763411],[76.91410202,8.17935011],[76.91024159,8.18145909],[76.90831178,8.18254094],[76.90642822,8.18365143],[76.90266371,8.1859261],[76.89894985,8.18828202],[76.89528842,8.19071807],[76.89168116,8.19323308],[76.88812977,8.19582587],[76.88463595,8.19849519],[76.88120136,8.20123979],[76.8794864,8.20264133],[76.87782763,8.20405835],[76.87451637,8.20694954],[76.87126916,8.20991198],[76.87082806,8.21033238],[76.8692226,8.21145234],[76.86743867,8.2127258],[76.86389898,8.21531104],[76.86041651,8.21797233],[76.8569929,8.22070841],[76.85528331,8.22210559],[76.85362448,8.22352258],[76.85031306,8.22641377],[76.84716334,8.22928327],[76.84602354,8.23036661],[76.84429413,8.23187482],[76.84298672,8.23306099],[76.84029694,8.23540709],[76.83701275,8.23840158],[76.8338309,8.24143386],[76.83071615,8.24453454],[76.82767,8.24770214],[76.82469389,8.25093517],[76.82178923,8.25423208],[76.82034222,8.25591141],[76.81895742,8.25759131],[76.8161998,8.26101126],[76.81351767,8.2644903],[76.81091233,8.26802678],[76.80838501,8.27161902],[76.80593691,8.2752653],[76.8035692,8.2789639],[76.80128301,8.28271306],[76.80014923,8.28461937],[76.79907673,8.2865159],[76.79792761,8.28837389],[76.79718844,8.28958778],[76.79572736,8.29202584],[76.79499424,8.29326934],[76.79392443,8.29516094],[76.79180446,8.29900584],[76.78976917,8.30289587],[76.78781951,8.30682919],[76.78595642,8.31080393],[76.7841808,8.31481819],[76.78249348,8.31887007],[76.78167781,8.32095622],[76.78027592,8.32292181],[76.77822741,8.32499437],[76.77558901,8.32776411],[76.77300385,8.33058324],[76.77172471,8.332005],[76.76407228,8.34067456],[76.76332243,8.34153381],[76.76183253,8.34326071],[76.76107962,8.34414363],[76.75940243,8.34618739],[76.75682467,8.34941402],[76.75511487,8.35124539],[76.75165291,8.35514959],[76.74994163,8.35713081],[76.72358966,8.38850727],[76.71921336,8.39410767],[76.71144986,8.40480034],[76.68403062,8.43774698],[76.68066268,8.44202345],[76.67795878,8.44564348],[76.67589403,8.44794577],[76.67390624,8.45023187],[76.67290794,8.45139781],[76.67146244,8.45315214],[76.66858619,8.4567243],[76.66721392,8.45846756],[76.64961161,8.48134108],[76.64876779,8.48229538],[76.64716367,8.48415475],[76.63098997,8.50340268],[76.62960945,8.50508199],[76.62688552,8.50846934],[76.6242356,8.5119144],[76.62166093,8.51541556],[76.6191627,8.5189712],[76.61664061,8.52273821],[76.61037406,8.53065052],[76.60858652,8.53250789],[76.6056082,8.53574084],[76.60270138,8.53903766],[76.60125285,8.54071747],[76.59975307,8.54253882],[76.59677115,8.54624781],[76.59530279,8.54811903],[76.58020699,8.56783024],[76.57884567,8.5692877],[76.57547065,8.57308894],[76.57379398,8.57502643],[76.57279943,8.57622435],[76.57080307,8.57866712],[76.56884535,8.58114069],[76.56692677,8.58364447],[76.56597783,8.58490314],[76.5655852,8.58543249],[76.56043857,8.59079421],[76.55933056,8.59196714],[76.55713227,8.59433185],[76.55497229,8.59673131],[76.55285119,8.59916488],[76.55178716,8.60040585],[76.5503823,8.60210904],[76.54936043,8.60322104],[76.54645309,8.60651785],[76.54500419,8.60819777],[76.54361866,8.60987697],[76.54085848,8.61329681],[76.53817386,8.61677574],[76.53556609,8.62031211],[76.53303641,8.62390424],[76.53058603,8.62755042],[76.5282161,8.63124891],[76.52592776,8.63499795],[76.52479243,8.63690503],[76.52372211,8.63879577],[76.52160018,8.64264056],[76.519975,8.64574379],[76.51944753,8.64653853],[76.51854525,8.64792252],[76.51297228,8.65662614],[76.51181759,8.65847321],[76.51062927,8.66042071],[76.50962,8.66152915],[76.50712054,8.66438018],[76.5058709,8.66583324],[76.50448524,8.66751233],[76.50172463,8.67093215],[76.4990396,8.67441106],[76.49643142,8.67794741],[76.49565106,8.67902536],[76.49464898,8.6801956],[76.49419419,8.6807309],[76.49304622,8.6821166],[76.4907491,8.6849404],[76.48850359,8.68780502],[76.48631044,8.69070953],[76.48522703,8.69217164],[76.48489232,8.692632],[76.48332272,8.69485316],[76.4757641,8.69886851],[76.47394138,8.69984202],[76.47031627,8.70182597],[76.46850206,8.7028432],[76.46639274,8.70408873],[76.46218172,8.70664451],[76.46009187,8.70794796],[76.45618989,8.71044809],[76.45486159,8.71131392],[76.45221881,8.71306624],[76.449604,8.71485965],[76.44701782,8.7166937],[76.44446089,8.71856794],[76.44193386,8.72048192],[76.43943735,8.72243515],[76.43697197,8.72442716],[76.43573364,8.72544405],[76.43407341,8.72686033],[76.43075762,8.72975137],[76.42750596,8.73271366],[76.42431997,8.7357458],[76.42120117,8.73884633],[76.41815104,8.74201379],[76.41517104,8.74524667],[76.41226259,8.74854343],[76.41081291,8.75022359],[76.40974271,8.75151356],[76.40762055,8.75411526],[76.40691433,8.75484863],[76.40393423,8.7580815],[76.40102567,8.76137826],[76.39957593,8.76305844],[76.3981942,8.7647322],[76.39544092,8.76814155],[76.39276278,8.77160964],[76.39122371,8.77369499],[76.39041364,8.77468211],[76.38694589,8.77902782],[76.38359993,8.78346704],[76.3803783,8.78799637],[76.37879887,8.79028314],[76.37812163,8.79129326],[76.37723317,8.7926417],[76.37547808,8.79535258],[76.37376688,8.7980911],[76.37210003,8.80085655],[76.37126582,8.80226645],[76.37019523,8.80415678],[76.36807234,8.80800151],[76.36603422,8.81189139],[76.36408186,8.81582455],[76.36221618,8.81979913],[76.36043808,8.82381324],[76.35874839,8.82786497],[76.35714794,8.83195238],[76.35657187,8.833473],[76.35501474,8.83708908],[76.35296404,8.84223876],[76.35196545,8.84485186],[76.35124167,8.84689642],[76.34982188,8.85104937],[76.34849348,8.85523213],[76.34763305,8.85816241],[76.34613411,8.86199021],[76.34534733,8.86406687],[76.34462352,8.86611137],[76.34320365,8.87026431],[76.34187518,8.87444706],[76.34063874,8.87865764],[76.33949493,8.88289403],[76.33844429,8.88715423],[76.33748732,8.8914362],[76.3366245,8.89573791],[76.33621193,8.89792013],[76.33585622,8.90005731],[76.33518286,8.90439235],[76.33459648,8.90881557],[76.33442496,8.90940414],[76.3331884,8.91361471],[76.33204447,8.91785109],[76.33099372,8.92211128],[76.33003666,8.92639324],[76.32932958,8.92991807],[76.32909043,8.93079516],[76.3264954,8.94145481],[76.32530096,8.94705334],[76.32509641,8.9481674],[76.32496972,8.94887764],[76.32453257,8.95069446],[76.3239251,8.95341319],[76.30364148,9.00072209],[76.30227798,9.00327154],[76.30065368,9.00644273],[76.29985564,9.00803544],[76.29107081,9.0259628],[76.29055156,9.02703855],[76.28952591,9.02919614],[76.28883818,9.0306737],[76.2802247,9.04957833],[76.2795478,9.05097893],[76.27842109,9.05336707],[76.27801373,9.05425307],[76.27704986,9.05620415],[76.2743632,9.06211724],[76.27290432,9.06562561],[76.27219168,9.06738628],[76.27049386,9.07169788],[76.25630479,9.10098951],[76.25558962,9.1024976],[76.25418411,9.10552623],[76.25393354,9.1064571],[76.25361171,9.1071101],[76.25256569,9.10926813],[76.25124864,9.11211684],[76.25064925,9.11346845],[76.24998875,9.11499189],[76.24933517,9.11653234],[76.24871732,9.11805866],[76.2480975,9.11962711],[76.24752757,9.12115451],[76.24624386,9.12422214],[76.24565002,9.12580101],[76.24514964,9.12719814],[76.2443784,9.12940287],[76.22447937,9.17082952],[76.22358771,9.17273656],[76.22184405,9.1765702],[76.22099255,9.1784957],[76.21222058,9.19890723],[76.2011633,9.22031568],[76.20045493,9.22171377],[76.19905974,9.22452155],[76.19770871,9.22735058],[76.19640216,9.23020016],[76.19514042,9.2330696],[76.19392379,9.23595822],[76.19275256,9.2388653],[76.19162703,9.24179015],[76.19106643,9.24328225],[76.1903422,9.24532564],[76.18892075,9.24947846],[76.18851374,9.25075845],[76.18416357,9.261413],[76.17060033,9.28880461],[76.1684601,9.29341705],[76.16441632,9.30274424],[76.162513,9.30745852],[76.15018984,9.34036101],[76.14984039,9.34130351],[76.14905845,9.34350189],[76.14764463,9.34762938],[76.14696024,9.34970072],[76.14515079,9.35538423],[76.14471611,9.356785],[76.14386734,9.3595927],[76.14345325,9.36099959],[76.13856622,9.37806398],[76.13789158,9.38053903],[76.13660605,9.38550546],[76.135797,9.3889981],[76.13306751,9.39829631],[76.13157889,9.40398005],[76.12957976,9.41264394],[76.12656513,9.42216065],[76.12608547,9.42371877],[76.12515144,9.4268432],[76.12426852,9.42998224],[76.12343694,9.43313509],[76.12265692,9.4363009],[76.12192867,9.43947885],[76.12144026,9.44188012],[76.12109399,9.44288394],[76.11988002,9.44664222],[76.11874056,9.45042343],[76.11767604,9.45422612],[76.11668688,9.45804882],[76.11577347,9.46189006],[76.11493616,9.46574836],[76.11453657,9.46768157],[76.11283405,9.47634924],[76.11113134,9.48501785],[76.10942863,9.49368645],[76.10772592,9.50235507],[76.10602319,9.51102369],[76.10432047,9.5196923],[76.10261774,9.52836091],[76.100915,9.53702954],[76.09921226,9.54569816],[76.09750951,9.55436677],[76.09580676,9.56303539],[76.094104,9.57170402],[76.09240124,9.58037264],[76.09069847,9.58904125],[76.0889957,9.59770987],[76.08729292,9.60637851],[76.08559015,9.61504712],[76.08388736,9.62371575],[76.08218457,9.63238438],[76.08048177,9.64105301],[76.07877897,9.64972163],[76.07707616,9.65839026],[76.07537335,9.6670589],[76.07367053,9.67572753],[76.07196772,9.68439616],[76.07026489,9.69306479],[76.06856206,9.70173343],[76.06685922,9.71040206],[76.06515638,9.71907069],[76.06345353,9.72773934],[76.06175068,9.73640798],[76.06004783,9.74507661],[76.05834497,9.75374524],[76.0566421,9.76241389],[76.05493923,9.77108253],[76.05323635,9.77975117],[76.05153347,9.78841982],[76.04983059,9.79708846],[76.0481277,9.8057571],[76.0464248,9.81442574],[76.0447219,9.8230944],[76.04301899,9.83176304],[76.04131609,9.84043168],[76.03961317,9.84910033],[76.03791025,9.85776899],[76.03620732,9.86643763],[76.03450439,9.87510628],[76.03280146,9.88377495],[76.03109852,9.8924436],[76.02939557,9.90111224],[76.02769262,9.9097809],[76.02598966,9.91844956],[76.02536195,9.92164485],[76.02418567,9.92499069],[76.02120584,9.93346659],[76.018226,9.94194248],[76.01524616,9.95041839],[76.01226631,9.9588943],[76.00928646,9.96737019],[76.0063066,9.97584611],[76.00332674,9.98432202],[76.00034687,9.99279792],[75.997367,10.00127384],[75.99438712,10.00974975],[75.99140724,10.01822566],[75.98842735,10.02670159],[75.98544746,10.0351775],[75.98246757,10.04365341],[75.97948766,10.05212934],[75.97650776,10.06060526],[75.97352785,10.06908117],[75.97054793,10.0775571],[75.96756801,10.08603303],[75.96458808,10.09450895],[75.96160815,10.10298488],[75.95862822,10.11146081],[75.95564828,10.11993674],[75.95266833,10.12841267],[75.94968838,10.13688861],[75.94670843,10.14536453],[75.94372846,10.15384048],[75.9407485,10.16231642],[75.93776853,10.17079234],[75.93478855,10.17926829],[75.93180857,10.18774423],[75.92882859,10.19622017],[75.9258486,10.20469612],[75.9228686,10.21317207],[75.91988861,10.221648],[75.9169086,10.23012396],[75.91392859,10.23859991],[75.91094858,10.24707585],[75.90796855,10.25555181],[75.90498853,10.26402776],[75.9020085,10.27250371],[75.89902847,10.28097967],[75.89604843,10.28945563],[75.89306839,10.29793158],[75.89008833,10.30640755],[75.88710828,10.31488351],[75.88412822,10.32335946],[75.88114816,10.33183543],[75.87816809,10.3403114],[75.87518801,10.34878737],[75.87220794,10.35726333],[75.86922786,10.36573929],[75.86624776,10.37421527],[75.86326767,10.38269124],[75.86028758,10.39116721],[75.85730747,10.39964319],[75.85432736,10.40811917],[75.85134725,10.41659514],[75.84836713,10.42507112],[75.84538701,10.4335471],[75.84240688,10.44202308],[75.83942705,10.45049822],[75.83903045,10.45165911],[75.83866147,10.45245739],[75.83782731,10.45428189],[75.83717885,10.45573049],[75.83696425,10.45622025],[75.83654755,10.45718504],[75.83615524,10.45810712],[75.83580056,10.45894709],[75.83520462,10.46036501],[75.83456567,10.4619373],[75.83332139,10.46446784],[75.83176801,10.46777829],[75.828177,10.47580943],[75.82458555,10.48384153],[75.82099409,10.49187363],[75.81740306,10.49990478],[75.81643952,10.50213175],[75.81550631,10.50436245],[75.81466145,10.50614922],[75.81377145,10.50808449],[75.81192047,10.51222483],[75.81101921,10.51430366],[75.8100815,10.51653551],[75.80720515,10.52273554],[75.8066278,10.52400302],[75.80303676,10.53203416],[75.79944528,10.54006627],[75.79585379,10.54809838],[75.7922623,10.5561305],[75.7886708,10.56416262],[75.78507974,10.57219377],[75.78392458,10.57488199],[75.78295738,10.57722678],[75.78271036,10.57773497],[75.78206963,10.57906744],[75.78118191,10.58096412],[75.78036246,10.58276373],[75.78007503,10.58340085],[75.77912101,10.5855354],[75.77824792,10.58754782],[75.77785058,10.58849189],[75.77755891,10.58919165],[75.77575044,10.59294848],[75.77157925,10.60132711],[75.77022546,10.60415665],[75.7693851,10.60598617],[75.76837233,10.60826556],[75.76694834,10.61158125],[75.76561551,10.61484196],[75.76436876,10.61805249],[75.76374852,10.61969217],[75.76343938,10.62059062],[75.75993912,10.62841861],[75.75873472,10.63122642],[75.75762379,10.63392957],[75.75721197,10.63476916],[75.75672728,10.63579609],[75.75638513,10.63659992],[75.75584972,10.63756429],[75.75390067,10.64146603],[75.75351498,10.64228213],[75.7525723,10.64439476],[75.75229421,10.64498005],[75.75045666,10.64908973],[75.74956448,10.65135347],[75.74795815,10.65472236],[75.74769629,10.65534771],[75.74623334,10.65906722],[75.74577724,10.66008923],[75.74522007,10.66136565],[75.74470717,10.66254064],[75.74444795,10.66313982],[75.74417772,10.66377007],[75.74397375,10.66424923],[75.74286898,10.66686339],[75.74220233,10.66839615],[75.7390255,10.67521857],[75.73838898,10.67661335],[75.73479785,10.68464451],[75.73120628,10.69267664],[75.72761481,10.70070855],[75.72724261,10.70154093],[75.72672086,10.70249771],[75.72242067,10.71038334],[75.71812033,10.71826922],[75.71381999,10.72615509],[75.70951965,10.73404096],[75.7052193,10.74192683],[75.70091895,10.74981272],[75.69661859,10.7576986],[75.69231824,10.76558447],[75.68801787,10.77347035],[75.6837175,10.78135624],[75.67941712,10.78924212],[75.67511675,10.797128],[75.67081637,10.80501389],[75.66651597,10.81289979],[75.66221558,10.82078568],[75.65791519,10.82867156],[75.65361479,10.83655745],[75.64931438,10.84444335],[75.64501397,10.85232925],[75.64071356,10.86021514],[75.63641315,10.86810103],[75.63211272,10.87598694],[75.62781229,10.88387285],[75.62351186,10.89175875],[75.61921143,10.89964465],[75.61491098,10.90753056],[75.61061054,10.91541647],[75.6063101,10.92330237],[75.60200964,10.93118828],[75.59770918,10.9390742],[75.59340871,10.94696012],[75.58910825,10.95484603],[75.58480778,10.96273194],[75.58050731,10.97061786],[75.57620682,10.97850378],[75.57190634,10.9863897],[75.56760585,10.99427562],[75.56330536,11.00216154],[75.55900486,11.01004748],[75.55470435,11.01793341],[75.55040385,11.02581933],[75.54610334,11.03370525],[75.54180282,11.04159119],[75.5375023,11.04947713],[75.53320178,11.05736305],[75.52890125,11.06524899],[75.52460071,11.07313493],[75.52030017,11.08102088],[75.51599963,11.08890681],[75.51169909,11.09679275],[75.50739853,11.1046787],[75.50309798,11.11256464],[75.49879742,11.12045058],[75.49449686,11.12833653],[75.49019628,11.13622249],[75.48589571,11.14410844],[75.48159513,11.15199438],[75.47729455,11.15988034],[75.47299396,11.1677663],[75.46869337,11.17565225],[75.46439278,11.1835382],[75.46009218,11.19142416],[75.45579157,11.19931013],[75.45149096,11.20719609],[75.44719034,11.21508206],[75.44288973,11.22296802],[75.43858911,11.23085398],[75.43428847,11.23873996],[75.42998784,11.24662593],[75.42568721,11.25451189],[75.42138657,11.26239787],[75.41708592,11.27028385],[75.41278527,11.27816982],[75.40848462,11.2860558],[75.40418396,11.29394178],[75.39988329,11.30182776],[75.39558263,11.30971374],[75.39128196,11.31759972],[75.38698128,11.3254857],[75.3826806,11.3333717],[75.37837991,11.34125768],[75.37407922,11.34914367],[75.36977853,11.35702966],[75.36547783,11.36491566],[75.36117713,11.37280165],[75.35687642,11.38068764],[75.35257583,11.38857341],[75.35151036,11.39052711],[75.35033088,11.39238083],[75.34552122,11.39993989],[75.34071141,11.40749918],[75.33590159,11.41505848],[75.33109177,11.42261778],[75.32628195,11.43017708],[75.32147212,11.43773638],[75.31666229,11.44529568],[75.31185245,11.45285499],[75.30704261,11.46041429],[75.30223277,11.46797359],[75.29742292,11.4755329],[75.29261306,11.48309221],[75.2878032,11.49065153],[75.28299334,11.49821083],[75.27818347,11.50577015],[75.27337361,11.51332947],[75.26856373,11.52088878],[75.26375386,11.5284481],[75.25894397,11.53600741],[75.25413409,11.54356674],[75.24932419,11.55112606],[75.2445143,11.55868538],[75.2397044,11.5662447],[75.2348945,11.57380404],[75.23008459,11.58136336],[75.22527468,11.5889227],[75.22046477,11.59648202],[75.21565484,11.60404136],[75.21084492,11.61160069],[75.20603499,11.61916002],[75.20122506,11.62671936],[75.19641512,11.6342787],[75.19160518,11.64183803],[75.18679524,11.64939737],[75.18198528,11.65695673],[75.17717533,11.66451606],[75.17236538,11.6720754],[75.16755542,11.67963475],[75.16274545,11.6871941],[75.15793548,11.69475345],[75.15312551,11.7023128],[75.14831553,11.70987215],[75.14350554,11.71743151],[75.13869556,11.72499086],[75.13388557,11.73255021],[75.12907557,11.74010958],[75.12426557,11.74766893],[75.11945557,11.7552283],[75.11464556,11.76278765],[75.10983555,11.77034702],[75.10502553,11.77790638],[75.10021551,11.78546575],[75.09540549,11.79302511],[75.09059546,11.80058448],[75.08578542,11.80814387],[75.08097539,11.81570323],[75.07616535,11.8232626],[75.07135531,11.83082197],[75.06654525,11.83838135],[75.0617352,11.84594073],[75.05692515,11.85350011],[75.05211508,11.86105949],[75.04730502,11.86861887],[75.04249495,11.87617826],[75.03768487,11.88373764],[75.03287479,11.89129703],[75.0290066,11.89756094],[75.02812873,11.89889622],[75.0271496,11.90040022],[75.02660095,11.90125133],[75.02525502,11.90344836],[75.02430363,11.90500859],[75.02327438,11.90683509],[75.02214877,11.90884644],[75.02123591,11.91056975],[75.0201131,11.91274512],[75.01932583,11.91436102],[75.0172719,11.9181016],[75.01633425,11.92001107],[75.01248444,11.92806644],[75.00863353,11.93612413],[75.00478261,11.94418182],[75.00093169,11.9522395],[74.99708076,11.9602972],[74.99322983,11.96835488],[74.98937889,11.97641257],[74.98552795,11.98447027],[74.981677,11.99252797],[74.97782605,12.00058566],[74.9739751,12.00864336],[74.97012414,12.01670105],[74.96627317,12.02475875],[74.9624222,12.03281646],[74.95857122,12.04087416],[74.95472025,12.04893187],[74.95086926,12.05698957],[74.94701827,12.06504728],[74.94316728,12.07310499],[74.93931629,12.0811627],[74.93546528,12.08922041],[74.93161427,12.09727813],[74.92776327,12.10533583],[74.92747039,12.10594864],[74.92391225,12.11339355],[74.92006122,12.12145128],[74.9162102,12.129509],[74.91235917,12.13756672],[74.90850813,12.14562444],[74.90465709,12.15368217],[74.90080605,12.16173989],[74.896955,12.16979762],[74.89310395,12.17785535],[74.88925289,12.18591307],[74.88540183,12.1939708],[74.88155076,12.20202853],[74.87769969,12.21008627],[74.87384861,12.21814401],[74.86999752,12.22620174],[74.86614644,12.23425949],[74.86229535,12.24231722],[74.85844425,12.25037496],[74.85459315,12.25843271],[74.85074204,12.26649046],[74.84689093,12.2745482],[74.84303982,12.28260594],[74.8391887,12.29066369],[74.83533758,12.29872144],[74.83148645,12.3067792],[74.82763531,12.31483695],[74.82378532,12.32289231],[74.82271062,12.32521708],[74.82062156,12.32989271],[74.81960722,12.33224356],[74.81620635,12.34041214],[74.81280456,12.34858294],[74.80940276,12.35675374],[74.80600096,12.36492453],[74.80259915,12.37309534],[74.79919734,12.38126614],[74.79579552,12.38943694],[74.7923937,12.39760775],[74.78899187,12.40577855],[74.78559004,12.41394936],[74.78218821,12.42212017],[74.77878637,12.43029098],[74.77538453,12.43846178],[74.77198267,12.4466326],[74.76858082,12.45480342],[74.76517896,12.46297423],[74.76177709,12.47114505],[74.75837522,12.47931587],[74.75497335,12.48748669],[74.75157147,12.49565751],[74.74816959,12.50382833],[74.7447677,12.51199916],[74.74136581,12.52016998],[74.73796391,12.5283408],[74.734562,12.53651164],[74.7311601,12.54468247],[74.72775818,12.5528533],[74.72435627,12.56102413],[74.72095435,12.56919497],[74.71755242,12.5773658],[74.71415049,12.58553664],[74.71074855,12.59370748],[74.70734661,12.60187831],[74.70394466,12.61004916],[74.70054271,12.61822],[74.69714123,12.62638972],[74.69665591,12.6275768],[74.69405725,12.63405184],[74.69343326,12.63558805],[74.69260851,12.63764285],[74.6918803,12.63921793],[74.69033636,12.64273366],[74.68693486,12.65090338],[74.68353289,12.65907423],[74.68013091,12.66724508],[74.67672892,12.67541593],[74.67332693,12.68358679],[74.66992494,12.69175763],[74.66780302,12.69685401],[74.66715648,12.69798035],[74.66500534,12.70182367],[74.66294004,12.70571213],[74.66096157,12.70964388],[74.65907088,12.71361706],[74.65726886,12.71762976],[74.65555639,12.72168009],[74.65393427,12.72576612],[74.65313286,12.7278529],[74.65265145,12.72917861],[74.65168254,12.73190703],[74.650879,12.73426298],[74.6474773,12.74466093],[74.64642895,12.74639798],[74.64537766,12.74822782],[74.64328033,12.75196916],[74.64126437,12.75575336],[74.63933071,12.75957874],[74.63838456,12.76150149],[74.63575156,12.76700045],[74.63479955,12.76904786],[74.63294242,12.77316311],[74.63117957,12.77731812],[74.62951189,12.78151082],[74.62868886,12.78365156],[74.62795917,12.7856844],[74.62651972,12.78983596],[74.62517285,12.79401734],[74.62391919,12.79822656],[74.62275936,12.80246161],[74.62238828,12.80394491],[74.61966369,12.81011159],[74.61607789,12.8182275],[74.61249207,12.82634342],[74.60890626,12.83445933],[74.60532045,12.84257523],[74.60173462,12.85069115],[74.59814879,12.85880707],[74.59456296,12.86692299],[74.59097713,12.87503889],[74.58739128,12.88315482],[74.58380544,12.89127074],[74.58021959,12.89938665],[74.57663373,12.90750258],[74.57304787,12.91561851],[74.569462,12.92373444],[74.56587613,12.93185036],[74.56229026,12.93996628],[74.55870437,12.94808222],[74.55511849,12.95619815],[74.55153261,12.96431407],[74.54794671,12.97243001],[74.54436081,12.98054596],[74.5407749,12.98866189],[74.537189,12.99677782],[74.53360308,13.00489377],[74.53001716,13.01300971],[74.52643124,13.02112565],[74.52284532,13.02924159],[74.51925938,13.03735754],[74.51567344,13.04547349],[74.5120875,13.05358943],[74.50850155,13.06170538],[74.5049156,13.06982134],[74.50132964,13.0779373],[74.49774368,13.08605324],[74.49415771,13.09416921],[74.49178573,13.09953761],[74.49016948,13.10238846],[74.48851927,13.10542003],[74.48692214,13.10847879],[74.4861369,13.11001486],[74.48568553,13.11091696],[74.48451975,13.11332725],[74.48225379,13.11817729],[74.48011984,13.12308455],[74.47811943,13.12804555],[74.47713931,13.13057529],[74.47640893,13.13260707],[74.4749674,13.13675849],[74.47361857,13.14093973],[74.47236308,13.14514881],[74.47120155,13.14938372],[74.47013452,13.15364245],[74.46916251,13.15792297],[74.46828599,13.16222324],[74.46786446,13.16441788],[74.46750537,13.16654123],[74.46682104,13.17087488],[74.46623333,13.17522211],[74.46574252,13.17958088],[74.46534884,13.1839491],[74.4650525,13.18832469],[74.46485363,13.19270557],[74.46475234,13.19708966],[74.46472607,13.19932333],[74.46474868,13.20147487],[74.46477813,13.20284872],[74.46469229,13.20371641],[74.46377439,13.21194967],[74.4627887,13.220791],[74.461803,13.22963233],[74.46081729,13.23847365],[74.45983158,13.24731497],[74.45884587,13.2561563],[74.45786015,13.26499763],[74.45687442,13.27383896],[74.45588869,13.28268028],[74.45490295,13.29152161],[74.45391721,13.30036294],[74.45293146,13.30920427],[74.45194571,13.31804561],[74.45095995,13.32688694],[74.44997419,13.33572828],[74.44927823,13.34197033],[74.44620489,13.34769315],[74.44195885,13.35559965],[74.4377128,13.36350616],[74.43346675,13.37141266],[74.4292207,13.37931917],[74.42497463,13.38722568],[74.42072856,13.3951322],[74.41648249,13.40303872],[74.41223642,13.41094522],[74.40799034,13.41885173],[74.40374425,13.42675826],[74.39949816,13.43466477],[74.39525207,13.44257129],[74.39100596,13.45047782],[74.38675986,13.45838434],[74.38251375,13.46629087],[74.37826764,13.47419739],[74.37402152,13.48210391],[74.3697754,13.49001045],[74.36552927,13.49791698],[74.36128313,13.50582352],[74.357037,13.51373005],[74.35279086,13.52163658],[74.34854471,13.52954312],[74.34429856,13.53744965],[74.34005241,13.54535619],[74.33580624,13.55326274],[74.33156008,13.56116928],[74.32731391,13.56907583],[74.32306774,13.57698237],[74.31882156,13.58488891],[74.31457538,13.59279546],[74.31032919,13.60070201],[74.30608299,13.60860856],[74.30183679,13.61651513],[74.29759059,13.62442168],[74.29334439,13.63232823],[74.28909817,13.64023479],[74.28485196,13.64814134],[74.28060574,13.6560479],[74.27635951,13.66395447],[74.27211328,13.67186104],[74.26786704,13.67976761],[74.26362081,13.68767416],[74.25937456,13.69558073],[74.25512831,13.7034873],[74.25088206,13.71139387],[74.2466358,13.71930044],[74.24238953,13.72720702],[74.23814326,13.7351136],[74.23389699,13.74302017],[74.22965072,13.75092675],[74.22540444,13.75883333],[74.22115815,13.76673991],[74.21691186,13.77464649],[74.21266556,13.78255308],[74.20841926,13.79045967],[74.20417296,13.79836625],[74.19992664,13.80627284],[74.19568033,13.81417943],[74.19143401,13.82208602],[74.18718768,13.82999262],[74.18294135,13.83789922],[74.17869502,13.84580581],[74.17444869,13.8537124],[74.17020234,13.861619],[74.16595599,13.86952561],[74.16170964,13.8774322],[74.15746329,13.88533881],[74.15321692,13.89324542],[74.14897055,13.90115203],[74.14472419,13.90905863],[74.14047934,13.91696238],[74.13969541,13.91845201],[74.13815302,13.92144385],[74.13666185,13.92446036],[74.13522232,13.92750072],[74.13383482,13.93056408],[74.13249974,13.93364959],[74.13051893,13.93858743],[74.12776006,13.94609012],[74.12584035,13.95185207],[74.12458039,13.95606082],[74.12341469,13.96029539],[74.12234382,13.96455379],[74.12136828,13.96883399],[74.12048855,13.97313394],[74.12006502,13.97533096],[74.11970506,13.97745161],[74.11901817,13.98178494],[74.11842823,13.98613187],[74.11793551,13.99049032],[74.11754026,13.99485824],[74.11724267,13.99923353],[74.1170429,14.00361412],[74.11694103,14.00799791],[74.11691455,14.01023407],[74.11693712,14.01238284],[74.11703119,14.0167668],[74.1175783,14.02491176],[74.11760686,14.02546719],[74.11781499,14.02863591],[74.11788251,14.02951038],[74.11793871,14.03081331],[74.11844972,14.03743946],[74.11893482,14.04179873],[74.11951724,14.04614662],[74.1201967,14.05048107],[74.12056829,14.05268713],[74.12097287,14.05480002],[74.12184541,14.0591014],[74.1228139,14.06338317],[74.12387787,14.0676433],[74.12503684,14.07187975],[74.12629026,14.0760905],[74.12763752,14.08027355],[74.129078,14.0844269],[74.12992485,14.08675874],[74.13136939,14.09241396],[74.13351992,14.10103015],[74.13567097,14.10964846],[74.13782157,14.11826498],[74.13997242,14.12688251],[74.14212329,14.13550012],[74.14427399,14.14411713],[74.14642469,14.15273411],[74.14857543,14.16135131],[74.15072617,14.16996851],[74.15287683,14.17858537],[74.15502761,14.1872028],[74.15717841,14.1958203],[74.15932902,14.20443703],[74.16147984,14.21305466],[74.16363048,14.22167157],[74.16578122,14.23028891],[74.16793209,14.23890682],[74.17008257,14.24752314],[74.17223345,14.25614111],[74.17438415,14.26475835],[74.17653482,14.27337553],[74.1766682,14.27390994],[74.17624668,14.27452686],[74.17119029,14.28192736],[74.1661339,14.28932786],[74.1610775,14.29672836],[74.1560211,14.30412886],[74.15096469,14.31152937],[74.14590828,14.31892987],[74.14085186,14.32633039],[74.13579544,14.33373089],[74.13073902,14.3411314],[74.12568259,14.34853191],[74.12062615,14.35593243],[74.11556972,14.36333295],[74.11051328,14.37073346],[74.10545683,14.37813398],[74.10040038,14.38553449],[74.09534393,14.39293502],[74.09028747,14.40033554],[74.08523101,14.40773606],[74.08017454,14.41513658],[74.07511807,14.42253711],[74.07006159,14.42993764],[74.06500511,14.43733817],[74.05994863,14.4447387],[74.05489215,14.45213923],[74.04983565,14.45953976],[74.04477916,14.46694029],[74.03972266,14.47434083],[74.03466615,14.48174137],[74.02960964,14.48914191],[74.02455313,14.49654245],[74.01949661,14.50394299],[74.01444008,14.51134354],[74.00938356,14.51874408],[74.00432703,14.52614462],[73.9992705,14.53354517],[73.99421396,14.54094572],[73.98915742,14.54834627],[73.98410087,14.55574682],[73.97904432,14.56314737],[73.97398776,14.57054792],[73.9689312,14.57794848],[73.96387464,14.58534904],[73.95881807,14.5927496],[73.9537615,14.60015015],[73.94870492,14.60755071],[73.94364834,14.61495128],[73.93859176,14.62235184],[73.93353516,14.62975241],[73.92847857,14.63715297],[73.92342198,14.64455354],[73.91836537,14.65195411],[73.91330876,14.65935469],[73.90825215,14.66675526],[73.90319554,14.67415583],[73.89813892,14.6815564],[73.8930823,14.68895698],[73.88802676,14.69635597],[73.88734213,14.69737115],[73.88327365,14.70347767],[73.88269015,14.70433435],[73.88090195,14.70698729],[73.87883523,14.71018263],[73.87718473,14.71284399],[73.87616615,14.71452298],[73.87547619,14.71568669],[73.87437369,14.7175939],[73.87266311,14.72062979],[73.87207922,14.72168082],[73.87163323,14.72249514],[73.87059552,14.72444068],[73.86906454,14.72738911],[73.86785933,14.72959128],[73.86725649,14.73070964],[73.86306625,14.73860301],[73.86116136,14.74231302],[73.85887521,14.74649787],[73.85739026,14.74935055],[73.85595308,14.75222421],[73.85468416,14.75439273],[73.8504931,14.7622876],[73.84630204,14.77018248],[73.84211097,14.77807735],[73.83791991,14.78597221],[73.83372884,14.79386709],[73.82953775,14.80176198],[73.82534667,14.80965685],[73.82115559,14.81755172],[73.81696449,14.82544661],[73.8127734,14.83334149],[73.80858229,14.84123637],[73.80439119,14.84913126],[73.80020008,14.85702614],[73.79600896,14.86492103],[73.79181784,14.87281592],[73.78762671,14.88071081],[73.78343558,14.8886057],[73.77924445,14.8965006],[73.7750533,14.9043955],[73.77086216,14.91229039],[73.76667101,14.92018529],[73.76247986,14.92808019],[73.7582887,14.93597509],[73.75409753,14.94387],[73.74990636,14.9517649],[73.74571519,14.9596598],[73.74152401,14.96755471],[73.73733363,14.9754481],[73.73703956,14.97600629],[73.73385446,14.98209848],[73.73252088,14.98423288],[73.72987295,14.9889765],[73.72818451,14.99243165],[73.72439734,14.99874917],[73.72386485,14.99965142],[73.71939697,15.00731602],[73.71492817,15.01498219],[73.71045937,15.02264836],[73.70599057,15.03031452],[73.70152176,15.0379807],[73.69705294,15.04564687],[73.69258412,15.05331306],[73.6881153,15.06097922],[73.68364647,15.0686454],[73.67917763,15.07631158],[73.6747088,15.08397776],[73.67023995,15.09164395],[73.66577111,15.09931013],[73.66130226,15.10697631],[73.6568334,15.1146425],[73.65236454,15.12230868],[73.64789567,15.12997487],[73.6434268,15.13764106],[73.63895792,15.14530726],[73.63448905,15.15297345],[73.63002016,15.16063964],[73.62555128,15.16830583],[73.62108238,15.17597204],[73.61661348,15.18363824],[73.61214458,15.19130444],[73.60767568,15.19897064],[73.60320677,15.20663684],[73.59873785,15.21430305],[73.59426893,15.22196925],[73.58980001,15.22963546],[73.58533107,15.23730168],[73.58086399,15.24496471],[73.5804615,15.24566158],[73.57966222,15.24705841],[73.57926544,15.24775836],[73.57489784,15.2555358],[73.57052847,15.2633164],[73.56615909,15.271097],[73.56178971,15.2788776],[73.55742032,15.28665821],[73.55305093,15.29443882],[73.54868153,15.30221942],[73.54431213,15.31000003],[73.53994272,15.31778065],[73.53557331,15.32556126],[73.53120389,15.33334188],[73.52683446,15.3411225],[73.52246504,15.34890311],[73.51809562,15.35668373],[73.51372618,15.36446435],[73.50935674,15.37224497],[73.5049873,15.38002559],[73.50061785,15.38780622],[73.49624839,15.39558684],[73.49187893,15.40336747],[73.48750947,15.4111481],[73.48314,15.41892873],[73.47877053,15.42670936],[73.47440105,15.43448999],[73.47003157,15.44227063],[73.46566208,15.45005127],[73.46129258,15.45783192],[73.45692309,15.46561255],[73.45255359,15.47339318],[73.44818409,15.48117383],[73.44381457,15.48895447],[73.43944506,15.49673512],[73.43507554,15.50451576],[73.43070601,15.51229641],[73.42633648,15.52007706],[73.42196695,15.52785771],[73.41759741,15.53563837],[73.41322787,15.54341902],[73.40885832,15.55119967],[73.40448876,15.55898034],[73.4001192,15.566761],[73.39574965,15.57454165],[73.39138008,15.58232232],[73.3870105,15.59010298],[73.38264093,15.59788364],[73.37827135,15.60566431],[73.37390176,15.61344497],[73.36953217,15.62122564],[73.36516257,15.62900631],[73.36079297,15.63678698],[73.35642337,15.64456766],[73.35205376,15.65234833],[73.34768414,15.66012901],[73.34331452,15.66790969],[73.33894489,15.67569037],[73.33457527,15.68347105],[73.33020564,15.69125173],[73.325836,15.69903241],[73.32146635,15.7068131],[73.3170967,15.71459379],[73.31272705,15.72237447],[73.30835739,15.73015516],[73.30398773,15.73793585],[73.29961807,15.74571655],[73.29524839,15.75349724],[73.29087872,15.76127794],[73.28650903,15.76905864],[73.28236992,15.77642877],[73.2814573,15.77801839],[73.27856317,15.78233882],[73.27621101,15.78608504],[73.27503372,15.78800788],[73.27394372,15.78988004],[73.27176238,15.79372199],[73.26966804,15.79760909],[73.2676617,15.80153947],[73.26574432,15.80551128],[73.26391681,15.80952262],[73.26218004,15.81357159],[73.26053486,15.81765627],[73.25971869,15.81975125],[73.25898203,15.82177471],[73.25752232,15.82592494],[73.25615642,15.83010501],[73.25488499,15.83431292],[73.25370862,15.83854667],[73.2526279,15.84280425],[73.25164334,15.84708363],[73.25075542,15.85138278],[73.25032683,15.85358535],[73.24996455,15.85569965],[73.24927114,15.86003218],[73.24869649,15.86447553],[73.24700515,15.87199569],[73.24503196,15.88076897],[73.24305876,15.88954227],[73.24108555,15.89831558],[73.23911234,15.90708887],[73.23713913,15.91586216],[73.23516591,15.92463546],[73.23319268,15.93340877],[73.23121945,15.94218207],[73.22924622,15.95095536],[73.22727297,15.95972866],[73.22529972,15.96850197],[73.22332646,15.97727528],[73.22135321,15.98604857],[73.21937994,15.99482188],[73.21740667,16.0035952],[73.21543339,16.01236851],[73.21346011,16.02114181],[73.21148682,16.02991512],[73.20951352,16.03868844],[73.20754022,16.04746175],[73.20556691,16.05623506],[73.2035936,16.06500837],[73.20162028,16.07378169],[73.19964696,16.08255501],[73.19767363,16.09132832],[73.19570029,16.10010163],[73.19372695,16.10887496],[73.1917536,16.11764828],[73.18978025,16.1264216],[73.18780689,16.13519492],[73.18583353,16.14396825],[73.18386016,16.15274157],[73.18188678,16.16151489],[73.1799134,16.17028822],[73.17794001,16.17906155],[73.17596662,16.18783488],[73.17399322,16.1966082],[73.17201982,16.20538153],[73.17004641,16.21415487],[73.16807299,16.2229282],[73.16609957,16.23170152],[73.16412614,16.24047486],[73.16215271,16.24924821],[73.16017927,16.25802154],[73.15820582,16.26679487],[73.15623237,16.27556821],[73.15425891,16.28434155],[73.15228545,16.29311489],[73.15031199,16.30188822],[73.14833851,16.31066156],[73.14636503,16.31943492],[73.14439154,16.32820826],[73.14241805,16.3369816],[73.14044456,16.34575494],[73.13847105,16.3545283],[73.13649754,16.36330165],[73.13452403,16.37207498],[73.13255051,16.38084833],[73.13057698,16.3896217],[73.12860345,16.39839505],[73.12662991,16.40716839],[73.12465637,16.41594174],[73.12268282,16.42471511],[73.12070926,16.43348846],[73.1187357,16.44226181],[73.11676214,16.45103517],[73.11478857,16.4598085],[73.11308314,16.46738985],[73.11176167,16.47293863],[73.11015708,16.47967619],[73.10855247,16.48641381],[73.10694823,16.49314989],[73.10639361,16.49562061],[73.10534891,16.50057475],[73.10484959,16.50310855],[73.10458451,16.50462188],[73.10406145,16.5077533],[73.10358968,16.51089229],[73.1031693,16.51403807],[73.10297198,16.51561255],[73.10193221,16.52449637],[73.10089232,16.53338119],[73.09985242,16.54226601],[73.09881252,16.55115084],[73.09777261,16.56003568],[73.09673269,16.56892051],[73.09569277,16.57780534],[73.09465284,16.58669018],[73.09361291,16.59557501],[73.09257297,16.60445983],[73.09153303,16.61334466],[73.09049308,16.62222951],[73.08945312,16.63111434],[73.08841316,16.63999917],[73.08737319,16.64888401],[73.08633322,16.65776885],[73.08529324,16.66665368],[73.08425325,16.67553851],[73.08321326,16.68442335],[73.08217326,16.69330819],[73.08113326,16.70219303],[73.08009325,16.71107787],[73.07905323,16.71996271],[73.07801321,16.72884755],[73.07697318,16.73773238],[73.07593315,16.74661722],[73.07489311,16.75550208],[73.07385306,16.76438692],[73.07281301,16.77327176],[73.07177296,16.7821566],[73.07073289,16.79104145],[73.06969283,16.79992628],[73.06865275,16.80881113],[73.06761267,16.81769598],[73.06657258,16.82658083],[73.06553249,16.83546567],[73.06449239,16.84435052],[73.06345229,16.85323537],[73.06241218,16.86212021],[73.06137206,16.87100506],[73.06033194,16.87988991],[73.05929181,16.88877477],[73.05825167,16.89765961],[73.05721153,16.90654446],[73.05617139,16.91542932],[73.05513124,16.92431417],[73.05409108,16.93319901],[73.05305091,16.94208386],[73.05201074,16.95096873],[73.05097057,16.95985358],[73.04993039,16.96873844],[73.0488902,16.97762329],[73.04785001,16.98650815],[73.04702058,16.9935927],[73.04539723,17.00060867],[73.04337118,17.0093651],[73.04134512,17.01812152],[73.03931906,17.02687795],[73.03729298,17.03563438],[73.03526691,17.04439081],[73.03324083,17.05314723],[73.03121474,17.06190367],[73.02918864,17.07066011],[73.02716254,17.07941655],[73.02513643,17.08817298],[73.02311032,17.09692942],[73.0210842,17.10568585],[73.01905808,17.11444229],[73.01703195,17.12319873],[73.01500581,17.13195517],[73.01297967,17.14071161],[73.01095353,17.14946805],[73.00892737,17.1582245],[73.00690121,17.16698094],[73.00487504,17.17573739],[73.00284887,17.18449384],[73.0008227,17.19325029],[72.99879651,17.20200673],[72.99677032,17.21076318],[72.99474413,17.21951963],[72.99271793,17.22827607],[72.99170792,17.23264093],[72.99138039,17.23354687],[72.99035137,17.23654408],[72.98937143,17.23955644],[72.98844082,17.24258321],[72.98755976,17.24562365],[72.98672848,17.24867701],[72.98594718,17.25174253],[72.98556905,17.25327824],[72.98542417,17.25388797],[72.98488584,17.25628832],[72.98387033,17.26110094],[72.98338342,17.26356606],[72.98301914,17.2656755],[72.98232025,17.27000739],[72.98171984,17.27435289],[72.98127289,17.27823512],[72.98110197,17.27895069],[72.98085546,17.28000891],[72.9789872,17.2882363],[72.97711872,17.29646463],[72.97525024,17.30469296],[72.97338175,17.31292129],[72.97151326,17.32114961],[72.96964477,17.32937794],[72.96777627,17.33760626],[72.96590776,17.34583459],[72.96403925,17.35406293],[72.96217116,17.36228939],[72.96183294,17.36383711],[72.9611819,17.36693748],[72.96086908,17.36849012],[72.9592548,17.37685429],[72.9576402,17.3852201],[72.95602559,17.3935859],[72.95441098,17.40195171],[72.95279636,17.41031752],[72.95118174,17.41868333],[72.94956711,17.42704914],[72.94795248,17.43541495],[72.94633784,17.44378076],[72.9447232,17.45214656],[72.94310855,17.46051237],[72.9414939,17.4688782],[72.93987924,17.47724401],[72.93826457,17.48560983],[72.9366499,17.49397564],[72.93503522,17.50234145],[72.93342071,17.51070642],[72.93327048,17.51150263],[72.93301208,17.51307818],[72.93140414,17.51828859],[72.93062435,17.52094127],[72.9282318,17.52952882],[72.92583891,17.53811755],[72.92344602,17.54670628],[72.92105312,17.55529502],[72.91866021,17.56388375],[72.91626731,17.57247248],[72.91387439,17.58106121],[72.91148146,17.58964996],[72.90908854,17.59823869],[72.9066956,17.60682744],[72.90430266,17.61541618],[72.90190972,17.62400492],[72.89951677,17.63259366],[72.89712381,17.6411824],[72.89473085,17.64977115],[72.89233788,17.6583599],[72.88994491,17.66694864],[72.88755193,17.67553739],[72.88515894,17.68412614],[72.88276595,17.69271489],[72.88037296,17.70130363],[72.87797995,17.70989239],[72.87558694,17.71848115],[72.87319393,17.72706991],[72.87080091,17.73565866],[72.86840788,17.74424742],[72.86601485,17.75283618],[72.86362181,17.76142493],[72.86122877,17.7700137],[72.85883572,17.77860246],[72.85644266,17.78719122],[72.8540496,17.79577999],[72.85165653,17.80436875],[72.84926346,17.81295752],[72.84687038,17.82154628],[72.8457281,17.82583791],[72.8444773,17.83013504],[72.84336546,17.83430424],[72.84208421,17.83872381],[72.83969111,17.84731259],[72.83729801,17.85590137],[72.8349049,17.86449014],[72.83251179,17.87307891],[72.83087506,17.87895304],[72.82980061,17.88155171],[72.82701445,17.8882903],[72.82422938,17.89502626],[72.82371996,17.89628284],[72.82271874,17.89880246],[72.82220787,17.90011556],[72.82149535,17.90204769],[72.82007558,17.90602632],[72.81938741,17.90802273],[72.81655382,17.91654115],[72.81371929,17.92506237],[72.81088475,17.93358358],[72.80805021,17.94210479],[72.80521612,17.95062462],[72.80477755,17.95197581],[72.80340133,17.95632346],[72.80285115,17.95792165],[72.80242568,17.9591495],[72.80172841,17.9612376],[72.80111989,17.96313089],[72.80093136,17.96363111],[72.79977577,17.96686874],[72.79691905,17.97534088],[72.7966562,17.97613152],[72.79608646,17.97787002],[72.79516276,17.98001466],[72.79349811,17.98409826],[72.79266984,17.98619907],[72.79192687,17.98821562],[72.7904498,17.99236479],[72.78787637,18.00077956],[72.78744075,18.00247514],[72.78683204,18.00413953],[72.78383739,18.01236685],[72.78086893,18.02052239],[72.77790046,18.02867795],[72.77493198,18.0368335],[72.7719635,18.04498905],[72.76899501,18.0531446],[72.76602652,18.06130015],[72.76305802,18.06945571],[72.76008952,18.07761127],[72.75712101,18.08576683],[72.7541525,18.09392238],[72.75118398,18.10207795],[72.74821545,18.1102335],[72.74524692,18.11838907],[72.74227839,18.12654463],[72.73930985,18.1347002],[72.7363413,18.14285577],[72.73337381,18.15100842],[72.73272184,18.15285711],[72.73145554,18.15656624],[72.73084121,18.15842667],[72.72837206,18.16616469],[72.72590211,18.1739052],[72.72343216,18.1816457],[72.7209622,18.1893862],[72.71849224,18.1971267],[72.71602228,18.20486721],[72.7135531,18.21260522],[72.71248137,18.2162023],[72.71047861,18.22343208],[72.70954759,18.22706477],[72.70750969,18.23570917],[72.70547127,18.24435571],[72.70343285,18.25300225],[72.70139442,18.2616488],[72.69935598,18.27029534],[72.69731755,18.27894188],[72.6952791,18.28758842],[72.69324065,18.29623497],[72.69120219,18.30488151],[72.68916373,18.31352806],[72.68712526,18.32217461],[72.68508678,18.33082115],[72.6830483,18.3394677],[72.68100982,18.34811425],[72.67897132,18.35676081],[72.67693282,18.36540737],[72.67489432,18.37405391],[72.67285581,18.38270046],[72.67081729,18.39134702],[72.66877877,18.39999358],[72.66674024,18.40864013],[72.66470171,18.41728669],[72.66266317,18.42593325],[72.66062462,18.43457981],[72.65858607,18.44322637],[72.65654751,18.45187294],[72.65450894,18.46051951],[72.65247038,18.46916606],[72.6504318,18.47781263],[72.64839322,18.48645919],[72.64635463,18.49510576],[72.64431603,18.50375233],[72.64227743,18.5123989],[72.64023883,18.52104547],[72.63820022,18.52969204],[72.6361616,18.53833861],[72.63412297,18.54698519],[72.63208434,18.55563177],[72.63004571,18.56427833],[72.62800707,18.57292491],[72.62596842,18.58157148],[72.62392977,18.59021806],[72.62189111,18.59886464],[72.61985244,18.60751122],[72.61781377,18.6161578],[72.61577509,18.62480438],[72.61373641,18.63345096],[72.61169776,18.6420974],[72.61150295,18.6429236],[72.61067617,18.6453397],[72.60938452,18.64954622],[72.60818939,18.65377858],[72.60709134,18.65803478],[72.6060909,18.66231279],[72.60518857,18.66661057],[72.6047513,18.6688216],[72.60441569,18.67073732],[72.60376438,18.67468984],[72.60319574,18.67865393],[72.60271003,18.68262802],[72.60230742,18.68661054],[72.6019881,18.69059991],[72.60175218,18.69459454],[72.60159977,18.69859286],[72.60153031,18.70218037],[72.60154741,18.7030125],[72.6010804,18.70655075],[72.60080511,18.70884989],[72.59987776,18.71747538],[72.59895034,18.72610139],[72.59802292,18.73472738],[72.59709549,18.74335337],[72.59616805,18.75197938],[72.59524061,18.76060537],[72.59431317,18.76923137],[72.59338571,18.77785738],[72.59245826,18.78648337],[72.59153079,18.79510937],[72.59060332,18.80373537],[72.58967585,18.81236137],[72.58874837,18.82098737],[72.58782088,18.82961338],[72.58689339,18.83823937],[72.58596589,18.84686535],[72.58522757,18.8537319],[72.58446724,18.85975468],[72.58348522,18.86753349],[72.5825032,18.87531233],[72.58152116,18.88309119],[72.58053913,18.89087004],[72.57955722,18.89864779],[72.57927118,18.90118506],[72.57876688,18.90626572],[72.57854862,18.90880908],[72.57791262,18.91759377],[72.57727657,18.92637917],[72.5766405,18.93516456],[72.57600443,18.94394996],[72.57536836,18.95273535],[72.57473228,18.96152075],[72.57409619,18.97030614],[72.5734601,18.97909154],[72.572824,18.98787694],[72.57218789,18.99666233],[72.57155178,19.00544773],[72.57091566,19.01423313],[72.57027954,19.02301853],[72.56964341,19.03180392],[72.56900727,19.04058932],[72.56837113,19.04937472],[72.56773498,19.05816012],[72.56709883,19.06694552],[72.56646267,19.07573092],[72.5658265,19.08451633],[72.56519033,19.09330173],[72.56455415,19.10208712],[72.56391797,19.11087249],[72.56353449,19.11616813],[72.56295922,19.1214305],[72.56200361,19.13017223],[72.56104798,19.13891403],[72.56009235,19.14765582],[72.55913671,19.15639761],[72.55818107,19.1651394],[72.55722541,19.17388119],[72.55626975,19.18262299],[72.55531409,19.19136478],[72.55435842,19.20010657],[72.55340275,19.20884836],[72.55244706,19.21759016],[72.55149138,19.22633196],[72.55053569,19.2350737],[72.54995259,19.24040731],[72.54926399,19.24513166],[72.54808065,19.2532502],[72.54689731,19.26136878],[72.54571396,19.26948738],[72.5445306,19.27760598],[72.54334724,19.28572458],[72.54216387,19.29384319],[72.54111564,19.30103464],[72.53915028,19.30906454],[72.53707893,19.31752742],[72.53500758,19.32599032],[72.53293623,19.33445322],[72.53086487,19.3429161],[72.5287935,19.35137899],[72.52672213,19.3598419],[72.52465075,19.36830478],[72.52257937,19.37676768],[72.52050798,19.38523058],[72.51843658,19.39369348],[72.51636518,19.40215637],[72.51429377,19.41061927],[72.51222236,19.41908218],[72.51015094,19.42754507],[72.50807952,19.43600797],[72.50600808,19.44447089],[72.50393665,19.45293379],[72.50186521,19.46139669],[72.49979376,19.4698596],[72.4977223,19.47832251],[72.49565084,19.48678541],[72.49357994,19.49524601],[72.49298836,19.49781493],[72.49187624,19.50296659],[72.49134446,19.50560954],[72.49098598,19.50765313],[72.49029366,19.51186771],[72.48997109,19.51397847],[72.4887376,19.52270067],[72.4875039,19.53142427],[72.4862702,19.54014789],[72.48503649,19.5488715],[72.48380278,19.55759511],[72.48256906,19.56631872],[72.48133533,19.57504234],[72.4801016,19.58376595],[72.47888714,19.5923532],[72.47687578,19.60079278],[72.47483095,19.6093728],[72.4727861,19.61795284],[72.47074125,19.62653288],[72.4686964,19.6351129],[72.46665154,19.64369293],[72.46460667,19.65227297],[72.46256179,19.660853],[72.46051691,19.66943305],[72.45847203,19.67801308],[72.45642714,19.68659312],[72.45438224,19.69517316],[72.45233733,19.7037532],[72.45215806,19.70450538],[72.44535477,19.70768187],[72.43721046,19.71148449],[72.42906614,19.71528712],[72.42092183,19.71908974],[72.41277751,19.72289236],[72.40463321,19.72669498],[72.39648888,19.7304976],[72.38834456,19.73430023],[72.38020024,19.73810285],[72.37205592,19.74190548],[72.3639116,19.7457081],[72.35576728,19.74951073],[72.34762295,19.75331335],[72.33947863,19.75711597],[72.33133431,19.76091859],[72.32318998,19.76472122],[72.31504564,19.76852385],[72.30690132,19.77232648],[72.29875699,19.7761291],[72.29061266,19.77993173],[72.28246833,19.78373435],[72.274324,19.78753698],[72.26617966,19.79133961],[72.25803532,19.79514224],[72.24989099,19.79894486],[72.24174665,19.80274749],[72.23360231,19.80655012],[72.22545798,19.81035274],[72.21731365,19.81415537],[72.2091693,19.817958],[72.20102495,19.82176063],[72.19288061,19.82556326],[72.18473627,19.82936589],[72.17659192,19.83316852],[72.16844758,19.83697114],[72.16030324,19.84077377],[72.15215889,19.8445764],[72.14401454,19.84837903],[72.13587019,19.85218166],[72.12772583,19.85598429],[72.11958148,19.85978693],[72.11143713,19.86358955],[72.10329278,19.86739218],[72.09514843,19.87119481],[72.08700407,19.87499745],[72.07885971,19.87880008],[72.07071535,19.88260271],[72.06257099,19.88640534],[72.05442663,19.89020798],[72.04628227,19.89401061],[72.03813792,19.89781324],[72.02999356,19.90161587],[72.02184918,19.90541851],[72.01370481,19.90922114],[72.00556045,19.91302377],[71.99741608,19.91682641],[71.98927171,19.92062904],[71.98112736,19.92443167],[71.97298298,19.92823431],[71.9648386,19.93203695],[71.95669424,19.93583958],[71.94854986,19.93964222],[71.94040548,19.94344485],[71.93226111,19.94724749],[71.92411675,19.95105012],[71.91597237,19.95485276],[71.90782798,19.9586554],[71.8996836,19.96245803],[71.89153922,19.96626067],[71.88339484,19.97006331],[71.87525046,19.97386594],[71.86710608,19.97766858],[71.8589617,19.98147121],[71.85081731,19.98527385],[71.84267292,19.98907649],[71.83452853,19.99287913],[71.82638414,19.99668177],[71.81823976,20.00048441],[71.81009536,20.00428705],[71.80195098,20.00808968],[71.79380659,20.01189232],[71.78566219,20.01569496],[71.77751779,20.01949761],[71.7693734,20.02330025],[71.76122901,20.02710288],[71.7530846,20.03090553],[71.74494022,20.03470816],[71.73679582,20.0385108],[71.72865141,20.04231345],[71.72050701,20.04611609],[71.71236261,20.04991873],[71.7042182,20.05372137],[71.6960738,20.05752402],[71.68792939,20.06132666],[71.679785,20.06512929],[71.67164059,20.06893194],[71.66349617,20.07273459],[71.65535176,20.07653723],[71.64720735,20.08033987],[71.63906294,20.08414252],[71.63091853,20.08794516],[71.62277412,20.0917478],[71.61462971,20.09555044],[71.60648529,20.09935309],[71.59834087,20.10315573],[71.59019645,20.10695838],[71.58205203,20.11076103],[71.57390761,20.11456367],[71.56576319,20.11836632],[71.55761878,20.12216896],[71.54947436,20.1259716],[71.54132992,20.12977425],[71.5331855,20.1335769],[71.52504107,20.13737955],[71.51689665,20.14118219],[71.50875221,20.14498484],[71.5006078,20.14878748],[71.49246337,20.15259013],[71.48431893,20.15639278],[71.47617449,20.16019543],[71.46803007,20.16399808],[71.45988563,20.16780073],[71.45174119,20.17160338],[71.44359677,20.17540602],[71.43545233,20.17920867],[71.42730788,20.18301132],[71.41916344,20.18681397],[71.41101901,20.19061662],[71.40287456,20.19441927],[71.39473012,20.19822192],[71.38658568,20.20202457],[71.37844124,20.20582722],[71.3702968,20.20962987],[71.36215235,20.21343252],[71.35400789,20.21723518],[71.34586345,20.22103783],[71.337719,20.22484048],[71.32957455,20.22864313],[71.3214301,20.23244578],[71.31328565,20.23624843],[71.30514119,20.24005109],[71.29699674,20.24385374],[71.28885228,20.24765639],[71.28070783,20.25145905],[71.27787637,20.25286668],[71.27256337,20.2552617],[71.26953149,20.25670582],[71.26652609,20.25819471],[71.26441892,20.25906435],[71.25627446,20.262867],[71.24812999,20.26666966],[71.23998553,20.27047232],[71.23184107,20.27427497],[71.22369661,20.27807762],[71.21555214,20.28188028],[71.20740767,20.28568294],[71.19926322,20.28948559],[71.19111875,20.29328824],[71.18297427,20.2970909],[71.1748298,20.30089356],[71.16668533,20.30469621],[71.15854086,20.30849887],[71.15039638,20.31230153],[71.14225192,20.31610418],[71.13410744,20.31990684],[71.12596296,20.3237095],[71.11781849,20.32751216],[71.10967401,20.33131481],[71.10152953,20.33511747],[71.09338505,20.33892013],[71.08524057,20.34272279],[71.07709609,20.34652544],[71.06895161,20.3503281],[71.06080712,20.35413076],[71.05266263,20.35793343],[71.04451815,20.36173609],[71.03637366,20.36553874],[71.02822917,20.36934141],[71.02008469,20.37314406],[71.01194021,20.37694672],[71.0037957,20.38074939],[70.99565121,20.38455205],[70.98750672,20.38835471],[70.97936223,20.39215737],[70.97121773,20.39596003],[70.96307324,20.39976269],[70.95492875,20.40356535],[70.94678423,20.40736802],[70.93863974,20.41117068],[70.93049524,20.41497334],[70.92235073,20.41877601],[70.91420623,20.42257867],[70.90606173,20.42638133],[70.89791724,20.43018399],[70.88977273,20.43398666],[70.88162821,20.43778932],[70.87348371,20.44159199],[70.86533919,20.44539465],[70.85719468,20.44919732],[70.84905018,20.45299998],[70.84090567,20.45680264],[70.83276116,20.46060531],[70.82461664,20.46440798],[70.81647212,20.46821064],[70.80832761,20.47201331],[70.80018309,20.47581598],[70.79203857,20.47961864],[70.78389406,20.48342131],[70.77574954,20.48722397],[70.76760501,20.49102664],[70.75946049,20.49482931],[70.75131597,20.49863198],[70.74317145,20.50243465],[70.73502692,20.50623732],[70.72688813,20.5100373],[70.72539077,20.51075024],[70.72240809,20.51219819],[70.71944989,20.51369013],[70.71651693,20.5152257],[70.71502653,20.51602081],[70.71305464,20.51711931],[70.70907644,20.51939008],[70.70515165,20.52174198],[70.70346215,20.5228038],[70.70010101,20.5234328],[70.69555938,20.52438004],[70.69104072,20.52542028],[70.68654715,20.52655301],[70.68208081,20.5277777],[70.67764382,20.52909378],[70.67323829,20.5305006],[70.6710211,20.53123433],[70.66813606,20.53226757],[70.66235427,20.5344288],[70.6566417,20.53674779],[70.65100319,20.53922258],[70.64820304,20.54049864],[70.64001914,20.54436752],[70.63728122,20.54570879],[70.63184756,20.54846527],[70.63042778,20.54921092],[70.62833984,20.54995034],[70.62400295,20.55153663],[70.61970375,20.55321154],[70.61544426,20.55497429],[70.61122652,20.55682403],[70.60705251,20.55875989],[70.60333282,20.56058093],[70.59966046,20.56166996],[70.59525399,20.56307678],[70.59303629,20.56381051],[70.59088106,20.56457369],[70.58654377,20.56615997],[70.58224415,20.56783489],[70.57798426,20.56959763],[70.57376611,20.57144737],[70.56959171,20.57338322],[70.56546303,20.57540428],[70.56138204,20.57750957],[70.55932328,20.57859967],[70.55835693,20.57913106],[70.55636973,20.58023698],[70.5553793,20.58079499],[70.55440765,20.58135052],[70.55328329,20.58161791],[70.54915846,20.5825258],[70.54505354,20.58351055],[70.54097014,20.58457177],[70.53690986,20.58570905],[70.53263645,20.58699835],[70.52839804,20.5880828],[70.52392991,20.58930748],[70.51949114,20.59062354],[70.51508384,20.59203035],[70.51286569,20.59276409],[70.51071009,20.59352725],[70.50637197,20.59511353],[70.50207155,20.59678843],[70.49781085,20.59855116],[70.4935919,20.60040089],[70.48941671,20.60233674],[70.48528725,20.60435778],[70.48120549,20.60646307],[70.47920885,20.60752007],[70.47863235,20.60774458],[70.47437135,20.60950731],[70.4701521,20.61135704],[70.46597661,20.61329288],[70.46184685,20.61531392],[70.46071911,20.61588331],[70.45560968,20.61791308],[70.45063979,20.62003208],[70.44816919,20.62112144],[70.44329261,20.62334352],[70.44156529,20.62414876],[70.43812632,20.62578845],[70.4347193,20.62748629],[70.43134534,20.62924173],[70.42963624,20.63015034],[70.42817793,20.63095692],[70.4273929,20.63139901],[70.42330093,20.63339975],[70.41921839,20.63550502],[70.41715875,20.63659516],[70.41503519,20.63777943],[70.41075744,20.64022828],[70.40654175,20.64277083],[70.40555838,20.64336474],[70.40117314,20.64517545],[70.3969529,20.64702516],[70.39277644,20.64896099],[70.38864572,20.65098202],[70.38456271,20.65308729],[70.3825028,20.65417744],[70.38052935,20.6552758],[70.37818582,20.65659891],[70.37489999,20.6580832],[70.37173732,20.65957478],[70.37016255,20.66033288],[70.36821908,20.66127615],[70.36382573,20.66298431],[70.35956319,20.66474703],[70.35534241,20.66659673],[70.35116541,20.66853256],[70.34703416,20.67055358],[70.34295063,20.67265884],[70.34089042,20.673749],[70.33891675,20.67484734],[70.33477677,20.67721243],[70.33261681,20.67836631],[70.3307883,20.67938198],[70.32709257,20.68148168],[70.32344262,20.68365121],[70.31983993,20.68588968],[70.31628598,20.6881962],[70.31278222,20.69056981],[70.30933008,20.69300955],[70.30593098,20.69551442],[70.30424485,20.69678299],[70.29736682,20.70206555],[70.29684044,20.70247244],[70.29598436,20.70313849],[70.29332746,20.70505361],[70.28969301,20.70779357],[70.28785678,20.70920966],[70.28657597,20.71023627],[70.28396291,20.71236432],[70.28313376,20.71306194],[70.2816719,20.71370238],[70.27749361,20.71563819],[70.27336108,20.71765919],[70.26927628,20.71976444],[70.26721536,20.72085463],[70.26524116,20.72195292],[70.26125762,20.72422361],[70.25732755,20.72657542],[70.25345284,20.72900724],[70.2496353,20.73151792],[70.24636305,20.73377139],[70.24512399,20.73454338],[70.2431267,20.73581851],[70.23028081,20.74421972],[70.22832595,20.74552892],[70.22444787,20.74818828],[70.22395379,20.74854333],[70.2213757,20.74979832],[70.21852625,20.75123722],[70.21570024,20.75271649],[70.21426242,20.75348285],[70.21230532,20.75457115],[70.2083554,20.7568212],[70.20445802,20.75915098],[70.20061498,20.76155939],[70.19870726,20.76278311],[70.1979314,20.76329242],[70.19601913,20.76457737],[70.192225,20.76718648],[70.18849271,20.76987341],[70.18482405,20.77263686],[70.18297086,20.77406511],[70.18123629,20.77546276],[70.17773056,20.77834911],[70.17466566,20.78094729],[70.17116414,20.7832078],[70.16786676,20.78542818],[70.16461471,20.78770698],[70.15980889,20.79128038],[70.15948933,20.79152603],[70.15679015,20.79328735],[70.15417336,20.79505149],[70.15158508,20.79685249],[70.14902591,20.79868992],[70.14649641,20.80056339],[70.14399718,20.80247245],[70.14272014,20.80346344],[70.1418879,20.8041339],[70.1413137,20.80448625],[70.13848475,20.8062524],[70.13568594,20.80806057],[70.13291798,20.80991029],[70.13018158,20.8118011],[70.12747742,20.81373254],[70.12346214,20.81674613],[70.12271107,20.81734373],[70.11598488,20.82274528],[70.11070705,20.82727902],[70.10680742,20.83086089],[70.10488186,20.83267517],[70.10161821,20.83582946],[70.09842717,20.83802544],[70.09472688,20.84069017],[70.09108917,20.84343007],[70.08925104,20.84484632],[70.0876255,20.84615368],[70.08572675,20.84758306],[70.08385993,20.84902086],[70.08212464,20.85041838],[70.07981966,20.85230399],[70.07607311,20.85512206],[70.07423481,20.85653832],[70.07220432,20.85817959],[70.06811881,20.86156637],[70.06412629,20.86504985],[70.06022936,20.86862776],[70.05922483,20.86955508],[70.05545004,20.87227052],[70.05181157,20.87501041],[70.04997299,20.8764267],[70.04823742,20.87782417],[70.04460529,20.88081708],[70.04317829,20.88192425],[70.04140915,20.88334931],[70.03783515,20.88629217],[70.03606551,20.88778223],[70.03247347,20.89087498],[70.03120169,20.89198795],[70.02867747,20.89423315],[70.02814846,20.89471923],[70.02768503,20.89506816],[70.02584617,20.89648447],[70.02411041,20.89788191],[70.02060183,20.9007682],[70.01716094,20.90372565],[70.0137894,20.90675287],[70.01048881,20.90984841],[70.00709631,20.91317906],[70.00573137,20.91427186],[70.00399544,20.91566928],[70.00048643,20.91855555],[69.99704514,20.921513],[69.9936732,20.92454021],[69.99037221,20.92763574],[69.98714375,20.93079813],[69.98398934,20.93402587],[69.9809105,20.93731744],[69.98010429,20.93819898],[69.97918295,20.9387764],[69.9753601,20.94128699],[69.97159633,20.94387524],[69.96789343,20.94653992],[69.96425316,20.94927978],[69.96241353,20.95069615],[69.96114739,20.95170914],[69.95856223,20.95381015],[69.95601309,20.95594968],[69.95350061,20.95812717],[69.95225361,20.95922534],[69.95081143,20.96051585],[69.94869943,20.9624587],[69.94453326,20.96639841],[69.94048441,20.9704447],[69.93655599,20.97459447],[69.93442963,20.97691284],[69.92280654,20.98737836],[69.92072375,20.98929841],[69.91660995,20.99319548],[69.91290105,20.99689108],[69.91168395,20.99816686],[69.91122409,20.99857812],[69.90779247,21.00178917],[69.9045624,21.00495152],[69.90140643,21.00817922],[69.89832605,21.01147075],[69.89676948,21.01317189],[69.89630158,21.0137098],[69.89365399,21.01619245],[69.88939383,21.0204255],[69.88526594,21.02477265],[69.88319999,21.02701394],[69.88175315,21.02866656],[69.87882807,21.03208101],[69.87598289,21.0355545],[69.87321896,21.0390854],[69.8711425,21.0418629],[69.87068156,21.04235804],[69.87001415,21.04308187],[69.86868015,21.04454262],[69.86793876,21.04536431],[69.86614741,21.04685009],[69.86270317,21.04980747],[69.85932832,21.05283461],[69.85602449,21.05593008],[69.85279325,21.0590924],[69.84963613,21.06232008],[69.84655463,21.06561158],[69.84499739,21.06731281],[69.84416782,21.06825481],[69.84094389,21.07155076],[69.8379324,21.07477043],[69.83640931,21.07643506],[69.83572396,21.07720869],[69.83429123,21.0788425],[69.83358004,21.07966226],[69.81926344,21.09633976],[69.80094831,21.11563698],[69.79994087,21.11671357],[69.79794115,21.11888151],[69.79691384,21.120012],[69.79553081,21.12158918],[69.79272954,21.12485058],[69.79134843,21.12649321],[69.78077222,21.13934322],[69.77982217,21.14038061],[69.778548,21.14183105],[69.77587434,21.14493709],[69.76370347,21.15763248],[69.76250094,21.15890681],[69.76011638,21.1614772],[69.75889992,21.1628118],[69.75808463,21.16373334],[69.7563953,21.16566612],[69.75555725,21.16663716],[69.71651894,21.21243132],[69.65791363,21.27916065],[69.62911177,21.31106034],[69.62772088,21.31250915],[69.61839609,21.32241258],[69.61755751,21.32331387],[69.61589181,21.32512574],[69.61502859,21.32607657],[69.61236012,21.32917579],[69.61177587,21.32991225],[69.61066559,21.33117793],[69.60957583,21.33244766],[69.60867024,21.33352624],[69.60815718,21.33407376],[69.60602936,21.33652432],[69.60398478,21.33903635],[69.60206444,21.3414742],[69.58063601,21.36392301],[69.57953706,21.3650921],[69.57735618,21.36744871],[69.57625783,21.36865462],[69.57318929,21.3720794],[69.57096183,21.37465022],[69.56659906,21.3798583],[69.56446461,21.38249442],[69.56325959,21.3840346],[69.55725443,21.39012661],[69.55558886,21.39185588],[69.55295475,21.39465518],[69.55247627,21.39501456],[69.55067158,21.39640047],[69.54863816,21.39803792],[69.54454456,21.40141847],[69.54054395,21.40489538],[69.53663894,21.40846641],[69.53471065,21.41027513],[69.51453951,21.42967912],[69.51255401,21.43164083],[69.51071953,21.43350276],[69.50779531,21.4345659],[69.50347071,21.43624054],[69.49918606,21.43800301],[69.49494338,21.43985246],[69.4907447,21.44178801],[69.48659201,21.44380875],[69.48248726,21.44591372],[69.4804151,21.44700441],[69.47843243,21.44810192],[69.47442942,21.45037232],[69.47048015,21.45272383],[69.46658648,21.45515534],[69.46275027,21.4576657],[69.45897334,21.46025372],[69.45525749,21.46291816],[69.45160447,21.46565777],[69.44975745,21.46707477],[69.44801603,21.46847125],[69.44449388,21.47135725],[69.44103968,21.47431442],[69.43765508,21.47734135],[69.4343417,21.48043659],[69.4311011,21.48359869],[69.42793483,21.48682614],[69.42484441,21.49011741],[69.42328186,21.4918194],[69.42183129,21.49347093],[69.41889693,21.49688512],[69.4160427,21.50035836],[69.41326999,21.50388899],[69.4105801,21.50747534],[69.40797432,21.51111571],[69.4054539,21.51480836],[69.40302004,21.51855155],[69.40214267,21.51993554],[69.40094749,21.52115352],[69.39523531,21.52588939],[69.39298358,21.52781009],[69.38853397,21.53171496],[69.38633879,21.53369688],[69.34887798,21.56848037],[69.34717962,21.57009268],[69.34382196,21.57335275],[69.34193014,21.57539913],[69.34055344,21.57677027],[69.33874256,21.57861566],[69.33724913,21.58020915],[69.33562606,21.58195466],[69.33377046,21.58407795],[69.33200301,21.58514828],[69.32791226,21.58784575],[69.32313152,21.59115662],[69.32057416,21.5929837],[69.31551892,21.59670861],[69.31298434,21.59863519],[69.31129125,21.59999082],[69.30933358,21.60159143],[69.30863121,21.60209257],[69.3060686,21.60397914],[69.30353686,21.60590185],[69.30224204,21.60690095],[69.30104689,21.6078519],[69.29859899,21.60982857],[69.29738298,21.61082551],[69.29153262,21.61569489],[69.28847094,21.61834439],[69.28245958,21.62375244],[69.2795116,21.62650932],[69.26408192,21.6414798],[69.26211165,21.64298741],[69.26036845,21.64438359],[69.25684201,21.6472695],[69.25338362,21.65022658],[69.24999491,21.65325342],[69.2466775,21.65634857],[69.24343296,21.65951057],[69.24026284,21.66273793],[69.23716865,21.6660291],[69.23560387,21.6677314],[69.23431379,21.66919481],[69.23169138,21.6722273],[69.23079711,21.67318448],[69.22687666,21.67572829],[69.22318706,21.67823723],[69.21955516,21.68081874],[69.21598259,21.68347167],[69.21420987,21.68481696],[69.18770583,21.70536569],[69.18727236,21.70570348],[69.18528895,21.7072961],[69.18089447,21.71091233],[69.17872129,21.7127503],[69.15324964,21.73487327],[69.14985721,21.7373218],[69.14657758,21.73978786],[69.14491363,21.74106484],[69.1432595,21.74238727],[69.13990742,21.74512244],[69.13661655,21.74792179],[69.13338829,21.75078412],[69.13022402,21.75370821],[69.12712509,21.75669282],[69.12498925,21.75883682],[69.12192909,21.76148214],[69.11810679,21.76495521],[69.11621867,21.7667138],[69.10410003,21.77828297],[69.09798149,21.78410211],[69.09654112,21.78549861],[69.09368937,21.78831735],[69.09089631,21.79118694],[69.08995403,21.79219337],[69.08643301,21.79515506],[69.08506192,21.79632845],[69.08233652,21.79870158],[69.07965547,21.80111841],[69.07701957,21.80357821],[69.07442961,21.80608025],[69.07188638,21.80862379],[69.06814302,21.81257011],[69.06739986,21.81340536],[69.06280735,21.81862374],[69.05675765,21.82443289],[69.0554162,21.82574435],[69.05275522,21.82839321],[69.05014587,21.83108653],[69.04758901,21.83382341],[69.04628661,21.83524394],[69.04518383,21.83648986],[69.04292692,21.83908181],[69.04071641,21.84170842],[69.03981316,21.84279293],[69.03605412,21.84626147],[69.02886542,21.85322787],[69.02536073,21.85679177],[69.00781615,21.8755149],[69.00712859,21.87625576],[69.00576119,21.87774377],[69.00504409,21.87853229],[69.00353676,21.88024513],[69.00216846,21.88183536],[69.0012723,21.88274627],[68.99817335,21.88603732],[68.99660575,21.88774002],[68.9951578,21.8893838],[68.99320482,21.89162832],[68.99032835,21.89455944],[68.98896357,21.89597908],[68.94671612,21.94075263],[68.94590832,21.94161826],[68.94430323,21.94335822],[68.94346858,21.94427401],[68.94236396,21.94552104],[68.94010298,21.94811572],[68.93788853,21.95074513],[68.93572124,21.95340853],[68.93465128,21.95474631],[68.92435887,21.96783815],[68.92137128,21.97056825],[68.92026707,21.97140316],[68.91889572,21.97245763],[68.91746925,21.97359292],[68.91456377,21.97594628],[68.91170375,21.97834764],[68.9088901,21.98079624],[68.90612372,21.9832913],[68.90340549,21.98583202],[68.90073628,21.9884176],[68.89811695,21.99104721],[68.89681985,21.99237291],[68.89479747,21.99447727],[68.89367299,21.99566604],[68.89144423,21.99805997],[68.89030242,21.99930678],[68.88871171,22.00111504],[68.88550283,22.00485047],[68.88392229,22.00673588],[68.86798748,22.02621451],[68.86201021,22.0334252],[68.85721282,22.03778768],[68.85533292,22.03953967],[68.85161588,22.04309014],[68.84799387,22.04672506],[68.8444691,22.05044219],[68.84252545,22.05255034],[68.84161173,22.05357347],[68.8412402,22.05399215],[68.81441721,22.08437797],[68.81303219,22.08597964],[68.81029746,22.08920915],[68.80763416,22.09249014],[68.8055865,22.09512297],[68.8036632,22.09691174],[68.8004086,22.10007351],[68.79722866,22.10330062],[68.79412487,22.10659155],[68.79255441,22.10829465],[68.79109871,22.10994474],[68.78815164,22.11335858],[68.78528504,22.11683146],[68.7825003,22.12036174],[68.77979873,22.12394773],[68.77718163,22.12758774],[68.77465024,22.13128003],[68.77220578,22.13502286],[68.77097216,22.13696023],[68.76990652,22.13871788],[68.76774914,22.14236108],[68.76567314,22.1460451],[68.76367941,22.14976838],[68.76270321,22.15163962],[68.75828649,22.1603331],[68.75725509,22.16242471],[68.75524392,22.16662941],[68.75333662,22.17087591],[68.75153421,22.17516199],[68.75063459,22.17737776],[68.74987603,22.17938035],[68.74835791,22.18352717],[68.7469372,22.18770383],[68.74561458,22.19190834],[68.74439069,22.19613871],[68.74326612,22.20039293],[68.74224141,22.20466898],[68.74131706,22.20896481],[68.74086681,22.21118679],[68.740427,22.21368245],[68.73959237,22.21882257],[68.73926756,22.22101433],[68.73899477,22.22172342],[68.73829961,22.22303169],[68.7363054,22.22700002],[68.73440454,22.23100788],[68.73259793,22.23505336],[68.73088645,22.23913456],[68.73002975,22.24124716],[68.72973705,22.24200362],[68.72910965,22.24364571],[68.72879977,22.24446801],[68.72567602,22.25287331],[68.72255087,22.26128234],[68.71942572,22.26969136],[68.71630056,22.27810038],[68.7131754,22.28650941],[68.71005022,22.29491844],[68.70692504,22.30332747],[68.70379986,22.3117365],[68.70067467,22.32014554],[68.69754947,22.32855457],[68.69442427,22.33696361],[68.69129906,22.34537264],[68.68817384,22.35378168],[68.68504862,22.36219072],[68.68192339,22.37059976],[68.67879815,22.3790088],[68.67567291,22.38741785],[68.67254766,22.39582689],[68.66942241,22.40423594],[68.66629714,22.41264499],[68.66317188,22.42105404],[68.6600466,22.42946309],[68.65692132,22.43787214],[68.65379603,22.44628119],[68.65067074,22.45469025],[68.64754544,22.4630993],[68.64442013,22.47150836],[68.64129482,22.47991742],[68.6381695,22.48832648],[68.63504417,22.49673553],[68.63191884,22.50514459],[68.6287935,22.51355366],[68.62566816,22.52196273],[68.6225428,22.53037179],[68.61941745,22.53878086],[68.61629208,22.54718993],[68.61316671,22.555599],[68.61004133,22.56400807],[68.60691595,22.57241714],[68.60379056,22.58082622],[68.60066516,22.58923529],[68.59753976,22.59764436],[68.59441435,22.60605344],[68.59128893,22.61446253],[68.5881635,22.62287161],[68.58503808,22.63128069],[68.58191264,22.63968978],[68.5787872,22.64809886],[68.57566175,22.65650795],[68.57253629,22.66491704],[68.56941083,22.67332612],[68.56628536,22.68173522],[68.56315989,22.69014431],[68.5600344,22.6985534],[68.55690892,22.70696249],[68.55378342,22.71537159],[68.55065792,22.72378068],[68.54753241,22.73218978],[68.5444069,22.74059888],[68.54128138,22.74900799],[68.53815585,22.75741709],[68.53503032,22.76582619],[68.53190478,22.7742353],[68.52877923,22.7826444],[68.52565368,22.79105351],[68.52252812,22.79946262],[68.51940255,22.80787173],[68.51627698,22.81628084],[68.5131514,22.82468996],[68.51002581,22.83309907],[68.50690022,22.84150819],[68.50377462,22.8499173],[68.50064902,22.85832642],[68.49752341,22.86673554],[68.49439779,22.87514466],[68.49127216,22.88355378],[68.48814653,22.89196291],[68.48502089,22.90037203],[68.48189525,22.90878116],[68.4787696,22.91719029],[68.47564394,22.92559942],[68.47251828,22.93400854],[68.46939261,22.94241768],[68.46626693,22.95082681],[68.46314124,22.95923595],[68.46001555,22.96764508],[68.45688986,22.97605422],[68.45376415,22.98446336],[68.45063844,22.9928725],[68.44751273,23.00128164],[68.444387,23.00969078],[68.44126127,23.01809993],[68.43813554,23.02650907],[68.43500979,23.03491822],[68.43188404,23.04332737],[68.42875829,23.05173651],[68.42563252,23.06014566],[68.42264096,23.06819376],[68.41872011,23.07135751],[68.41190537,23.07685636],[68.40509063,23.08235521],[68.3982759,23.08785405],[68.39146116,23.09335289],[68.38464642,23.09885174],[68.37783167,23.10435059],[68.37102244,23.10984498],[68.36881405,23.11167652],[68.36445197,23.11539466],[68.36229832,23.11728124],[68.35597418,23.12297424],[68.34964499,23.12867179],[68.34331578,23.13436934],[68.33698657,23.14006689],[68.33065735,23.14576446],[68.32432813,23.15146202],[68.31799921,23.15715931],[68.31461231,23.16020819],[68.31080457,23.16338606],[68.3039488,23.16910776],[68.29709271,23.17482972],[68.29023663,23.18055167],[68.28338054,23.18627363],[68.27652444,23.19199559],[68.26966834,23.19771756],[68.26281224,23.20343952],[68.25595613,23.20916148],[68.24910003,23.21488344],[68.24224392,23.2206054],[68.23538781,23.22632737],[68.22853169,23.23204933],[68.22167557,23.23777131],[68.21481944,23.24349327],[68.20796332,23.24921524],[68.20111275,23.25493257],[68.19960186,23.25621758],[68.19660651,23.25881372],[68.19512208,23.26012484],[68.18857713,23.2660155],[68.18202692,23.27191089],[68.17547671,23.27780629],[68.16892649,23.28370169],[68.16237626,23.28959709],[68.15582603,23.2954925],[68.14927581,23.3013879],[68.14272557,23.3072833],[68.13617533,23.31317871],[68.12962509,23.31907411],[68.12307485,23.32496952],[68.1165246,23.33086493],[68.10997434,23.33676034],[68.1034241,23.34265574],[68.09687383,23.34855116],[68.09032357,23.35444657],[68.08377331,23.36034198],[68.07722304,23.3662374],[68.07067276,23.37213282],[68.0641225,23.37802823],[68.05757222,23.38392364],[68.05102193,23.38981907],[68.04447164,23.39571448],[68.03792136,23.4016099],[68.03137106,23.40750532],[68.02482077,23.41340075],[68.01827047,23.41929616],[68.01172017,23.42519159],[68.00516986,23.43108702],[67.99861955,23.43698244],[67.99206924,23.44287786],[67.9877193,23.44679291],[67.9856604,23.44819646],[67.98216152,23.45068433],[67.97871796,23.45323713],[67.97696942,23.45456112],[67.97520665,23.45595417],[67.97163361,23.45883916],[67.96812948,23.46179529],[67.96469593,23.46482116],[67.9613346,23.46791533],[67.95804707,23.47107634],[67.95483493,23.47430268],[67.95444147,23.47471558],[67.9959737,23.51883639],[68.02250749,23.54632192],[68.03022948,23.55432088],[68.03230505,23.55644531],[68.04833855,23.57285614],[68.0628895,23.58774955]],[[81.0282793,15.76542556],[81.02787316,15.76559353],[81.02571845,15.76135504],[81.02061868,15.75825441],[81.02058756,15.75763845],[81.02175295,15.75732148],[81.02375042,15.75784791],[81.02396953,15.75799715],[81.02917135,15.76324272],[81.02980614,15.76460504],[81.02961385,15.76494575],[81.0282793,15.76542556]],[[79.70681906,10.28817046],[79.7030462,10.28822541],[79.7026242,10.28778827],[79.70243335,10.28730512],[79.70658457,10.28530085],[79.70794272,10.28640115],[79.70681906,10.28817046]],[[79.70078671,10.28931212],[79.69785416,10.29010701],[79.69719732,10.28984976],[79.69760513,10.28865993],[79.69787741,10.28853345],[79.70055842,10.28839195],[79.70080411,10.28863525],[79.70078671,10.28931212]],[[79.69544184,10.28940165],[79.69648623,10.29013252],[79.69383192,10.29132021],[79.69348144,10.29091644],[79.69378138,10.28964186],[79.69419205,10.28946137],[79.69544184,10.28940165]],[[79.69122911,10.29751074],[79.69056356,10.29779994],[79.68877804,10.29507184],[79.69125891,10.29330587],[79.69171464,10.29341626],[79.69292104,10.29550636],[79.6928097,10.29612458],[79.69122911,10.29751074]],[[79.68635774,10.297508],[79.68609583,10.29787815],[79.68523896,10.29834175],[79.68400681,10.29793656],[79.68359852,10.29699957],[79.68379176,10.29644954],[79.68550813,10.29524136],[79.68586111,10.29533005],[79.68635774,10.297508]],[[79.60859525,10.30207396],[79.6077162,10.30231786],[79.60558605,10.30197775],[79.60643077,10.30093396],[79.60832453,10.30083764],[79.60899198,10.30110228],[79.60859525,10.30207396]],[[79.70959425,10.30533493],[79.71056974,10.30743516],[79.70497656,10.30643177],[79.70471811,10.30654371],[79.69888485,10.3091104],[79.70316756,10.30562341],[79.70389342,10.303514],[79.70699203,10.30357814],[79.70959425,10.30533493]],[[79.69405746,10.30767298],[79.69375765,10.30819571],[79.69244361,10.30803633],[79.68869841,10.31002891],[79.68961346,10.30619633],[79.6917392,10.30424833],[79.69278741,10.30477262],[79.69405746,10.30767298]],[[79.67702043,10.30963814],[79.67627037,10.30973935],[79.66978705,10.30655384],[79.67270982,10.30499601],[79.67956674,10.3048774],[79.68274105,10.30542922],[79.68346107,10.30744886],[79.67702043,10.30963814]],[[79.62312245,10.30617595],[79.62360406,10.30677521],[79.62371016,10.30865777],[79.62099755,10.30587018],[79.6219635,10.30542874],[79.62312245,10.30617595]],[[79.60548437,10.30610085],[79.60586834,10.30621684],[79.60987985,10.30932212],[79.60927045,10.31070852],[79.60788524,10.31113994],[79.60573447,10.31015897],[79.60547113,10.30982971],[79.60487175,10.30774033],[79.60491717,10.30683482],[79.60548437,10.30610085]],[[79.71396375,10.31060147],[79.71449256,10.31058586],[79.71576667,10.31152284],[79.71644342,10.31436694],[79.71641946,10.31509101],[79.71173894,10.31606531],[79.70269823,10.31560051],[79.70058334,10.31819952],[79.69566631,10.32118726],[79.69302988,10.31932867],[79.68884337,10.31845307],[79.69083154,10.31510925],[79.69768143,10.31194806],[79.70869911,10.31386983],[79.70991766,10.31251812],[79.71156871,10.31425643],[79.7131263,10.310992],[79.71396375,10.31060147]],[[79.61617923,10.30682743],[79.61667454,10.30649745],[79.61907446,10.30734587],[79.61988425,10.30610454],[79.62120473,10.30735385],[79.62116706,10.30765712],[79.61749065,10.30862176],[79.61610544,10.3074851],[79.61617923,10.30682743]],[[79.62888813,10.30651331],[79.63025391,10.30642557],[79.63122678,10.30664945],[79.6314522,10.30681014],[79.63162982,10.30817521],[79.63143456,10.30842721],[79.62845755,10.30814815],[79.62818694,10.30797017],[79.62834954,10.30669725],[79.62888813,10.30651331]],[[79.63208914,10.33291137],[79.63151121,10.33321583],[79.62971008,10.33051574],[79.62817991,10.33003235],[79.62762082,10.3263365],[79.62793684,10.32603574],[79.63102937,10.32733631],[79.63274372,10.32987416],[79.63310325,10.33050156],[79.63369215,10.33211732],[79.63208914,10.33291137]],[[79.62610042,10.34353888],[79.62530553,10.34363461],[79.62511396,10.3387959],[79.62803435,10.33681667],[79.62848783,10.33694863],[79.62907624,10.33743525],[79.62880135,10.34190702],[79.62610042,10.34353888]],[[79.62017405,10.29888165],[79.62249637,10.29721415],[79.62817144,10.29713476],[79.62943065,10.29854333],[79.62613297,10.29903555],[79.62097394,10.29969418],[79.62017405,10.29888165]],[[76.56540704,8.95073044],[76.56527507,8.95119548],[76.5633527,8.95056701],[76.56322944,8.95030093],[76.56456125,8.94975436],[76.56540704,8.95073044]],[[76.60661805,8.96052492],[76.60731316,8.96042311],[76.60809755,8.96201766],[76.60724235,8.96297514],[76.60587394,8.96185136],[76.60661805,8.96052492]],[[76.55147195,8.9551357],[76.55207515,8.95578504],[76.55103016,8.95653725],[76.54993737,8.95559907],[76.54988718,8.95520365],[76.55044126,8.95462704],[76.55089438,8.95463908],[76.55147195,8.9551357]],[[76.54458702,8.95652986],[76.54666281,8.95772803],[76.54475033,8.95896125],[76.54509115,8.96124876],[76.54345608,8.96033466],[76.54350233,8.95715177],[76.54458702,8.95652986]],[[69.72371864,21.56074345],[69.7246294,21.56268442],[69.72471142,21.56324136],[69.72405982,21.56400835],[69.71882904,21.55794835],[69.71868563,21.55760491],[69.71894944,21.55478835],[69.71933627,21.55440366],[69.72169006,21.55396593],[69.72191346,21.55423844],[69.72371864,21.56074345]],[[69.74020207,21.59267604],[69.73675478,21.59555054],[69.73744535,21.60098195],[69.73558474,21.60421276],[69.73509073,21.60896277],[69.72818661,21.61193717],[69.72764945,21.61076355],[69.72516787,21.61022091],[69.72479558,21.60908175],[69.72934616,21.60473156],[69.73348606,21.59587801],[69.73756123,21.59204745],[69.73826218,21.59214866],[69.74020207,21.59267604]]]]},"geometry_name":"the_geom","properties":{"mrgid":49194,"geoname":"Indian 12 NM","pol_type":"12NM","mrgid_ter1":2128,"territory1":"India","mrgid_sov1":2128,"sovereign1":"India","iso_ter1":"IND","x_1":76.81403,"y_1":14.53266,"mrgid_eez":8480,"area_km2":122709,"iso_sov1":"IND","un_sov1":356,"un_ter1":356}}],"totalFeatures":2,"numberMatched":2,"numberReturned":2,"timeStamp":"2026-09-10T12:42:03.573Z","crs":{"type":"name","properties":{"name":"urn:ogc:def:crs:EPSG::4326"}}}