{"type":"FeatureCollection","features":[{"type":"Feature","id":"eez_24nm.40","geometry":{"type":"MultiPolygon","coordinates":[[[[92.41264473,11.07407615],[92.41154988,11.07359995],[92.41143663,11.07917528],[92.4112549,11.08812117],[92.41107319,11.09706702],[92.41089148,11.10601292],[92.41070977,11.11495884],[92.41052807,11.12390479],[92.41034638,11.13285059],[92.41016469,11.14179647],[92.409983,11.15074237],[92.40980132,11.15968828],[92.40961965,11.16863419],[92.40943798,11.17758007],[92.40925632,11.18652596],[92.40907466,11.19547186],[92.40889301,11.20441768],[92.40871136,11.21336366],[92.40852972,11.22230951],[92.40834809,11.23125537],[92.40816645,11.24020128],[92.40801109,11.24271544],[92.40802292,11.24651436],[92.40968804,11.24499252],[92.41239911,11.24258053],[92.41515348,11.24021685],[92.41652382,11.23906172],[92.41825926,11.23765669],[92.4217253,11.23491299],[92.42525108,11.23224453],[92.42847036,11.22991627],[92.42904729,11.22918426],[92.43144529,11.22625642],[92.43264065,11.22482416],[92.43318143,11.22419355],[92.43423285,11.22297759],[92.43476101,11.22237169],[92.43878181,11.21779575],[92.44011994,11.21630299],[92.44282588,11.21334394],[92.44559067,11.21043841],[92.44841321,11.20758755],[92.4512924,11.20479248],[92.45422711,11.2020543],[92.45721618,11.19937407],[92.46025843,11.19675286],[92.46177522,11.19547161],[92.46351032,11.19406663],[92.46697584,11.19132292],[92.46949415,11.18941666],[92.46945696,11.1876791],[92.46943424,11.18552081],[92.46946002,11.18329325],[92.46955998,11.17890851],[92.46975679,11.17452696],[92.47005034,11.1701507],[92.47044049,11.1657818],[92.47092706,11.16142234],[92.47150981,11.15707439],[92.47218845,11.15274003],[92.47254569,11.15061008],[92.47296266,11.14842132],[92.47383207,11.14412031],[92.47479626,11.13983905],[92.47585476,11.13557957],[92.47700707,11.13134391],[92.47825263,11.12713407],[92.48012863,11.12143094],[92.4807073,11.11980401],[92.48209574,11.11545214],[92.48352594,11.11129994],[92.4842527,11.10926206],[92.48504748,11.10717954],[92.48665963,11.10309289],[92.48778802,11.10040715],[92.48701933,11.09987779],[92.48213759,11.09629705],[92.48146276,11.09577044],[92.4789085,11.09536438],[92.47740377,11.09511371],[92.47521559,11.09470807],[92.47086045,11.09385185],[92.46652528,11.09290195],[92.46221216,11.0918588],[92.45792313,11.09072291],[92.45366024,11.08949482],[92.44942554,11.08817511],[92.44522102,11.08676441],[92.4431376,11.08604035],[92.44104871,11.08526339],[92.43691059,11.08367278],[92.43280862,11.08199333],[92.42874478,11.08022583],[92.42774894,11.07975904],[92.42479333,11.07875843],[92.42297342,11.07812317],[92.4208846,11.07734621],[92.41674659,11.0757556],[92.41264473,11.07407615]]],[[[94.63080981,13.66745782],[94.63155964,13.66623081],[94.63304586,13.66376901],[94.63374902,13.6625906],[94.63453753,13.66123538],[94.63603322,13.65862954],[94.63677362,13.65732255],[94.63964158,13.65219244],[94.6410469,13.64961209],[94.64379956,13.64442197],[94.6451469,13.64181223],[94.64778296,13.63656457],[94.64907167,13.63392669],[94.65158989,13.628624],[94.65281937,13.62595923],[94.65521855,13.62060404],[94.65638823,13.61791365],[94.65866723,13.61250851],[94.65977655,13.60979379],[94.66193432,13.60434128],[94.66245358,13.60300806],[94.66347755,13.60033627],[94.66395769,13.59906391],[94.6644961,13.59758773],[94.66550763,13.59476224],[94.66600531,13.59334674],[94.6679176,13.58780731],[94.66884282,13.5850274],[94.67063098,13.57944845],[94.67149393,13.57664945],[94.67315714,13.57103365],[94.67395741,13.56821689],[94.67549489,13.56256692],[94.67623209,13.55973374],[94.67764312,13.55405228],[94.67831693,13.55120404],[94.67960084,13.54549381],[94.68021094,13.54263185],[94.68136715,13.53689556],[94.68164134,13.535496],[94.6821745,13.53269408],[94.68242045,13.53136424],[94.68268931,13.52981424],[94.68318411,13.52685656],[94.68342305,13.52537638],[94.68432229,13.51959619],[94.68473966,13.51670131],[94.68550976,13.51090329],[94.68586247,13.50800019],[94.68650308,13.50218711],[94.68679097,13.49927717],[94.68730179,13.49345179],[94.68752473,13.49053639],[94.68790554,13.48470149],[94.68806342,13.48178202],[94.68831406,13.47594037],[94.68840682,13.47301823],[94.68852717,13.46717261],[94.68854876,13.46574825],[94.68857647,13.46289936],[94.68858265,13.46154939],[94.68857231,13.45997579],[94.68853464,13.45697789],[94.68850724,13.45547906],[94.68836696,13.44963387],[94.68826425,13.44671203],[94.68799375,13.44087122],[94.68782596,13.43795227],[94.68742538,13.43211862],[94.68719259,13.42920397],[94.68666214,13.42338029],[94.68636959,13.42051641],[94.6863014,13.41991429],[94.68607988,13.41732198],[94.68587381,13.41512779],[94.68542676,13.4107615],[94.68518498,13.40858016],[94.68466499,13.40422162],[94.68453044,13.40313249],[94.68425223,13.40095533],[94.68410858,13.39986734],[94.6826273,13.38899776],[94.68242218,13.38755256],[94.68199588,13.3846644],[94.68177471,13.38322146],[94.680858,13.37745483],[94.68062696,13.37605044],[94.68014965,13.37324412],[94.67991642,13.37191418],[94.67962758,13.3703683],[94.67905914,13.3674236],[94.67876652,13.36595282],[94.67759201,13.36022019],[94.67697284,13.35736015],[94.67567098,13.35165395],[94.67498829,13.34880782],[94.67355971,13.34313077],[94.67281383,13.34029989],[94.67125922,13.33465469],[94.6704505,13.3318404],[94.66877062,13.32622973],[94.66789947,13.32343338],[94.66609513,13.31785991],[94.66516195,13.31508283],[94.66323402,13.30954921],[94.66275619,13.30820122],[94.66178592,13.30551028],[94.66131783,13.30423269],[94.6606683,13.30252394],[94.65939605,13.29924529],[94.658749,13.29761006],[94.65616984,13.29121631],[94.65483845,13.28803563],[94.65209292,13.28170872],[94.65067878,13.27856252],[94.64776869,13.2723066],[94.6470309,13.27074708],[94.64553496,13.26763739],[94.64477684,13.26608725],[94.64407987,13.26468528],[94.64353638,13.26360441],[94.64243953,13.2614475],[94.64188617,13.26037147],[94.63965313,13.25607729],[94.63851694,13.25394004],[94.63620556,13.24968585],[94.63503038,13.24756894],[94.63264141,13.24335611],[94.63205552,13.24233346],[94.63087462,13.24029319],[94.63031231,13.23933094],[94.62941197,13.23782757],[94.62765823,13.23494232],[94.62677216,13.23350508],[94.62326014,13.22788807],[94.62146897,13.2251007],[94.61781736,13.21956986],[94.61595693,13.21682641],[94.61216793,13.21138508],[94.61121211,13.21003036],[94.60928358,13.20733248],[94.60831088,13.20598936],[94.60434397,13.20058229],[94.60357822,13.19954894],[94.60203671,13.19748938],[94.60126096,13.19646321],[94.59813824,13.19237318],[94.59655704,13.19034275],[94.59335549,13.18631171],[94.59173516,13.18431114],[94.58845596,13.18034055],[94.58764976,13.1793736],[94.58602821,13.17744707],[94.5852499,13.17653069],[94.58422787,13.17535206],[94.58224508,13.17309197],[94.58124731,13.17196734],[94.57730761,13.16757616],[94.57531338,13.16540161],[94.57127707,13.16109559],[94.56923502,13.15896415],[94.56510403,13.15474534],[94.56301512,13.152658],[94.55879141,13.1485284],[94.55665664,13.14648616],[94.55234223,13.14244773],[94.55016262,13.14045156],[94.54575955,13.13650621],[94.54353613,13.13455706],[94.5390465,13.13070666],[94.53793716,13.12976549],[94.53570825,13.12789483],[94.53462562,13.12699571],[94.53342143,13.12601752],[94.5310763,13.12413456],[94.52989843,13.12319946],[94.52524213,13.1195444],[94.52289371,13.11774174],[94.51815737,13.11418698],[94.51576949,13.1124349],[94.51095536,13.10898212],[94.50852915,13.10728144],[94.50363953,13.10393227],[94.50117614,13.10228381],[94.5,13.10151501],[94.49621334,13.09903984],[94.49384144,13.09752392],[94.49021058,13.09525545],[94.48852736,13.09415702],[94.48616254,13.09264806],[94.48103893,13.08945189],[94.47845908,13.08788167],[94.47335713,13.08485268],[94.47209364,13.08411161],[94.46955858,13.08264282],[94.46831944,13.08193344],[94.46697465,13.08118272],[94.46434175,13.07973218],[94.46302124,13.07901403],[94.45778972,13.07620575],[94.4551584,13.07482954],[94.4498658,13.07213364],[94.44720457,13.07081395],[94.44185341,13.0682317],[94.43916352,13.06696916],[94.43375635,13.06450179],[94.43103908,13.06329698],[94.42557845,13.06094566],[94.4228351,13.05979916],[94.41732359,13.05756501],[94.41455546,13.05647736],[94.40899569,13.05436143],[94.40761483,13.05384429],[94.40484749,13.05282463],[94.40348503,13.0523307],[94.40204472,13.05182596],[94.39920668,13.05084891],[94.39778494,13.05036803],[94.39213659,13.04849149],[94.38930202,13.04758338],[94.38361338,13.04582791],[94.38075934,13.04498055],[94.37503311,13.04334696],[94.37047979,13.04213107],[94.36133316,13.03985385],[94.35673396,13.03879128],[94.35053798,13.03747029],[94.34837843,13.03701537],[94.34733108,13.03679905],[94.34527063,13.03638173],[94.34423959,13.03617695],[94.34019903,13.03539025],[94.33899825,13.03516192],[94.33659465,13.03471578],[94.33539185,13.03449797],[94.33344519,13.0341544],[94.33267914,13.03402062],[94.33133487,13.03379383],[94.32891482,13.0333978],[94.3277039,13.0332051],[94.32577756,13.03290724],[94.32485605,13.03276791],[94.32301207,13.03249539],[94.32208962,13.03236221],[94.31822166,13.03181694],[94.31578,13.03149469],[94.31089115,13.03089334],[94.30844398,13.03061423],[94.30476194,13.03029478],[94.30362784,13.03015277],[94.30194215,13.02997826],[94.30099996,13.02988482],[94.29863238,13.02965408],[94.29714826,13.0295265],[94.29417658,13.0293049],[94.29229352,13.02918351],[94.28857431,13.02902873],[94.28805867,13.02901766],[94.2869556,13.02896768],[94.28595288,13.02891182],[94.28411425,13.02866322],[94.28333667,13.02861435],[94.28191558,13.02852903],[94.27926619,13.02839522],[94.27758048,13.02832614],[94.27680281,13.02829645],[94.27516478,13.02823847],[94.27401482,13.02820251],[94.27203314,13.02814872],[94.27070628,13.02811901],[94.26808788,13.02807284],[94.26553851,13.02805121],[94.26374503,13.02805345],[94.26308804,13.02805584],[94.26046775,13.02807152],[94.25899922,13.02808803],[94.25736007,13.02811509],[94.25584999,13.02815263],[94.25186484,13.02815898],[94.24740993,13.02823718],[94.24454576,13.02833323],[94.24311393,13.02838861],[94.24211608,13.02843233],[94.24119698,13.02847564],[94.23935909,13.02856831],[94.23844032,13.02861767],[94.23348507,13.02890026],[94.23253599,13.02895943],[94.23048831,13.02906252],[94.22735917,13.02925531],[94.22110556,13.02971116],[94.21798143,13.0299742],[94.21377764,13.03037575],[94.21167734,13.03059242],[94.20748036,13.03105751],[94.20538371,13.03130592],[94.20119454,13.03183443],[94.19910204,13.03211452],[94.19492167,13.03270633],[94.19283382,13.03301804],[94.18866324,13.033673],[94.18761476,13.03384174],[94.18551913,13.03418721],[94.18445923,13.03436614],[94.18301149,13.03462417],[94.18009343,13.03516016],[94.1786359,13.03543591],[94.17278659,13.03657477],[94.16986827,13.03717542],[94.16404561,13.03843892],[94.1611413,13.03910176],[94.15534804,13.04048929],[94.15245912,13.04121399],[94.14669801,13.04272491],[94.14382584,13.04351112],[94.13809961,13.0451447],[94.13524557,13.04599206],[94.12955692,13.04774754],[94.12672235,13.04865565],[94.121074,13.05053218],[94.11965226,13.05101306],[94.11681421,13.05199012],[94.1153739,13.05249485],[94.11401145,13.05298879],[94.1112441,13.05400844],[94.10986324,13.05452559],[94.10430347,13.05664152],[94.10153534,13.05772916],[94.09602382,13.05996332],[94.09328048,13.06110982],[94.08781983,13.06346113],[94.08510257,13.06466594],[94.07969539,13.06713331],[94.0770055,13.06839586],[94.07165434,13.07097811],[94.0689931,13.07229779],[94.06370051,13.0749937],[94.06106918,13.0763699],[94.05583766,13.07917818],[94.05451714,13.07989633],[94.05188424,13.08134688],[94.05053945,13.08209759],[94.04930031,13.08280698],[94.04676525,13.08427577],[94.04550176,13.08501683],[94.0403998,13.08804583],[94.03786564,13.08958756],[94.03283212,13.09272478],[94.03033278,13.09432026],[94.02537007,13.09756423],[94.02290673,13.0992127],[94.01801721,13.10256186],[94.01559104,13.10426255],[94.01077701,13.10771533],[94.00838917,13.10946741],[94.00365293,13.11302218],[94.00130455,13.11482484],[93.99664834,13.11847989],[93.99547051,13.119415],[93.99312543,13.12129794],[93.99192128,13.12227612],[93.9909989,13.12304098],[93.98908776,13.12463998],[93.98813593,13.12544376],[93.98427055,13.12873832],[93.98235358,13.13040332],[93.97855169,13.13376817],[93.97666679,13.13546802],[93.97292972,13.138902],[93.97107757,13.14063611],[93.96740663,13.14413801],[93.96558786,13.14590578],[93.96198434,13.14947438],[93.96019961,13.15127518],[93.95666477,13.15490923],[93.95491469,13.15674244],[93.95144978,13.16044067],[93.95058793,13.16136921],[93.94887311,13.16323419],[93.94802015,13.1641706],[93.94493969,13.16758441],[93.94438265,13.16820558],[93.94327245,13.16945127],[93.94271932,13.17007579],[93.94051464,13.17258052],[93.93994665,13.17322998],[93.93881487,13.17453247],[93.93821407,13.17522867],[93.93731586,13.1762877],[93.93545743,13.17850188],[93.93453425,13.17961383],[93.93079337,13.18416905],[93.92894824,13.18646662],[93.92530944,13.19110064],[93.9235158,13.19343706],[93.91998084,13.19814768],[93.91823954,13.20052185],[93.91481009,13.20530683],[93.91312197,13.20771762],[93.90979967,13.21257469],[93.90816552,13.21502095],[93.90495197,13.21994781],[93.90337258,13.22242838],[93.9002693,13.22742269],[93.89948363,13.22870309],[93.89792687,13.23127241],[93.89712313,13.23261665],[93.89643164,13.23380261],[93.89499688,13.23629267],[93.89428627,13.23754143],[93.89140794,13.24266349],[93.88999725,13.24523987],[93.88723348,13.25042217],[93.88588042,13.25302806],[93.88323254,13.25826815],[93.88193774,13.26090231],[93.87940701,13.26619768],[93.8781711,13.26885887],[93.87575875,13.27420702],[93.87469432,13.27663105],[93.8735995,13.27919342],[93.87258813,13.28143098],[93.87138993,13.2841633],[93.86905529,13.28965412],[93.86791905,13.29241219],[93.86574678,13.29785825],[93.86519865,13.29925539],[93.86411833,13.30205558],[93.8635618,13.30352399],[93.8630937,13.30480158],[93.86212343,13.30749253],[93.86164561,13.30884051],[93.85971768,13.31437414],[93.85878451,13.31715122],[93.85698017,13.32272469],[93.85610902,13.32552104],[93.85442915,13.33113171],[93.85362044,13.333946],[93.85206583,13.3395912],[93.85131995,13.34242208],[93.84989138,13.34809913],[93.84920869,13.35094527],[93.84790683,13.35665147],[93.84728767,13.3595115],[93.84611316,13.36524414],[93.84582054,13.36671491],[93.8452521,13.3696596],[93.84496326,13.37120549],[93.84474952,13.37242115],[93.84430882,13.37499855],[93.84409488,13.37628828],[93.84324159,13.38159566],[93.8428421,13.38425351],[93.8420976,13.38957656],[93.84175258,13.39224172],[93.84111717,13.3975783],[93.84082677,13.40024969],[93.84030072,13.40559766],[93.84006507,13.40827422],[93.8396486,13.41363143],[93.83946778,13.41631207],[93.83916107,13.42167638],[93.83903518,13.42436002],[93.83883836,13.42972927],[93.83879602,13.43107187],[93.8387251,13.43375744],[93.83869652,13.43510039],[93.8386189,13.43992843],[93.83860105,13.44135098],[93.83858156,13.4434849],[93.83857799,13.44399634],[93.83857284,13.44501925],[93.8385712,13.44560517],[93.83857738,13.44695527],[93.83860509,13.44980426],[93.83862668,13.45122867],[93.83874704,13.45707429],[93.83883979,13.45999644],[93.83909043,13.46583809],[93.8392483,13.46875756],[93.8396291,13.47459247],[93.83985203,13.47750788],[93.84036283,13.48333326],[93.84065071,13.48624321],[93.84129128,13.49205629],[93.84164398,13.4949594],[93.84241404,13.50075742],[93.84283139,13.5036523],[93.84373058,13.5094325],[93.8439695,13.51091263],[93.84446426,13.51387023],[93.84473308,13.5154201],[93.84497904,13.51675007],[93.84551219,13.51955209],[93.84578637,13.5209517],[93.84694251,13.52668799],[93.84755257,13.52954994],[93.84883641,13.53526018],[93.84951019,13.53810843],[93.85092113,13.54378989],[93.8516583,13.54662307],[93.85319568,13.55227305],[93.8539959,13.55508981],[93.85565901,13.56070561],[93.85652191,13.56350462],[93.85830997,13.56908357],[93.85923513,13.57186348],[93.8611473,13.57740292],[93.86164494,13.57881837],[93.86265637,13.58164378],[93.86319471,13.58311985],[93.86367486,13.58439233],[93.8646988,13.5870642],[93.86521804,13.58839746],[93.86737567,13.59384997],[93.86848492,13.59656469],[93.87076379,13.60196984],[93.87193339,13.60466022],[93.87433242,13.61001542],[93.87556182,13.61268019],[93.87807988,13.61798288],[93.87936851,13.62062077],[93.88200441,13.62586842],[93.88335166,13.62847817],[93.88610415,13.63366829],[93.88750937,13.63624864],[93.89037716,13.64137875],[93.89111749,13.64268571],[93.89261304,13.64529148],[93.89340144,13.6466466],[93.89410461,13.64782511],[93.89559078,13.65028698],[93.89634058,13.65151403],[93.89943482,13.65651681],[93.90100989,13.65900166],[93.90421519,13.66393717],[93.90584541,13.66638781],[93.90916025,13.6712537],[93.91084542,13.67366973],[93.91198133,13.67526066],[93.91397319,13.67823309],[93.91452406,13.67904863],[93.9156315,13.68067517],[93.91618825,13.68148646],[93.91842734,13.68472359],[93.91955897,13.68633416],[93.92184619,13.689539],[93.92300176,13.69113325],[93.92533662,13.6943051],[93.92651589,13.69588268],[93.9288979,13.69902088],[93.93010062,13.70058146],[93.93252927,13.70368533],[93.93375518,13.70522858],[93.93622996,13.70829746],[93.9374788,13.70982305],[93.93999918,13.71285628],[93.94065077,13.71363445],[93.94195991,13.71518599],[93.94265536,13.71600356],[93.94356497,13.71705331],[93.94465868,13.71830245],[93.94537424,13.71916653],[93.94730608,13.72147297],[93.94831649,13.72266516],[93.94922588,13.72371463],[93.9511324,13.72589203],[93.95209162,13.72697573],[93.9560292,13.73137638],[93.95802258,13.73355567],[93.96205764,13.73787121],[93.96409929,13.74000742],[93.96822991,13.74423577],[93.97031886,13.74632788],[93.97454308,13.75046704],[93.97667833,13.75251405],[93.98099413,13.75656202],[93.98317466,13.75856296],[93.98758,13.76251783],[93.98980477,13.76447173],[93.99429754,13.7683316],[93.99544487,13.76930629],[93.99775056,13.7712432],[93.99894691,13.77223661],[94.00004007,13.77312442],[94.00231244,13.77495054],[94.00345364,13.77585762],[94.00811482,13.779522],[94.0104659,13.7813293],[94.01520796,13.78489328],[94.01759893,13.78664995],[94.02241962,13.79011185],[94.02484933,13.79181705],[94.02974636,13.79517519],[94.03221366,13.79682811],[94.03706105,13.8],[94.49991856,13.8],[94.5,13.79994671],[94.50301072,13.79797666],[94.50405238,13.79728824],[94.50462263,13.79690764],[94.50844772,13.7944133],[94.51100742,13.79270285],[94.51608606,13.78922603],[94.5186052,13.78745953],[94.52342585,13.78399764],[94.52581678,13.78224097],[94.5305588,13.77867698],[94.53290985,13.77686968],[94.53757097,13.7732053],[94.53871216,13.77229822],[94.54098452,13.7704721],[94.54207768,13.76958427],[94.54327401,13.76859088],[94.54557966,13.76665398],[94.54672697,13.76567928],[94.55121969,13.76181942],[94.55344445,13.75986551],[94.55784973,13.75591065],[94.56003024,13.75390971],[94.564346,13.74986174],[94.56648122,13.74781472],[94.57070539,13.74367557],[94.57279431,13.74158346],[94.57692489,13.73735511],[94.57896652,13.73521889],[94.58300153,13.73090336],[94.5849949,13.72872407],[94.58893243,13.72432342],[94.58989164,13.72323972],[94.59179816,13.7210623],[94.59270754,13.72001283],[94.59371785,13.71882074],[94.59564953,13.71651448],[94.59660878,13.71535611],[94.60034579,13.71079156],[94.60218876,13.70848935],[94.60582282,13.70384611],[94.60761389,13.7015051],[94.61114327,13.69678537],[94.61288157,13.69440668],[94.6163046,13.68961273],[94.61798931,13.68719749],[94.62130437,13.6823316],[94.6229347,13.67988097],[94.6261402,13.67494545],[94.62771537,13.6724606],[94.63080981,13.66745782]],[[94.26326812,13.22905626],[94.26454654,13.22905462],[94.26651243,13.22908929],[94.26799981,13.22912966],[94.26922934,13.22917318],[94.27049462,13.22922503],[94.27156143,13.22928908],[94.27357185,13.22942104],[94.27442632,13.22947916],[94.27622962,13.22963784],[94.27765605,13.22972785],[94.27834472,13.22983684],[94.28049355,13.22988143],[94.28494667,13.23031916],[94.28715495,13.23055989],[94.28777594,13.23063426],[94.29061937,13.23101438],[94.29442936,13.23157695],[94.29663298,13.23192636],[94.29861346,13.23226232],[94.30096412,13.23269207],[94.30354458,13.2331945],[94.30531748,13.23355563],[94.30666833,13.23384299],[94.3106133,13.23464652],[94.31842045,13.23655217],[94.32271821,13.2377783],[94.3269877,13.23909592],[94.33122687,13.24050439],[94.33335231,13.24123612],[94.33543372,13.24200305],[94.33960625,13.24359119],[94.34374248,13.24526805],[94.34784045,13.24703284],[94.35189819,13.24888471],[94.3559138,13.2508228],[94.35988536,13.25284617],[94.36381098,13.25495387],[94.36578051,13.25603908],[94.36768879,13.25714489],[94.37151696,13.25941821],[94.37529367,13.26177272],[94.37876448,13.26404215],[94.37920207,13.264302],[94.38297871,13.26665643],[94.38670223,13.26909103],[94.39037072,13.27160456],[94.39398243,13.27419584],[94.39753565,13.27686362],[94.40102868,13.27960663],[94.40278094,13.28101402],[94.40445988,13.28242359],[94.40782759,13.28531314],[94.41113023,13.28827392],[94.41436622,13.29130451],[94.41753402,13.29440349],[94.42063212,13.29756937],[94.42365905,13.30080065],[94.42661336,13.3040958],[94.4280932,13.30578362],[94.42931604,13.3072374],[94.43177479,13.31021686],[94.43417517,13.31324164],[94.43651631,13.31631065],[94.43767197,13.31785607],[94.44163711,13.32326571],[94.44308282,13.32529006],[94.44592307,13.32937293],[94.44866009,13.3335229],[94.45129222,13.33773745],[94.45260037,13.33989188],[94.45349144,13.34143312],[94.45528156,13.34459399],[94.45701341,13.34778586],[94.4586864,13.35100769],[94.45950812,13.35262596],[94.46020429,13.35402843],[94.46132486,13.35636151],[94.46350459,13.36105504],[94.46556073,13.36580175],[94.46749193,13.37059851],[94.46843988,13.37304593],[94.46917076,13.37507697],[94.47061378,13.37922829],[94.47196401,13.38340944],[94.47322081,13.38761841],[94.47438356,13.39185323],[94.47545171,13.39611186],[94.47642475,13.40039228],[94.47730221,13.40469247],[94.47772433,13.40688782],[94.47808304,13.40900636],[94.47876703,13.41333189],[94.47908498,13.41549829],[94.48055728,13.4263691],[94.48076458,13.42800214],[94.48115185,13.43127137],[94.4814844,13.43454637],[94.48176214,13.43782625],[94.48182101,13.43869373],[94.48217984,13.44187641],[94.48257401,13.44624453],[94.48287075,13.45062002],[94.48306991,13.45500081],[94.48317138,13.45938481],[94.48319771,13.46161928],[94.48317512,13.46376993],[94.48308111,13.46815408],[94.48288941,13.47253518],[94.48260008,13.47691115],[94.48221327,13.48127989],[94.48172915,13.48563933],[94.48114795,13.4899874],[94.48046994,13.49432202],[94.48009946,13.49652642],[94.47969544,13.49864114],[94.47882481,13.50294269],[94.47785846,13.50722462],[94.47679685,13.5114849],[94.47564047,13.5157215],[94.47438987,13.5199324],[94.47304565,13.52411559],[94.47160844,13.52826909],[94.47085288,13.53037525],[94.47007891,13.53239091],[94.46845779,13.53647909],[94.46674586,13.54053168],[94.46494391,13.54454676],[94.46305281,13.54852241],[94.46107344,13.55245673],[94.45900676,13.55634785],[94.45685374,13.56019392],[94.45573718,13.56213699],[94.4546154,13.56399311],[94.4522928,13.5677436],[94.44988705,13.5714436],[94.44739929,13.57509136],[94.4448307,13.57868514],[94.4421825,13.58222321],[94.43945596,13.5857039],[94.43665236,13.58912555],[94.4352103,13.59084609],[94.43377304,13.59248652],[94.43081938,13.59578522],[94.42779276,13.59902007],[94.42469465,13.60218952],[94.4215265,13.60529207],[94.41828983,13.60832624],[94.41498617,13.61129059],[94.41161711,13.61418369],[94.40989524,13.61562963],[94.40818424,13.61700416],[94.4046892,13.61975068],[94.40113366,13.62242191],[94.3975193,13.6250166],[94.39384785,13.6275335],[94.39012106,13.62997141],[94.38915251,13.63057548],[94.38804541,13.63133443],[94.38431856,13.63377234],[94.38053814,13.6361301],[94.37670596,13.63840659],[94.37475851,13.63953489],[94.37282384,13.64060071],[94.36889364,13.64271143],[94.36491721,13.64473773],[94.36089647,13.64667865],[94.35683333,13.64853327],[94.35272972,13.6503007],[94.3485876,13.65198009],[94.34440895,13.65357064],[94.3422969,13.65434853],[94.34019576,13.6550716],[94.33595004,13.65648226],[94.33167381,13.65780192],[94.32736912,13.65902998],[94.32303802,13.66016584],[94.31868256,13.66120895],[94.31430484,13.66215883],[94.30990694,13.66301502],[94.30769583,13.66342089],[94.30549095,13.6637771],[94.30105899,13.66444473],[94.29661317,13.66501757],[94.29215561,13.66549535],[94.28768843,13.66587786],[94.28321378,13.66616489],[94.27873377,13.66635633],[94.27425056,13.66645207],[94.26976628,13.66645207],[94.26528307,13.66635633],[94.26080306,13.66616489],[94.25632841,13.66587786],[94.25186123,13.66549535],[94.24740367,13.66501757],[94.24288126,13.66443316],[94.24054741,13.66407983],[94.23844741,13.66385143],[94.23416439,13.66329616],[94.22973246,13.66262854],[94.22752758,13.66227233],[94.22531649,13.66186645],[94.22091861,13.66101027],[94.21654091,13.66006039],[94.21218548,13.65901727],[94.20785439,13.65788142],[94.20354972,13.65665336],[94.19927351,13.65533369],[94.19502781,13.65392304],[94.19292669,13.65319997],[94.19081464,13.65242208],[94.18663601,13.65083152],[94.18249392,13.64915213],[94.17839033,13.64738471],[94.1743272,13.64553009],[94.17030648,13.64358917],[94.16633008,13.64156286],[94.16239989,13.63945215],[94.16046523,13.63838633],[94.15851779,13.63725802],[94.15468563,13.63498154],[94.15090523,13.63262378],[94.1471784,13.63018586],[94.14350691,13.62766897],[94.13989251,13.62507428],[94.13633693,13.62240304],[94.13284185,13.61965653],[94.13113084,13.618282],[94.12940895,13.61683605],[94.12603985,13.61394295],[94.12273616,13.61097861],[94.11949945,13.60794444],[94.11633127,13.60484189],[94.11323311,13.60167243],[94.11020647,13.59843759],[94.10725277,13.59513889],[94.1058155,13.59349846],[94.10427151,13.59165334],[94.10270655,13.58973718],[94.10135046,13.58821191],[94.10014993,13.58683677],[94.09823796,13.58453836],[94.094525,13.57993789],[94.09095089,13.57523341],[94.08751867,13.57042893],[94.08583842,13.5680022],[94.08231652,13.56275355],[94.0797387,13.55914721],[94.0772511,13.55549945],[94.07484551,13.55179945],[94.07252306,13.54804895],[94.07140133,13.54619279],[94.07028487,13.54424977],[94.06813198,13.54040369],[94.06606543,13.53651257],[94.0640862,13.53257824],[94.06219522,13.52860259],[94.06039339,13.52458751],[94.05868156,13.52053491],[94.05706055,13.51644673],[94.05628661,13.51443102],[94.05553112,13.5123249],[94.054094,13.5081714],[94.05274986,13.5039882],[94.05149934,13.4997773],[94.05034304,13.4955407],[94.04928149,13.49128041],[94.0483152,13.48699847],[94.04744462,13.48269692],[94.04704062,13.48058215],[94.04667017,13.4783778],[94.0459922,13.47404318],[94.04541103,13.4696951],[94.04492694,13.46533565],[94.04454015,13.46096691],[94.04425084,13.45659094],[94.04405914,13.45220983],[94.04396514,13.44782567],[94.04394254,13.44567497],[94.04394575,13.44492175],[94.04395724,13.44349911],[94.04396556,13.44278782],[94.04403587,13.43819679],[94.04408735,13.43618255],[94.04423154,13.43215548],[94.04445817,13.42813205],[94.04476714,13.42411387],[94.04515833,13.42010256],[94.04563156,13.41609973],[94.04618665,13.41210699],[94.04682337,13.40812594],[94.04715476,13.40617912],[94.04757688,13.40398377],[94.04845434,13.39968359],[94.04942738,13.39540316],[94.05049553,13.39114453],[94.05165827,13.38690972],[94.05291506,13.38270074],[94.05426529,13.37851959],[94.05570831,13.37436827],[94.05643918,13.37233723],[94.05724343,13.37024875],[94.05886992,13.36616299],[94.06058699,13.36211292],[94.06240124,13.35808495],[94.06383524,13.35470442],[94.06564203,13.35069197],[94.06753771,13.34671906],[94.06952139,13.34278758],[94.07159212,13.33889938],[94.0737489,13.33505633],[94.07483019,13.33317762],[94.07599072,13.33126024],[94.0783165,13.32751292],[94.08072512,13.32381616],[94.08321545,13.3201717],[94.0857863,13.31658129],[94.08843643,13.31304662],[94.0911646,13.30956939],[94.09396948,13.30615123],[94.09536994,13.30448161],[94.09621163,13.30351237],[94.09786484,13.30163283],[94.09869735,13.30069806],[94.10177735,13.29728241],[94.10306331,13.29588291],[94.10566173,13.29310773],[94.10831272,13.29038067],[94.11101534,13.2877027],[94.11376863,13.28507476],[94.11657165,13.28249775],[94.1194234,13.2799726],[94.12232288,13.27750017],[94.12376345,13.27629447],[94.12551566,13.27488709],[94.12900863,13.27214407],[94.13256178,13.26947629],[94.13617342,13.26688502],[94.13984184,13.26437148],[94.14356529,13.26193688],[94.14734199,13.25958236],[94.15117017,13.25730905],[94.15307845,13.25620324],[94.15504799,13.25511802],[94.15897361,13.25301032],[94.16294517,13.25098695],[94.16696077,13.24904886],[94.17101853,13.24719699],[94.17511649,13.2454322],[94.17925272,13.24375534],[94.18342526,13.2421672],[94.18550667,13.24140028],[94.18763211,13.24066854],[94.19187129,13.23926007],[94.19614078,13.23794245],[94.20043854,13.23671632],[94.20476255,13.23558225],[94.20911074,13.23454079],[94.21348106,13.23359242],[94.21787142,13.23273761],[94.22006408,13.23233489],[94.22163461,13.23207599],[94.22476501,13.23158438],[94.22790278,13.23114018],[94.23104716,13.23074348],[94.23419742,13.23039439],[94.2373528,13.23009298],[94.24335796,13.22969305],[94.24450061,13.22964987],[94.24638926,13.22952197],[94.25010872,13.22930986],[94.25148814,13.2292403],[94.25223714,13.22920749],[94.25438696,13.22913539],[94.25886842,13.22913376],[94.26007044,13.22908835],[94.26130124,13.22906803],[94.26326812,13.22905626]]],[[[93.03691792,13.88098831],[93.0469726,13.87468991],[93.04431202,13.87509034],[93.03986221,13.87566318],[93.03540066,13.87614096],[93.03092948,13.87652346],[93.02645082,13.8768105],[93.0219668,13.87700193],[93.01747957,13.87709767],[93.01299127,13.87709767],[93.00850405,13.87700193],[93.00402003,13.8768105],[92.99954136,13.87652346],[92.99507019,13.87614096],[92.99060863,13.87566318],[92.98615883,13.87509034],[92.9817229,13.87442272],[92.97951617,13.87406653],[92.97730296,13.87366063],[92.97290113,13.87280445],[92.96851949,13.87185458],[92.96416014,13.87081146],[92.95982516,13.86967561],[92.95551661,13.86844756],[92.95230724,13.86747691],[92.94913204,13.86640434],[92.948107,13.86603362],[92.94557617,13.86510331],[92.94329744,13.86432569],[92.94068988,13.86339758],[92.93709027,13.8620394],[92.93607848,13.86167438],[92.93149192,13.86031578],[92.92809221,13.85924533],[92.92610564,13.85858238],[92.92456805,13.85813732],[92.92396414,13.85796054],[92.92281122,13.85761928],[92.92067482,13.85696201],[92.91913819,13.85647122],[92.91807226,13.85612445],[92.91599301,13.85543567],[92.91491981,13.85507369],[92.91427963,13.85485388],[92.91318694,13.85447193],[92.9119149,13.85400123],[92.90742613,13.85253454],[92.90427482,13.85135575],[92.90116481,13.85007656],[92.89705773,13.84830914],[92.89299115,13.84645453],[92.88896701,13.84451362],[92.88498723,13.84248733],[92.8810537,13.84037662],[92.87911769,13.83931097],[92.87716831,13.8381825],[92.8733329,13.83590603],[92.87002133,13.83385496],[92.86679223,13.831682],[92.86362237,13.82936829],[92.86098628,13.82756711],[92.8586204,13.82604831],[92.85206811,13.82150389],[92.84542555,13.81650402],[92.84188043,13.81383559],[92.83878352,13.81150454],[92.83214223,13.80650562],[92.82550176,13.80150732],[92.81885895,13.79650726],[92.81221984,13.79150999],[92.80557789,13.78651057],[92.79893753,13.78151236],[92.79229614,13.77651337],[92.78567525,13.77152981],[92.78343786,13.76984746],[92.78034816,13.76786369],[92.77711661,13.76570156],[92.77392784,13.76347962],[92.77078299,13.76119869],[92.7676832,13.7588596],[92.76614474,13.75767562],[92.7608611,13.75352899],[92.75997677,13.75282702],[92.75821611,13.75141352],[92.75736119,13.75071957],[92.75563813,13.74927344],[92.75226716,13.74638036],[92.74896164,13.74341603],[92.74572315,13.74038187],[92.74255321,13.73727933],[92.73945335,13.73410989],[92.73642262,13.73087238],[92.73346261,13.72756823],[92.7320118,13.72591281],[92.72871389,13.72206422],[92.72729372,13.72036968],[92.72449157,13.71695073],[92.72176639,13.71347284],[92.71911946,13.70993769],[92.71655205,13.70634694],[92.71406538,13.70270231],[92.71166062,13.69900553],[92.70933891,13.69525836],[92.70821775,13.69340424],[92.7071004,13.69146087],[92.70494621,13.68761482],[92.70287842,13.68372372],[92.700898,13.67978943],[92.69900588,13.67581381],[92.69720297,13.67179876],[92.69643795,13.66999496],[92.69613415,13.66939215],[92.69422013,13.66537287],[92.6924173,13.66135782],[92.69070452,13.65730525],[92.68908261,13.6532171],[92.68830839,13.6512018],[92.68755234,13.6490953],[92.68611443,13.64494184],[92.68476956,13.64075867],[92.68391472,13.63788174],[92.68167077,13.63315835],[92.67798387,13.62539762],[92.6742965,13.61763593],[92.67060913,13.60987423],[92.66692227,13.60211362],[92.66323464,13.59435139],[92.65954735,13.58658991],[92.65585978,13.57882782],[92.65217248,13.57106631],[92.64848533,13.56330514],[92.64479806,13.55554372],[92.64111087,13.54778247],[92.63742338,13.54002058],[92.63373608,13.53225913],[92.63004882,13.52449775],[92.62636143,13.51673611],[92.62267287,13.50897202],[92.62175496,13.50698364],[92.6199635,13.50298781],[92.61826116,13.49895486],[92.61664874,13.49488668],[92.61581135,13.49269821],[92.61544243,13.49169322],[92.61231971,13.48309124],[92.60925774,13.47465573],[92.6061958,13.46622033],[92.60313423,13.45778593],[92.60007206,13.44934991],[92.59701027,13.44091494],[92.59394834,13.43247962],[92.59088638,13.4240442],[92.58782462,13.41560935],[92.5847627,13.40717409],[92.58170055,13.39873819],[92.57863875,13.39030328],[92.5755767,13.38186768],[92.57251485,13.37343266],[92.56945298,13.3649976],[92.56639089,13.35656193],[92.56332901,13.34812686],[92.5602668,13.33969089],[92.55720514,13.33125646],[92.55414303,13.32282078],[92.55108107,13.31438555],[92.5480191,13.3059503],[92.54495709,13.29751494],[92.54189506,13.28907954],[92.53883299,13.28064406],[92.53577077,13.27220816],[92.532709,13.26377353],[92.52964691,13.25533801],[92.5265848,13.24690248],[92.52352289,13.23846747],[92.52046097,13.23003249],[92.51739906,13.22159752],[92.51433667,13.21316125],[92.51127477,13.20472632],[92.5082127,13.19629098],[92.5051508,13.18785609],[92.50208852,13.17942018],[92.49902652,13.17098504],[92.4959645,13.16254987],[92.49290154,13.15411212],[92.49220105,13.1521162],[92.490843,13.14811036],[92.48957113,13.14407745],[92.48838599,13.14001925],[92.4872881,13.13593755],[92.48627794,13.13183415],[92.48535596,13.12771086],[92.48452255,13.1235695],[92.48413512,13.12153407],[92.48396537,13.12056026],[92.48364904,13.11869025],[92.48349537,13.11775452],[92.48211361,13.10907954],[92.4807319,13.10040494],[92.47935031,13.09173107],[92.4779687,13.08305715],[92.47658709,13.07438325],[92.47520542,13.06570901],[92.47382378,13.05703504],[92.47244212,13.0483609],[92.47106048,13.03968694],[92.46967889,13.03101336],[92.4682972,13.02233913],[92.46691549,13.01366481],[92.46553384,13.00499094],[92.46415211,12.99631658],[92.46277038,12.98764225],[92.46138872,12.97896844],[92.46000705,12.97029455],[92.45862536,12.96162052],[92.45724364,12.95294642],[92.45586193,12.94427235],[92.45448019,12.93559816],[92.4530985,12.92692432],[92.4516832,12.91802804],[92.45103214,12.91572223],[92.44987842,12.91148547],[92.44881924,12.90722503],[92.44785508,12.90294293],[92.44698641,12.89864121],[92.44658295,12.89652454],[92.44621362,12.89432193],[92.4455371,12.88998713],[92.44495715,12.88563888],[92.44447404,12.88127925],[92.444088,12.87691032],[92.4437992,12.87253416],[92.44360779,12.86815286],[92.44351384,12.8637685],[92.44349122,12.86161583],[92.4435174,12.85938318],[92.44361845,12.85499898],[92.44381696,12.85061798],[92.4441128,12.84624226],[92.44450585,12.84187393],[92.44499591,12.83751504],[92.44558273,12.83316767],[92.44626604,12.8288339],[92.44662479,12.82670944],[92.44702959,12.82459415],[92.44713371,12.82244022],[92.44768142,12.81358117],[92.44822913,12.80472193],[92.44877683,12.79586271],[92.44932453,12.78700346],[92.4496622,12.78154139],[92.44945255,12.77781287],[92.44935861,12.77342849],[92.44933598,12.7712755],[92.44936214,12.76904313],[92.44946314,12.7646589],[92.44966154,12.76027787],[92.44995726,12.75590212],[92.45035014,12.75153375],[92.45084,12.74717483],[92.45125899,12.74393134],[92.45181507,12.74053867],[92.45240859,12.73730296],[92.45260022,12.73402097],[92.45315827,12.72498883],[92.45370592,12.71612958],[92.45425357,12.70727035],[92.45480122,12.69841113],[92.45534886,12.68955188],[92.45589649,12.68069265],[92.45644412,12.67183343],[92.45699174,12.66297418],[92.45753936,12.65411495],[92.45808697,12.64525573],[92.45863458,12.63639649],[92.45918218,12.62753726],[92.45972978,12.61867803],[92.46027737,12.6098188],[92.46082496,12.60095958],[92.46137254,12.59210034],[92.46192011,12.58324111],[92.46247322,12.57429225],[92.46217311,12.57348786],[92.45817333,12.56545346],[92.45417402,12.55742],[92.45017426,12.54938563],[92.44617413,12.54135053],[92.44217425,12.53331594],[92.43817441,12.52528143],[92.43417453,12.51724687],[92.43017507,12.50921315],[92.42617537,12.50117896],[92.42217575,12.49314493],[92.41817551,12.48510966],[92.41417547,12.47707481],[92.41017556,12.46904022],[92.40617614,12.46100664],[92.40217605,12.45297169],[92.39817653,12.44493793],[92.39417636,12.43690284],[92.39017669,12.42886879],[92.38617695,12.4208346],[92.38217732,12.41280063],[92.37817713,12.40476555],[92.37417716,12.3967309],[92.37017763,12.38869716],[92.36617731,12.38066185],[92.36217766,12.37262788],[92.35817785,12.36459361],[92.35417807,12.35655939],[92.35017831,12.34852523],[92.34617787,12.34048971],[92.34217829,12.33245592],[92.33817817,12.32442105],[92.33417836,12.31638681],[92.33017848,12.30835246],[92.32617868,12.30031825],[92.32217846,12.29228323],[92.31817861,12.28424895],[92.31417884,12.27621483],[92.31017886,12.26818031],[92.30617893,12.2601459],[92.30217922,12.25211191],[92.29817886,12.24407666],[92.29417917,12.23604275],[92.29017887,12.22800761],[92.28617909,12.21997354],[92.28217913,12.21193909],[92.27817932,12.20390497],[92.27417954,12.19587092],[92.27017948,12.18783632],[92.26617905,12.17980097],[92.26217902,12.17176644],[92.25817941,12.16373277],[92.25417956,12.1556986],[92.25017901,12.14766305],[92.24617916,12.13962891],[92.24217925,12.13159466],[92.23817925,12.12356023],[92.2341792,12.11552572],[92.23017904,12.107491],[92.22941117,12.10594864],[92.2261791,12.09945671],[92.22217931,12.09142274],[92.21817947,12.08338869],[92.21417907,12.07535349],[92.21017882,12.06731863],[92.20617918,12.05928499],[92.20217893,12.05125012],[92.19817853,12.04321497],[92.19417852,12.03518062],[92.19017862,12.02714649],[92.18617868,12.01911229],[92.18217833,12.01107728],[92.17817817,12.00304264],[92.17417877,11.99500955],[92.17017795,11.98697362],[92.16617841,11.97894025],[92.16217782,11.9709048],[92.15817811,11.96287113],[92.15417787,11.95483637],[92.15017718,11.94680074],[92.14617707,11.93876627],[92.14531078,11.93676662],[92.1437191,11.93376433],[92.1421775,11.9307329],[92.13983844,11.92587105],[92.13817701,11.92269768],[92.13417713,11.91466371],[92.13017698,11.9066292],[92.12617667,11.89859438],[92.12217667,11.89056017],[92.11817642,11.88252548],[92.11417637,11.87449121],[92.11017613,11.86645654],[92.10617571,11.85842155],[92.10217551,11.85038698],[92.09817546,11.84235274],[92.0941756,11.83431887],[92.09017536,11.82628426],[92.08617483,11.81824908],[92.08217496,11.81021521],[92.07817469,11.80218057],[92.07417402,11.79414511],[92.07017421,11.78611139],[92.06617367,11.77807623],[92.06217353,11.77004188],[92.05817313,11.762007],[92.05417313,11.75397292],[92.05017274,11.74593809],[92.04617267,11.7379039],[92.04217245,11.72986944],[92.03817222,11.72183494],[92.03417206,11.7138006],[92.03017187,11.70576619],[92.02617118,11.6977308],[92.02217094,11.68969632],[92.01817068,11.68166181],[92.0141694,11.67362525],[92.01299225,11.67117802],[92.0107053,11.66625314],[92.00855387,11.66126931],[92.00653952,11.65623014],[92.00557852,11.65372895],[92.00483016,11.65162789],[92.00340288,11.64747397],[92.0020679,11.64329034],[92.00082586,11.639079],[91.99967735,11.63484194],[91.99862291,11.63058118],[91.99766304,11.62629876],[91.99679819,11.62199671],[91.99639579,11.6198759],[91.99602877,11.61767708],[91.99535513,11.61334193],[91.9947776,11.60899333],[91.99429645,11.60463333],[91.9939119,11.60026402],[91.99362413,11.59588748],[91.99343327,11.59150579],[91.99333941,11.58712104],[91.99331672,11.58496408],[91.99332296,11.58388741],[91.99334633,11.58180602],[91.99336347,11.58076541],[91.99355786,11.57181937],[91.99375225,11.56287322],[91.99394662,11.55392706],[91.994141,11.5449809],[91.99433537,11.53603474],[91.99452973,11.52708857],[91.99472409,11.51814242],[91.99491844,11.50919627],[91.99511278,11.50025011],[91.99530713,11.49130395],[91.99550146,11.48235778],[91.99569579,11.47341163],[91.99589012,11.46446548],[91.99608444,11.45551931],[91.99627875,11.44657316],[91.99647306,11.437627],[91.99666737,11.42868085],[91.99686166,11.41973469],[91.99705596,11.41078852],[91.99725025,11.40184238],[91.99744453,11.39289622],[91.9976388,11.38395006],[91.99783308,11.37500391],[91.99802734,11.36605774],[91.9982216,11.35711159],[91.99841586,11.34816544],[91.99861011,11.33921928],[91.99880436,11.33027312],[91.9989986,11.32132696],[91.99919283,11.31238081],[91.99938706,11.30343466],[91.99958128,11.29448849],[91.9997755,11.28554234],[91.99996971,11.27659619],[92.00016392,11.26765003],[92.00035812,11.25870388],[92.00055232,11.24975771],[92.00074651,11.24081157],[92.0009407,11.23186541],[92.00113488,11.22291926],[92.00132906,11.2139731],[92.00152323,11.20502694],[92.00171739,11.19608079],[92.00191155,11.18713464],[92.00210571,11.17818847],[92.00229986,11.16924233],[92.002494,11.16029618],[92.00268814,11.15135002],[92.00288227,11.14240387],[92.0030764,11.1334577],[92.00327052,11.12451156],[92.00346464,11.11556541],[92.00365875,11.10661925],[92.00385286,11.0976731],[92.00404696,11.08872693],[92.00424106,11.07978079],[92.00443515,11.07083464],[92.00462923,11.06188849],[92.00482331,11.05294233],[92.00501739,11.04399617],[92.00521146,11.03505003],[92.00540552,11.02610387],[92.00559958,11.01715771],[92.00579364,11.00821157],[92.00598768,10.99926542],[92.00618173,10.99031926],[92.00637576,10.98137311],[92.0065698,10.97242706],[92.00663048,10.97049565],[92.00678942,10.96663432],[92.00702343,10.96277671],[92.00733244,10.95892426],[92.00771631,10.95507839],[92.00817492,10.95124052],[92.00870808,10.94741207],[92.00931559,10.94359444],[92.00963201,10.94172145],[92.01004855,10.9395333],[92.01091728,10.93523222],[92.01188073,10.93095088],[92.01293843,10.92669134],[92.01408987,10.9224556],[92.01533451,10.91824569],[92.01667173,10.9140636],[92.01810092,10.90991133],[92.01882736,10.90787286],[92.01933924,10.9065148],[92.02035978,10.90386569],[92.02087949,10.90254471],[92.02420752,10.89425866],[92.02753633,10.88597069],[92.03086514,10.87768272],[92.03419393,10.86939474],[92.03752273,10.86110676],[92.04085152,10.85281879],[92.0441803,10.84453084],[92.04750908,10.83624287],[92.05083786,10.82795491],[92.05416663,10.81966694],[92.05749539,10.81137898],[92.06082415,10.80309102],[92.06415291,10.79480306],[92.06748166,10.78651511],[92.07081041,10.77822714],[92.07413915,10.76993919],[92.07746788,10.76165124],[92.08079662,10.75336329],[92.08412534,10.74507534],[92.08745407,10.73678739],[92.09078278,10.72849944],[92.0941115,10.72021149],[92.0974402,10.71192355],[92.10076891,10.70363561],[92.1040976,10.69534766],[92.1074263,10.68705971],[92.11075499,10.67877178],[92.11408367,10.67048385],[92.11741235,10.66219591],[92.12074103,10.65390797],[92.12406969,10.64562004],[92.12739836,10.63733211],[92.13072702,10.62904418],[92.13405567,10.62075625],[92.13738433,10.61246832],[92.14071297,10.60418039],[92.14404162,10.59589246],[92.14737025,10.58760453],[92.15069888,10.57931662],[92.15402751,10.5710287],[92.15735613,10.56274078],[92.16068475,10.55445286],[92.16401336,10.54616494],[92.16734197,10.53787703],[92.17067057,10.52958911],[92.17399917,10.5213012],[92.17732776,10.51301328],[92.18065635,10.50472537],[92.18184544,10.50176465],[92.18211988,10.50032061],[92.18298725,10.49601939],[92.1839492,10.49173791],[92.18500526,10.48747821],[92.18615493,10.48324232],[92.18739766,10.47903226],[92.18873285,10.47485002],[92.19015987,10.4706976],[92.19088567,10.46865782],[92.19180498,10.46625608],[92.19368261,10.46153352],[92.19568003,10.45685935],[92.19776036,10.45231432],[92.19896301,10.44731614],[92.20106447,10.43858249],[92.20316592,10.42984884],[92.20526737,10.42111519],[92.20736881,10.41238154],[92.20947025,10.40364789],[92.21157168,10.39491426],[92.21367311,10.38618061],[92.21577453,10.37744697],[92.21787595,10.36871333],[92.21997736,10.35997969],[92.22207877,10.35124605],[92.22418017,10.34251241],[92.22628156,10.33377878],[92.22838295,10.32504514],[92.23048434,10.31631151],[92.23258572,10.30757787],[92.2346871,10.29884423],[92.23678847,10.2901106],[92.23888983,10.28137698],[92.24099119,10.27264335],[92.24309255,10.26390973],[92.2451939,10.2551761],[92.24729524,10.24644246],[92.24939659,10.23770884],[92.25149792,10.22897522],[92.25359925,10.2202416],[92.25570057,10.21150798],[92.25780189,10.20277436],[92.2599032,10.19404074],[92.26200452,10.18530711],[92.26410582,10.17657349],[92.26620712,10.16783989],[92.26830841,10.15910627],[92.2704097,10.15037265],[92.27251098,10.14163904],[92.27461226,10.13290542],[92.27671354,10.12417181],[92.2788148,10.11543821],[92.28091607,10.1067046],[92.28301733,10.09797099],[92.28511858,10.08923738],[92.28721983,10.08050377],[92.28932107,10.07177016],[92.29142231,10.06303657],[92.29352354,10.05430297],[92.29562477,10.04556936],[92.29772599,10.03683576],[92.29982721,10.02810216],[92.30192842,10.01936856],[92.30402963,10.01063496],[92.30613083,10.00190137],[92.30823203,9.99316778],[92.31033322,9.98443418],[92.3124344,9.97570059],[92.31453559,9.96696699],[92.31663677,9.9582334],[92.31873793,9.94949982],[92.3208391,9.94076622],[92.32294026,9.93203264],[92.32504142,9.92329905],[92.32714257,9.91456545],[92.32924372,9.90583187],[92.33134486,9.8970983],[92.33344599,9.88836471],[92.33554712,9.87963113],[92.33764825,9.87089755],[92.33974937,9.86216397],[92.34185049,9.85343038],[92.3439516,9.84469681],[92.3460527,9.83596324],[92.3481538,9.82722966],[92.3502549,9.81849609],[92.35235599,9.80976252],[92.35445707,9.80102894],[92.35655815,9.79229536],[92.35865923,9.7835618],[92.36076029,9.77482823],[92.36286136,9.76609467],[92.36496242,9.7573611],[92.36706348,9.74862753],[92.36916453,9.73989396],[92.37126557,9.7311604],[92.37336661,9.72242684],[92.37546764,9.71369328],[92.37756867,9.70495972],[92.37966969,9.69622616],[92.38177071,9.68749259],[92.38387173,9.67875904],[92.38597274,9.67002549],[92.38807374,9.66129193],[92.39017474,9.65255838],[92.39227573,9.64382483],[92.39437672,9.63509127],[92.39647771,9.62635771],[92.39857868,9.61762417],[92.40067966,9.60889062],[92.40278062,9.60015708],[92.40488159,9.59142353],[92.40698255,9.58268997],[92.4090835,9.57395643],[92.41118445,9.5652229],[92.41328539,9.55648935],[92.41538633,9.54775581],[92.41748726,9.53902227],[92.41958819,9.53028873],[92.42168911,9.52155518],[92.42379003,9.51282165],[92.42589094,9.50408812],[92.42799185,9.49535458],[92.43009275,9.48662105],[92.43219365,9.47788752],[92.43429454,9.46915398],[92.43639543,9.46042044],[92.43849631,9.45168693],[92.44059719,9.4429534],[92.44269806,9.43421987],[92.44479892,9.42548634],[92.44689979,9.41675281],[92.44900065,9.40801928],[92.4511015,9.39928577],[92.45320234,9.39055225],[92.45530318,9.38181872],[92.45740402,9.3730852],[92.45950485,9.36435169],[92.46160568,9.35561816],[92.4637065,9.34688464],[92.46580732,9.33815113],[92.46790813,9.32941762],[92.47000893,9.3206841],[92.47210974,9.31195059],[92.47421053,9.30321707],[92.47631133,9.29448356],[92.47841211,9.28575006],[92.48051289,9.27701655],[92.48261367,9.26828304],[92.48471444,9.25954954],[92.48681521,9.25081602],[92.48891597,9.24208252],[92.49101672,9.23334902],[92.49311747,9.22461552],[92.49521822,9.21588202],[92.49731896,9.20714852],[92.49941969,9.19841502],[92.50152043,9.18968151],[92.50362115,9.18094802],[92.50572187,9.17221453],[92.50782259,9.16348103],[92.5099233,9.15474754],[92.512024,9.14601405],[92.51412471,9.13728054],[92.5162254,9.12854705],[92.51832596,9.11981412],[92.51846175,9.11925661],[92.52010991,9.11257298],[92.52026374,9.11188695],[92.52039078,9.11133901],[92.52144744,9.10607623],[92.52198033,9.10358669],[92.52279158,9.10001917],[92.52366797,9.0964669],[92.52460921,9.09293107],[92.52561498,9.08941283],[92.52668494,9.08591336],[92.52781876,9.0824338],[92.52901604,9.07897531],[92.52962138,9.07727635],[92.53040887,9.07519913],[92.53201045,9.07111179],[92.53370131,9.06706014],[92.53548065,9.06304611],[92.53724316,9.05940247],[92.5388688,9.05525185],[92.54055959,9.05120019],[92.54233885,9.04718616],[92.54420574,9.04321165],[92.54615936,9.03927856],[92.54819878,9.03538876],[92.55032304,9.0315441],[92.55111896,9.03013966],[92.55365635,9.02396134],[92.55705168,9.015694],[92.56044701,9.00742664],[92.56384233,8.9991593],[92.56723765,8.99089196],[92.57063297,8.98262461],[92.57402827,8.97435728],[92.57742358,8.96608994],[92.58081888,8.95782259],[92.58421417,8.94955526],[92.58760947,8.94128792],[92.59100476,8.93302058],[92.59440003,8.92475326],[92.59779531,8.91648593],[92.60119059,8.90821859],[92.60458585,8.89995127],[92.60798111,8.89168394],[92.61137638,8.88341661],[92.61477163,8.87514929],[92.61816688,8.86688197],[92.62156213,8.85861464],[92.62495737,8.85034732],[92.6283526,8.84208001],[92.63174783,8.83381269],[92.63514306,8.82554537],[92.63853828,8.81727806],[92.64193349,8.80901075],[92.64532871,8.80074343],[92.64872391,8.79247612],[92.65211912,8.78420882],[92.65506932,8.77702508],[92.65533193,8.77584962],[92.65638222,8.77158939],[92.65752566,8.76735296],[92.6587617,8.76314236],[92.66008975,8.75895957],[92.66150917,8.75480659],[92.66223286,8.75276177],[92.66301928,8.7506854],[92.66461937,8.74659796],[92.66630867,8.74254621],[92.66808637,8.73853207],[92.66995162,8.73455747],[92.67190354,8.73062428],[92.67394119,8.72673438],[92.67606361,8.72288962],[92.67713407,8.72099909],[92.67826977,8.71909183],[92.68007623,8.71613297],[92.68267574,8.7098031],[92.68463076,8.70514154],[92.68607089,8.7015358],[92.68739629,8.69838511],[92.68877455,8.69525905],[92.68946604,8.69326851],[92.69286119,8.68500122],[92.69625634,8.67673392],[92.69965147,8.66846664],[92.70304661,8.66019935],[92.70644174,8.65193206],[92.70983686,8.64366478],[92.71323198,8.6353975],[92.7166271,8.62713021],[92.7200222,8.61886294],[92.72341731,8.61059566],[92.72681241,8.60232837],[92.73020751,8.5940611],[92.7336026,8.58579383],[92.73699769,8.57752655],[92.74039277,8.56925928],[92.74378785,8.56099201],[92.74718292,8.55272474],[92.75057799,8.54445746],[92.75397305,8.53619021],[92.75736811,8.52792294],[92.76076317,8.51965567],[92.76415822,8.51138842],[92.76755326,8.50312115],[92.77094831,8.49485389],[92.77434334,8.48658664],[92.77773837,8.47831938],[92.7811334,8.47005212],[92.78452842,8.46178488],[92.78792344,8.45351762],[92.79131846,8.44525036],[92.79471346,8.43698312],[92.79810846,8.42871587],[92.80150347,8.42044862],[92.80489846,8.41218138],[92.80829345,8.40391414],[92.81168844,8.39564688],[92.81508342,8.38737965],[92.81847839,8.37911242],[92.82187336,8.37084517],[92.82526833,8.36257794],[92.82866329,8.3543107],[92.83205825,8.34604346],[92.8354532,8.33777623],[92.83884815,8.329509],[92.8422431,8.32124177],[92.84563804,8.31297454],[92.84903297,8.30470732],[92.8524279,8.2964401],[92.85582283,8.28817286],[92.85921775,8.27990565],[92.86261266,8.27163843],[92.86600758,8.2633712],[92.86940248,8.25510399],[92.87279738,8.24683677],[92.87619228,8.23856955],[92.87958718,8.23030234],[92.88298206,8.22203513],[92.88637695,8.21376791],[92.88977183,8.20550071],[92.89316609,8.19723498],[92.89392578,8.19543502],[92.89548008,8.1918501],[92.89627468,8.19006517],[92.89998917,8.18193497],[92.90370438,8.1738032],[92.90741958,8.16567143],[92.91113477,8.15753966],[92.91484997,8.14940789],[92.91856516,8.14127612],[92.92228034,8.13314436],[92.92599552,8.12501259],[92.92971069,8.11688083],[92.93342586,8.10874908],[92.93714103,8.10061731],[92.94085619,8.09248555],[92.94457134,8.08435379],[92.9482865,8.07622204],[92.95200164,8.06809029],[92.95571679,8.05995853],[92.95943193,8.05182678],[92.96314706,8.04369503],[92.96686219,8.03556328],[92.97057731,8.02743153],[92.97429243,8.01929979],[92.97800755,8.01116805],[92.98172266,8.00303632],[92.98543777,7.99490456],[92.98915287,7.98677282],[92.99286797,7.97864109],[92.99658306,7.97050935],[93.00029815,7.96237761],[93.00401323,7.95424588],[93.00772831,7.94611415],[93.01144339,7.93798242],[93.01515846,7.92985069],[93.01887353,7.92171896],[93.02258859,7.91358724],[93.02630365,7.90545551],[93.0300187,7.89732379],[93.03373375,7.88919207],[93.03744879,7.88106035],[93.04116384,7.87292862],[93.04487887,7.86479691],[93.0485939,7.85666519],[93.05230893,7.84853348],[93.05602395,7.84040176],[93.05973897,7.83227005],[93.06345398,7.82413834],[93.06716899,7.81600663],[93.07088399,7.80787492],[93.07459899,7.79974322],[93.07831399,7.79161152],[93.08202898,7.78347981],[93.08574396,7.77534812],[93.08945894,7.76721641],[93.09317392,7.75908471],[93.0968889,7.75095301],[93.10060386,7.74282132],[93.10431883,7.73468963],[93.10803379,7.72655793],[93.11174874,7.71842624],[93.11546369,7.71029455],[93.11917864,7.70216286],[93.12289358,7.69403118],[93.12660852,7.68589949],[93.13032345,7.67776781],[93.13403837,7.66963613],[93.1377533,7.66150444],[93.14146822,7.65337276],[93.14518313,7.64524108],[93.14889804,7.63710941],[93.15261295,7.62897773],[93.15632785,7.62084605],[93.16004275,7.61271438],[93.16375764,7.60458271],[93.16747253,7.59645104],[93.17118741,7.58831937],[93.17490229,7.58018771],[93.17861717,7.57205604],[93.18233203,7.56392438],[93.1860469,7.55579272],[93.18976176,7.54766105],[93.19347662,7.53952939],[93.19719147,7.53139773],[93.20090632,7.52326608],[93.20462116,7.51513442],[93.208336,7.50700277],[93.21205084,7.49887112],[93.21576567,7.49073947],[93.21948049,7.48260782],[93.22319531,7.47447617],[93.22691013,7.46634452],[93.23062494,7.45821288],[93.23433975,7.45008123],[93.23805455,7.4419496],[93.24176935,7.43381795],[93.24548414,7.42568631],[93.24919894,7.41755467],[93.25291372,7.40942303],[93.2566285,7.4012914],[93.26034328,7.39315977],[93.26405805,7.38502813],[93.26777282,7.3768965],[93.27148758,7.36876488],[93.27520234,7.36063325],[93.27891709,7.35250162],[93.28263184,7.34437],[93.28634658,7.33623838],[93.29006133,7.32810675],[93.29377607,7.31997513],[93.2974908,7.31184351],[93.30120553,7.3037119],[93.30492025,7.29558028],[93.30863497,7.28744866],[93.31234968,7.27931705],[93.31606439,7.27118544],[93.3197791,7.26305383],[93.3234938,7.25492222],[93.32720849,7.24679061],[93.33092319,7.23865901],[93.33463787,7.23052741],[93.33835256,7.2223958],[93.34206723,7.2142642],[93.34578191,7.2061326],[93.34949658,7.198001],[93.35321125,7.1898694],[93.3569259,7.18173781],[93.36064056,7.17360621],[93.36435522,7.16547462],[93.36806986,7.15734303],[93.3717845,7.14921144],[93.37549914,7.14107985],[93.37921378,7.13294826],[93.38292841,7.12481668],[93.38664303,7.11668509],[93.39035765,7.10855351],[93.39407227,7.10042192],[93.39778688,7.09229035],[93.40150149,7.08415877],[93.40521609,7.07602719],[93.40893069,7.06789561],[93.41264529,7.05976404],[93.41635988,7.05163247],[93.42007446,7.0435009],[93.42378904,7.03536933],[93.42750362,7.02723776],[93.43121819,7.01910619],[93.43493276,7.01097462],[93.43864732,7.00284307],[93.44236188,6.9947115],[93.44607644,6.98657994],[93.44979099,6.97844838],[93.45350553,6.97031682],[93.45722007,6.96218527],[93.46093461,6.95405371],[93.46464914,6.94592215],[93.46836367,6.93779061],[93.47207819,6.92965905],[93.47579211,6.92152881],[93.47681849,6.91935126],[93.4789231,6.91502131],[93.48113079,6.91074293],[93.48344028,6.90651858],[93.48461101,6.9044363],[93.48488857,6.9039591],[93.48542753,6.90303831],[93.48569822,6.90257864],[93.49024951,6.89489655],[93.49480166,6.88721299],[93.4993538,6.87952944],[93.50390594,6.87184589],[93.50845808,6.86416233],[93.51301021,6.85647879],[93.51756233,6.84879525],[93.52211445,6.84111171],[93.52666658,6.83342815],[93.5312187,6.82574461],[93.5357708,6.81806108],[93.54032291,6.81037753],[93.54487502,6.802694],[93.54942711,6.79501047],[93.55397921,6.78732692],[93.5585313,6.77964339],[93.56308339,6.77195987],[93.56763547,6.76427633],[93.57218755,6.7565928],[93.57673963,6.74890928],[93.5812917,6.74122575],[93.58584377,6.73354222],[93.59039582,6.72585871],[93.59494788,6.71817519],[93.59949995,6.71049166],[93.60405199,6.70280814],[93.60860404,6.69512463],[93.61315608,6.68744111],[93.61770812,6.67975759],[93.62226016,6.67207408],[93.62681219,6.66439057],[93.63136339,6.65670846],[93.63243021,6.654949],[93.63459964,6.65145223],[93.63684015,6.64800056],[93.6391508,6.64459545],[93.64153061,6.64123832],[93.64397859,6.63793057],[93.64649372,6.63467358],[93.64907494,6.63146872],[93.65037175,6.62989162],[93.65181083,6.62821503],[93.65470456,6.62491766],[93.6576695,6.62168418],[93.66070423,6.61851612],[93.66380732,6.61541499],[93.66697729,6.61238227],[93.67021263,6.6094194],[93.6735118,6.60652779],[93.67516696,6.6051085],[93.67687322,6.60370881],[93.6802953,6.60096381],[93.68377642,6.59829408],[93.68731491,6.5957009],[93.69090909,6.59318551],[93.69455726,6.59074909],[93.69825767,6.5883928],[93.70200857,6.58611778],[93.70388748,6.58500587],[93.70580817,6.58392509],[93.70965467,6.58181578],[93.71354623,6.57979085],[93.71748101,6.57785127],[93.72145713,6.57599796],[93.72547271,6.5742318],[93.72952583,6.57255362],[93.73361457,6.57096424],[93.73566097,6.57019425],[93.73773698,6.56946439],[93.7418911,6.5680548],[93.74607496,6.56673614],[93.75028657,6.56550903],[93.75452393,6.56437405],[93.75878502,6.56333176],[93.76306781,6.56238263],[93.76737027,6.56152712],[93.76952264,6.56112344],[93.77053569,6.56096241],[93.77420779,6.55997798],[93.77633795,6.5594318],[93.78060971,6.55838612],[93.7849033,6.55743409],[93.78921667,6.55657615],[93.79137451,6.55617138],[93.79354221,6.55581358],[93.79787782,6.55514649],[93.80222694,6.55457412],[93.80658751,6.55409672],[93.81095744,6.55371453],[93.81533467,6.55342772],[93.81971711,6.55323645],[93.82410267,6.55314078],[93.82629597,6.55311686],[93.82735938,6.55312248],[93.82948609,6.55314497],[93.83054937,6.55316184],[93.83315267,6.55321689],[93.83677468,6.55335882],[93.83783361,6.55341577],[93.83967448,6.55347074],[93.84188646,6.55344234],[93.84517564,6.55349615],[93.84846131,6.55365752],[93.85283853,6.55394433],[93.85720847,6.55432652],[93.86156904,6.55480392],[93.86591816,6.5553763],[93.87025378,6.55604338],[93.87242148,6.55640118],[93.87457383,6.55680486],[93.87887625,6.55766037],[93.883159,6.5586095],[93.88742005,6.5596518],[93.89165736,6.56078677],[93.89586893,6.56201388],[93.90005275,6.56333255],[93.90420684,6.56474214],[93.90628282,6.56547199],[93.90832921,6.56624198],[93.91241791,6.56783137],[93.91647099,6.56950955],[93.92048653,6.57127571],[93.92446261,6.57312902],[93.92839736,6.5750686],[93.93228888,6.57709353],[93.93613534,6.57920284],[93.93805601,6.58028362],[93.93993491,6.58139553],[93.94368577,6.58367056],[93.94738615,6.58602684],[93.95103428,6.58846326],[93.95462842,6.59097866],[93.95816688,6.59357184],[93.96164796,6.59624157],[93.96507001,6.59898657],[93.96677625,6.60038626],[93.96843141,6.60180555],[93.97173054,6.60469717],[93.97496585,6.60766004],[93.97813578,6.61069276],[93.98123885,6.61379388],[93.98427355,6.61696194],[93.98723847,6.62019543],[93.98920844,6.62244022],[93.99275605,6.62469904],[93.99640447,6.62713545],[93.9999989,6.62965084],[94.00353764,6.63224401],[94.00701899,6.63491373],[94.01062163,6.63780663],[94.01154997,6.63852817],[94.01497232,6.64127317],[94.01667876,6.6426729],[94.018334,6.64409214],[94.02163342,6.64698374],[94.0238704,6.64902971],[94.02559838,6.6504467],[94.02725363,6.65186592],[94.0305531,6.65475752],[94.03378874,6.65772038],[94.036959,6.66075309],[94.04006239,6.6638542],[94.04309741,6.66702225],[94.04606263,6.67025572],[94.04895663,6.67355308],[94.05039591,6.67522975],[94.05134982,6.67638333],[94.0532605,6.67872929],[94.05513569,6.68110371],[94.05697495,6.68350607],[94.05788555,6.68471416],[94.05944917,6.68682138],[94.06072803,6.68858442],[94.06324729,6.69213777],[94.06448768,6.69392807],[94.0686175,6.70002875],[94.06960549,6.70151651],[94.07155493,6.70450936],[94.07345092,6.70753634],[94.07529286,6.7105965],[94.07620929,6.7121504],[94.07727722,6.71404592],[94.07938921,6.71789127],[94.08141683,6.72178176],[94.08335911,6.72571554],[94.08521511,6.72969072],[94.08698396,6.73370544],[94.08866481,6.73775776],[94.09026371,6.74186394],[94.09196937,6.7455205],[94.09373828,6.74953521],[94.09610485,6.75539954],[94.09900106,6.7632824],[94.10087345,6.76890857],[94.10198794,6.77261939],[94.10303072,6.77635099],[94.1040014,6.78010197],[94.10489961,6.78387095],[94.10572502,6.78765652],[94.10611949,6.78955327],[94.10754926,6.79677652],[94.10774321,6.79778327],[94.10812083,6.79979871],[94.1083081,6.80082774],[94.10866288,6.80297152],[94.10933231,6.80730707],[94.10990698,6.8116562],[94.11038659,6.81601681],[94.11077094,6.82038684],[94.11105982,6.82476422],[94.11125309,6.82914685],[94.11135067,6.83353265],[94.11137554,6.83574709],[94.11135251,6.83791953],[94.11137348,6.84053635],[94.11340776,6.84368552],[94.11437394,6.84521328],[94.11669791,6.84896218],[94.11750201,6.85028183],[94.11908984,6.85293334],[94.11988281,6.85428116],[94.12095087,6.85617633],[94.12306352,6.86002164],[94.12509176,6.86391209],[94.12703463,6.86784583],[94.12889122,6.87182098],[94.13066062,6.87583565],[94.132342,6.87988794],[94.13393455,6.88397591],[94.13471539,6.88604741],[94.13543752,6.88809763],[94.13685018,6.89225113],[94.13817187,6.89643443],[94.13940195,6.90064555],[94.14053984,6.90488247],[94.14158498,6.9091432],[94.14253689,6.91342569],[94.1433951,6.91772791],[94.14380439,6.9199044],[94.1441592,6.92204781],[94.14482883,6.92638334],[94.14540367,6.93073243],[94.14588344,6.93509302],[94.14626791,6.93946303],[94.1465569,6.94384038],[94.14675025,6.94822299],[94.14684789,6.95260877],[94.14687278,6.95482357],[94.14684976,6.95699563],[94.14675585,6.96138149],[94.14655965,6.96586489],[94.1470955,6.96947693],[94.1476704,6.97382602],[94.14815023,6.9781866],[94.14853474,6.9825566],[94.14882376,6.98693394],[94.14901715,6.99131654],[94.14911481,6.9957023],[94.14903123,6.99792751],[94.14903305,6.99858116],[94.14905472,6.99931858],[94.14905958,6.99993288],[94.14906376,7.00061115],[94.14907761,7.00370394],[94.14905786,7.00503934],[94.14900751,7.00706249],[94.14894007,7.00909058],[94.14883241,7.01110449],[94.14870324,7.01313614],[94.1485311,7.01513211],[94.14836998,7.01918686],[94.14799137,7.02321679],[94.14753165,7.02723829],[94.14699099,7.03124973],[94.14636962,7.03524948],[94.14603509,7.03726714],[94.14563525,7.03940036],[94.1447813,7.04369931],[94.14383374,7.04797864],[94.14279304,7.05223632],[94.14224946,7.05435948],[94.14073875,7.06000309],[94.14014785,7.06211773],[94.13891995,7.06633364],[94.13760017,7.07052175],[94.13618915,7.07468008],[94.13545396,7.07677062],[94.134932,7.07817162],[94.1338528,7.08100366],[94.132731,7.08381913],[94.13156684,7.08661739],[94.13036058,7.0893978],[94.12911251,7.09215974],[94.12782289,7.09490257],[94.12649204,7.09762567],[94.12581633,7.09898221],[94.12529806,7.10000331],[94.12403712,7.10240666],[94.12145074,7.10717849],[94.12011592,7.10956319],[94.11900733,7.11143497],[94.11673041,7.11518616],[94.11437207,7.11888684],[94.11193344,7.12253523],[94.10941567,7.1261296],[94.10681996,7.12966824],[94.10414754,7.13314946],[94.1013997,7.13657161],[94.0999964,7.13828041],[94.09884489,7.13962731],[94.09649649,7.14232566],[94.0941004,7.14498187],[94.09165738,7.14759509],[94.09081415,7.14850966],[94.09059306,7.14979396],[94.08992679,7.15413001],[94.08956623,7.15631568],[94.08916597,7.15845052],[94.08899044,7.15933387],[94.08890979,7.1611974],[94.08862444,7.16557496],[94.08824354,7.16994525],[94.08776727,7.1743062],[94.08719585,7.17865574],[94.08652955,7.1829918],[94.08616895,7.18517754],[94.08581796,7.18706271],[94.08507168,7.19086856],[94.08475536,7.19233147],[94.08469202,7.19529017],[94.08450235,7.1996729],[94.08421699,7.20405044],[94.08383607,7.20842073],[94.08373109,7.20938196],[94.08371568,7.21010183],[94.083526,7.21448455],[94.08324064,7.2188621],[94.08285971,7.22323238],[94.08238339,7.22759333],[94.08181192,7.23194286],[94.08114556,7.2362789],[94.08078489,7.23846481],[94.08038462,7.2405994],[94.07952946,7.24490228],[94.07858049,7.24918551],[94.07753816,7.25344705],[94.07640296,7.25768486],[94.07517543,7.26189694],[94.07385615,7.26608126],[94.07244574,7.27023585],[94.0717107,7.27232507],[94.07094489,7.27435872],[94.06935428,7.2784479],[94.06767469,7.28250147],[94.06590691,7.28651747],[94.06405178,7.290494],[94.06211018,7.29442917],[94.06008303,7.29832111],[94.0579713,7.30216795],[94.05688477,7.30409654],[94.05577599,7.30596787],[94.05349813,7.30971906],[94.05113883,7.31341972],[94.04869919,7.31706811],[94.04777606,7.31840706],[94.04710609,7.32276972],[94.04674533,7.32495588],[94.04634503,7.3270902],[94.04548973,7.33139308],[94.0445406,7.3356763],[94.0434981,7.33993782],[94.0423627,7.34417562],[94.04113495,7.34838769],[94.03981544,7.352572],[94.03840479,7.35672658],[94.03766952,7.35881603],[94.03690366,7.36084944],[94.03531277,7.36493862],[94.03363288,7.36899218],[94.03186477,7.37300817],[94.0300093,7.3769847],[94.02806735,7.38091987],[94.02603983,7.38481179],[94.0239277,7.38865863],[94.02284085,7.39058742],[94.02173198,7.39245854],[94.01945371,7.39620973],[94.01709396,7.39991039],[94.01465387,7.40355877],[94.01213458,7.40715313],[94.00953731,7.41069177],[94.00686328,7.41417298],[94.00411377,7.41759512],[94.00270919,7.41930444],[94.00129008,7.42095656],[93.99839356,7.42425569],[93.99542558,7.42749094],[93.99238757,7.43066077],[93.98928095,7.43376367],[93.98610722,7.43679817],[93.98286788,7.43976281],[93.97956448,7.44265619],[93.97788583,7.4440942],[93.97619859,7.44547692],[93.9727718,7.44822367],[93.96928576,7.45089512],[93.96606776,7.45325154],[93.96505483,7.45672586],[93.96373502,7.46091016],[93.96232404,7.46506473],[93.9615885,7.46715448],[93.96082257,7.46918758],[93.95923132,7.47327675],[93.95755104,7.47733029],[93.95578253,7.48134628],[93.95392663,7.4853228],[93.95198422,7.48925796],[93.94995623,7.49314988],[93.94784361,7.49699671],[93.94675636,7.49892576],[93.94564737,7.50079662],[93.94336856,7.5045478],[93.94100826,7.50824846],[93.93856758,7.51189683],[93.9360477,7.51549119],[93.9334498,7.51902982],[93.93077514,7.52251103],[93.92802496,7.52593317],[93.9264561,7.52783654],[93.92561256,7.5288309],[93.92527163,7.52923025],[93.92061059,7.53466133],[93.91925033,7.53621376],[93.91649815,7.53929047],[93.91368328,7.54231018],[93.9108069,7.54527163],[93.90787022,7.54817357],[93.90487447,7.55101477],[93.90182093,7.55379405],[93.89871086,7.55651022],[93.89713056,7.55786184],[93.89492551,7.55965638],[93.89044232,7.56320084],[93.88576197,7.56668565],[93.88087566,7.57010831],[93.87742162,7.57242293],[93.8746257,7.57421404],[93.87191607,7.57589004],[93.86927946,7.57746379],[93.8679452,7.57824635],[93.86603975,7.57931702],[93.86218586,7.58142784],[93.85865628,7.58326217],[93.85716782,7.58481468],[93.85406013,7.58791758],[93.8508853,7.59095207],[93.84764484,7.59391672],[93.84434029,7.5968101],[93.84266082,7.59824831],[93.84097323,7.59963083],[93.83754525,7.60237758],[93.83405799,7.60504903],[93.83051311,7.60764391],[93.8269123,7.61016099],[93.82325727,7.61259906],[93.81954977,7.61495697],[93.81579155,7.61723358],[93.81388998,7.61835719],[93.8122628,7.61927479],[93.80897142,7.62109086],[93.80564663,7.6228453],[93.80228957,7.62453751],[93.79890142,7.62616689],[93.79548336,7.62773288],[93.79203658,7.62923493],[93.78856228,7.63067251],[93.78681841,7.63137512],[93.78468844,7.63221029],[93.78350246,7.63266672],[93.78112481,7.63356461],[93.77992572,7.63400877],[93.77785921,7.63473409],[93.7736959,7.63614477],[93.77083786,7.63706066],[93.7672564,7.63968337],[93.76365532,7.64220044],[93.76000002,7.64463852],[93.75629224,7.64699642],[93.75253375,7.64927304],[93.750632,7.65039667],[93.74872633,7.65146728],[93.7448718,7.65357811],[93.740972,7.6556045],[93.73702878,7.65754551],[93.73304401,7.6594002],[93.72901961,7.66116769],[93.72495749,7.66284713],[93.72085958,7.66443773],[93.71879445,7.66521343],[93.71601154,7.66617844],[93.71040352,7.66803183],[93.70474341,7.66972037],[93.69903609,7.67124262],[93.69604351,7.67199208],[93.69348063,7.67261434],[93.69031328,7.6733308],[93.68713475,7.67399623],[93.68394589,7.67461047],[93.682345,7.67490546],[93.6791152,7.67540689],[93.67647282,7.67602739],[93.67481173,7.6774911],[93.67288586,7.67914544],[93.67119807,7.68052786],[93.66776946,7.68327461],[93.66428155,7.68594606],[93.66073601,7.68854094],[93.65713453,7.69105802],[93.65347882,7.6934961],[93.64977062,7.695854],[93.6460117,7.69813062],[93.64410967,7.69925429],[93.64220385,7.70032486],[93.63834889,7.70243569],[93.63444864,7.70446209],[93.63050497,7.70640309],[93.62651976,7.70825778],[93.6224949,7.71002527],[93.61843231,7.71170472],[93.61433393,7.71329532],[93.61226852,7.71407103],[93.61020171,7.71479632],[93.60603762,7.71620701],[93.60184365,7.7175267],[93.59762178,7.71875478],[93.59332005,7.71981393],[93.5940813,7.72041209],[93.59573884,7.7218298],[93.59904617,7.72472112],[93.60228953,7.7276837],[93.6035878,7.72892256],[93.60593409,7.72923053],[93.61028079,7.72989753],[93.61245465,7.7302554],[93.61461188,7.73065892],[93.6189253,7.73151432],[93.62321901,7.73246333],[93.62749096,7.73350551],[93.63173913,7.73464035],[93.63596149,7.73586731],[93.64015603,7.73718582],[93.64432077,7.73859524],[93.64640326,7.73932543],[93.64845372,7.7400949],[93.65255292,7.7416841],[93.65661642,7.74336208],[93.66064229,7.74512804],[93.66462861,7.74698113],[93.66857349,7.74892049],[93.67247505,7.75094518],[93.67633143,7.75305425],[93.67825865,7.75413582],[93.68014082,7.75524669],[93.68390138,7.75752146],[93.68761134,7.75987748],[93.69126892,7.76231363],[93.6948724,7.76482875],[93.69842005,7.76742165],[93.70191019,7.77009108],[93.70534116,7.77283579],[93.70705364,7.77423684],[93.70871132,7.77565447],[93.71201908,7.77854578],[93.71526285,7.78150834],[93.7184411,7.78454075],[93.7215523,7.78764156],[93.72459499,7.7908093],[93.72756772,7.79404246],[93.73046906,7.7973395],[93.73191372,7.79901806],[93.73329764,7.80069887],[93.73605211,7.80411895],[93.73873115,7.80759813],[93.7413335,7.81113475],[93.74385791,7.81472712],[93.74630318,7.81837355],[93.74866815,7.82207229],[93.75095169,7.82582158],[93.75208354,7.82772689],[93.75315271,7.82961965],[93.75527016,7.83346469],[93.75730303,7.83735486],[93.75925035,7.84128832],[93.7611112,7.8452632],[93.76288469,7.8492776],[93.76456997,7.85332962],[93.76616623,7.85741733],[93.76694987,7.85949137],[93.76767268,7.86153866],[93.76784181,7.86203474],[93.76803278,7.86252378],[93.76881639,7.8645977],[93.7693461,7.86609805],[93.76987379,7.86744932],[93.77065743,7.86952331],[93.77138029,7.8715707],[93.77279632,7.87572393],[93.77412117,7.87990697],[93.77535422,7.88411783],[93.77649488,7.88835451],[93.77754259,7.89261498],[93.77849687,7.89689722],[93.77935724,7.9011992],[93.77976809,7.90337855],[93.78009581,7.90534239],[93.78071963,7.90932366],[93.78126331,7.91331659],[93.78172665,7.91731958],[93.7819382,7.91932338],[93.78198745,7.91983942],[93.78218483,7.92220329],[93.78252362,7.92693503],[93.78275036,7.93167341],[93.78277348,7.93263043],[93.78289161,7.93396918],[93.78318152,7.93834631],[93.78337664,7.94277675],[93.78347473,7.94725645],[93.7834987,7.94950555],[93.78349699,7.95082689],[93.78386625,7.95501117],[93.78416297,7.95954175],[93.78473179,7.96089536],[93.7865058,7.96490973],[93.78819157,7.96896171],[93.78978831,7.97304939],[93.7905723,7.97512373],[93.79129524,7.97717081],[93.79271166,7.98132401],[93.79403688,7.98550702],[93.79527027,7.98971785],[93.79641125,7.9939545],[93.79745926,7.99821494],[93.7984138,8.00249716],[93.79927442,8.00679911],[93.79968545,8.00897876],[93.79997387,8.01069335],[93.8005286,8.01417538],[93.801022,8.01766656],[93.80145393,8.02116583],[93.80182425,8.0246721],[93.80213284,8.02818431],[93.8023796,8.03170137],[93.80256446,8.0352222],[93.80264141,8.03698342],[93.80283041,8.04240161],[93.80287566,8.04412334],[93.80293656,8.04756734],[93.80295222,8.04931439],[93.8029186,8.05193491],[93.80278156,8.05722374],[93.80249644,8.06261422],[93.80205694,8.06811123],[93.80163767,8.07226433],[93.80118863,8.0759437],[93.80069027,8.07949694],[93.80014484,8.08293685],[93.79985293,8.08467852],[93.79945243,8.08681049],[93.7985958,8.09111325],[93.79764518,8.09539636],[93.796601,8.09965779],[93.79546377,8.10389549],[93.79423402,8.10810746],[93.79291233,8.11229168],[93.79187145,8.11535209],[93.79159126,8.11894707],[93.79121472,8.12281064],[93.79076339,8.12666625],[93.79023744,8.13051245],[93.78963708,8.13434782],[93.78931404,8.13628684],[93.78879164,8.1390211],[93.78766116,8.14452235],[93.78705736,8.14726509],[93.78530782,8.15471362],[93.78441309,8.15823485],[93.78249452,8.16525003],[93.78082164,8.17074337],[93.77918833,8.17560276],[93.77833433,8.1780392],[93.77767195,8.17980222],[93.77618319,8.18332068],[93.77550903,8.1851224],[93.77480869,8.18687199],[93.77371658,8.1895268],[93.77333765,8.19038926],[93.77175205,8.19385806],[93.77084989,8.1957714],[93.77008128,8.19728408],[93.76822283,8.20085262],[93.76665097,8.20410019],[93.76574926,8.20578118],[93.75964801,8.21689994],[93.76032353,8.21730968],[93.76432275,8.21986578],[93.76826052,8.22251493],[93.77021376,8.22386258],[93.77389906,8.22646969],[93.77554046,8.22765574],[93.77879904,8.23006044],[93.78200851,8.23252985],[93.78516757,8.23506297],[93.78674706,8.23635596],[93.78840592,8.23777293],[93.79171746,8.24066412],[93.79496495,8.24362655],[93.79814685,8.24665882],[93.80126163,8.2497595],[93.80430783,8.2529271],[93.80728398,8.25616013],[93.81018867,8.25945704],[93.81163571,8.26113638],[93.81302052,8.26281627],[93.81577818,8.26623621],[93.81846034,8.26971525],[93.82106572,8.27325173],[93.82359308,8.27684397],[93.82604121,8.28049025],[93.82840895,8.28418885],[93.83069517,8.28793801],[93.83182897,8.28984433],[93.83289878,8.29173594],[93.83501873,8.29558083],[93.83705401,8.29947087],[93.83900365,8.30340419],[93.84086672,8.30737893],[93.84264233,8.31139319],[93.84432963,8.31544508],[93.84592782,8.31953265],[93.84671288,8.32160789],[93.84743614,8.32365397],[93.84885386,8.32780707],[93.85018031,8.33198999],[93.85141485,8.33620072],[93.8525569,8.34043727],[93.8536059,8.34469762],[93.85456136,8.34897974],[93.85542281,8.3532816],[93.85583443,8.35546226],[93.85608706,8.35695231],[93.85657792,8.35998624],[93.85702218,8.36302729],[93.85741973,8.36607475],[93.85777047,8.36912789],[93.85807432,8.37218602],[93.85833734,8.37533857],[93.85855739,8.37859626],[93.85874666,8.38257262],[93.85889741,8.38801686],[93.85893578,8.39076246],[93.85891287,8.39292991],[93.85881904,8.39731548],[93.85862916,8.40169797],[93.8583433,8.40607529],[93.85796162,8.41044536],[93.85748428,8.4148061],[93.8569115,8.41915543],[93.85624357,8.42349127],[93.85588141,8.42568067],[93.85548079,8.42781158],[93.85462352,8.43211429],[93.85367216,8.43639734],[93.85262718,8.44065872],[93.85148905,8.44489637],[93.85025833,8.44910829],[93.84893559,8.45329247],[93.84752146,8.45744692],[93.84678328,8.45953935],[93.84601662,8.46156966],[93.84446151,8.46555681],[93.84448243,8.46740021],[93.84446926,8.4690507],[93.84441484,8.47240341],[93.84430428,8.47575475],[93.8441376,8.47910378],[93.84404023,8.48077761],[93.84396795,8.48186316],[93.84375132,8.48456472],[93.84324497,8.48996106],[93.8425927,8.49534184],[93.84179496,8.50070316],[93.84135531,8.5034038],[93.84098608,8.50537614],[93.84019817,8.50936355],[93.83978397,8.51135328],[93.83930096,8.51356099],[93.83923012,8.51692035],[93.83904554,8.52124137],[93.83876763,8.52555744],[93.83839653,8.52986655],[93.8379324,8.53416672],[93.83733874,8.53869751],[93.83705032,8.54181496],[93.83657285,8.54617567],[93.83599992,8.55052497],[93.83533179,8.5548608],[93.83496946,8.55705058],[93.83456879,8.55918108],[93.83371126,8.56348377],[93.83275962,8.5677668],[93.83171431,8.57202815],[93.83057583,8.57626579],[93.82934472,8.58047769],[93.82802156,8.58466186],[93.82660698,8.58881629],[93.82586843,8.59090907],[93.82532687,8.59235641],[93.82420377,8.59528886],[93.8230348,8.5982035],[93.82182025,8.60109963],[93.82056042,8.60397653],[93.8192556,8.60683351],[93.81790613,8.60966987],[93.81649388,8.61252142],[93.81639387,8.61289965],[93.81557155,8.61610811],[93.81469624,8.61930266],[93.81376819,8.62248242],[93.81278762,8.62564654],[93.81175482,8.62879416],[93.81067006,8.63192443],[93.81010619,8.63350847],[93.80978356,8.63437878],[93.80944225,8.63528657],[93.80844192,8.63824135],[93.80764563,8.64050387],[93.80687881,8.64253368],[93.80528325,8.64662272],[93.80359839,8.65067615],[93.80182505,8.65469203],[93.79996405,8.65866844],[93.79801628,8.6626035],[93.79598268,8.66649533],[93.79386419,8.67034207],[93.79277233,8.67227382],[93.79166184,8.6741419],[93.78937666,8.67789301],[93.78700975,8.6815936],[93.78456222,8.68524191],[93.78203525,8.68883622],[93.77943003,8.69237479],[93.7767478,8.69585596],[93.77398983,8.69927806],[93.77257895,8.7009897],[93.77115745,8.70263945],[93.76825199,8.70593855],[93.76663305,8.70771671],[93.76377562,8.71126628],[93.7623541,8.71291602],[93.75944856,8.71621512],[93.75647133,8.71945034],[93.75342383,8.72262015],[93.7503075,8.72572303],[93.74712383,8.72875751],[93.74387433,8.73172214],[93.74056055,8.73461551],[93.73887463,8.73605518],[93.73718406,8.73743624],[93.73374648,8.74018298],[93.73024945,8.74285444],[93.72669461,8.74544932],[93.72308368,8.7479664],[93.71941837,8.75040448],[93.71570042,8.7527624],[93.71193161,8.75503902],[93.71002313,8.75616352],[93.70811373,8.75723327],[93.7042486,8.75934411],[93.70033806,8.76137052],[93.69638397,8.76331154],[93.69238823,8.76516624],[93.68835272,8.76693374],[93.68427938,8.7686132],[93.68017015,8.77020382],[93.6780982,8.77097992],[93.67602698,8.77170483],[93.67185185,8.77311553],[93.66764675,8.77443524],[93.66341368,8.77566333],[93.65915466,8.77679922],[93.65487172,8.77784237],[93.65056691,8.77879227],[93.64624226,8.77964848],[93.64407067,8.7800539],[93.64189986,8.78041058],[93.63754175,8.78107822],[93.63317003,8.78165107],[93.62878678,8.78212887],[93.62439408,8.78251138],[93.61999404,8.78279842],[93.61558873,8.78298985],[93.61118028,8.7830856],[93.60677078,8.7830856],[93.60236233,8.78298985],[93.59795702,8.78279842],[93.59355698,8.78251138],[93.58916428,8.78212887],[93.58478103,8.78165107],[93.58040931,8.78107822],[93.5760512,8.78041058],[93.57388039,8.7800539],[93.5717088,8.77964848],[93.56738415,8.77879227],[93.56307934,8.77784237],[93.5587964,8.77679922],[93.55453738,8.77566333],[93.55030431,8.77443524],[93.54609921,8.77311553],[93.54192408,8.77170483],[93.53985286,8.77097992],[93.53849738,8.77047803],[93.53581089,8.76946146],[93.53447129,8.76894366],[93.53237604,8.76811666],[93.53066696,8.76742405],[93.52726182,8.76600786],[93.52388327,8.76453003],[93.52053243,8.76299103],[93.51721043,8.7613914],[93.51391837,8.75973166],[93.51065735,8.75801237],[93.50742846,8.75623409],[93.50583376,8.75533693],[93.50392529,8.75421243],[93.50015649,8.75193581],[93.49643855,8.74957789],[93.49277324,8.74713981],[93.48916232,8.74462273],[93.48560749,8.74202785],[93.48211046,8.7393564],[93.47867289,8.73660965],[93.47698233,8.7352286],[93.47529642,8.73378892],[93.47198264,8.73089555],[93.46873315,8.72793092],[93.46554948,8.72489644],[93.46243316,8.72179356],[93.45938566,8.71862375],[93.45640844,8.71538853],[93.45350291,8.71208943],[93.45208139,8.71043969],[93.45067046,8.70872804],[93.44791243,8.70530594],[93.44523013,8.70182477],[93.44262485,8.6982862],[93.44009781,8.69469189],[93.43765023,8.69104358],[93.43528325,8.68734299],[93.43299802,8.68359189],[93.43188752,8.68172383],[93.43079562,8.67979206],[93.42867708,8.67594531],[93.42664343,8.67205348],[93.42469561,8.66811843],[93.42283457,8.66414201],[93.42106118,8.66012614],[93.41937629,8.65607271],[93.41778069,8.65198367],[93.41701386,8.64995389],[93.41627514,8.64786095],[93.41486035,8.64370653],[93.41353701,8.63952237],[93.41230572,8.63531048],[93.41116708,8.63107285],[93.41012163,8.62681151],[93.40916985,8.62252848],[93.40831221,8.61822581],[93.40791151,8.61609549],[93.4075491,8.61390554],[93.40688089,8.60956972],[93.40630788,8.60522043],[93.40583035,8.60085973],[93.40544853,8.5964897],[93.40516259,8.59211242],[93.40497267,8.58772997],[93.40487884,8.58334444],[93.40485595,8.58117761],[93.40488116,8.57895791],[93.40497962,8.57457248],[93.40517416,8.57019022],[93.4054647,8.56581324],[93.40585109,8.5614436],[93.40633314,8.55708339],[93.40691062,8.55273468],[93.40758326,8.54839955],[93.40773259,8.54750143],[93.40776873,8.54589125],[93.40796325,8.54150899],[93.40825376,8.537132],[93.40847384,8.53464288],[93.40853671,8.53322661],[93.40882721,8.52884962],[93.40921355,8.52447997],[93.40969554,8.52011975],[93.41027296,8.51577104],[93.41072357,8.51286657],[93.41022379,8.50907229],[93.40974636,8.50471158],[93.4093646,8.50034153],[93.40907871,8.49596422],[93.4088888,8.49158175],[93.40879498,8.4871962],[93.40877208,8.48502906],[93.40879727,8.48280965],[93.40889567,8.4784242],[93.40909014,8.47404192],[93.40938058,8.46966491],[93.40976685,8.46529525],[93.41024875,8.46093502],[93.41082607,8.45658628],[93.41149851,8.45225112],[93.41185398,8.45011253],[93.41226576,8.4479316],[93.41312745,8.44362977],[93.41408316,8.43934767],[93.41457834,8.43733715],[93.41455861,8.43641527],[93.41453571,8.43424797],[93.41456089,8.43202871],[93.41465927,8.42764325],[93.4148537,8.42326096],[93.41514409,8.41888394],[93.41553029,8.41451426],[93.41601212,8.41015402],[93.41627787,8.4081519],[93.41249905,8.40648518],[93.41042656,8.40554306],[93.40901855,8.40488377],[93.40710331,8.40396231],[93.40329276,8.40207939],[93.39952293,8.40011691],[93.3957955,8.39807576],[93.39395366,8.39704198],[93.39204745,8.39591777],[93.39010402,8.3947427],[93.38910959,8.39587316],[93.38763892,8.3975086],[93.38700828,8.39819467],[93.38552936,8.39976933],[93.38313202,8.40226759],[93.38159326,8.40383648],[93.38098331,8.40444494],[93.3802133,8.40520487],[93.37768496,8.40767344],[93.37697539,8.40835141],[93.3744604,8.4108374],[93.36995504,8.41502667],[93.36659171,8.41796779],[93.364881,8.41943035],[93.36319133,8.42081182],[93.35975657,8.42355857],[93.35626239,8.42623002],[93.35271048,8.4288249],[93.34910251,8.43134199],[93.34544021,8.43378007],[93.34172532,8.43613798],[93.33795961,8.43841461],[93.33605314,8.43953886],[93.33414488,8.44060886],[93.33028293,8.44271969],[93.32637562,8.4447461],[93.3224248,8.44668711],[93.31843236,8.44854181],[93.31676741,8.44927164],[93.31638682,8.44991307],[93.31422391,8.45347446],[93.3119874,8.4569905],[93.30967824,8.46045969],[93.30729741,8.46388053],[93.30484594,8.46725157],[93.30225467,8.47065981],[93.29951287,8.47411097],[93.29804403,8.47591653],[93.29731486,8.47679196],[93.29695238,8.47722467],[93.29553135,8.47887484],[93.29262756,8.48217395],[93.28965213,8.48540918],[93.28660646,8.48857899],[93.28349201,8.49168188],[93.28031026,8.49471636],[93.27706273,8.497681],[93.27375096,8.50057437],[93.27206642,8.50201375],[93.27037652,8.5033951],[93.26694103,8.50614185],[93.26344612,8.5088133],[93.25989346,8.51140819],[93.25628473,8.51392527],[93.25262165,8.51636335],[93.24980777,8.518149],[93.24962366,8.51873869],[93.24906257,8.52047977],[93.24742538,8.52540543],[93.24695473,8.5267877],[93.2459933,8.52954531],[93.2454941,8.53094371],[93.24472738,8.53297383],[93.24313225,8.53706289],[93.24144785,8.54111633],[93.23967499,8.54513222],[93.2378145,8.54910864],[93.23586727,8.55304371],[93.23383423,8.55693555],[93.23171633,8.5607823],[93.23062491,8.5627138],[93.22951459,8.56458214],[93.22723005,8.56833325],[93.22486379,8.57203385],[93.22241695,8.57568218],[93.21989068,8.57927648],[93.21728619,8.58281507],[93.21460472,8.58629624],[93.21184753,8.58971834],[93.21043722,8.59142978],[93.20942573,8.5926114],[93.20735814,8.59498927],[93.20525341,8.59733466],[93.20311206,8.59964698],[93.20093461,8.60192568],[93.1987216,8.6041702],[93.19647357,8.60637998],[93.19419106,8.60855449],[93.19304127,8.60963284],[93.1807969,8.62093727],[93.17894736,8.62260294],[93.17520742,8.62588833],[93.17330407,8.62751888],[93.17161382,8.62890007],[93.16817722,8.63164682],[93.16468117,8.63431827],[93.16112735,8.63691315],[93.15751745,8.63943024],[93.15385318,8.64186832],[93.1501363,8.64422623],[93.14636856,8.64650286],[93.14477663,8.64744111],[93.14162817,8.65512617],[93.13824195,8.66339157],[93.13485639,8.67165537],[93.13147056,8.67991985],[93.12808513,8.68818337],[93.12469927,8.69644793],[93.12131357,8.70471212],[93.11792752,8.71297717],[93.11454204,8.72124086],[93.1111562,8.72950542],[93.10777059,8.73776943],[93.10438465,8.74603425],[93.1009991,8.75429813],[93.09761335,8.7625625],[93.09422759,8.77082693],[93.09084202,8.77909088],[93.08745638,8.78735502],[93.08407035,8.79562014],[93.08068473,8.80388424],[93.07729925,8.81214804],[93.07391325,8.82041308],[93.0705277,8.82867707],[93.06714201,8.83694139],[93.06494565,8.84230261],[93.06470418,8.84599752],[93.06432217,8.8503675],[93.06384439,8.85472815],[93.06327108,8.85907739],[93.06260248,8.86341316],[93.06223973,8.86560385],[93.06177938,8.86802966],[93.06078825,8.8729219],[93.05967532,8.87778817],[93.05844126,8.88262546],[93.05779403,8.88503648],[93.05692066,8.88813505],[93.05639018,8.88995116],[93.05529496,8.89357313],[93.05413139,8.89717398],[93.05289991,8.90075242],[93.05225842,8.90255998],[93.05126392,8.90516627],[93.04918362,8.91039811],[93.04810665,8.91299955],[93.04773066,8.91387282],[93.04651049,8.91659459],[93.0439895,8.92200097],[93.04130841,8.92733065],[93.03846957,8.93257896],[93.03699912,8.93520268],[93.03588823,8.93707013],[93.03360149,8.94082122],[93.03123296,8.94452179],[93.02878375,8.94817009],[93.02625504,8.95176437],[93.02364802,8.95530293],[93.02096393,8.95878409],[93.01820406,8.96220617],[93.0167918,8.96391829],[93.01539884,8.96553449],[93.01364522,8.96752607],[93.01297209,8.96916916],[93.0095864,8.97743365],[93.00620051,8.98569866],[93.00281522,8.99396218],[92.99942955,9.00222667],[92.9960438,9.01049133],[92.99274107,9.01855337],[92.99494744,9.02154199],[92.99747993,9.02513399],[92.99993304,9.02878003],[93.00230561,9.0324784],[93.0045965,9.03622732],[93.00573365,9.03813527],[93.00680463,9.04002501],[93.00892893,9.04386967],[93.01096841,9.04775947],[93.01292208,9.05169255],[93.01478901,9.05566706],[93.01656831,9.05968109],[93.01825914,9.06373274],[93.01986068,9.06782009],[93.02064815,9.06989728],[93.02137218,9.07194118],[93.0227929,9.07609406],[93.02412217,9.08027675],[93.02535936,9.08448726],[93.02650387,9.08872359],[93.02755516,9.09298373],[93.02851271,9.09726564],[93.02937608,9.10156729],[93.02978903,9.10375011],[93.03013182,9.10580306],[93.03078317,9.10997037],[93.03108686,9.11205742],[93.03122679,9.11309577],[93.03143555,9.11474896],[93.03182549,9.11805856],[93.0321602,9.12137412],[93.03243958,9.12469474],[93.03266355,9.1280195],[93.03283206,9.13134749],[93.03294506,9.1346778],[93.0330025,9.13800952],[93.03301735,9.13970381],[93.0329945,9.14186882],[93.03293006,9.14488109],[93.03326324,9.14856191],[93.03344023,9.15079579],[93.03374406,9.15526694],[93.03394755,9.1597437],[93.03405059,9.16422386],[93.034077,9.16649279],[93.03405415,9.16865772],[93.03396034,9.17304312],[93.03377028,9.17742544],[93.03348404,9.18180259],[93.03310177,9.1861725],[93.03262365,9.19053308],[93.03204989,9.19488225],[93.03138077,9.19921796],[93.03101754,9.20140964],[93.03081488,9.20251714],[93.03038675,9.20478462],[93.03016613,9.20591713],[93.02995759,9.20695567],[93.02881248,9.21198301],[93.02626434,9.22197276],[93.02521576,9.22568143],[93.02462396,9.22866494],[93.02373363,9.23271199],[93.02275954,9.23673995],[93.02225161,9.23874891],[93.01658661,9.26021527],[93.01596976,9.26244747],[93.01468445,9.26689724],[93.01329631,9.27131642],[93.01180609,9.27570267],[93.01102635,9.27791242],[93.01037658,9.27963795],[93.00902596,9.28312681],[93.00833432,9.284865],[93.00666732,9.28894304],[93.0059998,9.29053658],[93.00463732,9.29371207],[93.00322013,9.29686384],[93.00174865,9.29999097],[93.00022331,9.30309254],[92.99864458,9.30616764],[92.9970129,9.30921535],[92.99532875,9.31223479],[92.9944612,9.3137587],[92.99295966,9.31625912],[92.98985817,9.32125771],[92.98661096,9.32616417],[92.98322079,9.33097433],[92.98149032,9.33335479],[92.97621617,9.34039094],[92.97443887,9.34269188],[92.97081812,9.34724187],[92.96896051,9.34950767],[92.96753753,9.35115622],[92.96462697,9.35445529],[92.9616446,9.35769048],[92.95859182,9.36086027],[92.95547008,9.36396313],[92.95228088,9.36699759],[92.94902572,9.36996221],[92.94570617,9.37285556],[92.94401632,9.37429606],[92.94315707,9.37500438],[92.94193754,9.37634644],[92.93937989,9.37912111],[92.93677038,9.38184776],[92.93441854,9.3842148],[92.93328091,9.38559235],[92.93185784,9.38724084],[92.92894699,9.3905399],[92.92596431,9.3937751],[92.92291122,9.39694488],[92.91978916,9.40004774],[92.91659964,9.4030822],[92.91334415,9.40604682],[92.91002426,9.40894017],[92.90833418,9.41038071],[92.90664154,9.41176089],[92.90319761,9.41450762],[92.8996941,9.41717906],[92.89613269,9.41977394],[92.89251506,9.42229101],[92.88884294,9.42472909],[92.88511809,9.427087],[92.88134227,9.42936362],[92.87942932,9.43048865],[92.87751728,9.43155788],[92.87364495,9.43366871],[92.86972712,9.43569512],[92.86576566,9.43763614],[92.86176246,9.43949084],[92.85751536,9.44134232],[92.85553565,9.4488429],[92.85344528,9.45757397],[92.85135492,9.46630501],[92.84926454,9.47503619],[92.84717405,9.48376781],[92.84508361,9.49249928],[92.84299321,9.50123057],[92.84090294,9.50996137],[92.83881252,9.51869276],[92.83672211,9.52742417],[92.83463175,9.53615542],[92.83254136,9.54488675],[92.83045116,9.55361735],[92.82836085,9.5623484],[92.82627057,9.57107938],[92.82418005,9.57981136],[92.82208984,9.58854207],[92.81999958,9.59727301],[92.81790918,9.60600456],[92.8158188,9.61473602],[92.81372853,9.62346705],[92.81163814,9.63219862],[92.80954795,9.64092939],[92.80745756,9.64966099],[92.80536744,9.65839146],[92.80327699,9.66712337],[92.80118672,9.67585452],[92.79909647,9.68458562],[92.79700614,9.69331706],[92.7949161,9.70204735],[92.79282565,9.71077933],[92.79073533,9.71951079],[92.78864523,9.72824139],[92.78655495,9.73697271],[92.78446469,9.745704],[92.78237457,9.75443471],[92.78028434,9.76316589],[92.77819416,9.77189689],[92.77610394,9.78062811],[92.77401358,9.78935989],[92.77192337,9.79809108],[92.76983333,9.8068216],[92.76774308,9.815553],[92.76565289,9.82428416],[92.76356266,9.83301553],[92.76147261,9.84174614],[92.75938229,9.8504779],[92.75729199,9.85920961],[92.755202,9.86794006],[92.75311179,9.87667145],[92.75102182,9.88540182],[92.74893143,9.89413399],[92.74684134,9.90286492],[92.74475131,9.91159564],[92.74266123,9.92032654],[92.74057106,9.92905789],[92.73848082,9.93778953],[92.73639079,9.94652028],[92.73430059,9.95525181],[92.73221048,9.96398296],[92.73012034,9.97271429],[92.7280302,9.98144561],[92.72594025,9.99017614],[92.7238502,9.99890715],[92.72176017,10.00763805],[92.71967003,10.01636947],[92.71757982,10.02510118],[92.71548988,10.0338318],[92.71339965,10.04256363],[92.7113096,10.05129474],[92.70921963,10.06002554],[92.70712969,10.06875621],[92.70503954,10.0774878],[92.70294957,10.08621866],[92.70214751,10.08919447],[92.70085946,10.09495013],[92.69942083,10.10059462],[92.6987695,10.10368099],[92.69667939,10.11241248],[92.69458942,10.12114342],[92.69249939,10.12987465],[92.69040946,10.13860546],[92.68831936,10.14733697],[92.68622949,10.15606759],[92.68413932,10.16479945],[92.68204941,10.17353028],[92.67995947,10.1822612],[92.67786946,10.19099248],[92.67577954,10.19972339],[92.6736896,10.20845441],[92.67159959,10.21718575],[92.66950961,10.22591694],[92.6674196,10.23464834],[92.66532972,10.24337918],[92.66323991,10.25210976],[92.66114992,10.26084111],[92.65905976,10.26957315],[92.65697002,10.27830349],[92.65488004,10.28703486],[92.65279024,10.29576552],[92.65070032,10.30449664],[92.6486102,10.31322868],[92.64652052,10.32195886],[92.64443047,10.3306906],[92.64234069,10.33942127],[92.64020985,10.34832349],[92.64217945,10.34976169],[92.64586354,10.35219717],[92.64949315,10.3547116],[92.65306655,10.35730379],[92.65658205,10.35997251],[92.66003798,10.36271648],[92.66176697,10.36412051],[92.66343269,10.36553442],[92.66676456,10.36842496],[92.67003201,10.37138675],[92.67323349,10.37441838],[92.67636748,10.37751839],[92.67943247,10.38068533],[92.68242701,10.38391768],[92.68534969,10.38721391],[92.68680902,10.38889682],[92.68819909,10.39057245],[92.69097388,10.3939917],[92.69367272,10.39747004],[92.69629433,10.40100582],[92.69883747,10.40459735],[92.70130091,10.40824293],[92.70368349,10.41194083],[92.70598408,10.41568927],[92.70712794,10.41760025],[92.70788865,10.41892685],[92.7094173,10.4216404],[92.71017105,10.42300301],[92.713078,10.42835579],[92.71392691,10.42995314],[92.71559566,10.43316267],[92.71642481,10.43483143],[92.71682938,10.43551211],[92.71774659,10.43711736],[92.71878345,10.43843306],[92.72198005,10.44262671],[92.72506494,10.44690157],[92.72657919,10.44905891],[92.7366443,10.46380519],[92.73762691,10.46527224],[92.7395661,10.46822317],[92.74145282,10.47120725],[92.7432865,10.47422356],[92.74420431,10.47576412],[92.7453894,10.47785137],[92.74773646,10.48210279],[92.75002279,10.48649752],[92.75224633,10.49104264],[92.75401156,10.49485119],[92.75567314,10.4986426],[92.75721644,10.50236651],[92.75864859,10.5060293],[92.75935722,10.50789646],[92.75989039,10.50938083],[92.76095349,10.51241565],[92.76196748,10.51546689],[92.76293211,10.51853376],[92.76384713,10.5216155],[92.76471229,10.5247113],[92.76552739,10.52782038],[92.7662922,10.53094195],[92.76666201,10.53250575],[92.76747958,10.53609176],[92.76797483,10.53838862],[92.76891098,10.54299316],[92.76935756,10.54533255],[92.76971434,10.54746446],[92.77039145,10.55179902],[92.77097286,10.55614715],[92.77145828,10.5605068],[92.77184748,10.56487589],[92.77214027,10.56925234],[92.77233651,10.57363406],[92.77252498,10.57739532],[92.773611,10.5792892],[92.7755626,10.5827879],[92.77744357,10.58632428],[92.77925317,10.58989694],[92.78099068,10.59350446],[92.78265542,10.59714544],[92.78428917,10.60092222],[92.78589205,10.60484737],[92.78683184,10.6072359],[92.78746912,10.60891874],[92.78778927,10.60977597],[92.78876516,10.61255145],[92.7906543,10.61818825],[92.79237438,10.62387777],[92.7939239,10.62961506],[92.79465584,10.63249503],[92.79524098,10.63495013],[92.79585891,10.63771672],[92.79701573,10.64326603],[92.79756035,10.64608077],[92.7979172,10.64821235],[92.79859456,10.65254687],[92.79917619,10.65689498],[92.7996618,10.6612546],[92.80005115,10.66562366],[92.80034407,10.67000008],[92.8005404,10.67438177],[92.80064256,10.6788296],[92.80103618,10.68325688],[92.80132912,10.6876333],[92.80152547,10.69201499],[92.80162513,10.69639987],[92.80165079,10.69862596],[92.80163971,10.7001435],[92.80159341,10.70324445],[92.80155817,10.70479474],[92.80142598,10.70912318],[92.80135449,10.71092725],[92.80117874,10.71453384],[92.80093753,10.71813673],[92.80063092,10.72173475],[92.80025901,10.72532674],[92.79982192,10.72891155],[92.79931979,10.73248801],[92.79875278,10.73605498],[92.79844735,10.7378681],[92.79802045,10.74011662],[92.79710207,10.74466748],[92.79607769,10.74919616],[92.79494784,10.75370025],[92.79435661,10.75594583],[92.79349885,10.75905605],[92.79292854,10.7610433],[92.7917467,10.76500578],[92.79123262,10.76660731],[92.7913221,10.767989],[92.79147683,10.77116583],[92.79158071,10.77434467],[92.79163373,10.77752475],[92.79164754,10.77914836],[92.79160798,10.78198595],[92.79144598,10.78772558],[92.79132352,10.79059424],[92.79088649,10.79823879],[92.79067437,10.80118182],[92.79016284,10.80706049],[92.78947701,10.81292178],[92.7889989,10.81616954],[92.79096286,10.81907186],[92.79334871,10.82276961],[92.79565245,10.82651791],[92.79679846,10.82842978],[92.79708355,10.82892997],[92.7988987,10.83041138],[92.79981403,10.83116411],[92.80164091,10.8327089],[92.80497789,10.8355993],[92.80825036,10.83856094],[92.81145677,10.84159241],[92.81459557,10.84469227],[92.81766529,10.84785905],[92.82066446,10.85109124],[92.82359164,10.8543873],[92.82505398,10.856071],[92.82644546,10.85774568],[92.82922455,10.86116477],[92.83192758,10.86464294],[92.83455326,10.86817856],[92.83710036,10.87176992],[92.83956765,10.87541533],[92.84195395,10.87911306],[92.84425813,10.88286134],[92.84540444,10.88477334],[92.84685041,10.88733248],[92.84969453,10.89254304],[92.85238227,10.89783409],[92.8549113,10.90320105],[92.85613586,10.90590292],[92.85639508,10.90649821],[92.85749784,10.90913287],[92.85962738,10.91443203],[92.86066521,10.91712652],[92.86139166,10.91916496],[92.86282089,10.92331723],[92.86415816,10.92749931],[92.86540284,10.93170922],[92.86655432,10.93594495],[92.86761205,10.9402045],[92.86857553,10.94448583],[92.8694443,10.94878691],[92.86986085,10.95097509],[92.87012948,10.95255057],[92.87065209,10.95577163],[92.87112175,10.95900065],[92.87153834,10.96223678],[92.87190175,10.96547915],[92.87221187,10.96872693],[92.87246863,10.97197925],[92.87267195,10.97523526],[92.87276024,10.97686407],[92.87291767,10.98028812],[92.8729955,10.98253462],[92.8731003,10.98702877],[92.8731273,10.98931045],[92.87311357,10.99099602],[92.87305638,10.99443472],[92.87295852,10.99731678],[92.87400835,10.99830879],[92.87714882,11.0014086],[92.88022018,11.00457532],[92.88329395,11.00788972],[92.88635861,11.01134625],[92.88787351,11.0130951],[92.89128739,11.01714309],[92.89266207,11.01880921],[92.89536424,11.02215662],[92.8979937,11.02556009],[92.90054925,11.02901809],[92.90302974,11.03252904],[92.90543405,11.03609137],[92.90776107,11.03970345],[92.91000976,11.04336364],[92.91112951,11.04523139],[92.91220454,11.04711603],[92.91434241,11.05095999],[92.91639494,11.05484909],[92.91836116,11.05878149],[92.92024011,11.0627553],[92.9220309,11.06676864],[92.92373269,11.07081961],[92.92534464,11.07490627],[92.9261393,11.07698871],[92.92686601,11.07902669],[92.92829605,11.08317889],[92.92963408,11.08736092],[92.93087947,11.09157077],[92.93203161,11.09580645],[92.93308996,11.10006594],[92.934054,11.10434722],[92.93492328,11.10864824],[92.93534017,11.11083689],[92.93569738,11.11296697],[92.93637592,11.11730134],[92.93695857,11.12164929],[92.93744506,11.12600877],[92.93783516,11.13037768],[92.93812866,11.13475396],[92.93832542,11.13913552],[92.93842536,11.14352027],[92.93845113,11.14574771],[92.93842841,11.14790613],[92.93833457,11.15229101],[92.93814388,11.15667283],[92.93785643,11.16104949],[92.93747234,11.16541892],[92.93699181,11.16977903],[92.93641504,11.17412775],[92.93574232,11.17846301],[92.93537604,11.18066053],[92.93497396,11.18278274],[92.93411032,11.1870849],[92.9331518,11.19136742],[92.93209887,11.19562828],[92.93095201,11.19986543],[92.92971177,11.20407687],[92.92837873,11.20826059],[92.92695353,11.2124146],[92.92620672,11.21451446],[92.92543684,11.21653691],[92.92382938,11.22062557],[92.92213191,11.22467862],[92.92034524,11.22869414],[92.91847021,11.23267022],[92.91650771,11.23660495],[92.91445868,11.24049648],[92.91305834,11.24301983],[92.91460171,11.24693014],[92.91539704,11.24901303],[92.91612401,11.25105049],[92.91755494,11.25520264],[92.9188938,11.2593846],[92.92013997,11.26359439],[92.92129283,11.26783001],[92.92235185,11.27208944],[92.92331651,11.27637066],[92.92418635,11.28067162],[92.9246036,11.28286077],[92.92496095,11.28499029],[92.92563994,11.28932461],[92.92622299,11.29367251],[92.92670981,11.29803192],[92.92710018,11.30240078],[92.92739391,11.30677701],[92.92759084,11.31115851],[92.92769088,11.31554321],[92.92771669,11.31777117],[92.92768968,11.32012103],[92.9276473,11.32193707],[92.92770328,11.32318261],[92.92780333,11.3275673],[92.92782914,11.3297953],[92.9277997,11.33224745],[92.9276785,11.33722049],[92.92758672,11.33970627],[92.92748176,11.34182731],[92.92739168,11.34339597],[92.92718668,11.34653172],[92.92693203,11.34966392],[92.9266278,11.35279181],[92.92627406,11.35591463],[92.92587089,11.35903161],[92.92541839,11.36214199],[92.92491667,11.36524501],[92.92464744,11.36682867],[92.92424523,11.36895029],[92.92338108,11.3732524],[92.922422,11.37753488],[92.92136843,11.38179569],[92.92022088,11.38603281],[92.91897989,11.39024421],[92.91764604,11.39442789],[92.91621997,11.39858186],[92.91547251,11.40068223],[92.91470235,11.40270414],[92.91309389,11.40679276],[92.91139537,11.41084578],[92.90960759,11.41486127],[92.90773139,11.41883732],[92.90703316,11.42059043],[92.90748397,11.421504],[92.90953921,11.42539297],[92.91150801,11.42932522],[92.91338945,11.4332989],[92.91518263,11.4373121],[92.91688667,11.44136293],[92.91850079,11.44544946],[92.91929689,11.44753287],[92.92002419,11.44956974],[92.92145615,11.45372181],[92.922796,11.4579037],[92.92404308,11.46211342],[92.92519679,11.46634897],[92.9262566,11.47060833],[92.92722198,11.47488948],[92.92809247,11.47919037],[92.92851015,11.4813801],[92.92886766,11.48350897],[92.92954718,11.48784322],[92.93013068,11.49219106],[92.93050314,11.49552352],[92.93068905,11.49614785],[92.93128014,11.49821405],[92.93141696,11.49871261],[92.93198565,11.50088038],[92.93307396,11.50522787],[92.93406385,11.50959818],[92.93482383,11.51334356],[92.935126,11.51414226],[92.9353981,11.51487004],[92.9361255,11.5169067],[92.93755783,11.52105875],[92.938898,11.52524061],[92.9401454,11.52945031],[92.94060413,11.53126358],[92.94210524,11.53483073],[92.94371991,11.53891722],[92.94451639,11.54100088],[92.94524384,11.54303747],[92.9466763,11.5471895],[92.94801661,11.55137136],[92.94926412,11.55558105],[92.95041824,11.55981656],[92.95147842,11.56407589],[92.95244415,11.568357],[92.95331496,11.57265787],[92.95373284,11.57484786],[92.95409043,11.57697643],[92.95477019,11.58131065],[92.95535392,11.58565846],[92.95584133,11.59001778],[92.95623218,11.59438654],[92.95652628,11.59876267],[92.9567235,11.60314409],[92.95671359,11.60538556],[92.95709252,11.60651303],[92.95795889,11.6087703],[92.95839702,11.60993343],[92.95912458,11.61196981],[92.96039768,11.61570316],[92.9635194,11.61357363],[92.9666946,11.61149749],[92.96990855,11.60948016],[92.97152506,11.60848629],[92.97198133,11.60821156],[92.9730756,11.60756192],[92.97527229,11.6062762],[92.97635873,11.60564921],[92.97831349,11.60456508],[92.98221431,11.60245693],[92.9861608,11.60043313],[92.99015107,11.59849462],[92.99418323,11.59664235],[92.99825537,11.59487717],[93.00236554,11.59319995],[93.00651179,11.59161146],[93.00858183,11.59084374],[93.01069216,11.59011247],[93.01490466,11.58870368],[93.01914729,11.58738577],[93.02341803,11.58615937],[93.03315696,11.58386729],[93.0340523,11.58366062],[93.03680958,11.58305307],[93.03917107,11.58256157],[93.04075582,11.58225099],[93.04268206,11.58189242],[93.04571792,11.58135718],[93.04845018,11.58091638],[93.05137346,11.5804849],[93.05230121,11.58035226],[93.05365846,11.58016448],[93.05586416,11.57988346],[93.05815622,11.57961644],[93.05998504,11.57941985],[93.06211441,11.57921009],[93.06432965,11.57901589],[93.06586357,11.57889802],[93.0676989,11.57877339],[93.07060312,11.5786021],[93.07289755,11.57849232],[93.07366622,11.57846409],[93.07541671,11.57841464],[93.07909476,11.57834186],[93.08114171,11.5783216],[93.08341727,11.57834664],[93.08796504,11.57844668],[93.09260328,11.5786529],[93.09714164,11.57895684],[93.10025433,11.57921254],[93.10164493,11.57934795],[93.10286792,11.57947437],[93.10569958,11.57978411],[93.10790607,11.58004948],[93.10929026,11.58023107],[93.11139343,11.58052898],[93.11441006,11.58098794],[93.11658086,11.58134189],[93.11777473,11.58154985],[93.11991476,11.5819459],[93.12310999,11.58257209],[93.12528106,11.58302182],[93.12644002,11.58327489],[93.1286118,11.58377375],[93.13178228,11.5845381],[93.13392943,11.58508018],[93.13506916,11.58538097],[93.13721883,11.58597321],[93.14036048,11.58687538],[93.1411542,11.58710675],[93.14227266,11.58743766],[93.14599041,11.58861451],[93.14909537,11.58966242],[93.15018944,11.59003852],[93.15108123,11.59035068],[93.15508503,11.5917337],[93.15623398,11.5921382],[93.15934362,11.59331068],[93.1624128,11.5945826],[93.16648493,11.59634778],[93.17051709,11.59820005],[93.17450736,11.60013856],[93.17845384,11.60216236],[93.18235466,11.60427051],[93.18430942,11.60535464],[93.18677442,11.6068031],[93.19169362,11.60978684],[93.19413183,11.61131302],[93.19531195,11.61207503],[93.19780109,11.61373443],[93.2027288,11.61712476],[93.20755316,11.62065669],[93.21226997,11.62432715],[93.21461919,11.62621165],[93.21629007,11.6276237],[93.2196363,11.63051384],[93.22291785,11.63347521],[93.22613315,11.6365064],[93.22928068,11.63960599],[93.23235894,11.64277249],[93.23536646,11.64600439],[93.23830181,11.64930018],[93.23976949,11.65098521],[93.2411636,11.65265826],[93.24395045,11.65607706],[93.24666105,11.65955495],[93.2492941,11.66309027],[93.25184835,11.66668133],[93.25432258,11.67032645],[93.25671561,11.67402388],[93.25902631,11.67777186],[93.26017696,11.6796856],[93.26097844,11.68107833],[93.26258996,11.68393137],[93.26338398,11.68536432],[93.26579059,11.68979252],[93.26663151,11.69137335],[93.26828477,11.69454947],[93.26988058,11.69775401],[93.27141845,11.70098597],[93.27289788,11.70424431],[93.27431841,11.70752803],[93.27567959,11.71083608],[93.27698098,11.71416742],[93.2776286,11.715871],[93.27835634,11.71790706],[93.27978974,11.72205903],[93.28113094,11.72624083],[93.28237928,11.73045045],[93.28353417,11.7346859],[93.28459505,11.73894516],[93.28556143,11.74322622],[93.28643283,11.74752702],[93.28685109,11.74971752],[93.28727863,11.752297],[93.28807634,11.75753715],[93.28873364,11.76279619],[93.28925006,11.76807048],[93.289473,11.77071097],[93.28976317,11.77479915],[93.28987092,11.77653223],[93.29005604,11.77999998],[93.29018034,11.78347035],[93.29024378,11.78694233],[93.2902603,11.78871515],[93.29023762,11.79087143],[93.29014375,11.79525612],[93.28995281,11.79963775],[93.28966489,11.80401424],[93.28928011,11.80838349],[93.28879867,11.81274343],[93.28822077,11.81709198],[93.2875467,11.82142708],[93.28717932,11.8236265],[93.28677677,11.82574665],[93.28591134,11.83004865],[93.28495082,11.83433102],[93.28389566,11.83859173],[93.28274636,11.84282874],[93.28150346,11.84704005],[93.28016756,11.85122363],[93.27873927,11.85537751],[93.27799018,11.85747912],[93.27721929,11.8594997],[93.27560832,11.86358823],[93.27402714,11.86735528],[93.27394022,11.86796518],[93.27339337,11.87137562],[93.27309872,11.87311417],[93.27269612,11.87523417],[93.27183055,11.87953615],[93.27086987,11.88381851],[93.26981453,11.88807921],[93.26866504,11.89231621],[93.26742193,11.8965275],[93.2660858,11.90071108],[93.26465727,11.90486494],[93.263908,11.90696669],[93.26328923,11.9085985],[93.26199794,11.91191586],[93.26064728,11.91521023],[93.25923769,11.91848057],[93.25776959,11.92172585],[93.25702541,11.92335403],[93.25654602,11.92759552],[93.25598504,11.93175392],[93.25533604,11.93589989],[93.25498317,11.93800539],[93.25479962,11.9390031],[93.25440874,11.94106822],[93.25420783,11.94209977],[93.25409462,11.94266502],[93.25369686,11.94455523],[93.25286454,11.94832777],[93.25195877,11.95208389],[93.25097989,11.95582217],[93.24992825,11.95954126],[93.24880424,11.96323977],[93.24753808,11.96711868],[93.24886769,11.96911495],[93.25150376,11.97265015],[93.25406094,11.9762411],[93.25653801,11.9798861],[93.25893379,11.9835834],[93.26124715,11.98733127],[93.26239957,11.98924569],[93.26347697,11.9911279],[93.26376641,11.99164649],[93.26459521,11.99249791],[93.2676066,11.99572969],[93.27054574,11.99902535],[93.27201586,12.00071097],[93.27341122,12.0023833],[93.27620167,12.00580197],[93.27891578,12.00927972],[93.28155225,12.01281491],[93.28207452,12.0135482],[93.28390422,12.01578973],[93.28661843,12.01926748],[93.289255,12.02280266],[93.29181266,12.02639359],[93.2942902,12.03003857],[93.29668644,12.03373586],[93.29900023,12.0374837],[93.30015294,12.03939823],[93.30123047,12.04128031],[93.30337611,12.0451239],[93.30543611,12.04901262],[93.30740949,12.05294463],[93.3092953,12.05691807],[93.31109266,12.06093103],[93.3128007,12.06498163],[93.3144186,12.06906791],[93.31521723,12.07115297],[93.31594559,12.07318796],[93.31738094,12.0773398],[93.31872397,12.08152145],[93.31997402,12.08573095],[93.32113051,12.08996626],[93.32219287,12.0942254],[93.3231606,12.09850632],[93.32403323,12.102807],[93.32445229,12.10499854],[93.32461224,12.10594864],[93.32481035,12.10712538],[93.32549157,12.11145941],[93.32607657,12.11580703],[93.32656507,12.12016618],[93.32695682,12.12453477],[93.32725165,12.12891072],[93.3274494,12.13329197],[93.32754997,12.13767641],[93.32757597,12.13990686],[93.32755331,12.14206197],[93.32745942,12.14644655],[93.32726833,12.15082808],[93.32698013,12.15520446],[93.32659496,12.15957361],[93.32611299,12.16393345],[93.32553444,12.1682819],[93.32485959,12.17261691],[93.32449159,12.17481737],[93.32408876,12.17693639],[93.32322231,12.1812383],[93.32226063,12.18552059],[93.3212042,12.18978121],[93.32005347,12.19401825],[93.31965341,12.19537209],[93.31869288,12.19890877],[93.31744844,12.20311999],[93.31547332,12.20909925],[93.31435482,12.21215632],[93.31387445,12.21350306],[93.31256411,12.2170521],[93.31178645,12.2190883],[93.31155628,12.2196717],[93.31072783,12.22170552],[93.30964716,12.22427694],[93.31046144,12.23275006],[93.31065842,12.23509144],[93.31099671,12.23977812],[93.31122355,12.24447129],[93.31133881,12.2491684],[93.31136856,12.25155566],[93.3113459,12.25371039],[93.311252,12.25809494],[93.31106087,12.26247643],[93.31077258,12.26685278],[93.31038728,12.2712219],[93.30990513,12.2755817],[93.30956144,12.27816402],[93.30941434,12.27983196],[93.30893219,12.28419176],[93.30835341,12.28854019],[93.3076783,12.29287516],[93.30731008,12.29507598],[93.30690715,12.29719461],[93.30604033,12.30149649],[93.30507826,12.30577874],[93.30402138,12.31003934],[93.30287019,12.31427624],[93.30162524,12.31848743],[93.30028712,12.32267092],[93.29885645,12.32682469],[93.29810561,12.32892758],[93.29708045,12.33158258],[93.29492736,12.33692964],[93.29261949,12.34221393],[93.29015871,12.34743113],[93.28889033,12.35002241],[93.28861059,12.35057357],[93.28791455,12.35191959],[93.28650195,12.35460119],[93.2850485,12.35726162],[93.28355454,12.35990027],[93.28278067,12.36124271],[93.28166243,12.36310182],[93.27935069,12.36685251],[93.27695621,12.3705527],[93.27448012,12.37420064],[93.2719236,12.37779459],[93.26928786,12.38133283],[93.26657416,12.38481368],[93.26602802,12.38548341],[93.26534582,12.387273],[93.2638732,12.39102349],[93.26232453,12.39474427],[93.26070043,12.39843386],[93.25900155,12.40209077],[93.25722857,12.40571355],[93.25538218,12.40930073],[93.25346313,12.41285089],[93.25248553,12.41461654],[93.25115733,12.41695925],[93.25079316,12.41759611],[93.25006012,12.41886722],[93.24967437,12.41953024],[93.24855597,12.42138921],[93.24624373,12.42513988],[93.24384872,12.42884007],[93.2413721,12.432488],[93.23881502,12.43608194],[93.2361787,12.43962017],[93.23346441,12.44310101],[93.23067343,12.4465228],[93.2292397,12.44824125],[93.22780708,12.44988391],[93.22486674,12.45318274],[93.22185379,12.45641771],[93.21876968,12.45958729],[93.21561586,12.46268995],[93.21239385,12.46572423],[93.20910517,12.46868867],[93.2057514,12.47158187],[93.20403919,12.47302634],[93.20233412,12.47440244],[93.19885496,12.47714904],[93.19531559,12.47982035],[93.19171768,12.48241511],[93.18806296,12.48493208],[93.18435316,12.48737006],[93.18059005,12.48972789],[93.17677542,12.49200443],[93.17520602,12.49291793],[93.17535993,12.49365963],[93.17586156,12.49625001],[93.17622458,12.49840479],[93.17691481,12.50279734],[93.17750605,12.5072038],[93.17799801,12.51162203],[93.17821914,12.51383379],[93.17920352,12.52494],[93.17937094,12.52709708],[93.17965849,12.53141432],[93.1798514,12.53573664],[93.1799496,12.54006203],[93.17997502,12.54226423],[93.17995238,12.54441798],[93.17985846,12.54880244],[93.1796672,12.55318384],[93.17937867,12.5575601],[93.17899302,12.56192913],[93.17851043,12.56628885],[93.17793111,12.57063719],[93.17725534,12.57497208],[93.17685686,12.57733823],[93.17665937,12.57841938],[93.17522869,12.58609239],[93.17482155,12.58815359],[93.17396352,12.5922672],[93.17301817,12.5963623],[93.1719859,12.60043711],[93.17086716,12.60448984],[93.16966245,12.60851874],[93.16835593,12.61256924],[93.16694687,12.61663681],[93.16621433,12.61867892],[93.16490506,12.62219866],[93.16618893,12.62489761],[93.1679903,12.62891035],[93.16970216,12.63296072],[93.17132369,12.63704678],[93.17212472,12.63913333],[93.17284084,12.64112829],[93.17425456,12.64520274],[93.17557916,12.64930598],[93.17681403,12.65343612],[93.17740896,12.65550767],[93.17791728,12.65735301],[93.17848671,12.65951522],[93.17957654,12.66385153],[93.18056803,12.66821055],[93.18146067,12.67259011],[93.18188912,12.67482305],[93.18224772,12.67694801],[93.18293058,12.68128184],[93.18351701,12.68562926],[93.18400673,12.6899882],[93.1843995,12.6943566],[93.18469513,12.69873236],[93.18489347,12.70311341],[93.18499442,12.70749767],[93.18502057,12.70972985],[93.18499793,12.71188304],[93.184904,12.71626745],[93.18471266,12.72064879],[93.18442399,12.725025],[93.18403814,12.72939398],[93.18355528,12.73375365],[93.18297563,12.73810195],[93.18229946,12.74243679],[93.18193042,12.74463895],[93.1815271,12.74675612],[93.18065891,12.75105788],[93.17969529,12.75534002],[93.1786367,12.7596005],[93.17748363,12.76383729],[93.17623664,12.76804838],[93.17489631,12.77223176],[93.17346327,12.77638543],[93.17271071,12.77848955],[93.17242395,12.77925406],[93.17181765,12.78085047],[93.17151105,12.7816474],[93.16826175,12.78998587],[93.16752267,12.79182787],[93.16600764,12.79549725],[93.16441922,12.79913663],[93.16389067,12.80028459],[93.16326849,12.80222629],[93.16183529,12.80637996],[93.16108262,12.80848415],[93.16031005,12.81050194],[93.1586935,12.81459028],[93.15838134,12.81533137],[93.15822481,12.81888344],[93.15798868,12.82262442],[93.15768149,12.82636043],[93.15739208,12.82921506],[93.15891536,12.83167457],[93.16007278,12.83359085],[93.16115256,12.83547087],[93.16330489,12.83931413],[93.16537134,12.84320253],[93.16735091,12.84713423],[93.16924266,12.85110734],[93.17104568,12.85511999],[93.17275912,12.85917027],[93.17438215,12.86325624],[93.17518415,12.86534338],[93.175914,12.86737597],[93.17735393,12.8715275],[93.17870126,12.87570885],[93.17995534,12.87991803],[93.18111557,12.88415305],[93.18218139,12.88841188],[93.18284865,12.89135373],[93.18413494,12.89528011],[93.1866583,12.89981901],[93.18901807,12.90433334],[93.18965721,12.90563597],[93.1900517,12.90637809],[93.19203178,12.91030976],[93.19392402,12.91428285],[93.19572751,12.91829547],[93.19744139,12.92234572],[93.19906485,12.92643167],[93.19986713,12.92851898],[93.2005971,12.93055137],[93.20203741,12.93470287],[93.20338509,12.9388842],[93.20463951,12.94309336],[93.20580004,12.94732835],[93.20686615,12.95158715],[93.20783732,12.95586775],[93.20871307,12.96016811],[93.20913411,12.96236216],[93.209493,12.96448617],[93.21017671,12.96881989],[93.21060374,12.97198152],[93.21108915,12.97284779],[93.21315673,12.97673614],[93.21513738,12.98066778],[93.21703016,12.98464084],[93.21883418,12.98865343],[93.22054856,12.99270366],[93.22217248,12.99678957],[93.22297507,12.99887707],[93.22370518,13.00090925],[93.22514592,13.00506072],[93.226494,13.00924202],[93.22774878,13.01345115],[93.22890966,13.01768611],[93.22997609,13.02194489],[93.23094755,13.02622546],[93.23182357,13.03052579],[93.23224478,13.03272005],[93.23260373,13.03484383],[93.23328766,13.03917752],[93.23387503,13.04352481],[93.23436554,13.04788362],[93.23475897,13.05225189],[93.23505512,13.05662753],[93.23525384,13.06100846],[93.23535504,13.06539259],[93.23538128,13.06762586],[93.23535803,13.06980713],[93.23526149,13.07424995],[93.23518817,13.07647083],[93.23509934,13.07847563],[93.23501327,13.08011071],[93.23481398,13.08337928],[93.2345604,13.08664423],[93.23425259,13.08990469],[93.23389064,13.09315981],[93.23347463,13.09640871],[93.23300468,13.09965054],[93.2324809,13.10288444],[93.2321985,13.10453877],[93.23179485,13.10665477],[93.23138628,13.10867646],[93.23298514,13.11101833],[93.23539145,13.11471475],[93.237715,13.11846171],[93.2388753,13.12038042],[93.23995467,13.12225743],[93.24210942,13.12610012],[93.24417819,13.12998793],[93.24616002,13.13391905],[93.24805393,13.13789156],[93.24985906,13.14190362],[93.2515745,13.14595329],[93.25319947,13.15003867],[93.25400421,13.15213026],[93.25473317,13.15415779],[93.25617488,13.15830873],[93.25752389,13.16248947],[93.25877958,13.16669807],[93.25982136,13.17045883],[93.26092019,13.17475296],[93.2620993,13.17993771],[93.26294943,13.18420383],[93.26328526,13.18597312],[93.26364437,13.1880964],[93.26432877,13.19243003],[93.26491654,13.19677726],[93.2654074,13.20113602],[93.26580112,13.20550423],[93.26609749,13.20987981],[93.26629639,13.21426069],[93.26638929,13.21828104],[93.26720647,13.22009688],[93.26892251,13.224147],[93.27054801,13.22823283],[93.27135163,13.23032093],[93.27229926,13.2329841],[93.27414299,13.23840912],[93.2750255,13.24113448],[93.27556656,13.24289169],[93.27639536,13.24573383],[93.27796735,13.25144078],[93.27939525,13.25732179],[93.2806785,13.26041561],[93.28230426,13.26450142],[93.28310803,13.26658961],[93.28383868,13.26862098],[93.28528105,13.27277235],[93.28663066,13.27695353],[93.28788688,13.28116256],[93.28904909,13.28539741],[93.29011675,13.28965608],[93.29108934,13.29393655],[93.29196638,13.29823678],[93.29238824,13.30043181],[93.2924854,13.30097903],[93.29269071,13.30215454],[93.29279159,13.3027426],[93.29290682,13.30342677],[93.29322549,13.30544645],[93.29382086,13.30949175],[93.29433214,13.31354806],[93.29475911,13.31761372],[93.29510161,13.32168703],[93.29535947,13.32576632],[93.29553259,13.3298499],[93.2956209,13.33393608],[93.29564386,13.33602114],[93.29562126,13.33817221],[93.29552727,13.34255641],[93.29533563,13.34693755],[93.29504641,13.35131355],[93.29466238,13.35565277],[93.29599387,13.35899766],[93.29679807,13.36108611],[93.29752892,13.36311719],[93.29897187,13.36726851],[93.30032203,13.37144966],[93.30157876,13.37565864],[93.30274145,13.37989346],[93.30380955,13.3841521],[93.30478254,13.38843253],[93.30565995,13.39273271],[93.30608204,13.39492803],[93.30644137,13.39705061],[93.30712641,13.40138417],[93.30771474,13.40573132],[93.30820609,13.41009],[93.3086002,13.41445813],[93.30889689,13.41883364],[93.30909601,13.42321444],[93.30919746,13.42759845],[93.30922379,13.42983282],[93.30920119,13.43198358],[93.30910719,13.43636774],[93.3089155,13.44074885],[93.3086262,13.44512483],[93.30823943,13.44949358],[93.30775537,13.45385304],[93.30717424,13.45820111],[93.30649631,13.46253575],[93.30640642,13.46309978],[93.30555806,13.46832529],[93.30527758,13.46996521],[93.30451648,13.47376848],[93.30360609,13.47754021],[93.3022865,13.48257142],[93.30159348,13.48507868],[93.30034775,13.48936484],[93.29983234,13.49108007],[93.29877038,13.4945013],[93.29764637,13.4979035],[93.29646066,13.50128559],[93.29583869,13.50300848],[93.29506477,13.50502422],[93.29344383,13.50911241],[93.29173208,13.51316501],[93.28993033,13.51718009],[93.28803944,13.52115575],[93.2860603,13.52509007],[93.28493409,13.52703092],[93.28393952,13.52895385],[93.28288916,13.53093071],[93.28182836,13.53282016],[93.28072466,13.53477028],[93.28010266,13.53578733],[93.27881928,13.53788346],[93.27829427,13.53872801],[93.27769032,13.53965545],[93.27664591,13.54124046],[93.27599383,13.54221987],[93.27464649,13.54447335],[93.27251704,13.54762043],[93.27032751,13.55072782],[93.26807868,13.55379442],[93.26577133,13.55681915],[93.26340628,13.55980094],[93.26289389,13.56042247],[93.262916,13.56229728],[93.26288737,13.56471235],[93.26276877,13.5696256],[93.26269286,13.57169689],[93.26267877,13.5720815],[93.2624722,13.57628259],[93.26238203,13.57785842],[93.26217641,13.58100851],[93.26192024,13.58415504],[93.26172315,13.5862106],[93.26307734,13.59039954],[93.26433527,13.59460843],[93.26549908,13.59884316],[93.26656821,13.6031017],[93.26755742,13.60745698],[93.26846187,13.61190282],[93.26889108,13.61414566],[93.26948128,13.6174582],[93.26983731,13.61959243],[93.27050027,13.62385454],[93.27106964,13.62812957],[93.27154516,13.63241556],[93.27192659,13.63671053],[93.27221376,13.64101252],[93.27240653,13.64531953],[93.27250481,13.6496296],[93.27253034,13.6518277],[93.27250775,13.6539777],[93.27241373,13.65836178],[93.27222192,13.66274282],[93.27193242,13.66711872],[93.27154535,13.6714874],[93.27106091,13.67584679],[93.2704793,13.6801948],[93.2698008,13.68452936],[93.26942994,13.68673432],[93.26902573,13.68884842],[93.26815446,13.69314991],[93.26718739,13.69743179],[93.26612498,13.70169202],[93.26496773,13.70592856],[93.26371619,13.71013941],[93.26237094,13.71432256],[93.26093263,13.71847601],[93.26017629,13.72058269],[93.25940192,13.72259778],[93.25777956,13.72668592],[93.2560663,13.73073847],[93.25426295,13.73475351],[93.25237038,13.73872911],[93.25038948,13.7426634],[93.24832118,13.74655448],[93.24616647,13.75040052],[93.24504877,13.75234403],[93.24392638,13.75419967],[93.24160196,13.75795012],[93.23919432,13.7616501],[93.2367046,13.76529782],[93.23413399,13.76889157],[93.2314837,13.77242961],[93.228755,13.77591028],[93.22709509,13.7779345],[93.24102843,13.77163132],[93.47786271,13.664492],[93.47790302,13.66322217],[93.47802332,13.65737664],[93.47804489,13.65595285],[93.47807254,13.65310509],[93.4780787,13.65175678],[93.47806906,13.650272],[93.47806863,13.6502062],[93.47803203,13.64725654],[93.47800543,13.64578181],[93.47786942,13.64003519],[93.47776992,13.63716261],[93.47750794,13.63142015],[93.47734547,13.62855031],[93.47695765,13.62281467],[93.47673231,13.6199489],[93.47621884,13.6142227],[93.47593073,13.61136231],[93.47529186,13.6056482],[93.47512288,13.60427335],[93.47655472,13.60125795],[93.47778407,13.59859318],[93.48018299,13.59323799],[93.48135255,13.59054759],[93.48363131,13.58514245],[93.48474051,13.58242773],[93.48689804,13.57697521],[93.48741727,13.57564193],[93.48844119,13.57296999],[93.48892135,13.57169743],[93.48936819,13.57047608],[93.49020197,13.56816179],[93.49061344,13.56700279],[93.49219114,13.56249215],[93.49295947,13.56022998],[93.49445482,13.55569259],[93.49518185,13.55341739],[93.49659439,13.54885468],[93.49694234,13.54771244],[93.49762784,13.54542495],[93.49796539,13.54427972],[93.49920786,13.53999262],[93.49967964,13.53832369],[93.50060112,13.53497999],[93.5010508,13.53330524],[93.50280504,13.52659561],[93.50343372,13.52409081],[93.50464166,13.51906978],[93.50575056,13.51402694],[93.50676004,13.50896413],[93.50727043,13.50625524],[93.50749724,13.50496514],[93.50872703,13.49783258],[93.50890523,13.49677282],[93.50925296,13.4946519],[93.50942248,13.49359078],[93.51032162,13.48781058],[93.51073895,13.48491569],[93.51150897,13.47911767],[93.51186165,13.47621456],[93.51250219,13.47040146],[93.51279006,13.46749151],[93.51330084,13.46166612],[93.51352376,13.45875072],[93.51390454,13.4529158],[93.51406242,13.44999633],[93.51431304,13.44415467],[93.5144058,13.44123251],[93.51452617,13.43538689],[93.51454776,13.43396243],[93.51457547,13.43111335],[93.51458166,13.4297631],[93.51457133,13.42818977],[93.51453367,13.42519205],[93.51450628,13.4236933],[93.51436605,13.41784809],[93.51426337,13.41492625],[93.51399293,13.40908543],[93.51382517,13.40616647],[93.51342466,13.4003328],[93.51319192,13.39741812],[93.51266155,13.39159439],[93.51236394,13.38868537],[93.51170398,13.38287434],[93.51134164,13.37997237],[93.51055241,13.37417681],[93.51012553,13.37128326],[93.50920742,13.36550594],[93.50897599,13.36409885],[93.50849785,13.36128712],[93.50826417,13.35995443],[93.50797536,13.35840864],[93.50740696,13.355464],[93.50711437,13.35399326],[93.50593992,13.34826061],[93.50532079,13.34540058],[93.504019,13.33969437],[93.50333635,13.33684823],[93.50190784,13.33117118],[93.501162,13.32834029],[93.50078161,13.32695892],[93.50073388,13.32483298],[93.50064443,13.32210954],[93.50040903,13.31666498],[93.50026307,13.31394388],[93.4999147,13.30850513],[93.49971229,13.3057875],[93.49925111,13.3003568],[93.49899234,13.29764376],[93.49841855,13.29222336],[93.49810353,13.28951603],[93.49741738,13.28410817],[93.49704626,13.28140767],[93.49624804,13.27601459],[93.49604149,13.27466726],[93.49561441,13.27197469],[93.49539389,13.27062947],[93.49524462,13.26974936],[93.49504192,13.26857341],[93.49470136,13.26663239],[93.49451748,13.26560062],[93.49420342,13.26391343],[93.49363538,13.26096929],[93.49334297,13.2594988],[93.49216904,13.2537661],[93.49155019,13.25090603],[93.49024897,13.24519977],[93.48956662,13.2423536],[93.48813874,13.23667649],[93.48739322,13.23384557],[93.48583936,13.2282003],[93.48503104,13.22538598],[93.48335197,13.21977525],[93.48248123,13.21697886],[93.48067775,13.21140532],[93.47974501,13.2086282],[93.47781799,13.20309451],[93.47734029,13.20174624],[93.47637028,13.19905472],[93.4759021,13.19777631],[93.47532624,13.19625711],[93.4747612,13.19423219],[93.47422146,13.19233387],[93.47311359,13.18854519],[93.47283307,13.187599],[93.47226494,13.18570866],[93.47197733,13.18476451],[93.47143499,13.18300772],[93.47115006,13.18209644],[93.4705736,13.18027589],[93.47028207,13.17936662],[93.46910281,13.17573371],[93.4688512,13.17497722],[93.46873171,13.1739239],[93.46836976,13.17102187],[93.46758136,13.1652262],[93.46715492,13.16233259],[93.46623776,13.15655515],[93.46600646,13.15514745],[93.4655286,13.1523345],[93.46529483,13.15100003],[93.46504726,13.14966766],[93.4645654,13.14714669],[93.46431833,13.14588734],[93.46317144,13.1401887],[93.46246027,13.13687583],[93.46095281,13.13026873],[93.46015654,13.12697452],[93.45869777,13.12126196],[93.45800748,13.11866905],[93.4565742,13.11349724],[93.4558312,13.11091837],[93.4541529,13.10530803],[93.45328258,13.10251186],[93.45147995,13.09693873],[93.45054767,13.09416182],[93.44862157,13.08862853],[93.44814472,13.08728205],[93.44717643,13.0845941],[93.44670892,13.08331689],[93.44615282,13.08184826],[93.44507249,13.07904541],[93.44452434,13.07764695],[93.44235416,13.07220122],[93.44123882,13.06948997],[93.44043556,13.06757746],[93.4404254,13.06598782],[93.44038794,13.06299209],[93.44036068,13.06149435],[93.44022093,13.05564897],[93.44011854,13.05272704],[93.43984877,13.04688603],[93.4396814,13.04396699],[93.43928176,13.03813313],[93.4390495,13.03521836],[93.43852019,13.02939444],[93.43822315,13.02648532],[93.43756443,13.02067411],[93.43720276,13.01777203],[93.43641497,13.01197628],[93.43598885,13.00908263],[93.43507237,13.00330509],[93.43484117,13.00189695],[93.4343635,12.99908311],[93.43412967,12.99774734],[93.43384189,12.99620452],[93.43327483,12.99326179],[93.43298293,12.991792],[93.43181047,12.98605914],[93.43119238,12.98319899],[93.42989277,12.97749257],[93.42921125,12.97464632],[93.4277851,12.96896904],[93.42704048,12.96613804],[93.4254885,12.96049261],[93.42468114,12.9576782],[93.42300407,12.9520673],[93.42213436,12.94927083],[93.42033301,12.94369711],[93.41940138,12.9409199],[93.41747662,12.93538604],[93.41699923,12.93403704],[93.41602985,12.93134408],[93.41556146,12.9300636],[93.41500687,12.92859797],[93.41392901,12.92579953],[93.41338213,12.92440328],[93.41121339,12.91895697],[93.41009877,12.91624542],[93.40780957,12.91084678],[93.40731343,12.90971176],[93.40672698,12.90713589],[93.40604568,12.90428962],[93.40461998,12.89861229],[93.4038756,12.89578127],[93.4023241,12.89013579],[93.40151699,12.88732137],[93.39984044,12.88171042],[93.398971,12.87891392],[93.3971702,12.87334017],[93.39623885,12.87056293],[93.39431467,12.86502902],[93.39383737,12.86367984],[93.39286815,12.8609865],[93.3923997,12.85970548],[93.39184548,12.85824036],[93.39076807,12.85544226],[93.39022143,12.85404617],[93.38805334,12.84859981],[93.38693906,12.84588824],[93.38465054,12.84048955],[93.38347631,12.83780246],[93.38106847,12.83245401],[93.37978559,12.82968948],[93.37715637,12.82418963],[93.37624113,12.82233014],[93.37510774,12.81853591],[93.37482816,12.81763642],[93.37519284,12.81634928],[93.37672617,12.81069912],[93.3774614,12.80786584],[93.37886866,12.80218418],[93.37954069,12.79933583],[93.38082124,12.79362539],[93.38142976,12.79076332],[93.38258299,12.78502681],[93.38285688,12.7836251],[93.38338943,12.78081888],[93.38363587,12.77948272],[93.38390291,12.77793892],[93.38439575,12.77498529],[93.38463376,12.77350714],[93.38553082,12.76772669],[93.38594721,12.76483168],[93.38671553,12.7590334],[93.38706746,12.75613016],[93.38770668,12.7503168],[93.38799398,12.74740672],[93.38850383,12.74158105],[93.38872637,12.7386655],[93.3891066,12.73283029],[93.38926429,12.72991067],[93.38951474,12.72406871],[93.38960751,12.7211464],[93.38972807,12.71530046],[93.38974976,12.71387387],[93.38977765,12.7110205],[93.38978392,12.70966399],[93.38977375,12.70809676],[93.38973649,12.70510299],[93.38970934,12.70360622],[93.38957007,12.69776068],[93.38946796,12.69483866],[93.38919885,12.68899749],[93.38903185,12.68607835],[93.38863305,12.68024433],[93.38840125,12.67732946],[93.38787296,12.67150536],[93.38757647,12.66859615],[93.38691896,12.66278475],[93.38655793,12.65988258],[93.38577152,12.65408663],[93.38534614,12.65119288],[93.38443122,12.64541515],[93.38420024,12.64400596],[93.38372302,12.64119004],[93.38348903,12.63985126],[93.38319714,12.63828481],[93.38262055,12.635291],[93.3823236,12.63379571],[93.38112904,12.6279572],[93.38049876,12.62504448],[93.37917249,12.61923346],[93.37847652,12.6163352],[93.37805326,12.61425833],[93.37838923,12.6124123],[93.37866996,12.61080007],[93.37920037,12.60763641],[93.37945703,12.60604597],[93.38035363,12.60026547],[93.38076981,12.59737043],[93.38153775,12.59157209],[93.38188951,12.58866883],[93.38252845,12.58285541],[93.38268794,12.5812392],[93.38319875,12.58065949],[93.38509997,12.57847826],[93.38601018,12.57742301],[93.38701102,12.57623667],[93.38893076,12.57393426],[93.3898841,12.57277783],[93.39360439,12.56821329],[93.39543914,12.56591109],[93.39905698,12.56126784],[93.40084006,12.55892683],[93.40435374,12.5542071],[93.40608432,12.5518284],[93.40949216,12.54703442],[93.41116941,12.54461917],[93.4144698,12.53975324],[93.41609292,12.53730259],[93.4192843,12.53236703],[93.42085253,12.52988214],[93.42393338,12.5248793],[93.42468138,12.52364984],[93.42616396,12.52118309],[93.42686833,12.5199973],[93.42716014,12.51949773],[93.42768159,12.51860056],[93.42794143,12.51815148],[93.42903971,12.5162439],[93.42976743,12.51496972],[93.43121541,12.51241358],[93.43187257,12.51123927],[93.4331749,12.50888425],[93.43382005,12.50770354],[93.43637642,12.50296834],[93.43763047,12.50058818],[93.44008981,12.49580366],[93.4412951,12.49339932],[93.44365645,12.48856739],[93.4448125,12.48613984],[93.44577045,12.48407467],[93.44753867,12.48146713],[93.44916145,12.47901648],[93.45235214,12.47408092],[93.45392003,12.47159603],[93.45700022,12.46659319],[93.45774814,12.4653636],[93.45923055,12.46289661],[93.45993499,12.46171043],[93.46048782,12.46075952],[93.4615263,12.45895618],[93.46204198,12.45805255],[93.46403227,12.45453307],[93.46501393,12.452766],[93.46695012,12.44921751],[93.46790462,12.44743613],[93.46978627,12.44385945],[93.47025327,12.44296352],[93.4711804,12.44116823],[93.47151956,12.44029617],[93.47226569,12.44234121],[93.47270343,12.44334832],[93.4744711,12.44736961],[93.47537167,12.44937314],[93.47720607,12.45336548],[93.47813988,12.45535427],[93.4800405,12.4593166],[93.4810073,12.46129011],[93.48297365,12.46522136],[93.48397318,12.46717908],[93.48600473,12.4710782],[93.48703674,12.47301958],[93.48913295,12.47688553],[93.49019715,12.47881007],[93.49235748,12.48264182],[93.49291631,12.48362325],[93.49404236,12.4855815],[93.49463968,12.48660963],[93.49534409,12.48779564],[93.49682658,12.49026253],[93.49757453,12.49149207],[93.500655,12.49649491],[93.50222304,12.49897979],[93.50541402,12.50391535],[93.50703694,12.506366],[93.51033693,12.51123194],[93.51201397,12.51364719],[93.51542139,12.51844116],[93.51715175,12.52081986],[93.520665,12.5255396],[93.52244786,12.52788061],[93.52606525,12.53252385],[93.52789976,12.53482606],[93.53161959,12.53939059],[93.53257277,12.54054696],[93.53449217,12.54284926],[93.53549275,12.54403543],[93.53633961,12.54501809],[93.53811244,12.54705521],[93.53900403,12.54806941],[93.54266069,12.55218696],[93.54451042,12.5542274],[93.54825195,12.55827079],[93.55014372,12.56027372],[93.55396855,12.56424127],[93.55590159,12.56620586],[93.55980814,12.57009589],[93.56178163,12.57202132],[93.56576827,12.57583223],[93.5677814,12.57771769],[93.57184648,12.58144789],[93.57389841,12.5832926],[93.57804023,12.58694052],[93.57908047,12.58784734],[93.58117035,12.58965051],[93.58221995,12.59054684],[93.59121783,12.59815122],[93.5921042,12.59889602],[93.59359369,12.60014032],[93.5945529,12.60093668],[93.59539365,12.601627],[93.59679913,12.6027712],[93.59750382,12.60334097],[93.60039936,12.60566624],[93.60185526,12.6068191],[93.60478306,12.60910512],[93.60625494,12.61023826],[93.60921444,12.61248461],[93.61070204,12.61359781],[93.61369269,12.61580406],[93.61519572,12.6168971],[93.61821695,12.61906284],[93.61973513,12.62013552],[93.62278637,12.62226034],[93.62431941,12.62331246],[93.62740009,12.62539596],[93.62817209,12.62591424],[93.62971972,12.62694559],[93.63049532,12.62745866],[93.6344865,12.63007928],[93.63540892,12.63067963],[93.63725871,12.63187296],[93.63818607,12.63246593],[93.6419052,12.63482294],[93.64377452,12.63598661],[93.64753219,12.63828399],[93.64942052,12.6394177],[93.65321573,12.64165485],[93.65418184,12.64221903],[93.6561188,12.64333955],[93.65712,12.64391312],[93.6583674,12.6446122],[93.66093074,12.64603123],[93.6622163,12.64673395],[93.66743455,12.64955017],[93.67005934,12.65093029],[93.67533906,12.65363391],[93.67799397,12.65495739],[93.68333267,12.65754711],[93.68601642,12.65881332],[93.69141154,12.6612879],[93.69412286,12.66249624],[93.69957181,12.6648545],[93.70230941,12.66600439],[93.70780961,12.6682452],[93.71057217,12.66933609],[93.71612098,12.67145838],[93.71752233,12.67198564],[93.72033091,12.673025],[93.72176069,12.67354517],[93.72288258,12.67394089],[93.72517514,12.67473844],[93.72632323,12.67513218],[93.73096747,12.67670216],[93.7332968,12.6774666],[93.73796915,12.67895416],[93.74031215,12.67967726],[93.74501107,12.6810819],[93.74736698,12.68176343],[93.75209096,12.6830847],[93.75445901,12.68372444],[93.75920652,12.68496192],[93.76158594,12.68555965],[93.76635542,12.68671293],[93.76874544,12.68726847],[93.77353534,12.68833718],[93.77473408,12.68859906],[93.77713394,12.68911221],[93.77833505,12.68936348],[93.77926992,12.68955473],[93.78029217,12.68975986],[93.78233824,12.69016243],[93.78336205,12.69035986],[93.78746026,12.69113418],[93.78849153,12.69132498],[93.79055555,12.69169879],[93.79160032,12.69188387],[93.79305002,12.69212708],[93.79597611,12.69260202],[93.79744046,12.69283168],[93.80332637,12.69372253],[93.80627427,12.69413638],[93.81217862,12.69490076],[93.81513504,12.69525127],[93.82105502,12.69588881],[93.82401855,12.69617583],[93.82995132,12.69668623],[93.83292053,12.69690961],[93.83886327,12.69729262],[93.84183675,12.69745225],[93.8477866,12.69770769],[93.85076293,12.6978035],[93.85671704,12.69793125],[93.86111131,12.69795599],[93.86989841,12.69786637],[93.87429119,12.69775201],[93.88589927,12.69726578],[93.88880059,12.69711379],[93.89459931,12.69674912],[93.89749668,12.69653644],[93.90201848,12.6961569],[93.9035371,12.69602103],[93.90657272,12.6957326],[93.90808969,12.69558005],[93.91415359,12.69493654],[93.91718186,12.69458148],[93.92322955,12.69380492],[93.92624895,12.69338342],[93.93227741,12.6924742],[93.93377734,12.69223956],[93.93677448,12.69175387],[93.93825964,12.69150492],[93.93974246,12.69123977],[93.94268101,12.69069783],[93.94414875,12.69041894],[93.94998932,12.68927649],[93.95290323,12.68867394],[93.95871694,12.68740648],[93.96161672,12.68674157],[93.9674008,12.6853497],[93.97028507,12.68462274],[93.97603674,12.68310713],[93.97890412,12.68231848],[93.98462065,12.68067985],[93.98746977,12.67982988],[93.99314841,12.67806901],[93.99597791,12.67715813],[94.00161596,12.67527587],[94.0030117,12.6748016],[94.00579789,12.67383821],[94.00716575,12.67335718],[94.00859553,12.67283702],[94.0114041,12.67179765],[94.01280546,12.67127039],[94.01835426,12.6691481],[94.02111682,12.66805721],[94.02661701,12.6658164],[94.02935461,12.66466651],[94.03480356,12.66230826],[94.03751488,12.66109991],[94.04290999,12.65862534],[94.04559374,12.65735912],[94.05093243,12.65476941],[94.05358734,12.65344592],[94.05886706,12.6507423],[94.06149185,12.64936219],[94.06671009,12.64654596],[94.06799565,12.64584324],[94.07055899,12.64442421],[94.07180639,12.64372513],[94.07313647,12.6429607],[94.07572738,12.64145224],[94.07701858,12.640691],[94.0821064,12.63765364],[94.08463339,12.63610768],[94.08965234,12.63296191],[94.09214429,12.63136212],[94.09709199,12.62810944],[94.09954772,12.62645657],[94.1044218,12.62309853],[94.10684013,12.62139338],[94.11163827,12.61793159],[94.11401805,12.61617497],[94.11873796,12.61261108],[94.12107806,12.61080383],[94.12571749,12.60713954],[94.12685506,12.60623112],[94.1291202,12.60440229],[94.13021328,12.60351033],[94.13101689,12.60284239],[94.13255032,12.60155781],[94.13331461,12.60091275],[94.13629445,12.59837884],[94.13777503,12.59710131],[94.14071721,12.59452534],[94.14217881,12.59322692],[94.14508272,12.59060944],[94.14580628,12.58995248],[94.14724856,12.58863345],[94.14796725,12.58797139],[94.15605844,12.58046329],[94.15677946,12.57978928],[94.15821653,12.57843607],[94.15893253,12.57775689],[94.16178639,12.57502995],[94.16320317,12.57365625],[94.16601613,12.57088865],[94.1674123,12.56949477],[94.17018376,12.5666871],[94.17155903,12.56527334],[94.17428841,12.56242621],[94.17564249,12.56099286],[94.1783292,12.55810687],[94.17966181,12.55665425],[94.18230527,12.55373002],[94.18361612,12.55225844],[94.18621578,12.54929659],[94.18684576,12.54857367],[94.18810046,12.54712341],[94.18869084,12.54643637],[94.18969143,12.54525018],[94.19161086,12.54294788],[94.19256405,12.5417915],[94.19628391,12.53722697],[94.19811844,12.53492476],[94.20173586,12.53028152],[94.20351874,12.52794051],[94.20703201,12.52322077],[94.20876239,12.52084208],[94.21216984,12.5160481],[94.2138469,12.51363285],[94.21714691,12.50876692],[94.21876985,12.50631626],[94.22196086,12.5013807],[94.22352892,12.49889582],[94.22660941,12.49389298],[94.22735737,12.49266345],[94.22883986,12.49019657],[94.22954426,12.48901057],[94.23032477,12.48766287],[94.2318108,12.48506202],[94.23254644,12.48375754],[94.23540157,12.47862734],[94.23680062,12.47604694],[94.23954102,12.4708567],[94.24088237,12.4682469],[94.24350674,12.46299912],[94.24478975,12.46036117],[94.24729686,12.45505834],[94.24852093,12.45239349],[94.25090958,12.44703814],[94.25186015,12.44485446],[94.25267172,12.44295717],[94.25354477,12.4409839],[94.25505819,12.43748776],[94.25580228,12.43573442],[94.25719216,12.43239281],[94.25787564,12.43071741],[94.25921955,12.42735769],[94.25987998,12.4256734],[94.26117768,12.42229619],[94.26148794,12.42148074],[94.26210306,12.41984786],[94.26238566,12.41909068],[94.26291841,12.41762337],[94.26392337,12.41480373],[94.26441785,12.41339117],[94.26632193,12.4078515],[94.26724319,12.40507146],[94.26902376,12.39949227],[94.26988305,12.39669313],[94.27153926,12.39107706],[94.27233618,12.38826016],[94.27386726,12.38260989],[94.27460143,12.37977656],[94.27600667,12.3740948],[94.27667774,12.37124639],[94.27795648,12.36553583],[94.27856414,12.3626737],[94.27971578,12.35693707],[94.27998952,12.35553415],[94.28052176,12.3527255],[94.28076849,12.35138576],[94.28103453,12.34984547],[94.28152629,12.34689414],[94.28176379,12.34541714],[94.28265968,12.33963656],[94.28307555,12.33674148],[94.28384292,12.33094306],[94.28419442,12.32803974],[94.28483292,12.32222623],[94.2851199,12.31931607],[94.28562923,12.31349024],[94.28585157,12.31057461],[94.2862315,12.30473924],[94.28638909,12.30181953],[94.28663945,12.2959774],[94.28673223,12.293055],[94.28685292,12.28720889],[94.28687482,12.28576388],[94.28690279,12.28287408],[94.28690887,12.28146344],[94.2869049,12.27886193],[94.28689453,12.27739958],[94.28685759,12.27447597],[94.28683101,12.27301428],[94.28669229,12.26716854],[94.28659051,12.26424643],[94.28632217,12.25840505],[94.28615562,12.25548582],[94.2857578,12.24965158],[94.28552654,12.24673662],[94.28499945,12.2409123],[94.28470361,12.23800298],[94.2840475,12.23219136],[94.28368723,12.22928908],[94.28290244,12.2234929],[94.28247792,12.22059904],[94.28156482,12.21482108],[94.2813341,12.21341064],[94.28085739,12.21059222],[94.2806232,12.20924981],[94.28048674,12.20850305],[94.28023383,12.20714126],[94.2801056,12.20646069],[94.27961058,12.20387084],[94.27948521,12.20322369],[94.27923124,12.20192999],[94.27910264,12.20128346],[94.27742403,12.1929526],[94.27716138,12.19168133],[94.27662359,12.18914129],[94.27634845,12.18787257],[94.27522301,12.18280317],[94.27463537,12.18027384],[94.27341045,12.17522681],[94.27277319,12.17270914],[94.27144927,12.16768637],[94.27076262,12.1651813],[94.2693402,12.16018467],[94.26860443,12.15769314],[94.26708405,12.15272453],[94.26629944,12.15024747],[94.26468167,12.14530872],[94.26384852,12.14284706],[94.26213398,12.13794004],[94.26171009,12.13674522],[94.26085088,12.13435955],[94.26043759,12.13322816],[94.25988706,12.13176842],[94.25881426,12.12897373],[94.25826996,12.12757934],[94.25610839,12.12213251],[94.25499745,12.1194207],[94.25271577,12.11402153],[94.25154505,12.11133419],[94.24914437,12.10598525],[94.24791442,12.10332367],[94.24539588,12.0980275],[94.2441073,12.09539294],[94.24147212,12.09015205],[94.24012552,12.08754576],[94.23737494,12.08236265],[94.23597098,12.07978586],[94.23310633,12.07466299],[94.23239766,12.07341152],[94.23096678,12.07091608],[94.23027416,12.06972248],[94.22947858,12.06838551],[94.22793211,12.06582075],[94.22715165,12.06454261],[94.22406302,12.05954748],[94.22249108,12.0570665],[94.21929265,12.05213882],[94.21766618,12.04969215],[94.21435947,12.04483425],[94.21267925,12.04242305],[94.20926585,12.03763724],[94.20753268,12.03526266],[94.20401421,12.03055122],[94.20222893,12.02821438],[94.19860707,12.02357954],[94.19677051,12.02128156],[94.19304699,12.01672552],[94.19212645,12.01561141],[94.19027331,12.01339293],[94.18937425,12.01232787],[94.1884544,12.01126092],[94.18667135,12.00921444],[94.18577462,12.00819562],[94.18223635,12.00421613],[94.18044732,12.00224356],[94.17683013,11.99833349],[94.17500199,11.99639602],[94.17130731,11.9925569],[94.17037881,11.99160156],[94.16851229,11.98969992],[94.16757428,11.98875363],[94.16535193,11.98653364],[94.16420293,11.98539949],[94.16189128,11.98314475],[94.16072863,11.98202419],[94.15605138,11.97756966],[94.15368579,11.9753699],[94.14890197,11.97102659],[94.14648376,11.96888306],[94.14159609,11.96465343],[94.14038441,11.96361725],[94.13794873,11.96155899],[94.13675818,11.96056452],[94.13556447,11.95959028],[94.13323338,11.95770969],[94.13206258,11.95677576],[94.12742753,11.95311996],[94.12508981,11.95131693],[94.12037505,11.94776145],[94.11799804,11.946009],[94.11320581,11.9425555],[94.11079063,11.94085447],[94.10592322,11.93750461],[94.10347101,11.93585579],[94.09853072,11.93261115],[94.09604266,11.93101533],[94.09103184,11.92787745],[94.08850911,11.92633539],[94.08343014,11.92330575],[94.08217088,11.92256368],[94.07964432,11.92109292],[94.07840637,11.92038091],[94.077072,11.91963254],[94.07445385,11.91818334],[94.07314074,11.91746585],[94.06793273,11.91465695],[94.06531323,11.91328045],[94.06004439,11.91058396],[94.05739509,11.90926399],[94.05206793,11.90668117],[94.0493901,11.90541835],[94.04400714,11.90295043],[94.04130205,11.90174536],[94.03586584,11.89939352],[94.03313477,11.89824677],[94.0276479,11.89601211],[94.02489214,11.89492422],[94.01935721,11.89280782],[94.01798144,11.89229016],[94.01522429,11.8912695],[94.01386467,11.8907743],[94.01294398,11.89044813],[94.01114388,11.88981759],[94.01024272,11.88950543],[94.00667792,11.88828438],[94.00489125,11.88768602],[94.00130965,11.8865137],[93.99951475,11.88593976],[93.99591703,11.88481641],[93.99501661,11.88453863],[93.99321384,11.88398922],[93.9923115,11.88371759],[93.9853415,11.88164532],[93.98437082,11.88136058],[93.98242729,11.88079821],[93.98145448,11.88052059],[93.97755913,11.87942433],[93.97560734,11.87889047],[93.9716959,11.87785136],[93.96973628,11.87734613],[93.96580962,11.8763644],[93.9638426,11.87588791],[93.95990157,11.87496378],[93.95792759,11.87451614],[93.95397307,11.8736498],[93.95100678,11.87303399],[93.94506101,11.8718675],[93.94209312,11.87131883],[93.94007172,11.87098339],[93.93765509,11.87059505],[93.93570033,11.87024324],[93.93484629,11.87009264],[93.93318768,11.86980626],[93.93172369,11.8695616],[93.92879721,11.86908868],[93.92733267,11.86886006],[93.92419872,11.86838803],[93.9235627,11.86829375],[93.92229021,11.86810814],[93.92165375,11.86801681],[93.91891545,11.86763038],[93.91744513,11.86743093],[93.91450236,11.8670478],[93.91302992,11.86686414],[93.91066943,11.86658255],[93.90939176,11.86643616],[93.90683505,11.86615526],[93.90555603,11.86602076],[93.90201543,11.86566505],[93.89822382,11.86546242],[93.89663274,11.86531054],[93.89381758,11.86504806],[93.89043263,11.86477458],[93.88677127,11.86459836],[93.88617953,11.86455361],[93.88544438,11.86449901],[93.88436914,11.8644206],[93.88180354,11.86424642],[93.87978874,11.86415467],[93.87902708,11.86412107],[93.87823539,11.86408723],[93.87692135,11.86404375],[93.87444271,11.86398386],[93.87302099,11.86395316],[93.87035512,11.86395338],[93.86760505,11.86396968],[93.86697352,11.86397669],[93.86519425,11.8638511],[93.86449686,11.86385332],[93.86171523,11.86386917],[93.86035396,11.86388363],[93.85956095,11.86389595],[93.85893334,11.86391128],[93.85739512,11.8638881],[93.85531154,11.86387239],[93.85160661,11.86392206],[93.84949803,11.86397859],[93.84844386,11.86401088],[93.84703959,11.86405924],[93.84549686,11.864121],[93.8424122,11.86426174],[93.84087029,11.86434071],[93.83774927,11.86451802],[93.83661827,11.86458693],[93.83435687,11.86473399],[93.83322649,11.86481216],[93.83042367,11.8650175],[93.82894426,11.86513387],[93.8259868,11.86538247],[93.82450877,11.8655147],[93.82279595,11.8656772],[93.82161507,11.86579436],[93.81925438,11.86603879],[93.81807459,11.86616606],[93.81369759,11.86665725],[93.81171989,11.86689362],[93.80776819,11.86739481],[93.80579421,11.86765963],[93.80010615,11.86846445],[93.79835212,11.86872411],[93.79711066,11.86891604],[93.79629099,11.8690185],[93.7930448,11.86946342],[93.78656281,11.87043024],[93.78331614,11.87095405],[93.78187312,11.87121243],[93.77896689,11.87174874],[93.77751527,11.87202466],[93.771692,11.87316378],[93.76878667,11.87376458],[93.76298995,11.87502837],[93.76009858,11.87569136],[93.75433113,11.87707921],[93.75145509,11.87780407],[93.74571966,11.87931534],[93.74286031,11.88010173],[93.73715962,11.88173569],[93.73431832,11.88258325],[93.72865507,11.88433912],[93.72583316,11.88524743],[93.72021003,11.8871244],[93.71879574,11.88760501],[93.71597255,11.88858151],[93.71454192,11.88908518],[93.7131823,11.88958038],[93.71042516,11.89060104],[93.7090494,11.8911187],[93.7035145,11.89323511],[93.70075876,11.894323],[93.69527193,11.89655765],[93.69254087,11.89770441],[93.6871047,11.90005625],[93.68439962,11.90126132],[93.6790167,11.90372923],[93.67633888,11.90499206],[93.67101175,11.90757487],[93.66836247,11.90889485],[93.66309367,11.91159134],[93.66047418,11.91296785],[93.6552662,11.91577674],[93.6539531,11.91649423],[93.65133498,11.91794342],[93.64989652,11.91875107],[93.64919896,11.91914909],[93.64794679,11.91986685],[93.64719201,11.92030162],[93.64173466,11.9234603],[93.64052117,11.92417105],[93.6381017,11.92560489],[93.63689574,11.92632798],[93.63208739,11.92924472],[93.62969855,11.93072762],[93.62495253,11.93374184],[93.62259537,11.93527316],[93.61791372,11.93838357],[93.61558925,11.93996266],[93.61097397,11.94316792],[93.60868319,11.9447941],[93.60413627,11.94809284],[93.60243256,11.94934918],[93.59904524,11.95188793],[93.59567823,11.95449475],[93.59233337,11.95716924],[93.59065528,11.95853304],[93.58171927,11.96591728],[93.57840851,11.9687436],[93.57188118,11.97449931],[93.56866448,11.97742882],[93.56436987,11.98146804],[93.56224491,11.98351067],[93.55804063,11.98764106],[93.55596133,11.9897288],[93.55184938,11.99394841],[93.54981675,11.99608026],[93.54579908,12.00038708],[93.54381407,12.00256203],[93.5398926,12.00695403],[93.53890113,12.00807694],[93.53693087,12.01033353],[93.53591855,12.01150651],[93.53511256,12.01246028],[93.53344324,12.01445433],[93.53261347,12.0154553],[93.52924809,12.01955507],[93.52841182,12.02058411],[93.52674956,12.02265026],[93.52592358,12.02368734],[93.52394602,12.02619561],[93.52324444,12.02709325],[93.52184899,12.02889436],[93.52115513,12.0297978],[93.51839527,12.03342294],[93.51751114,12.03460492],[93.51701297,12.03278536],[93.51620881,12.02997067],[93.51453835,12.02435919],[93.51367206,12.02156243],[93.51187775,12.01598814],[93.51094975,12.01321063],[93.50903245,12.00767617],[93.50855608,12.00632469],[93.50758871,12.00362677],[93.50711951,12.00233915],[93.50656962,12.00088037],[93.50549764,11.9980863],[93.50495375,11.99669222],[93.50279331,11.9912453],[93.50168295,11.98853344],[93.49940247,11.98313419],[93.49823235,11.98044681],[93.49583291,11.97509778],[93.4946036,11.97243616],[93.49208636,11.9671399],[93.49079845,11.9645053],[93.48816461,11.95926432],[93.48681871,11.95665798],[93.48406954,11.95147479],[93.48266629,11.94889795],[93.4798031,11.94377499],[93.47909463,11.94252322],[93.47766415,11.94002718],[93.47697138,11.93883272],[93.47617669,11.93749657],[93.47463134,11.93493232],[93.47385144,11.93365444],[93.47076437,11.92865922],[93.47010128,11.92761212],[93.47136106,11.92197035],[93.47185672,11.92049217],[93.47375763,11.91495242],[93.47467737,11.91217234],[93.476455,11.90659305],[93.47731288,11.90379386],[93.47896639,11.89817769],[93.47976202,11.89536074],[93.48129064,11.88971036],[93.48202363,11.88687698],[93.48342664,11.88119509],[93.48409666,11.87834663],[93.48537341,11.87263594],[93.48598014,11.86977375],[93.48713002,11.86403698],[93.4874036,11.86263267],[93.48793553,11.85982124],[93.48818261,11.85847738],[93.48844751,11.85694113],[93.48893807,11.85399244],[93.489175,11.85251677],[93.49006962,11.84673604],[93.49048491,11.84384088],[93.49125124,11.8380423],[93.49160229,11.8351389],[93.49223998,11.82932523],[93.49252663,11.82641498],[93.49303539,11.82058897],[93.49325751,11.81767326],[93.49363712,11.8118377],[93.49379461,11.8089179],[93.49404488,11.80307558],[93.49413768,11.80015308],[93.49425852,11.79430677],[93.49428032,11.79287746],[93.49430846,11.79001866],[93.49431484,11.7886542],[93.49430825,11.78739914],[93.49428446,11.78501914],[93.4942672,11.78382921],[93.4941792,11.7792],[93.49411491,11.77688577],[93.49394577,11.77225874],[93.49384092,11.76994596],[93.49359071,11.76532249],[93.49352309,11.76416687],[93.49337772,11.76185621],[93.49329998,11.7607012],[93.49300682,11.75661324],[93.49294069,11.75573244],[93.49280256,11.75397126],[93.49273054,11.7530909],[93.49243073,11.74957047],[93.49226906,11.74781123],[93.4919222,11.74429499],[93.49173701,11.74253801],[93.49134317,11.73902658],[93.49113451,11.73727215],[93.49069375,11.73376614],[93.49046166,11.73201457],[93.48997407,11.72851458],[93.48971857,11.72676618],[93.48918424,11.72327283],[93.4889054,11.72152789],[93.48832441,11.71804178],[93.48804492,11.71642653],[93.48708717,11.71162304],[93.48658733,11.70891428],[93.48610789,11.70639362],[93.485521,11.70346309],[93.48526445,11.70221337],[93.48496995,11.70081306],[93.48449697,11.69865375],[93.48368106,11.69507218],[93.48309023,11.69258932],[93.48291024,11.69186404],[93.48263946,11.69079206],[93.48155455,11.68657133],[93.48089716,11.68411201],[93.48049822,11.68267501],[93.48013841,11.68140358],[93.47958582,11.67948741],[93.47836173,11.67469507],[93.47669367,11.66908338],[93.47582862,11.66628651],[93.47403688,11.660712],[93.47311019,11.65793439],[93.47119561,11.65239971],[93.47071959,11.65104728],[93.46975292,11.64834747],[93.46928338,11.64705713],[93.46883249,11.64585558],[93.46796237,11.64357041],[93.46752204,11.6424298],[93.46578428,11.63798916],[93.46489543,11.63577645],[93.46307804,11.63136691],[93.46214952,11.6291701],[93.46025308,11.62479304],[93.45928518,11.62261282],[93.4573103,11.61826963],[93.45630333,11.61610668],[93.45425063,11.61179872],[93.45320491,11.60965373],[93.45107505,11.60538235],[93.44999091,11.60325599],[93.44778455,11.59902254],[93.4472282,11.59796656],[93.446106,11.5958595],[93.44554016,11.59480843],[93.44313154,11.59038173],[93.4426057,11.58942465],[93.44154616,11.5875147],[93.44101247,11.58656185],[93.43886211,11.58275913],[93.43833465,11.58183496],[93.43727234,11.57999075],[93.43676579,11.57911898],[93.43597352,11.57778507],[93.43443117,11.57522223],[93.43365279,11.57394504],[93.43056993,11.56894958],[93.42900091,11.56646843],[93.42580843,11.56154041],[93.42418498,11.55909357],[93.4208844,11.55423534],[93.41920729,11.55182397],[93.41580019,11.54703783],[93.41407023,11.54466308],[93.41055824,11.5399513],[93.40877623,11.5376143],[93.40516103,11.53297912],[93.40332784,11.53068097],[93.39961114,11.52612459],[93.3986916,11.52500958],[93.39684045,11.5227893],[93.39594094,11.52172172],[93.39493254,11.52055111],[93.39296726,11.51829598],[93.3919783,11.51717379],[93.38806397,11.51278147],[93.38608257,11.51060635],[93.3820722,11.5062992],[93.38004325,11.50416718],[93.37593874,11.49994725],[93.37386321,11.49785935],[93.36966653,11.49372863],[93.3675454,11.49168584],[93.36325854,11.4876463],[93.36109283,11.48564958],[93.35671783,11.48170314],[93.35450856,11.47975344],[93.3500475,11.47590197],[93.34894288,11.47495857],[93.34672341,11.47308349],[93.34564058,11.47217829],[93.34482265,11.4715071],[93.34324592,11.4702235],[93.34245512,11.46958463],[93.33934771,11.46709336],[93.33778473,11.46585901],[93.33464052,11.46341313],[93.33305931,11.4622016],[93.32987899,11.45980163],[93.3282799,11.45861319],[93.32506415,11.45625964],[93.32344752,11.45509455],[93.32019704,11.45278795],[93.31856322,11.45164645],[93.31527872,11.44938728],[93.31362806,11.44826963],[93.31031025,11.44605839],[93.30947873,11.44550858],[93.3078116,11.44441501],[93.306976,11.44387124],[93.30579629,11.44310968],[93.30498934,11.44259277],[93.30337174,11.44156458],[93.30256111,11.44105331],[93.29931137,11.43901959],[93.29767923,11.43801408],[93.29440068,11.43602591],[93.2927543,11.43504327],[93.2894476,11.43310105],[93.28863331,11.43262654],[93.28700139,11.4316831],[93.28621185,11.43123016],[93.28488166,11.43048276],[93.28226936,11.42903413],[93.28095919,11.42831691],[93.27576038,11.42550777],[93.2731455,11.42413115],[93.26788597,11.42143442],[93.26524134,11.42011432],[93.25992357,11.41753128],[93.25725046,11.41626834],[93.25187698,11.4138002],[93.24917665,11.41259502],[93.24375001,11.41024297],[93.24102374,11.40909611],[93.23554651,11.40686125],[93.23279559,11.40577326],[93.22727038,11.40365666],[93.22589658,11.40313879],[93.22314336,11.40211771],[93.22178476,11.40162199],[93.21960427,11.40086003],[93.21527234,11.39938706],[93.21096111,11.39800002],[93.20786136,11.39705887],[93.20318636,11.39576265],[93.20200102,11.39536468],[93.20056121,11.39489793],[93.19927221,11.39449179],[93.19821047,11.39415873],[93.19705064,11.3937965],[93.19348403,11.39275663],[93.19205531,11.39235047],[93.18992712,11.39176718],[93.18918769,11.39157515],[93.18774906,11.3912057],[93.18647862,11.39088347],[93.18517459,11.39057275],[93.18275585,11.39000681],[93.18231315,11.38988336],[93.18087068,11.38960236],[93.17628929,11.38831277],[93.17484424,11.38797263],[93.17195043,11.38730794],[93.17050169,11.38698339],[93.16934337,11.38673046],[93.16789861,11.3864231],[93.16500578,11.38582388],[93.16355774,11.38553203],[93.1589115,11.38462148],[93.15748721,11.38435013],[93.15463576,11.38382242],[93.15320808,11.38356598],[93.15199019,11.38335384],[93.15053941,11.38310933],[93.1476456,11.38263749],[93.14619731,11.38240925],[93.14178488,11.38173793],[93.14038482,11.38153226],[93.1375826,11.38113532],[93.13618045,11.38094405],[93.13473057,11.38075384],[93.13326154,11.38056915],[93.13032153,11.38021556],[93.12864932,11.38002465],[93.12870724,11.37869897],[93.12917599,11.37453491],[93.12939387,11.37245109],[93.12979659,11.36828031],[93.12998143,11.36619338],[93.13031802,11.3620169],[93.13046977,11.35992737],[93.13074016,11.35574621],[93.13080361,11.35470064],[93.13092225,11.35260902],[93.13097742,11.35156299],[93.13108088,11.34944189],[93.13115128,11.34778505],[93.13127131,11.34447061],[93.13132094,11.34281304],[93.13147785,11.33618224],[93.13150634,11.3345554],[93.13154329,11.33130145],[93.13155181,11.32973678],[93.13154193,11.32818115],[93.1315054,11.32519493],[93.13148423,11.32394622],[93.1314086,11.32045726],[93.13142189,11.31931548],[93.13143085,11.31771272],[93.13142097,11.31615719],[93.13138444,11.31317103],[93.13135775,11.31167806],[93.13122024,11.30583191],[93.13111917,11.30290959],[93.13085249,11.29706779],[93.13068687,11.29414834],[93.13029115,11.28831366],[93.13006105,11.28539847],[93.1295365,11.2795737],[93.12924205,11.27666415],[93.12858893,11.27085206],[93.12823026,11.26794954],[93.12744889,11.26215288],[93.12702619,11.25925877],[93.12650715,11.25596009],[93.12672219,11.2552282],[93.12751622,11.25241118],[93.12904181,11.24676067],[93.12977336,11.24392722],[93.13117363,11.23824519],[93.13184235,11.23539665],[93.13311665,11.22968581],[93.13372223,11.22682354],[93.13486997,11.22108661],[93.13514337,11.2196805],[93.13567495,11.21686546],[93.13592249,11.21551626],[93.13618595,11.21398525],[93.13667501,11.21104],[93.13691123,11.20956605],[93.13780429,11.20378514],[93.13821887,11.20088988],[93.13898394,11.19509111],[93.13933443,11.19218761],[93.13997115,11.18637373],[93.14025739,11.18346337],[93.14076548,11.17763716],[93.14098733,11.17472133],[93.14136656,11.16888555],[93.14152393,11.16596563],[93.14177413,11.16012307],[93.14186695,11.15720046],[93.141988,11.15135389],[93.14200989,11.1499227],[93.14203819,11.14706014],[93.14204465,11.14569017],[93.1420348,11.14413608],[93.14199837,11.14115085],[93.14197173,11.13965835],[93.14183443,11.13381213],[93.14173349,11.13088978],[93.14146709,11.1250479],[93.14130163,11.12212841],[93.14090627,11.11629366],[93.14067638,11.11337843],[93.14015226,11.10755358],[93.13985805,11.10464399],[93.13920544,11.09883182],[93.13884705,11.09592926],[93.13806626,11.09013252],[93.13764388,11.08723837],[93.1367353,11.08145983],[93.13650519,11.08004612],[93.1360297,11.07722119],[93.13579495,11.0758693],[93.13551236,11.0743421],[93.13495193,11.07140943],[93.13466346,11.06994465],[93.1335007,11.06421073],[93.13288767,11.06135005],[93.13159863,11.05564254],[93.13092261,11.05279574],[93.12950791,11.04711735],[93.12876923,11.04428579],[93.12722955,11.03863922],[93.12642856,11.03582425],[93.12476466,11.03021219],[93.12390175,11.02741513],[93.12211441,11.02184025],[93.12119,11.01906245],[93.11928009,11.01352738],[93.11880466,11.01217326],[93.11783917,11.00947007],[93.11736899,11.00817486],[93.11682393,11.00672339],[93.11575786,11.00393397],[93.11521699,11.0025422],[93.11306476,10.99709466],[93.11195861,10.9943825],[93.10968674,10.98898261],[93.10852103,10.98629492],[93.1061306,10.98094526],[93.1049059,10.97828331],[93.10239806,10.97298641],[93.10111495,10.97035148],[93.0984909,10.96510986],[93.09714999,10.9625032],[93.094411,10.95731934],[93.09301293,10.95474218],[93.09016029,10.94961857],[93.08945322,10.94836451],[93.08802553,10.94586392],[93.08733158,10.94466299],[93.08656145,10.94336293],[93.08506081,10.94086202],[93.08430364,10.93961559],[93.08130361,10.93473703],[93.07977735,10.93231354],[93.07667301,10.92749917],[93.07509494,10.92510832],[93.07188772,10.92036032],[93.07064974,10.91856916],[93.0703798,10.91699169],[93.07020766,10.91600796],[93.06992548,10.91448205],[93.06936557,10.91155021],[93.06907737,10.91008585],[93.06791535,10.90435185],[93.06730271,10.90149112],[93.06601447,10.89578352],[93.06533887,10.89293668],[93.06392504,10.88725821],[93.06318681,10.8844266],[93.06164808,10.87877995],[93.06084757,10.87596493],[93.05918467,10.87035277],[93.05832228,10.86755567],[93.05653601,10.8619807],[93.05561214,10.85920285],[93.05370337,10.85366769],[93.05322807,10.85231314],[93.05226286,10.84960911],[93.05179251,10.84831269],[93.05143011,10.84734141],[93.05073769,10.84550743],[93.0503881,10.84459171],[93.04901717,10.84103988],[93.04831898,10.83926879],[93.04689728,10.83573653],[93.04617378,10.83397539],[93.04470161,10.83046341],[93.04433041,10.82958669],[93.04358175,10.82783585],[93.04320428,10.82696175],[93.04294475,10.82636661],[93.04254619,10.8254618],[93.04174233,10.8236551],[93.04133704,10.82275322],[93.03970254,10.8191517],[93.03887189,10.81735689],[93.03718398,10.81377954],[93.03632672,10.81199701],[93.03458578,10.80844461],[93.03370209,10.80667474],[93.03190848,10.80314805],[93.03099857,10.80139123],[93.02915269,10.79789101],[93.02821674,10.79614763],[93.026319,10.79267464],[93.02535722,10.79094506],[93.02340803,10.78750006],[93.02293058,10.78666325],[93.02196962,10.78499302],[93.02151237,10.78420452],[93.02072531,10.78287553],[93.01918935,10.78031579],[93.01841421,10.77904015],[93.01534016,10.77404416],[93.01377562,10.77156274],[93.01059224,10.7666342],[93.0089734,10.76418709],[93.0056822,10.75932833],[93.00400984,10.7569167],[93.00160619,10.75351994],[93.00218698,10.7487312],[93.00245509,10.74633859],[93.00294782,10.74154897],[93.00317242,10.73915198],[93.00357806,10.73435438],[93.0037591,10.7319538],[93.00407753,10.72714976],[93.00421493,10.72474634],[93.00444605,10.71993743],[93.00449838,10.71873491],[93.0045921,10.71632944],[93.00463351,10.71512651],[93.00476281,10.710798],[93.00478964,10.70976457],[93.00483526,10.70769749],[93.00485404,10.70666388],[93.00491302,10.70252926],[93.00492354,10.70152496],[93.00493698,10.69951628],[93.00493993,10.69857078],[93.00493018,10.69702042],[93.00489397,10.69403763],[93.00486747,10.69254635],[93.0047307,10.68669995],[93.00463008,10.6837775],[93.00436441,10.67793544],[93.00419937,10.67501586],[93.00380493,10.66918091],[93.00368567,10.66766519],[93.00363332,10.66614461],[93.00336768,10.66030254],[93.00320265,10.65738296],[93.00280825,10.65154801],[93.00257889,10.64863267],[93.00205593,10.64280762],[93.00176234,10.63989793],[93.00111108,10.63408554],[93.00075342,10.63118287],[92.99997418,10.62538591],[92.99955261,10.62249165],[92.99864578,10.61671288],[92.99841589,10.61529785],[92.99794084,10.61247026],[92.99770584,10.61111451],[92.99752048,10.61009992],[92.99716306,10.60818558],[92.99698084,10.60722907],[92.99626,10.60351924],[92.99588638,10.60166685],[92.9951128,10.59796744],[92.99471284,10.59612044],[92.99388668,10.59243218],[92.99367685,10.59151082],[92.99325065,10.58966957],[92.99303427,10.5887497],[92.99244764,10.58629497],[92.99221383,10.58533249],[92.99173904,10.58340926],[92.99149806,10.58244852],[92.99051985,10.57860918],[92.99001643,10.57669309],[92.98898104,10.57286846],[92.98844909,10.57095994],[92.98735677,10.56715085],[92.9867964,10.5652503],[92.98564738,10.56145759],[92.98505873,10.55956543],[92.98385327,10.55578991],[92.98323646,10.55390656],[92.98197481,10.55014906],[92.98132998,10.54827493],[92.98001244,10.54453626],[92.97968892,10.54362872],[92.9790353,10.54181594],[92.97872419,10.54096222],[92.97849583,10.54034684],[92.97807453,10.53922006],[92.97786261,10.53865714],[92.9770403,10.53648772],[92.97641136,10.53486066],[92.97513217,10.53161474],[92.97448194,10.5299959],[92.9723707,10.52483749],[92.97139827,10.52252912],[92.97128418,10.52174547],[92.97037771,10.51596665],[92.97014787,10.51455133],[92.96967291,10.51172318],[92.96943785,10.51036659],[92.96913726,10.50874214],[92.96853737,10.50560925],[92.96822802,10.50404459],[92.96697604,10.497906],[92.96665397,10.49637308],[92.96599178,10.49331102],[92.96565166,10.49178192],[92.96483192,10.48819642],[92.96458896,10.48715308],[92.96409463,10.48506832],[92.96384326,10.48402693],[92.96282103,10.47986548],[92.96229313,10.47778881],[92.9612039,10.47364405],[92.96064257,10.47157598],[92.95948662,10.46744896],[92.95889201,10.46539003],[92.95766965,10.46128181],[92.95704191,10.45923253],[92.95575344,10.45514415],[92.95509273,10.45310506],[92.95373849,10.44903757],[92.95304498,10.44700918],[92.95162533,10.44296361],[92.95127558,10.44197928],[92.95056834,10.44001334],[92.95022965,10.43908274],[92.94974173,10.4377785],[92.94879087,10.43527674],[92.94830916,10.43402821],[92.94639712,10.42914562],[92.9453981,10.4266679],[92.94335048,10.4217326],[92.94230189,10.41927504],[92.94011272,10.41428336],[92.93894872,10.41170394],[92.93656612,10.40656991],[92.93534752,10.40401534],[92.93240881,10.39801911],[92.93092636,10.39508609],[92.92788947,10.38925678],[92.92633506,10.38636052],[92.92320341,10.38069369],[92.92242428,10.37930344],[92.92084942,10.37653215],[92.92007891,10.37519431],[92.91944295,10.37411627],[92.91821213,10.37205201],[92.91759208,10.37102261],[92.91514575,10.3670022],[92.91390485,10.36500259],[92.9113879,10.36102517],[92.91011187,10.35904736],[92.90752507,10.35511415],[92.90687403,10.35413363],[92.9055633,10.35217827],[92.90490365,10.35120346],[92.89483431,10.33646244],[92.89433651,10.33573876],[92.89333612,10.33429455],[92.89283355,10.33357406],[92.89081377,10.33069861],[92.88997577,10.32952205],[92.88901335,10.32775172],[92.88851405,10.32684168],[92.88750834,10.32502543],[92.88700195,10.32411923],[92.88496235,10.32050228],[92.88446138,10.31962168],[92.88345274,10.31786421],[92.88297014,10.3170303],[92.88218605,10.3157042],[92.88065369,10.31314628],[92.87988036,10.31187154],[92.8768112,10.30687525],[92.87524914,10.30439368],[92.8720708,10.29946484],[92.87045452,10.29701758],[92.86716851,10.29215852],[92.86549879,10.28974673],[92.86352894,10.28696687],[92.86495987,10.28097341],[92.86704415,10.27224341],[92.86912827,10.26351412],[92.87121261,10.25478396],[92.87329686,10.24605417],[92.87538112,10.23732442],[92.87746541,10.22859457],[92.8795497,10.21986479],[92.88163392,10.21113532],[92.88371824,10.20240547],[92.88580254,10.19367574],[92.88788682,10.18494614],[92.8899712,10.17621619],[92.89205554,10.16748642],[92.8941399,10.1587566],[92.89622422,10.15002703],[92.89830861,10.14129715],[92.90039289,10.13256779],[92.90247737,10.12383764],[92.90456169,10.11510821],[92.90664619,10.10637806],[92.90873056,10.09764852],[92.91081499,10.08891872],[92.91289948,10.08018873],[92.91498392,10.07145899],[92.91706827,10.06272967],[92.91915282,10.05399957],[92.92123734,10.04526961],[92.92332182,10.03653987],[92.92540636,10.0278099],[92.92749072,10.01908075],[92.92957527,10.01035083],[92.93165981,10.00162098],[92.93374431,9.99289136],[92.93582886,9.98416158],[92.93791348,9.97543152],[92.93999805,9.96670173],[92.94208262,9.95797199],[92.94416718,9.94924232],[92.94625173,9.94051271],[92.94833646,9.93178241],[92.95042097,9.92305309],[92.95250579,9.91432246],[92.95459027,9.90559332],[92.95667508,9.89686285],[92.95875973,9.88813309],[92.96084428,9.87940379],[92.96292895,9.870674],[92.96501361,9.86194433],[92.9670983,9.85321453],[92.9690434,9.84443604],[92.9693491,9.84329898],[92.97033564,9.83953543],[92.9712677,9.83575504],[92.97214927,9.83193942],[92.97297375,9.82811493],[92.97320586,9.82700544],[92.97543731,9.81829483],[92.97752209,9.80956488],[92.97960677,9.8008354],[92.98169157,9.79210541],[92.98377625,9.78337603],[92.98586108,9.77464602],[92.98794599,9.76591573],[92.99003082,9.75718583],[92.99211552,9.74845648],[92.99420052,9.73972596],[92.99628519,9.7309968],[92.99837016,9.72226646],[93.00045509,9.71353636],[93.00253975,9.70480739],[93.0046246,9.69607768],[93.00670968,9.68734704],[93.00879458,9.6786172],[93.01087942,9.66988763],[93.01296436,9.66115769],[93.0150494,9.65242738],[93.01713432,9.64369763],[93.0192192,9.63496808],[93.02130413,9.62623834],[93.02338914,9.61750832],[93.02547412,9.60877843],[93.02755909,9.60004868],[93.02964413,9.59131866],[93.03172915,9.58258874],[93.03381416,9.57385892],[93.03547633,9.56689956],[93.03744764,9.56529178],[93.03854243,9.56438923],[93.03970343,9.56341065],[93.04196349,9.5614838],[93.04308814,9.5605142],[93.04751509,9.55665475],[93.0497073,9.55470106],[93.05404822,9.55074659],[93.05619691,9.54874585],[93.06044974,9.54469825],[93.06255386,9.54265142],[93.06671658,9.53851262],[93.06877515,9.53642068],[93.07284577,9.53219266],[93.0748578,9.5300566],[93.07883438,9.52574136],[93.08079892,9.52356221],[93.08437276,9.51950973],[93.08537432,9.51861706],[93.08971479,9.5146626],[93.09186326,9.51266186],[93.09611565,9.50861427],[93.09821956,9.50656744],[93.10238186,9.50242865],[93.10444022,9.50033671],[93.10851042,9.49610869],[93.11052225,9.49397263],[93.11449843,9.4896574],[93.11646277,9.48747825],[93.12034304,9.48307787],[93.12129434,9.48198725],[93.12318507,9.47979586],[93.12409905,9.47872524],[93.12475972,9.47793697],[93.12602454,9.47641603],[93.12665413,9.47565327],[93.12911158,9.47265347],[93.13032939,9.47114478],[93.13274295,9.46811009],[93.13393869,9.4665841],[93.13630785,9.46351514],[93.13689734,9.46274577],[93.13807074,9.46120282],[93.13865462,9.46042926],[93.14392728,9.45339077],[93.14451266,9.45260335],[93.14567762,9.45102423],[93.14625719,9.45023256],[93.14856375,9.44705755],[93.14970534,9.44546169],[93.15196491,9.44225355],[93.15308287,9.44064129],[93.15529495,9.43740072],[93.15638906,9.43577241],[93.15855318,9.43250008],[93.15962319,9.43085608],[93.16173891,9.4275527],[93.1627846,9.42589335],[93.16485145,9.42255963],[93.1658726,9.42088528],[93.16789014,9.41752193],[93.16838026,9.4166982],[93.16935456,9.41504727],[93.16981647,9.41425842],[93.17042403,9.41320161],[93.1715856,9.41115962],[93.17216187,9.41013612],[93.17440597,9.40610912],[93.17551059,9.40408607],[93.17768467,9.40002139],[93.17875411,9.3979798],[93.18085752,9.39387864],[93.18189148,9.3918191],[93.18392361,9.38768267],[93.18492178,9.38560579],[93.18688204,9.38143531],[93.18784412,9.37934172],[93.18973193,9.37513841],[93.19065764,9.37302872],[93.19247244,9.36879383],[93.19292157,9.36773315],[93.19381065,9.36560798],[93.19425058,9.36454351],[93.19591576,9.36046463],[93.19638175,9.35930774],[93.19730288,9.35698969],[93.19775802,9.35582856],[93.1995567,9.35117582],[93.19999256,9.35003281],[93.20085376,9.34774287],[93.20126265,9.34664091],[93.20180898,9.34511994],[93.20285132,9.34216188],[93.20336378,9.34067983],[93.2053479,9.33483047],[93.20630604,9.33189446],[93.20815395,9.32600126],[93.20904373,9.32304411],[93.21075447,9.3171102],[93.21117356,9.31562422],[93.2119945,9.31264754],[93.21239632,9.31115691],[93.21805021,9.28968763],[93.21839506,9.28834994],[93.2190709,9.28567099],[93.21940186,9.28432979],[93.22069783,9.2789585],[93.22131794,9.27626624],[93.22229912,9.2717949],[93.22539021,9.25965027],[93.22619511,9.25630805],[93.22771837,9.24960414],[93.22843673,9.24624248],[93.22864471,9.24520383],[93.22879356,9.24444917],[93.2290869,9.24293899],[93.22923138,9.2421835],[93.22980059,9.2391599],[93.22993626,9.23842798],[93.23020351,9.23696339],[93.23032643,9.23627969],[93.23058572,9.23476471],[93.23107058,9.23183],[93.23130482,9.23036132],[93.2321938,9.22457993],[93.23260654,9.22168442],[93.23336833,9.21588513],[93.23371738,9.21298137],[93.23435163,9.20716694],[93.23463683,9.20425631],[93.23514325,9.19842951],[93.23536447,9.19551338],[93.23574282,9.18967699],[93.23589996,9.18675676],[93.23615008,9.18091355],[93.23624306,9.17799061],[93.23636483,9.17214337],[93.236387,9.17070646],[93.23641584,9.16783246],[93.23642254,9.16644566],[93.2364127,9.16487639],[93.23637576,9.16183861],[93.23634864,9.16031984],[93.23620787,9.1543464],[93.236104,9.15136047],[93.23582932,9.14539163],[93.23565851,9.14240874],[93.2353347,9.1376828],[93.23532093,9.13619929],[93.23530555,9.13506357],[93.23522645,9.13062134],[93.23516839,9.12840057],[93.23501523,9.12396026],[93.23492014,9.12174074],[93.23469297,9.11730356],[93.2345609,9.11508592],[93.23425978,9.11065308],[93.23409075,9.10843792],[93.23371578,9.10401065],[93.23350984,9.10179857],[93.23306112,9.09737809],[93.23281834,9.0951697],[93.23229599,9.09075721],[93.23216081,9.0896546],[93.23188125,9.08745051],[93.23173687,9.08634904],[93.23159638,9.08531077],[93.2314005,9.08391846],[93.23099407,9.08113596],[93.23078352,9.07974579],[93.22991205,9.07418986],[93.22969092,9.07282627],[93.22923455,9.07010138],[93.22900792,9.06878852],[93.22873031,9.06727746],[93.22817601,9.06435522],[93.22789071,9.06289564],[93.22673653,9.05716074],[93.22612799,9.05429957],[93.22484829,9.04859105],[93.22417713,9.04574374],[93.22277252,9.04006433],[93.22203908,9.03723225],[93.22051024,9.03158463],[93.21971486,9.02876912],[93.21844227,9.02444599],[93.21899476,9.02342364],[93.21992747,9.02166661],[93.22176658,9.01813898],[93.22267296,9.01636839],[93.22445922,9.01281404],[93.22533909,9.01103029],[93.22707212,9.00744999],[93.22792527,9.00565347],[93.22960469,9.00204802],[93.23043094,9.00023911],[93.23205638,8.99660931],[93.23245936,8.99570034],[93.23325853,8.99387945],[93.23365472,8.99296753],[93.23403034,8.99209408],[93.23439811,8.99123053],[93.23512757,8.98950088],[93.23548925,8.9886348],[93.23692373,8.98516551],[93.23762875,8.98342589],[93.23901423,8.97993698],[93.23969468,8.97818772],[93.24103089,8.97467987],[93.24135388,8.97382312],[93.24199398,8.97210744],[93.24229532,8.97129161],[93.24274598,8.97003993],[93.24360412,8.96761868],[93.24402735,8.96640603],[93.24566713,8.96163397],[93.24646443,8.95924028],[93.24801358,8.95443839],[93.24876542,8.95203021],[93.2502234,8.94720018],[93.25058219,8.94599093],[93.25128832,8.94356911],[93.25163565,8.94235655],[93.2525075,8.93925755],[93.25294823,8.93765266],[93.25380961,8.93443753],[93.25423026,8.93282733],[93.25587246,8.92637678],[93.25665327,8.92314139],[93.25813389,8.91665229],[93.25883367,8.91339862],[93.2601518,8.90687497],[93.26046673,8.90526537],[93.26107677,8.90204243],[93.26136354,8.90047624],[93.26162216,8.89896397],[93.26210637,8.89603104],[93.2623403,8.89456326],[93.26263687,8.89263326],[93.26453973,8.88798275],[93.26792058,8.87972011],[93.27130128,8.87145786],[93.27468226,8.86319495],[93.27806339,8.85493168],[93.281444,8.8466697],[93.28482493,8.83840697],[93.28820591,8.83014415],[93.28863874,8.82908635],[93.28974559,8.83049159],[93.29342226,8.83505587],[93.29435928,8.83620601],[93.29624607,8.83849593],[93.29721945,8.83966374],[93.2981345,8.84073749],[93.30002375,8.84293093],[93.30097431,8.84402257],[93.30484792,8.84842288],[93.30680887,8.85060199],[93.3107782,8.85491714],[93.31278656,8.85705315],[93.31684973,8.86128109],[93.31890452,8.86337299],[93.3230596,8.86751169],[93.32515986,8.86955848],[93.32940486,8.87360598],[93.33154958,8.87560667],[93.33588249,8.87956104],[93.33807066,8.88151469],[93.34248942,8.88537403],[93.34361106,8.88634282],[93.34586507,8.88826806],[93.34702111,8.88924429],[93.34811667,8.89014916],[93.35036516,8.89198641],[93.35149439,8.89289898],[93.35607848,8.8965628],[93.35839065,8.89836982],[93.36305415,8.90193324],[93.36540547,8.90368962],[93.37014617,8.90715093],[93.37253552,8.90885584],[93.37735115,8.91221339],[93.3797774,8.91386602],[93.38466567,8.91711821],[93.38712766,8.91871776],[93.39208624,8.92186304],[93.3945828,8.92340875],[93.39960932,8.92644562],[93.40088043,8.92720409],[93.403431,8.92870707],[93.40473134,8.92946359],[93.40576861,8.93005325],[93.40789037,8.93124704],[93.40895395,8.93183916],[93.41326053,8.93421128],[93.41542473,8.93537777],[93.41977423,8.93767123],[93.42195952,8.93879819],[93.42635049,8.94101222],[93.42855615,8.94209927],[93.43298713,8.94423313],[93.43521242,8.94527992],[93.43968192,8.94733289],[93.4419261,8.94833906],[93.44643263,8.95031046],[93.44869495,8.95127568],[93.45323699,8.95316485],[93.45437471,8.95363199],[93.45665443,8.95455593],[93.4577964,8.95501272],[93.45989254,8.95584012],[93.46078474,8.95618864],[93.46257164,8.95687938],[93.46346631,8.95722158],[93.46704984,8.95857769],[93.46795458,8.95891637],[93.46976652,8.95958729],[93.47068924,8.95992514],[93.47205057,8.96040978],[93.47480958,8.96137541],[93.47619171,8.96185078],[93.48176106,8.96373265],[93.48455607,8.96464335],[93.49016547,8.96640385],[93.49297983,8.96725364],[93.49862659,8.96889193],[93.50145896,8.96968042],[93.5071404,8.97119571],[93.50998944,8.97192251],[93.51570283,8.97331408],[93.51856717,8.97397885],[93.5243098,8.97524604],[93.52718807,8.97584845],[93.53295719,8.97699066],[93.53440518,8.97726914],[93.53730418,8.97781035],[93.53876345,8.97807451],[93.5402008,8.97831862],[93.54309466,8.97879409],[93.54454288,8.97902399],[93.55035671,8.97991464],[93.55326851,8.9803284],[93.55910054,8.9810926],[93.56202074,8.98144304],[93.56786818,8.98208044],[93.57079539,8.98236739],[93.57665545,8.98287767],[93.57958826,8.983101],[93.58545815,8.98348393],[93.58839518,8.98364352],[93.59427208,8.98389891],[93.59721192,8.98399469],[93.60309303,8.98412242],[93.60603427,8.98415435],[93.61191679,8.98415435],[93.61485803,8.98412242],[93.62073914,8.98399469],[93.62367898,8.98389891],[93.62955588,8.98364352],[93.63249291,8.98348393],[93.6383628,8.983101],[93.64129561,8.98287767],[93.64715567,8.98236739],[93.65008288,8.98208044],[93.65593032,8.98144304],[93.65885052,8.9810926],[93.66468255,8.9803284],[93.66759435,8.97991464],[93.67340818,8.97902399],[93.6748564,8.97879409],[93.67775026,8.97831862],[93.67918761,8.97807451],[93.68064688,8.97781035],[93.68354588,8.97726914],[93.68499387,8.97699066],[93.69076299,8.97584845],[93.69364126,8.97524604],[93.69938389,8.97397885],[93.70224823,8.97331408],[93.70796162,8.97192251],[93.71081066,8.97119571],[93.7164921,8.96968042],[93.71932447,8.96889193],[93.72497123,8.96725364],[93.72778559,8.96640385],[93.73339499,8.96464335],[93.73619,8.96373265],[93.74175935,8.96185078],[93.74314148,8.96137541],[93.74590049,8.96040978],[93.74726182,8.95992514],[93.74866404,8.95940871],[93.75143168,8.95837199],[93.75281262,8.95784609],[93.75829393,8.95572422],[93.76102291,8.95463354],[93.76645626,8.95239317],[93.76916061,8.95124349],[93.77454342,8.94888568],[93.77722185,8.94767756],[93.78255154,8.94520344],[93.78520277,8.94393746],[93.7904768,8.94134821],[93.79309958,8.94002496],[93.79831543,8.93732182],[93.80090849,8.93594194],[93.80606369,8.93312619],[93.80733831,8.93242103],[93.80987981,8.93099701],[93.81112578,8.93029017],[93.81242613,8.92953365],[93.81497671,8.92803066],[93.81624782,8.9272722],[93.82127435,8.92423533],[93.82377092,8.92268962],[93.8287295,8.91954434],[93.8311915,8.91794479],[93.83607978,8.91469259],[93.83850603,8.91303997],[93.84332168,8.90968242],[93.84571103,8.90797751],[93.85045174,8.90451619],[93.85280307,8.90275981],[93.85746658,8.89919639],[93.85977875,8.89738938],[93.86436286,8.89372555],[93.86549209,8.89281298],[93.86774058,8.89097574],[93.86883613,8.89007087],[93.86999219,8.88909464],[93.8722462,8.8871694],[93.87336785,8.88620061],[93.87778661,8.88234127],[93.87997478,8.88038762],[93.88430771,8.87643325],[93.88645243,8.87443255],[93.89069745,8.87038505],[93.89279771,8.86833827],[93.89575174,8.86514033],[93.89685707,8.86409273],[93.8989491,8.86207511],[93.90203986,8.85894654],[93.9030649,8.85787415],[93.90507341,8.85573839],[93.90604517,8.85468789],[93.90897828,8.85141259],[93.91100943,8.84924945],[93.91488304,8.84484915],[93.9158336,8.84375751],[93.91772285,8.84156407],[93.9186379,8.84049032],[93.91964351,8.83928339],[93.92166894,8.83682225],[93.92203824,8.83640186],[93.9256673,8.83227017],[93.92743695,8.83021384],[93.92841027,8.82904608],[93.93029699,8.82675618],[93.93123397,8.82560606],[93.93491055,8.82104178],[93.93672377,8.8187397],[93.94029924,8.81409668],[93.94206147,8.81175577],[93.94553414,8.80703622],[93.94724455,8.8046576],[93.95061275,8.79986378],[93.95227052,8.79744859],[93.95553267,8.79258277],[93.95713702,8.79013217],[93.96029156,8.78519667],[93.96184173,8.78271182],[93.96488716,8.77770901],[93.96563124,8.77647169],[93.96710599,8.77398913],[93.96781598,8.77277956],[93.96857391,8.77145533],[93.97003404,8.76887014],[93.97075691,8.76757355],[93.97357985,8.76244328],[93.97496316,8.75986284],[93.97767282,8.7546725],[93.97899916,8.75206264],[93.98159425,8.74681471],[93.98286299,8.74417666],[93.9853423,8.73887363],[93.98655284,8.73620867],[93.98891517,8.73085306],[93.99006695,8.72816245],[93.99231119,8.72275683],[93.99340365,8.72004185],[93.99552875,8.71458878],[93.99604475,8.71324328],[93.9970622,8.71054681],[93.99754837,8.70923767],[93.99806521,8.70779781],[93.99905273,8.70499629],[93.99948124,8.70376139],[93.99996822,8.70234337],[94.0004025,8.70114071],[94.0011572,8.69901787],[94.00153006,8.69795489],[94.00297454,8.69378052],[94.0036795,8.69168742],[94.00505465,8.68748993],[94.00572485,8.68538557],[94.00670728,8.68221023],[94.00727481,8.68091278],[94.00809888,8.67898795],[94.0097167,8.67512569],[94.01051045,8.67318829],[94.01206745,8.66930137],[94.0128307,8.66735187],[94.0143265,8.66344123],[94.01468892,8.66248272],[94.01540638,8.66056295],[94.01574624,8.65964327],[94.01626287,8.65820382],[94.01725017,8.65540262],[94.01773601,8.65399932],[94.01961964,8.64845918],[94.02053107,8.64567889],[94.02229273,8.64009917],[94.02314295,8.63729975],[94.0247818,8.6316831],[94.02557043,8.62886588],[94.0270857,8.62321498],[94.02781235,8.62038131],[94.02920334,8.61469884],[94.02986767,8.61185006],[94.03113372,8.60613874],[94.03173542,8.60327621],[94.03287593,8.59753875],[94.03314896,8.5961254],[94.03367976,8.59329583],[94.0339295,8.5919251],[94.03418751,8.59041531],[94.03467114,8.58748402],[94.0349048,8.58601705],[94.03579268,8.58023553],[94.03620493,8.57733996],[94.03696586,8.57154052],[94.03731453,8.56863669],[94.03794814,8.56282211],[94.03812052,8.56106123],[94.03836443,8.55917523],[94.03870336,8.5563115],[94.03931923,8.55057765],[94.03959618,8.54770745],[94.04008799,8.54196173],[94.04030285,8.53908626],[94.04042342,8.53749306],[94.04076249,8.53549383],[94.04091394,8.53457991],[94.04149236,8.53101256],[94.04176949,8.52922695],[94.04229955,8.52565216],[94.04255247,8.523863],[94.04303407,8.52028142],[94.04326274,8.51848902],[94.04369579,8.5149013],[94.04390017,8.513106],[94.04428459,8.5095128],[94.04446464,8.50771492],[94.04480037,8.50411688],[94.04491881,8.50274747],[94.04562797,8.50031633],[94.04641636,8.49749911],[94.04793121,8.49184819],[94.04865766,8.48901452],[94.05004826,8.48333203],[94.05071241,8.48048325],[94.05197812,8.4747719],[94.05257966,8.47190937],[94.05371987,8.46617188],[94.0539929,8.46475817],[94.05452369,8.46192788],[94.05477354,8.46055609],[94.0550313,8.45904735],[94.05551469,8.45611676],[94.05574823,8.45465014],[94.05663591,8.44886859],[94.05704806,8.44597301],[94.05780882,8.44017355],[94.05815743,8.4372697],[94.05879092,8.43145509],[94.0590758,8.42854436],[94.05958173,8.42271737],[94.05980277,8.41980115],[94.0601809,8.41396455],[94.06033799,8.41104422],[94.06058816,8.4052008],[94.06068123,8.40227774],[94.06080332,8.39643027],[94.0608256,8.39499115],[94.06085466,8.39211271],[94.06086145,8.39071938],[94.06085778,8.38977462],[94.06084444,8.38797708],[94.06083474,8.38707834],[94.06078516,8.3835755],[94.06074763,8.38177875],[94.06064839,8.37818591],[94.06058668,8.37638983],[94.06043494,8.37269774],[94.06034842,8.37089096],[94.06015091,8.36727872],[94.06003992,8.36547328],[94.05974774,8.36119377],[94.05958867,8.35910517],[94.05923779,8.35493067],[94.05904599,8.3528448],[94.05863878,8.34876751],[94.05841955,8.34673043],[94.05794984,8.34265982],[94.05769938,8.34062631],[94.05716728,8.33656332],[94.05688565,8.33453386],[94.05629129,8.33047944],[94.05597856,8.3284545],[94.05532208,8.3244096],[94.05515787,8.32342126],[94.05482204,8.3214458],[94.0546583,8.32050308],[94.05438242,8.318998],[94.05383021,8.31607963],[94.053546,8.31462198],[94.05239463,8.30888675],[94.05178755,8.30602541],[94.0505109,8.30031656],[94.04984133,8.29746908],[94.04844002,8.29178931],[94.04770828,8.28895705],[94.04618297,8.28330908],[94.04538941,8.28049339],[94.04374084,8.27487989],[94.04288584,8.27208211],[94.04111481,8.26650575],[94.04019878,8.26372721],[94.03830613,8.25819065],[94.03783256,8.25682932],[94.03687077,8.25411177],[94.03639727,8.25279581],[94.03586447,8.25136438],[94.0348129,8.24858779],[94.03427942,8.24720241],[94.03214631,8.24175332],[94.03104995,8.23904038],[94.02879812,8.23363892],[94.02764266,8.23095044],[94.02527319,8.22559918],[94.02405918,8.22293643],[94.02157319,8.21763791],[94.02030122,8.21500217],[94.01769991,8.20975892],[94.01637058,8.20715143],[94.01365518,8.20196593],[94.01226913,8.19938794],[94.00944095,8.19426266],[94.00873664,8.19300238],[94.00731445,8.1904894],[94.00661632,8.18927077],[94.00584493,8.18795772],[94.00432751,8.18540807],[94.00356174,8.18413743],[94.0005121,8.17913986],[93.99895995,8.17665765],[93.99580173,8.17172752],[93.99419567,8.16927961],[93.99093038,8.16441926],[93.98949248,8.1623286],[93.98972879,8.16081415],[93.99010302,8.15825324],[93.99046522,8.15559482],[93.99173516,8.15085412],[93.99246109,8.14802042],[93.99385073,8.14233789],[93.99451442,8.13948909],[93.99577927,8.1337777],[93.99638042,8.13091514],[93.99751988,8.12517761],[93.9977929,8.12376297],[93.99832368,8.12093082],[93.99857385,8.11955625],[93.99878159,8.11834762],[93.99917159,8.1160145],[93.99936142,8.1148471],[94.00008645,8.11026022],[94.00043644,8.10791077],[94.00109458,8.10320604],[94.00140274,8.10085078],[94.00199127,8.09601892],[94.00221151,8.09409469],[94.00262405,8.09024324],[94.00281637,8.08831604],[94.00316179,8.08458062],[94.00331674,8.08277086],[94.00360202,8.07914939],[94.00373235,8.0773377],[94.00396153,8.07381776],[94.0040645,8.07205704],[94.00424718,8.0685344],[94.0043269,8.06677249],[94.00446307,8.06324775],[94.00451952,8.06148494],[94.00460914,8.05795873],[94.00464232,8.05619533],[94.00468539,8.05266824],[94.00469312,8.05180846],[94.00470305,8.05008884],[94.00470528,8.04927308],[94.00469936,8.04805877],[94.00467731,8.04571838],[94.00466117,8.04454824],[94.0045777,8.0399563],[94.0045519,8.03880838],[94.00449043,8.03651278],[94.00445477,8.03536513],[94.0042631,8.02994705],[94.00421639,8.02877273],[94.00411264,8.02642451],[94.0040556,8.02525064],[94.00380681,8.02055633],[94.00366177,8.01821028],[94.00333045,8.01352104],[94.00314418,8.01117789],[94.00273045,8.00649516],[94.002503,8.00415562],[94.00200698,7.99948084],[94.00173842,7.99714563],[94.00116028,7.99248023],[94.0008507,7.99015007],[94.0001906,7.9854955],[93.9998401,7.98317111],[93.99909827,7.97852878],[93.99891131,7.97739033],[93.99852756,7.97511504],[93.99833832,7.97402074],[93.99806324,7.97251841],[93.99751195,7.96960184],[93.99722822,7.96814508],[93.99607808,7.96240971],[93.99547165,7.95954829],[93.99419634,7.95383929],[93.99352746,7.95099173],[93.99212758,7.94531181],[93.99139659,7.94247948],[93.98987282,7.93683134],[93.98908006,7.93401557],[93.98743313,7.92840191],[93.98657898,7.92560405],[93.98480969,7.92002752],[93.9839839,7.91752017],[93.9839353,7.91651473],[93.98374524,7.9133577],[93.98329048,7.90704896],[93.98316745,7.90547235],[93.98290276,7.90232065],[93.98276109,7.90074559],[93.9827116,7.90022958],[93.98257664,7.89889307],[93.98229329,7.89622147],[93.9821449,7.8948864],[93.98152459,7.88954939],[93.98118762,7.886884],[93.9804602,7.88156046],[93.98006974,7.87890233],[93.97923551,7.87359439],[93.97902381,7.87228946],[93.9785875,7.86968172],[93.97837035,7.86842088],[93.9780955,7.86691939],[93.97754449,7.86400336],[93.9772609,7.86254688],[93.97611113,7.85681147],[93.97550489,7.85395003],[93.97422997,7.84824098],[93.9735613,7.8453934],[93.97216185,7.83971343],[93.97143108,7.83688107],[93.96990777,7.83123289],[93.96911524,7.8284171],[93.96746881,7.82280338],[93.96661491,7.8200055],[93.96484613,7.81442892],[93.96393127,7.81165027],[93.962041,7.80611349],[93.96156764,7.80475099],[93.96060624,7.80203112],[93.96013211,7.80071178],[93.95960122,7.79928375],[93.95852838,7.79644842],[93.95828885,7.79578618],[93.957758,7.79435824],[93.95729989,7.79314707],[93.95689412,7.7919991],[93.95642003,7.79067985],[93.95588914,7.78925177],[93.95483974,7.78647733],[93.95430736,7.78509301],[93.95217695,7.77964369],[93.95108197,7.77693062],[93.94883296,7.77152893],[93.94847419,7.77069306],[93.94917914,7.77018865],[93.95390645,7.76672753],[93.95625114,7.76497125],[93.96090151,7.76140802],[93.96320717,7.75960111],[93.96777838,7.75593748],[93.96890601,7.75502367],[93.97115131,7.75318391],[93.97224845,7.75227516],[93.97339656,7.75130287],[93.97564114,7.74938034],[93.97675811,7.74841292],[93.97976441,7.74577998],[93.98123169,7.74487256],[93.98301451,7.74375057],[93.98667368,7.74140748],[93.98823241,7.7403941],[93.99133564,7.73834587],[93.99288013,7.73731104],[93.99623908,7.73502664],[93.99785554,7.73390992],[94.00107191,7.73165296],[94.0026718,7.73051275],[94.0057596,7.72827787],[94.00729554,7.7271495],[94.01035118,7.72487111],[94.01187088,7.72372109],[94.01489375,7.72139963],[94.01639691,7.7202282],[94.01938639,7.71786415],[94.0208727,7.71667154],[94.0238282,7.71426537],[94.02455482,7.71366956],[94.02600387,7.71247286],[94.02670589,7.71188907],[94.02778715,7.71097393],[94.02989946,7.7091669],[94.03095092,7.70825794],[94.03509799,7.70463515],[94.03715287,7.70280253],[94.04122448,7.6990956],[94.04324119,7.6972213],[94.04723563,7.69343179],[94.04921333,7.6915166],[94.05312891,7.68764611],[94.05506677,7.68569083],[94.05890184,7.681741],[94.06079904,7.67974646],[94.064552,7.67571894],[94.06640775,7.67368598],[94.07007702,7.66958247],[94.07098908,7.66855187],[94.07280257,7.66648134],[94.07370398,7.66544145],[94.07847828,7.6598758],[94.07916003,7.65907687],[94.0802878,7.65774828],[94.08092511,7.65699371],[94.08198845,7.65571589],[94.08386666,7.65342989],[94.08479943,7.65228174],[94.08846572,7.64771761],[94.09027387,7.64541559],[94.09383938,7.64077271],[94.09559671,7.63843187],[94.09905973,7.63371245],[94.10076541,7.6313339],[94.1041243,7.62654019],[94.10577751,7.62412507],[94.10903069,7.61925936],[94.11063064,7.61680881],[94.11377655,7.61187341],[94.11532249,7.6093886],[94.11835964,7.60438588],[94.11910314,7.60314616],[94.12057671,7.60065876],[94.12128898,7.59944186],[94.1220406,7.59812496],[94.12349398,7.59554469],[94.12421352,7.59425057],[94.12702887,7.58912037],[94.12840847,7.58653995],[94.1311109,7.58134966],[94.13243372,7.57873982],[94.13502194,7.57349192],[94.1357729,7.57192635],[94.13749317,7.57016963],[94.14154373,7.56594189],[94.14354585,7.56380598],[94.1475029,7.55949102],[94.1494578,7.557312],[94.15331946,7.55291188],[94.15426888,7.5518182],[94.15615584,7.54962065],[94.15707336,7.54854061],[94.15803843,7.54737914],[94.1599159,7.5450935],[94.1608483,7.54394553],[94.16451372,7.53938141],[94.16632145,7.53707941],[94.16988611,7.53243654],[94.17164302,7.53009571],[94.17510523,7.5253763],[94.17681051,7.52299776],[94.18016862,7.51820407],[94.18182144,7.51578895],[94.18507386,7.51092325],[94.18667344,7.5084727],[94.18981862,7.50353732],[94.1913642,7.50105252],[94.19440065,7.4960498],[94.19514412,7.49480986],[94.19661761,7.49232201],[94.19733011,7.49110445],[94.19808116,7.48978822],[94.19953395,7.48720841],[94.20025319,7.48591451],[94.20306791,7.48078432],[94.2044472,7.4782039],[94.20714902,7.47301362],[94.20847154,7.47040378],[94.21105918,7.46515589],[94.21232429,7.46251786],[94.21479653,7.45721485],[94.21600364,7.4545499],[94.2183593,7.4491943],[94.21950784,7.44650368],[94.22174581,7.44109805],[94.22283523,7.43838306],[94.22495444,7.43292997],[94.2254702,7.43158133],[94.22648713,7.42887857],[94.22697536,7.42755999],[94.22748731,7.42612956],[94.22846984,7.42333437],[94.22895336,7.42193409],[94.23083212,7.41639389],[94.23174121,7.41361357],[94.23349838,7.40803376],[94.23434646,7.40523431],[94.23598121,7.39961755],[94.23676788,7.39680029],[94.23780061,7.39293941],[94.23845506,7.39171484],[94.2411564,7.38652457],[94.24247868,7.38391473],[94.24506586,7.37866684],[94.24633076,7.37602881],[94.24880256,7.37072581],[94.25000946,7.36806085],[94.25236472,7.36270526],[94.25351306,7.36001465],[94.25575065,7.35460901],[94.25683988,7.35189402],[94.25895874,7.34644093],[94.25947449,7.34509208],[94.2604914,7.3423889],[94.26097978,7.34106969],[94.26149141,7.33963989],[94.26247362,7.33684512],[94.26295699,7.33544505],[94.26483544,7.32990484],[94.26574438,7.32712452],[94.26750127,7.32154472],[94.26834921,7.31874526],[94.26998371,7.3131285],[94.27077026,7.31031123],[94.27228159,7.3046602],[94.27300637,7.30182647],[94.27439382,7.29614386],[94.27505649,7.29329501],[94.27631941,7.28758352],[94.27691966,7.28472092],[94.27805746,7.27898327],[94.27833051,7.27756634],[94.27886132,7.27472958],[94.27911232,7.27334817],[94.27936784,7.27184895],[94.27984916,7.26892464],[94.28008173,7.26746117],[94.28096773,7.26167942],[94.28137914,7.25878374],[94.28213859,7.25298406],[94.28248663,7.2500801],[94.28311918,7.24426526],[94.28340369,7.24135441],[94.28390904,7.23552717],[94.28412988,7.23261081],[94.2844255,7.22672152],[94.2869865,7.22251885],[94.28853119,7.22003406],[94.29156588,7.21503137],[94.29230925,7.21379086],[94.29378257,7.21130186],[94.29449566,7.21008255],[94.29497054,7.20925384],[94.2958811,7.2076516],[94.29633362,7.20684892],[94.29810003,7.20369031],[94.29897256,7.20210505],[94.3006961,7.19892291],[94.30154711,7.19732604],[94.30322746,7.19412095],[94.30364485,7.19331825],[94.30447418,7.19171005],[94.30488613,7.19090455],[94.3054041,7.18988326],[94.30585772,7.18898043],[94.30675812,7.18717137],[94.3072049,7.18626516],[94.30897828,7.18263369],[94.30985126,7.18081129],[94.31156961,7.17715353],[94.31241497,7.17531819],[94.31407789,7.17163498],[94.31489545,7.16978712],[94.31650258,7.16607929],[94.31729214,7.16421934],[94.3188431,7.16048773],[94.3196045,7.1586161],[94.32109895,7.15486157],[94.321832,7.15297869],[94.3232696,7.14920208],[94.32361915,7.14827348],[94.32431135,7.14641372],[94.32464157,7.14551672],[94.32515291,7.14408712],[94.32613525,7.14129085],[94.32661868,7.13989001],[94.32849801,7.13434485],[94.32940735,7.13156203],[94.33116496,7.12597719],[94.33201322,7.1231752],[94.33364827,7.11755334],[94.33404936,7.11614559],[94.33483614,7.11332576],[94.33522181,7.11191372],[94.33673031,7.10626952],[94.33709986,7.10485592],[94.33782352,7.10202475],[94.33817762,7.10060721],[94.33956298,7.09492976],[94.34022467,7.09208351],[94.34148577,7.08637723],[94.34208518,7.08351725],[94.34322145,7.07778487],[94.34349424,7.07636871],[94.34402456,7.07353352],[94.34427551,7.07215182],[94.34451225,7.07076579],[94.3449588,7.0680661],[94.34517518,7.06671513],[94.34600146,7.0613818],[94.34638772,7.058711],[94.34710635,7.05336214],[94.34743871,7.05068411],[94.34804941,7.04532187],[94.34832774,7.0426377],[94.34883026,7.03726427],[94.34905445,7.03457505],[94.3494486,7.0291926],[94.34961855,7.02649941],[94.34990417,7.02111012],[94.35001983,7.01841406],[94.35019681,7.01302012],[94.35023427,7.01167136],[94.35029559,7.00897352],[94.35031946,7.00762445],[94.35037798,7.0029687],[94.35039057,7.00161168],[94.35040388,6.99935947],[94.35040735,6.99807887],[94.35039853,6.99636164],[94.35036407,6.99339886],[94.35033864,6.99191758],[94.35020593,6.98606997],[94.35010766,6.98314691],[94.34984732,6.97730357],[94.34968526,6.97438334],[94.34929742,6.96854708],[94.34907165,6.96563107],[94.34855651,6.95980464],[94.34826714,6.95689425],[94.34811849,6.95554848],[94.34812226,6.95478793],[94.34811321,6.95326855],[94.34807877,6.95030601],[94.34805336,6.94882484],[94.34792069,6.94297722],[94.34782244,6.94005415],[94.34756216,6.9342108],[94.34740012,6.93129057],[94.34701235,6.92545429],[94.34678662,6.92253827],[94.34627155,6.91671183],[94.34598223,6.91380143],[94.34534012,6.9079876],[94.34498734,6.9050842],[94.3442185,6.89928575],[94.34380245,6.89639073],[94.34290725,6.89061041],[94.34267862,6.88918492],[94.342206,6.88633643],[94.34196851,6.88495014],[94.34169581,6.88345648],[94.3411473,6.88054553],[94.34086501,6.87909158],[94.33971846,6.87335578],[94.33911389,6.87049414],[94.33784246,6.86478469],[94.3371756,6.86193691],[94.33577989,6.85625653],[94.33505106,6.85342396],[94.33353176,6.84777535],[94.3327413,6.84495934],[94.33109912,6.83934519],[94.33024742,6.83654708],[94.32848317,6.83097006],[94.32757063,6.82819118],[94.32568514,6.82265394],[94.32521211,6.82128892],[94.32425138,6.81856402],[94.32377578,6.81723738],[94.32324877,6.81581631],[94.32220368,6.81304638],[94.3216735,6.81166432],[94.3195483,6.80621452],[94.31845598,6.80350122],[94.31621243,6.79809904],[94.3150612,6.79541019],[94.31270035,6.7900582],[94.31149076,6.78739508],[94.3089508,6.78196488],[94.30867281,6.78021153],[94.30825689,6.77731648],[94.307362,6.77153613],[94.30713339,6.7701103],[94.30666082,6.76726116],[94.30642324,6.7658739],[94.30629276,6.76514705],[94.30604093,6.76376608],[94.30591321,6.76307594],[94.30540865,6.7603889],[94.30528081,6.75971747],[94.30502168,6.75837525],[94.30489042,6.75770449],[94.30345783,6.75048185],[94.30320046,6.74921621],[94.30267353,6.74668744],[94.30240397,6.74542433],[94.30130148,6.74037736],[94.30072593,6.73785919],[94.29952641,6.73283438],[94.29890245,6.73032777],[94.29760636,6.72532698],[94.29693423,6.72283285],[94.29554204,6.71785795],[94.29482199,6.71537722],[94.29333424,6.71043005],[94.29276559,6.7085873],[94.29160184,6.70491013],[94.29035283,6.7011569],[94.28901896,6.69733765],[94.2883455,6.69545503],[94.28440866,6.68475004],[94.28289007,6.68081332],[94.27973217,6.67299542],[94.27809177,6.66911131],[94.27573162,6.66375925],[94.27532746,6.66286916],[94.27472529,6.66137286],[94.27248247,6.65597062],[94.27133162,6.65328173],[94.26897155,6.64792967],[94.26776234,6.64526652],[94.26528614,6.63996719],[94.26401917,6.63733104],[94.26142803,6.63208696],[94.26010388,6.62947906],[94.25739903,6.62429272],[94.25601835,6.62171431],[94.25320109,6.61658819],[94.25249764,6.6153244],[94.25107713,6.61280447],[94.25037598,6.61157583],[94.24975157,6.61050639],[94.2485252,6.60842804],[94.24790735,6.60739163],[94.24545053,6.60331227],[94.24420403,6.60128351],[94.24167521,6.5972484],[94.2403929,6.59524209],[94.23779288,6.59125251],[94.23713844,6.59025798],[94.23582074,6.58827474],[94.23515751,6.58728606],[94.23102661,6.58118677],[94.23020594,6.57998906],[94.22855168,6.57760255],[94.2277181,6.57641378],[94.22435832,6.57167709],[94.22351194,6.57049741],[94.22180644,6.56814726],[94.22094733,6.5669768],[94.21938341,6.56487009],[94.21877927,6.56406261],[94.21756492,6.56245222],[94.21695472,6.56164932],[94.21450195,6.55844696],[94.21326355,6.55685502],[94.21076293,6.55368991],[94.20950074,6.55211676],[94.20695284,6.54898962],[94.20632194,6.54822111],[94.20505444,6.54668878],[94.20443582,6.54594636],[94.20346215,6.54479949],[94.20153841,6.54255913],[94.20057038,6.54144426],[94.19671142,6.53704895],[94.19475801,6.53487234],[94.1908042,6.53056221],[94.18880382,6.52842872],[94.18475705,6.52420583],[94.18271066,6.52211646],[94.17857284,6.51798281],[94.17648142,6.51593856],[94.17225453,6.51189612],[94.17011907,6.50989795],[94.16580511,6.50594864],[94.16362663,6.50399752],[94.15922766,6.50014321],[94.15813163,6.49919329],[94.15577168,6.49717165],[94.15470496,6.49622375],[94.15030606,6.49236944],[94.14921003,6.49141951],[94.14700774,6.48953155],[94.14591937,6.48860852],[94.14470046,6.48759808],[94.1422869,6.48562123],[94.14107439,6.48463982],[94.13635835,6.48086783],[94.13196046,6.47735094],[94.12972992,6.47560551],[94.12523252,6.47216215],[94.12296567,6.47046423],[94.12039367,6.46857979],[94.11973594,6.46792266],[94.11764474,6.46587839],[94.11341828,6.46183592],[94.11128304,6.45983775],[94.10696952,6.45588841],[94.10479127,6.45393727],[94.10039275,6.45008294],[94.09929675,6.44913296],[94.09709454,6.44724489],[94.09600609,6.44632171],[94.09485386,6.44536583],[94.09257464,6.4434964],[94.09142991,6.44256796],[94.0868677,6.43890908],[94.08456668,6.43710453],[94.07992586,6.43354601],[94.07758609,6.43179206],[94.07286887,6.42833559],[94.07049145,6.42663309],[94.06570007,6.42328031],[94.06328613,6.42163005],[94.05842287,6.41838256],[94.05597357,6.41678534],[94.05104074,6.41364467],[94.04855724,6.41210124],[94.04355718,6.40906889],[94.04231085,6.40832224],[94.03981016,6.40684246],[94.03857137,6.40611833],[94.03727766,6.40538091],[94.03471345,6.40393809],[94.0334274,6.40322373],[94.02830006,6.40041229],[94.02572109,6.39903453],[94.02053374,6.39633557],[94.01792539,6.39501438],[94.0126805,6.39242918],[94.010044,6.39116519],[94.00474406,6.38869499],[94.00208066,6.38748879],[93.9967282,6.38513475],[93.99403916,6.38398692],[93.98863671,6.38175017],[93.98592333,6.38066125],[93.98047346,6.37854285],[93.97911389,6.37802284],[93.97638917,6.37699762],[93.97503556,6.3764966],[93.97364171,6.3759979],[93.97087172,6.37502407],[93.96948409,6.37454474],[93.96394717,6.37266599],[93.96116849,6.3717568],[93.95559198,6.36999924],[93.95279417,6.36915087],[93.94718072,6.36751534],[93.9443651,6.36672818],[93.93871738,6.36521546],[93.93588529,6.36448989],[93.93020597,6.36310069],[93.92735876,6.36243705],[93.92165054,6.36117203],[93.91878956,6.36057065],[93.91305516,6.35943041],[93.91162305,6.35915373],[93.90875589,6.35861598],[93.90732697,6.35835597],[93.9058768,6.35810842],[93.90298609,6.35763127],[93.90153945,6.35740059],[93.89576085,6.35651148],[93.89286673,6.35609844],[93.88707015,6.35533557],[93.88416772,6.35498574],[93.87835591,6.35434945],[93.87544656,6.354063],[93.86962227,6.35355361],[93.86670737,6.35333067],[93.86087338,6.35294842],[93.85731749,6.35276283],[93.85020202,6.35248616],[93.84664254,6.35239509],[93.84190867,6.35233687],[93.84115647,6.35232129],[93.83989176,6.35230107],[93.83904285,6.3522915],[93.83607629,6.35216902],[93.83196507,6.35206243],[93.8291306,6.35203246],[93.82842196,6.35202684],[93.82700464,6.35201934],[93.82629597,6.35201747],[93.82483427,6.35202544],[93.82191103,6.35205733],[93.82044951,6.35208124],[93.81460442,6.35220874],[93.81168259,6.35230436],[93.80584166,6.3525593],[93.8029226,6.35271862],[93.79708861,6.35310087],[93.79417371,6.35332381],[93.78834943,6.3538332],[93.78544008,6.35411965],[93.77962827,6.35475593],[93.77672584,6.35510576],[93.77092926,6.35586864],[93.76803514,6.35628168],[93.76225655,6.35717079],[93.76080991,6.35740146],[93.7579192,6.35787862],[93.75646903,6.35812617],[93.75503644,6.35838686],[93.75216195,6.35892608],[93.75072619,6.35920352],[93.7449772,6.36034699],[93.74210896,6.36095015],[93.7363863,6.36221905],[93.73353191,6.36288477],[93.72783831,6.36427848],[93.72629059,6.36466929],[93.72315414,6.36529294],[93.72029313,6.36589432],[93.71458486,6.36715934],[93.71173763,6.36782298],[93.70605825,6.36921218],[93.70322614,6.36993774],[93.69757836,6.37145047],[93.69476272,6.37223763],[93.68914922,6.37387316],[93.68635138,6.37472153],[93.68077482,6.37647909],[93.67799612,6.37738827],[93.67245915,6.37926702],[93.6710715,6.37974635],[93.66830148,6.38072019],[93.6669076,6.38121889],[93.66555399,6.3817199],[93.66282925,6.38274512],[93.66146968,6.38326512],[93.65601976,6.38538353],[93.65330635,6.38647244],[93.64790385,6.3887092],[93.64521479,6.38985702],[93.63986228,6.39221106],[93.63719885,6.39341726],[93.63189887,6.39588746],[93.62926234,6.39715145],[93.6240174,6.39973665],[93.62140902,6.40105783],[93.61622162,6.40375679],[93.61364263,6.40513455],[93.60851524,6.40794599],[93.60722918,6.40866036],[93.60466493,6.41010317],[93.60337119,6.41084061],[93.60213241,6.41156473],[93.5996317,6.4130445],[93.59838537,6.41379115],[93.59338527,6.4168235],[93.59090174,6.41836692],[93.58596886,6.42150759],[93.58351954,6.42310481],[93.57865623,6.4263523],[93.57624227,6.42800256],[93.57145085,6.43135533],[93.5690734,6.43305784],[93.56435614,6.4365143],[93.56201634,6.43826825],[93.55737548,6.44182677],[93.55507444,6.44363132],[93.55051219,6.44729019],[93.54936744,6.44821864],[93.54708818,6.45008808],[93.54593592,6.45104397],[93.54484748,6.45196714],[93.54264526,6.45385519],[93.54154926,6.45480517],[93.5371507,6.4586595],[93.53497242,6.46061064],[93.53065887,6.46455997],[93.52852361,6.46655815],[93.52429711,6.47060061],[93.52220588,6.47264488],[93.51806845,6.47677855],[93.51602226,6.47886793],[93.51197586,6.48309084],[93.50997567,6.48522435],[93.50602223,6.4895345],[93.504069,6.49171112],[93.50021041,6.49610646],[93.49924254,6.49722126],[93.4973191,6.49946149],[93.49634571,6.50060814],[93.49549585,6.50163099],[93.49377106,6.5037279],[93.49291398,6.50478071],[93.4894719,6.50905278],[93.4877727,6.51120641],[93.48441865,6.51554799],[93.48276382,6.51773593],[93.47949921,6.52214521],[93.47788945,6.52436653],[93.47471565,6.52884167],[93.47315163,6.53109546],[93.47006997,6.53563458],[93.46855235,6.53791989],[93.46556412,6.5425211],[93.46409353,6.54483697],[93.46119999,6.54949834],[93.46048253,6.55066741],[93.45905959,6.55301287],[93.45835412,6.55418922],[93.4538004,6.56187111],[93.44924503,6.56955577],[93.44468966,6.57724043],[93.44013428,6.5849251],[93.43557888,6.59260978],[93.43102349,6.60029444],[93.42646809,6.6079791],[93.42191266,6.6156638],[93.41735724,6.62334848],[93.41280181,6.63103315],[93.40824637,6.63871784],[93.40369092,6.64640253],[93.39913547,6.65408722],[93.39458001,6.66177191],[93.39002453,6.66945663],[93.38546906,6.67714131],[93.38091358,6.684826],[93.37635807,6.69251073],[93.37180257,6.70019543],[93.36724706,6.70788014],[93.36269153,6.71556487],[93.35813602,6.72324956],[93.35358048,6.73093429],[93.34902493,6.73861903],[93.34446938,6.74630375],[93.33991382,6.75398847],[93.33535826,6.76167319],[93.33080267,6.76935795],[93.3262471,6.77704267],[93.32169151,6.78472741],[93.3171359,6.79241217],[93.31249154,6.80024709],[93.31194995,6.80116621],[93.31104717,6.80270766],[93.31047748,6.80368668],[93.30960532,6.80521321],[93.30804778,6.80798189],[93.30727721,6.80937083],[93.30419645,6.81500217],[93.30268977,6.81783624],[93.29974464,6.82353965],[93.29830621,6.82640895],[93.29549841,6.83218115],[93.29480505,6.83362848],[93.29343569,6.83653135],[93.29275971,6.83798685],[93.28904275,6.84611695],[93.2853246,6.85424963],[93.28160646,6.8623823],[93.27788829,6.87051498],[93.27417012,6.87864767],[93.27045194,6.88678036],[93.26673376,6.89491304],[93.26301556,6.90304574],[93.25929735,6.91117844],[93.25557913,6.91931116],[93.25186092,6.92744383],[93.24814268,6.93557654],[93.24442444,6.94370925],[93.24070619,6.95184196],[93.23698793,6.95997467],[93.23326966,6.96810739],[93.22955138,6.97624011],[93.2258331,6.98437283],[93.22211481,6.99250555],[93.2183965,7.00063829],[93.21467819,7.00877102],[93.21095987,7.01690374],[93.20724153,7.0250365],[93.2035232,7.03316923],[93.19980485,7.04130197],[93.1960865,7.04943471],[93.19236813,7.05756745],[93.18864976,7.06570021],[93.18493137,7.07383297],[93.18121298,7.08196572],[93.17749458,7.09009848],[93.17377617,7.09823125],[93.17005775,7.106364],[93.16633933,7.11449677],[93.16262089,7.12262955],[93.15890244,7.13076232],[93.15518399,7.13889509],[93.15146552,7.14702789],[93.14774705,7.15516066],[93.14402857,7.16329345],[93.14031009,7.17142623],[93.13659159,7.17955902],[93.13287308,7.18769182],[93.12915456,7.19582462],[93.12543604,7.20395741],[93.1217175,7.21209022],[93.11799896,7.22022303],[93.11428041,7.22835583],[93.11056185,7.23648864],[93.10684327,7.24462147],[93.10312469,7.2527543],[93.09940611,7.2608871],[93.09568751,7.26901992],[93.09196891,7.27715275],[93.08825029,7.28528558],[93.08453167,7.29341841],[93.08081304,7.30155124],[93.0770944,7.30968409],[93.07337575,7.31781693],[93.06965709,7.32594976],[93.06593842,7.33408261],[93.06221974,7.34221547],[93.05850106,7.35034832],[93.05478236,7.35848118],[93.05106366,7.36661403],[93.04734495,7.37474689],[93.04362623,7.38287975],[93.0399075,7.39101262],[93.03618876,7.39914549],[93.03247001,7.40727837],[93.02875126,7.41541123],[93.02503249,7.42354411],[93.02131371,7.431677],[93.01759493,7.43980988],[93.01387614,7.44794276],[93.01015734,7.45607565],[93.00643853,7.46420855],[93.00271971,7.47234145],[92.99900088,7.48047436],[92.99528204,7.48860725],[92.9915632,7.49674015],[92.98784435,7.50487305],[92.98412548,7.51300596],[92.98040661,7.52113888],[92.97668773,7.5292718],[92.97296884,7.53740471],[92.96924994,7.54553763],[92.96553103,7.55367057],[92.96181211,7.56180349],[92.95809319,7.56993642],[92.95437425,7.57806935],[92.9506553,7.58620231],[92.94693635,7.59433523],[92.94321739,7.60246817],[92.93949842,7.61060112],[92.93577944,7.61873407],[92.93206046,7.62686701],[92.92834146,7.63499996],[92.92462245,7.64313293],[92.9236462,7.64545331],[92.92090343,7.65126589],[92.91875817,7.65608207],[92.91718441,7.65939884],[92.91346538,7.66753181],[92.90974633,7.67566478],[92.90602728,7.68379775],[92.90230822,7.69193074],[92.89858916,7.7000637],[92.89487008,7.70819668],[92.89115099,7.71632967],[92.8874319,7.72446264],[92.88371279,7.73259563],[92.87999368,7.74072863],[92.87627455,7.74886163],[92.87255542,7.75699461],[92.86883672,7.76512666],[92.8674136,7.76837184],[92.86579739,7.77179643],[92.86457725,7.7744567],[92.86308795,7.77779967],[92.86218434,7.77970516],[92.86139754,7.78139458],[92.85767881,7.78952663],[92.85395963,7.79765965],[92.85024044,7.80579266],[92.84652125,7.81392569],[92.84280205,7.82205869],[92.83908284,7.83019172],[92.83536361,7.83832475],[92.83164439,7.84645777],[92.82792515,7.8545908],[92.8242059,7.86272385],[92.82048664,7.87085688],[92.81676738,7.87898992],[92.8130481,7.88712297],[92.80932882,7.89525601],[92.80560953,7.90338905],[92.80189023,7.91152211],[92.79817091,7.91965519],[92.79445159,7.92778823],[92.79073227,7.93592128],[92.78701293,7.94405434],[92.78329358,7.95218742],[92.77957423,7.96032049],[92.77585487,7.96845355],[92.77213549,7.97658663],[92.76841611,7.98471971],[92.76469672,7.99285279],[92.76097732,8.00098587],[92.75725791,8.00911896],[92.75353849,8.01725205],[92.74981905,8.02538516],[92.74609963,8.03351823],[92.74238018,8.04165134],[92.73866073,8.04978444],[92.73494127,8.05791754],[92.7312218,8.06605064],[92.72750231,8.07418376],[92.72378282,8.08231687],[92.72006333,8.09044998],[92.71634382,8.0985831],[92.71262572,8.10671312],[92.71208977,8.10790025],[92.71102943,8.11027967],[92.71050506,8.11147193],[92.70843088,8.11625087],[92.70791813,8.11744814],[92.70690431,8.11984762],[92.70640325,8.12104979],[92.70300522,8.12931536],[92.69960599,8.13758384],[92.69620674,8.14585235],[92.69280748,8.15412085],[92.68940822,8.16238934],[92.68600894,8.17065786],[92.68260965,8.17892637],[92.67921036,8.18719487],[92.67581105,8.19546339],[92.67241174,8.20373191],[92.66901242,8.21200042],[92.66561308,8.22026896],[92.66221375,8.22853748],[92.6588144,8.23680599],[92.65541504,8.24507453],[92.65201567,8.25334307],[92.64861629,8.26161161],[92.64521691,8.26988014],[92.64181751,8.27814869],[92.6384181,8.28641724],[92.63501869,8.29468578],[92.63161926,8.30295435],[92.62821983,8.31122289],[92.6248204,8.31949143],[92.62142094,8.32776002],[92.61802148,8.33602857],[92.61462202,8.34429712],[92.61122253,8.35256571],[92.60782304,8.36083428],[92.60442355,8.36910283],[92.60102404,8.37737143],[92.59762452,8.38564001],[92.59422501,8.39390857],[92.59082546,8.40217717],[92.58742592,8.41044577],[92.58402637,8.41871433],[92.5806268,8.42698294],[92.57722723,8.43525155],[92.57382766,8.44352012],[92.57042806,8.45178874],[92.56702846,8.46005735],[92.56362886,8.46832594],[92.56022924,8.47659456],[92.55682961,8.48486319],[92.55342998,8.49313178],[92.55003033,8.50140041],[92.54663068,8.50966903],[92.54323102,8.51793765],[92.53983135,8.52620627],[92.53643166,8.53447492],[92.53303196,8.54274356],[92.52963227,8.55101217],[92.52623255,8.55928082],[92.52283283,8.56754947],[92.51943311,8.5758181],[92.51603337,8.58408676],[92.51263362,8.59235541],[92.50923387,8.60062405],[92.5058341,8.60889272],[92.50243433,8.61716137],[92.49903455,8.62543002],[92.49820782,8.6274407],[92.49649694,8.63053735],[92.49510924,8.63311522],[92.49239059,8.63830048],[92.49105966,8.64090784],[92.48845521,8.64615086],[92.4871817,8.64878648],[92.4846927,8.65408476],[92.48347721,8.65674739],[92.48110484,8.66209841],[92.47994797,8.66478678],[92.47769336,8.67018801],[92.47659565,8.67290084],[92.4744599,8.67834971],[92.47392535,8.67973608],[92.4728717,8.68251467],[92.47233708,8.68394922],[92.47186416,8.68526196],[92.47090193,8.68797728],[92.47042815,8.6893375],[92.4685331,8.69487384],[92.46761591,8.69765228],[92.46584261,8.70322842],[92.46498652,8.70602609],[92.46333582,8.71163939],[92.46278443,8.7135932],[92.4616363,8.71638549],[92.45823642,8.72465417],[92.4548365,8.73292289],[92.45143659,8.7411916],[92.44803667,8.74946027],[92.44463673,8.757729],[92.44123679,8.76599771],[92.43783685,8.7742664],[92.43443689,8.78253512],[92.43103691,8.79080386],[92.42763693,8.79907257],[92.42423695,8.80734128],[92.42083694,8.81561003],[92.41743694,8.82387876],[92.41403693,8.83214746],[92.4106369,8.84041622],[92.40723686,8.84868496],[92.40383683,8.85695368],[92.40043677,8.86522244],[92.3970367,8.87349119],[92.39363664,8.88175991],[92.39023655,8.89002868],[92.38683646,8.89829744],[92.38343637,8.90656618],[92.38003625,8.91483495],[92.37663614,8.92310372],[92.37323601,8.93137247],[92.36983587,8.93964125],[92.36802614,8.94404231],[92.36649933,8.94695168],[92.36516721,8.94955896],[92.36256042,8.9548018],[92.36128577,8.95743733],[92.35879451,8.96273544],[92.35757793,8.96539798],[92.3552034,8.97074884],[92.35369564,8.97428253],[92.35195449,8.97853128],[92.35154086,8.97942677],[92.35071178,8.98125776],[92.34833714,8.9866086],[92.34717915,8.98929688],[92.34492237,8.99469794],[92.3438236,8.99741068],[92.34168577,9.00285937],[92.3411504,9.0042465],[92.34009513,9.00702659],[92.33955912,9.00846349],[92.33916813,9.00954469],[92.33836402,9.01179854],[92.33796702,9.01292723],[92.3363685,9.01753771],[92.33559032,9.01985016],[92.33407637,9.02448877],[92.33334061,9.0268149],[92.33191172,9.03148011],[92.33121861,9.03381916],[92.32987527,9.03850942],[92.32922505,9.04086061],[92.3279677,9.04557438],[92.32666245,9.05090574],[92.32427241,9.06161711],[92.3240868,9.06251739],[92.32336389,9.0656269],[92.32303762,9.06705388],[92.32278537,9.06817394],[92.32237714,9.06977918],[92.32217449,9.07058656],[92.32177412,9.07220299],[92.32157647,9.0730118],[92.31947112,9.08174481],[92.31736542,9.09047927],[92.3152597,9.09921375],[92.31315398,9.10794822],[92.31104825,9.11668268],[92.30894251,9.12541715],[92.30683677,9.1341516],[92.304731,9.14288606],[92.30262523,9.15162056],[92.30051945,9.16035504],[92.29841365,9.16908951],[92.29630785,9.17782399],[92.29420204,9.18655847],[92.29209622,9.19529294],[92.28999039,9.20402742],[92.28788455,9.21276193],[92.28577869,9.22149642],[92.28367283,9.23023091],[92.28156696,9.2389654],[92.27946108,9.24769988],[92.27735519,9.25643438],[92.27524928,9.2651689],[92.27314337,9.27390341],[92.27103745,9.28263791],[92.26893152,9.29137241],[92.26682558,9.3001069],[92.26471962,9.30884142],[92.26261366,9.31757595],[92.26050768,9.32631046],[92.2584017,9.33504498],[92.25629571,9.3437795],[92.2541897,9.35251402],[92.2520837,9.36124852],[92.24997767,9.36998305],[92.24787163,9.3787176],[92.24576559,9.38745213],[92.24365953,9.39618666],[92.24155347,9.4049212],[92.2394474,9.41365571],[92.23734132,9.42239025],[92.23523522,9.43112481],[92.23312911,9.43985935],[92.231023,9.4485939],[92.22891687,9.45732845],[92.22681074,9.46606298],[92.2247046,9.47479753],[92.22259844,9.4835321],[92.22049227,9.49226666],[92.2183861,9.50100121],[92.21627991,9.50973577],[92.21417372,9.51847034],[92.21206752,9.52720488],[92.2099613,9.53593944],[92.20785507,9.54467403],[92.20574883,9.5534086],[92.20364259,9.56214317],[92.20153633,9.57087775],[92.19943007,9.57961231],[92.19732379,9.58834689],[92.1952175,9.59708148],[92.1931112,9.60581607],[92.1910049,9.61455065],[92.18889858,9.62328524],[92.18679226,9.63201981],[92.18468592,9.6407544],[92.18257957,9.64948901],[92.18047321,9.65822361],[92.17836684,9.66695821],[92.17626046,9.67569281],[92.17415407,9.6844274],[92.17204768,9.69316199],[92.16994127,9.7018966],[92.16783485,9.71063122],[92.16572842,9.71936583],[92.16362198,9.72810045],[92.16151553,9.73683506],[92.15940908,9.74556966],[92.15730261,9.75430428],[92.15519612,9.76303892],[92.15308963,9.77177354],[92.15098313,9.78050816],[92.14887662,9.78924279],[92.14677011,9.79797741],[92.14466358,9.80671203],[92.14255703,9.81544669],[92.14045048,9.82418132],[92.13834392,9.83291596],[92.13623735,9.8416506],[92.13413077,9.85038524],[92.13202418,9.85911987],[92.12991758,9.86785451],[92.12781096,9.87658918],[92.12570434,9.88532383],[92.12359771,9.89405848],[92.12149106,9.90279314],[92.11938442,9.91152778],[92.11727775,9.92026243],[92.11517108,9.92899711],[92.11306439,9.93773178],[92.1109577,9.94646644],[92.108851,9.95520111],[92.10674429,9.96393576],[92.10463756,9.97267043],[92.10253082,9.98140512],[92.10042408,9.99013979],[92.09831732,9.99887448],[92.09621056,10.00760916],[92.09410379,10.01634383],[92.091997,10.0250785],[92.08989021,10.03381319],[92.0877834,10.04254789],[92.08567658,10.05128258],[92.08356976,10.06001728],[92.08146292,10.06875197],[92.07935608,10.07748665],[92.07724922,10.08622135],[92.07514235,10.09495607],[92.07303548,10.10369077],[92.07092859,10.11242548],[92.06882169,10.12116018],[92.06671479,10.12989487],[92.06460787,10.13862958],[92.06250094,10.14736432],[92.060394,10.15609903],[92.05828705,10.16483375],[92.05618009,10.17356847],[92.05407312,10.18230319],[92.05196615,10.19103789],[92.04985916,10.19977262],[92.04775215,10.20850737],[92.04564514,10.2172421],[92.04353812,10.22597683],[92.04143109,10.23471157],[92.03932406,10.24344629],[92.03721701,10.25218102],[92.03510994,10.26091578],[92.03300287,10.26965053],[92.03089579,10.27838527],[92.0287887,10.28712001],[92.0266816,10.29585475],[92.02457449,10.3045895],[92.02246736,10.31332427],[92.02036023,10.32205903],[92.01825308,10.33079379],[92.01614593,10.33952854],[92.01403877,10.3482633],[92.0119316,10.35699805],[92.00982441,10.36573282],[92.00771722,10.3744676],[92.00561001,10.38320238],[92.00413969,10.38929711],[92.00252003,10.39336467],[92.00189359,10.3949679],[92.00066149,10.39818223],[92.00003713,10.39984412],[91.99956629,10.40114394],[91.9986018,10.40385033],[91.99812688,10.40520606],[91.99622119,10.41074148],[91.99529882,10.41351945],[91.99351546,10.41909469],[91.99265448,10.42189191],[91.99099431,10.42750431],[91.99019514,10.43031946],[91.98865896,10.43596636],[91.98792197,10.43879808],[91.98693683,10.4427616],[91.98523749,10.44698648],[91.98190321,10.45527605],[91.97856893,10.46356563],[91.97523464,10.4718552],[91.97190034,10.48014478],[91.96856603,10.48843436],[91.96523172,10.49672394],[91.96189739,10.50501353],[91.95856305,10.51330311],[91.95522871,10.5215927],[91.95189434,10.52988231],[91.94855997,10.53817191],[91.9452256,10.54646151],[91.94189121,10.55475112],[91.93855682,10.56304072],[91.93522241,10.57133033],[91.931888,10.57961995],[91.92855357,10.58790956],[91.92521914,10.59619918],[91.9218847,10.60448878],[91.91855025,10.61277841],[91.91521578,10.62106805],[91.91188131,10.62935768],[91.90854683,10.63764731],[91.90521234,10.64593694],[91.90187784,10.65422658],[91.89854333,10.66251622],[91.89520881,10.67080587],[91.89187428,10.67909551],[91.88853974,10.68738516],[91.8852052,10.6956748],[91.88187064,10.70396445],[91.87853606,10.71225413],[91.87520149,10.72054379],[91.8718669,10.72883345],[91.8685323,10.73712311],[91.86706,10.74090292],[91.8651977,10.74541278],[91.86376611,10.74904843],[91.86186308,10.75370245],[91.85852846,10.76199213],[91.85519382,10.7702818],[91.85185919,10.77857146],[91.84852453,10.78686114],[91.84518986,10.79515085],[91.84185519,10.80344054],[91.83852051,10.81173023],[91.83518581,10.82001992],[91.83185265,10.8283058],[91.83150258,10.82918501],[91.8308087,10.83094589],[91.8304649,10.83182753],[91.82910228,10.83535883],[91.82875474,10.83626939],[91.82806634,10.838093],[91.82770594,10.83905903],[91.82723558,10.84035552],[91.82627038,10.8430596],[91.82579509,10.84441418],[91.82388638,10.84994934],[91.82296254,10.85272719],[91.82117634,10.85830217],[91.82031397,10.86109928],[91.81865113,10.86671143],[91.81785065,10.86952646],[91.81631197,10.87517312],[91.81557377,10.87800472],[91.81415999,10.88368321],[91.81348442,10.88653005],[91.81219622,10.89223765],[91.81158361,10.89509838],[91.81042162,10.90083239],[91.81013344,10.90229672],[91.80957356,10.90522851],[91.80929141,10.90675435],[91.80908552,10.90793618],[91.80866462,10.9104186],[91.80846006,10.91166078],[91.80764671,10.91675039],[91.80726477,10.91929905],[91.80655051,10.92440317],[91.8062182,10.92695861],[91.80560331,10.93207535],[91.80532075,10.93463663],[91.80480547,10.9397641],[91.80457276,10.94233027],[91.80415728,10.94746657],[91.80397451,10.95003669],[91.803659,10.95517993],[91.80352626,10.95775304],[91.80331083,10.96290133],[91.80326324,10.96418869],[91.80318056,10.96676383],[91.80314548,10.96805157],[91.80294534,10.97699753],[91.80274517,10.98594364],[91.802545,10.99488975],[91.80234482,11.00383586],[91.80214463,11.01278196],[91.80194442,11.02172809],[91.80174421,11.03067421],[91.80154398,11.0396203],[91.80134374,11.04856639],[91.80131632,11.05029736],[91.80129488,11.05260121],[91.80117847,11.05622843],[91.80112951,11.05822277],[91.80109002,11.06054324],[91.80094714,11.06629347],[91.80074297,11.07540478],[91.80054269,11.08435087],[91.8003424,11.09329701],[91.8001421,11.10224312],[91.79994179,11.11118924],[91.79974147,11.12013535],[91.79954114,11.12908145],[91.7993408,11.13802758],[91.79914044,11.1469737],[91.79894008,11.15591982],[91.79873971,11.16486593],[91.79853932,11.17381203],[91.79833892,11.18275817],[91.79813852,11.19170428],[91.7979381,11.20065038],[91.79773767,11.20959652],[91.79753724,11.21854264],[91.79733679,11.22748875],[91.79713633,11.23643487],[91.79693586,11.24538097],[91.79673538,11.25432711],[91.79653489,11.26327323],[91.79633438,11.27221935],[91.79613387,11.28116547],[91.79593335,11.29011156],[91.79573281,11.2990577],[91.79553227,11.30800382],[91.79533171,11.31694992],[91.79513115,11.32589606],[91.79493057,11.33484218],[91.79472998,11.3437883],[91.79452938,11.35273443],[91.79432878,11.36168053],[91.79412816,11.37062667],[91.79392753,11.37957279],[91.79372689,11.38851891],[91.79352623,11.39746503],[91.79332557,11.40641113],[91.7931249,11.41535728],[91.79292422,11.4243034],[91.79272352,11.43324952],[91.79252282,11.44219564],[91.7923221,11.45114175],[91.79212137,11.46008789],[91.79192064,11.46903401],[91.79171989,11.47798012],[91.79151913,11.48692626],[91.79131836,11.49587238],[91.79111758,11.50481851],[91.79091679,11.51376463],[91.79071599,11.52271074],[91.79051518,11.53165688],[91.79031436,11.540603],[91.79011352,11.54954913],[91.78991268,11.55849525],[91.78971183,11.56744136],[91.78951096,11.57638729],[91.78949721,11.57708097],[91.78947334,11.57846843],[91.78946323,11.57916219],[91.78943007,11.58193733],[91.78942339,11.58266307],[91.78941401,11.58411458],[91.78941127,11.58490421],[91.78941767,11.58627042],[91.78944586,11.58913041],[91.78946769,11.59056032],[91.7895886,11.59640672],[91.7896814,11.59932925],[91.78993165,11.60517165],[91.7900891,11.60809149],[91.79046858,11.61392711],[91.79069061,11.61684287],[91.79119915,11.62266894],[91.79148567,11.62557922],[91.79212305,11.63139297],[91.79247391,11.63429639],[91.79323983,11.64009504],[91.79365489,11.64299023],[91.794549,11.64877102],[91.7947857,11.65024615],[91.79527578,11.65319374],[91.79554022,11.65472833],[91.79578744,11.65607388],[91.79631925,11.65888647],[91.79659277,11.66029134],[91.79774196,11.66602817],[91.79834832,11.66889038],[91.79962427,11.67460112],[91.80029387,11.67744961],[91.80169599,11.68313154],[91.80242851,11.68596495],[91.80395615,11.69161537],[91.80475126,11.69443234],[91.8064037,11.70004855],[91.80726101,11.70284776],[91.80903747,11.70842709],[91.8099566,11.71120718],[91.81185624,11.71674697],[91.81234894,11.7181578],[91.81335026,11.72097401],[91.8138798,11.72243612],[91.81416374,11.72319877],[91.81477886,11.7248356],[91.81508912,11.72565302],[91.8163841,11.72903113],[91.81704314,11.73071588],[91.81838422,11.73407649],[91.81906626,11.73575233],[91.82045321,11.73909483],[91.82115812,11.74076146],[91.82259069,11.74408522],[91.82331835,11.74574233],[91.82479628,11.74904677],[91.82554655,11.75069407],[91.82706958,11.75397857],[91.82784234,11.75561575],[91.82941019,11.75887973],[91.82980494,11.75969442],[91.83060003,11.76132117],[91.83100035,11.76213321],[91.83499683,11.77017071],[91.83899053,11.77820264],[91.84298441,11.78623495],[91.84697807,11.79426682],[91.85097219,11.80229965],[91.85496632,11.8103325],[91.85895953,11.81836352],[91.86295378,11.82639665],[91.86694765,11.83442905],[91.87094098,11.84246034],[91.87493493,11.85049293],[91.87892907,11.85852588],[91.88292263,11.8665577],[91.88691624,11.87458964],[91.89090987,11.88262164],[91.89490378,11.89065421],[91.89889732,11.89868606],[91.9028913,11.90671881],[91.90688498,11.91475096],[91.91087864,11.92278308],[91.91487279,11.93081623],[91.91886641,11.93884831],[91.92285977,11.94687987],[91.92685336,11.95491192],[91.93084722,11.96294455],[91.93484108,11.97097717],[91.93883435,11.97900863],[91.94282803,11.98704093],[91.94682198,11.99507379],[91.95081532,12.00310542],[91.9548088,12.01113737],[91.95880241,12.01916958],[91.96279621,12.02720221],[91.96678958,12.03523399],[91.97078313,12.04326612],[91.97477694,12.05129881],[91.97877034,12.05933068],[91.982764,12.06736309],[91.98675777,12.07539574],[91.9907513,12.08342793],[91.9947446,12.09145967],[91.99873783,12.09949128],[92.00273134,12.10752349],[92.00672501,12.11555601],[92.01071883,12.12358885],[92.01471189,12.1316202],[92.01870559,12.13965282],[92.02269906,12.14768502],[92.02669225,12.15571667],[92.03068588,12.16374921],[92.03467926,12.17178126],[92.03867254,12.17981314],[92.04266615,12.18784568],[92.04665961,12.19587796],[92.05065279,12.20390967],[92.05464637,12.21194221],[92.05863968,12.21997422],[92.06263276,12.22800578],[92.06662608,12.23603784],[92.07061964,12.24407042],[92.07461308,12.25210274],[92.07860604,12.26013412],[92.08259968,12.26816689],[92.08659288,12.2761988],[92.09058638,12.28423132],[92.09457957,12.29226324],[92.09857267,12.30029499],[92.102566,12.3083272],[92.10655912,12.31635902],[92.11055269,12.32439176],[92.11454598,12.33242395],[92.11853907,12.34045576],[92.12253228,12.34848782],[92.12652556,12.35652005],[92.13051849,12.36455157],[92.13451173,12.37258375],[92.13850514,12.38061627],[92.1424983,12.38864832],[92.14649116,12.39667978],[92.15048447,12.40471216],[92.15447735,12.41274367],[92.1584708,12.42077637],[92.16246408,12.42880873],[92.166457,12.4368404],[92.17045012,12.44487245],[92.1744432,12.45290447],[92.17843619,12.46093631],[92.18242944,12.46896869],[92.18642218,12.47700007],[92.19041538,12.48503237],[92.19440854,12.49306464],[92.19840179,12.50109708],[92.20239434,12.50912814],[92.20638719,12.5171598],[92.21038061,12.52519263],[92.21437371,12.53322485],[92.21836655,12.54125654],[92.22235952,12.54928853],[92.2263527,12.55732095],[92.2303454,12.56535242],[92.23433845,12.5733846],[92.23833123,12.58141625],[92.24232401,12.58944794],[92.24631726,12.59748058],[92.25031021,12.60551262],[92.25430291,12.61354419],[92.25490317,12.61475165],[92.25487019,12.61527843],[92.25431554,12.62413792],[92.25376088,12.63299743],[92.25320621,12.64185691],[92.25265153,12.6507164],[92.25209684,12.65957591],[92.25154214,12.66843538],[92.25098742,12.67729488],[92.2504327,12.68615439],[92.24987796,12.69501386],[92.24932322,12.70387336],[92.24876846,12.71273287],[92.24862285,12.71505833],[92.24821256,12.71785367],[92.24765179,12.72216925],[92.24738924,12.72432925],[92.24673152,12.73014063],[92.24643494,12.73304982],[92.24590648,12.73887389],[92.2456746,12.74178874],[92.24527565,12.74762274],[92.24510859,12.75054185],[92.24483937,12.756383],[92.24473721,12.759305],[92.24459785,12.76515052],[92.24457069,12.76664745],[92.24453339,12.76964156],[92.24452321,12.77120932],[92.24452947,12.77256529],[92.24455735,12.77541829],[92.24457903,12.7768447],[92.24462228,12.77894223],[92.24433002,12.78360886],[92.24377517,12.79246834],[92.24322031,12.80132782],[92.2431525,12.80241054],[92.24304701,12.80307619],[92.24262132,12.8059699],[92.24183432,12.81176577],[92.24147303,12.8146679],[92.24081501,12.82047922],[92.24051829,12.82338839],[92.23998957,12.82921242],[92.23975757,12.83212724],[92.23935842,12.8379612],[92.23919126,12.84088029],[92.23892188,12.8467214],[92.23881965,12.84964338],[92.23868017,12.85548885],[92.23865298,12.85698603],[92.23861563,12.85998064],[92.23860543,12.86154916],[92.23861168,12.86290434],[92.23863954,12.86575681],[92.2386612,12.86718295],[92.23878172,12.87302883],[92.23887448,12.87595111],[92.23912497,12.88179301],[92.2392827,12.8847126],[92.23966304,12.89054774],[92.23988566,12.89346326],[92.24039569,12.89928887],[92.24068311,12.90219893],[92.24132261,12.90801224],[92.24167469,12.91091545],[92.24244335,12.91671368],[92.24285994,12.91960866],[92.24375742,12.92538906],[92.24399562,12.92686762],[92.24448884,12.92982206],[92.24475625,12.93136711],[92.24500258,12.932702],[92.24553525,12.93550736],[92.2458092,12.93690863],[92.24696302,12.9426451],[92.24757184,12.94550714],[92.24885305,12.95121755],[92.24952543,12.95406588],[92.25080589,12.95923281],[92.25196592,12.96655225],[92.25334037,12.97522467],[92.25471486,12.98389736],[92.25608938,12.99257032],[92.25746381,13.0012428],[92.25883829,13.00991563],[92.26021283,13.01858892],[92.26158726,13.02726159],[92.26296172,13.03593452],[92.2643361,13.04460695],[92.26571055,13.05327996],[92.26708502,13.06195313],[92.26845931,13.07062521],[92.26983372,13.07929817],[92.27120815,13.08797125],[92.27258256,13.0966443],[92.27395682,13.1053165],[92.27533122,13.11398959],[92.2767055,13.12266202],[92.2780799,13.13133526],[92.27945419,13.14000788],[92.28082886,13.14868292],[92.28092929,13.14930703],[92.28113318,13.15055481],[92.28123663,13.15117845],[92.28165641,13.15367212],[92.28176896,13.15433047],[92.28199741,13.15564664],[92.28212592,13.15637487],[92.2823619,13.15765408],[92.28287318,13.1603508],[92.28313586,13.16169785],[92.28424275,13.16722049],[92.28482579,13.1699761],[92.28605085,13.17547474],[92.28669286,13.17821773],[92.28803556,13.18368993],[92.28873626,13.18641911],[92.29019603,13.19186246],[92.2909551,13.19457661],[92.2925313,13.19998871],[92.29334842,13.20268663],[92.29504037,13.20806509],[92.29591519,13.2107456],[92.29772215,13.21608804],[92.29818107,13.21742137],[92.29911321,13.22008326],[92.29958642,13.22141179],[92.30264276,13.22984954],[92.30569734,13.23828245],[92.30875199,13.24671558],[92.31180652,13.25514837],[92.31486129,13.26358188],[92.31791585,13.27201484],[92.32097026,13.2804474],[92.32402495,13.28888078],[92.32707925,13.29731307],[92.33013407,13.30574685],[92.33318847,13.31417948],[92.33624302,13.32261257],[92.33929747,13.3310454],[92.3423522,13.33947902],[92.34540667,13.34791196],[92.34846093,13.35634433],[92.35151562,13.36477791],[92.35457006,13.37321086],[92.35762488,13.38164487],[92.36067902,13.390077],[92.3637334,13.39850984],[92.36678767,13.40694241],[92.36984218,13.41537566],[92.37289666,13.42380885],[92.37595108,13.43224192],[92.37900534,13.44067455],[92.38205986,13.44910792],[92.38511425,13.45754096],[92.38816867,13.46597413],[92.3912228,13.4744065],[92.39427735,13.48284008],[92.3973317,13.49127312],[92.40038587,13.49970566],[92.40344013,13.50813851],[92.40649452,13.51657176],[92.4095487,13.52500441],[92.41260322,13.53343806],[92.41565733,13.54187059],[92.41871264,13.55030646],[92.4219203,13.55916079],[92.42244662,13.56060001],[92.42274554,13.56141107],[92.42328194,13.56283594],[92.42430051,13.56549447],[92.424817,13.56682107],[92.42696319,13.57224689],[92.42806643,13.57494839],[92.43033266,13.58032732],[92.43149566,13.58300474],[92.43388087,13.58833425],[92.43448461,13.58966351],[92.43570683,13.59231557],[92.4363253,13.59363833],[92.44000794,13.60140265],[92.4436878,13.60916111],[92.44736785,13.61692001],[92.45104838,13.62467992],[92.45472837,13.6324387],[92.45840782,13.64019637],[92.46208854,13.64795674],[92.46576858,13.65571568],[92.46944888,13.66347518],[92.47312869,13.67123367],[92.47680852,13.67899224],[92.48048904,13.68675225],[92.48416856,13.69451019],[92.48784868,13.7022694],[92.49152935,13.71002977],[92.49199431,13.71074684],[92.49312099,13.71426101],[92.49358333,13.71557587],[92.49458156,13.71840682],[92.49510526,13.71988922],[92.49559904,13.72115519],[92.49663937,13.72381996],[92.49719939,13.72525212],[92.49948169,13.73065475],[92.50039753,13.73333192],[92.50267762,13.73873704],[92.50384785,13.74142741],[92.50624818,13.74678259],[92.50747845,13.74944777],[92.50860729,13.75182711],[92.51102555,13.75722329],[92.51225568,13.75988805],[92.5147752,13.76519072],[92.51606459,13.7678286],[92.51870204,13.77307623],[92.52005008,13.77568597],[92.52280419,13.78087607],[92.52421025,13.78345642],[92.52707973,13.78858651],[92.52782069,13.78989379],[92.5293175,13.79250019],[92.53010694,13.79385626],[92.53080929,13.79503268],[92.53229459,13.79749169],[92.53304395,13.79871731],[92.53613718,13.80371568],[92.53771171,13.80619837],[92.54091588,13.8111296],[92.5425455,13.81357812],[92.54585909,13.81843986],[92.54754304,13.82085306],[92.55096448,13.825643],[92.55270196,13.82801972],[92.55622963,13.83273557],[92.55801981,13.83507468],[92.56165204,13.83971421],[92.56349407,13.84201459],[92.56722914,13.84657557],[92.56816933,13.84771089],[92.57006238,13.84997147],[92.57101541,13.85109692],[92.5743683,13.85501264],[92.57530737,13.85609652],[92.57723661,13.85829937],[92.5782075,13.85939587],[92.58215349,13.86380382],[92.58414954,13.86598494],[92.58819003,13.87030406],[92.59023445,13.87244204],[92.59436735,13.87667039],[92.59645745,13.87876251],[92.600684,13.88290167],[92.60282043,13.88494868],[92.60713862,13.88899666],[92.60932036,13.8909976],[92.61372814,13.89495248],[92.61595416,13.89690638],[92.62044942,13.90076626],[92.62159758,13.90174112],[92.62390493,13.90367835],[92.62510253,13.90467222],[92.62562814,13.9051012],[92.6267587,13.90601921],[92.62732523,13.90647674],[92.62967328,13.90836262],[92.63026163,13.90883249],[92.631441,13.90976906],[92.632032,13.91023573],[92.63731686,13.91438506],[92.63833889,13.91517967],[92.64039069,13.91675935],[92.64142043,13.9175444],[92.64555459,13.92066525],[92.64763691,13.92220642],[92.65183133,13.92524971],[92.6539434,13.92675181],[92.65819655,13.92971641],[92.66193921,13.93223473],[92.6629387,13.93288365],[92.66673163,13.93573971],[92.67336879,13.94073748],[92.680004,13.94573377],[92.68663954,13.95073032],[92.69327714,13.95572841],[92.69991366,13.9607257],[92.70655023,13.96572302],[92.71318658,13.97072018],[92.71982392,13.97571809],[92.72646569,13.98071934],[92.73281444,13.98522292],[92.73696776,13.98800387],[92.74004766,13.99019456],[92.74199712,13.99155555],[92.74553985,13.99398343],[92.74627334,13.99451856],[92.75052135,13.99749619],[92.75482636,14.00039388],[92.75918723,14.00321089],[92.76360237,14.00594619],[92.76582331,14.00729327],[92.77093956,14.01033075],[92.77223969,14.01109303],[92.77484857,14.01260351],[92.77619132,14.01337091],[92.77744048,14.01406705],[92.78001469,14.01548419],[92.7813057,14.01618598],[92.78655315,14.01900233],[92.78919264,14.02038252],[92.79450196,14.02308626],[92.79717175,14.02440981],[92.80254039,14.02699965],[92.80523921,14.02826593],[92.80769459,14.02938591],[92.81066462,14.03074064],[92.81132852,14.03103488],[92.83388889,14.01638889],[92.91388889,13.95805556],[93.03691792,13.88098831]],[[93.86702619,12.49687516],[93.86044097,12.49694234],[93.85597884,12.4968466],[93.8515199,12.49665516],[93.84706628,12.49636812],[93.8426201,12.49598561],[93.8381835,12.49550782],[93.83375857,12.49493497],[93.82934744,12.49426733],[93.82715226,12.49391101],[93.82560762,12.49363125],[93.82253622,12.49305094],[93.82100278,12.49274924],[93.82006858,12.49255813],[93.81826998,12.49217355],[93.81468013,12.49137261],[93.81110554,12.49050829],[93.80754739,12.48958087],[93.80400683,12.48859063],[93.80048499,12.48753792],[93.79698304,12.48642306],[93.7935021,12.48524642],[93.79177956,12.48464718],[93.78967864,12.48386971],[93.78551958,12.48227913],[93.78139687,12.4805997],[93.77731248,12.47883224],[93.77326835,12.47697758],[93.76926643,12.47503661],[93.7653086,12.47301026],[93.76139676,12.47089949],[93.75946947,12.4698327],[93.75802304,12.46899607],[93.75517783,12.46731929],[93.75236071,12.46559736],[93.74957241,12.46383073],[93.74818556,12.46293629],[93.74419579,12.46031731],[93.74188603,12.45875567],[93.73731102,12.45557071],[93.73282667,12.45226364],[93.72843635,12.44883696],[93.72628431,12.44710986],[93.72581983,12.44672431],[93.72493138,12.44598239],[93.72448825,12.4456102],[93.71563922,12.43813441],[93.71407201,12.43678279],[93.71096598,12.43404838],[93.70791738,12.43125228],[93.70492747,12.42839563],[93.70199751,12.42547964],[93.6991287,12.42250553],[93.69632224,12.41947451],[93.6935793,12.41638787],[93.69224301,12.41485326],[93.69080952,12.41313487],[93.68801889,12.40971307],[93.68530494,12.40623223],[93.68266896,12.40269399],[93.6801122,12.39910005],[93.67763588,12.39545211],[93.67524117,12.39175192],[93.67292922,12.38800124],[93.67181091,12.38614219],[93.67097132,12.38468363],[93.66934971,12.38181086],[93.66777611,12.37891241],[93.66625094,12.37598906],[93.66477461,12.37304159],[93.6633475,12.37007079],[93.66197001,12.36707745],[93.66064249,12.36406237],[93.65999128,12.3625495],[93.65860981,12.35926555],[93.65777718,12.35722322],[93.65615763,12.35312112],[93.65538317,12.35109509],[93.65457868,12.34883619],[93.65304796,12.34436822],[93.6516243,12.33986617],[93.65030845,12.33533252],[93.64967759,12.33305812],[93.64829769,12.32784294],[93.64779852,12.32587507],[93.64684069,12.32192982],[93.64596404,12.31796636],[93.64516892,12.31398631],[93.6447984,12.31202935],[93.64443015,12.30982848],[93.64375499,12.30549352],[93.64317619,12.3011451],[93.64269401,12.29678529],[93.64230867,12.29241619],[93.64202037,12.28803985],[93.64182922,12.28365836],[93.64173532,12.27927382],[93.64171267,12.27710011],[93.64171447,12.27476351],[93.64174049,12.27257077],[93.64184115,12.26818637],[93.64203903,12.26380518],[93.64233404,12.25942926],[93.64272604,12.25506072],[93.64321482,12.25070162],[93.64380015,12.24635405],[93.64448175,12.24202006],[93.64483994,12.23989367],[93.64519639,12.23801417],[93.64593086,12.2343358],[93.64673491,12.23067154],[93.64760827,12.22702265],[93.64855062,12.22339042],[93.64956164,12.21977609],[93.65064097,12.21618093],[93.65178824,12.21260619],[93.6523788,12.21082408],[93.6531709,12.20850733],[93.65359158,12.20730221],[93.65444842,12.20489732],[93.65487214,12.20373115],[93.65567132,12.20164575],[93.65729005,12.19755951],[93.65899897,12.19350897],[93.66079724,12.18949605],[93.66268402,12.18552267],[93.66465841,12.18159071],[93.66671945,12.17770204],[93.66886617,12.17385851],[93.66994407,12.17197677],[93.67083779,12.17048481],[93.67261671,12.1675727],[93.67444536,12.16469058],[93.67632322,12.16183925],[93.67824975,12.15901955],[93.6802244,12.15623226],[93.68224661,12.1534782],[93.68431579,12.15075813],[93.68536205,12.1494067],[93.68733902,12.14689729],[93.68858537,12.14534697],[93.69110879,12.14227071],[93.69236682,12.14076707],[93.69383794,12.13908121],[93.69677863,12.13578561],[93.69979161,12.13255388],[93.70287545,12.12938756],[93.70602868,12.12628815],[93.7092498,12.12325713],[93.71414584,12.11893798],[93.72083484,12.11340838],[93.72334408,12.11140147],[93.72588214,12.10949867],[93.72929327,12.10702315],[93.73084001,12.10594864],[93.7327558,12.10461776],[93.73626823,12.10228353],[93.73982906,12.10002147],[93.74343675,12.09783254],[93.74525211,12.09675648],[93.75077477,12.09355967],[93.75190053,12.09291422],[93.75404036,12.09172654],[93.75794814,12.08961852],[93.76190165,12.08759484],[93.76589902,12.08565646],[93.76993836,12.0838043],[93.77401773,12.08203923],[93.77813521,12.08036211],[93.78228883,12.07877373],[93.78436203,12.07800624],[93.78647662,12.07727483],[93.7906966,12.07586613],[93.79494675,12.07454831],[93.79922507,12.07332198],[93.80352951,12.07218773],[93.80785803,12.07114611],[93.81220858,12.07019759],[93.81657909,12.06934263],[93.81876249,12.06893974],[93.82205551,12.06842286],[93.82536392,12.06801203],[93.82651307,12.06788804],[93.82787721,12.0676632],[93.83018099,12.06731002],[93.83447336,12.06670123],[93.8375395,12.06631284],[93.84080139,12.06594893],[93.84250673,12.06577291],[93.84379229,12.06565094],[93.84601208,12.06546435],[93.84811575,12.06531023],[93.84981298,12.06519985],[93.85215547,12.06506677],[93.85447076,12.06496114],[93.85552474,12.06492484],[93.85710727,12.06488241],[93.86051571,12.06493886],[93.861906,12.06488756],[93.86250167,12.0648783],[93.86458947,12.0648664],[93.86636189,12.06486523],[93.86844855,12.06490606],[93.87030869,12.06496009],[93.87090301,12.06498301],[93.87237998,12.06504813],[93.87318779,12.06509909],[93.8763755,12.06531725],[93.8783649,12.06550259],[93.8795483,12.06561747],[93.8802201,12.06568636],[93.88177954,12.0657079],[93.88443694,12.06597488],[93.88635584,12.0661857],[93.88812749,12.06639704],[93.8903362,12.06668459],[93.89239141,12.06697463],[93.89334631,12.06711391],[93.89569846,12.06746819],[93.89789575,12.06782329],[93.90025864,12.06823122],[93.90093659,12.06835086],[93.90313667,12.06874665],[93.90365593,12.06884143],[93.9097728,12.06997393],[93.91751285,12.07171581],[93.92338326,12.0732754],[93.92630669,12.07409814],[93.93328121,12.07617187],[93.93598121,12.07701498],[93.94135647,12.0787745],[93.94404412,12.07969534],[93.94611734,12.08046282],[93.95027098,12.08205121],[93.95438849,12.08372833],[93.95846788,12.08549339],[93.96250724,12.08734555],[93.96650464,12.08928394],[93.97045818,12.09130762],[93.97436598,12.09341564],[93.97632493,12.09450009],[93.97822619,12.095607],[93.98203696,12.09788065],[93.98579649,12.10023552],[93.989503,12.10267049],[93.99315471,12.1051844],[93.99421487,12.10594864],[93.99674989,12.10777605],[94.00028683,12.11044423],[94.00376386,12.11318764],[94.0055062,12.11459368],[94.00733955,12.11614344],[94.01100578,12.11931741],[94.01459396,12.12257666],[94.01810203,12.12591932],[94.01983579,12.12761126],[94.02205812,12.1298324],[94.02345797,12.13125936],[94.02622883,12.13414016],[94.02894145,12.13707417],[94.03159477,12.14006024],[94.03292551,12.14158843],[94.03432138,12.14326047],[94.03711332,12.14667909],[94.03982887,12.15015678],[94.04246674,12.15369191],[94.04502567,12.1572828],[94.04750444,12.16092772],[94.04990187,12.16462496],[94.05221682,12.16837275],[94.05337029,12.17028757],[94.05444818,12.17216931],[94.05659489,12.17601284],[94.05865592,12.17990151],[94.06063029,12.18383347],[94.06251706,12.18780686],[94.06431532,12.19181977],[94.06602422,12.19587031],[94.06764295,12.19995655],[94.06844212,12.20204195],[94.06908955,12.20384283],[94.07037311,12.20752399],[94.07158403,12.2112289],[94.07272184,12.21495617],[94.07378611,12.2187044],[94.07477645,12.22247219],[94.07569248,12.22625813],[94.07653385,12.2300608],[94.07693583,12.23196612],[94.07860842,12.24029823],[94.0787982,12.24126865],[94.07916805,12.24321131],[94.07935477,12.24422048],[94.07971296,12.24634687],[94.08039457,12.25068085],[94.08097992,12.25502842],[94.08146871,12.25938752],[94.08186071,12.26375606],[94.08215572,12.26813197],[94.08235361,12.27251317],[94.08245428,12.27689757],[94.08248029,12.2790903],[94.08248223,12.28160942],[94.08245959,12.28378312],[94.08236569,12.28816766],[94.08217454,12.29254914],[94.08188623,12.29692548],[94.08150089,12.30129459],[94.0810187,12.30565439],[94.08043989,12.31000281],[94.07976472,12.31433777],[94.07939646,12.31653866],[94.07899352,12.31865722],[94.07812664,12.32295909],[94.07716449,12.32724134],[94.07610753,12.33150193],[94.07495625,12.33573883],[94.07371121,12.33995002],[94.07237298,12.34413349],[94.0709422,12.34828726],[94.07019128,12.35039021],[94.0692289,12.35288872],[94.06721011,12.35792647],[94.06505384,12.36290918],[94.0647366,12.36359068],[94.06332843,12.36693946],[94.06153462,12.37095478],[94.05965208,12.37493066],[94.0576817,12.3788652],[94.05562442,12.38275654],[94.05348121,12.38660282],[94.0523714,12.38854316],[94.05125309,12.3904022],[94.04894112,12.39415289],[94.04654639,12.39785307],[94.04407005,12.40150101],[94.04151327,12.40509495],[94.03887726,12.40863319],[94.03616328,12.41211404],[94.03337262,12.41553583],[94.03193912,12.41725422],[94.0300082,12.41945206],[94.02604287,12.42383574],[94.02194895,12.42810378],[94.01772993,12.43225253],[94.01558959,12.43429662],[94.00749886,12.44180062],[94.00532114,12.44376264],[94.00090883,12.44762401],[93.99865506,12.44953919],[93.9969501,12.45091532],[93.99347126,12.45366192],[93.9899322,12.45633324],[93.98633462,12.458928],[93.98268022,12.46144497],[93.97897075,12.46388295],[93.97520797,12.46624077],[93.97139369,12.46851732],[93.96945699,12.46964471],[93.96752971,12.4707115],[93.96361787,12.47282227],[93.95966005,12.47484862],[93.95565812,12.47678959],[93.951614,12.47864425],[93.94752961,12.48041171],[93.9434069,12.48209114],[93.93924784,12.48368172],[93.93714692,12.48445919],[93.93505441,12.48518272],[93.93082861,12.48659339],[93.92657245,12.48791309],[93.92228797,12.48914117],[93.9179772,12.49027704],[93.9136422,12.49132018],[93.90928505,12.49227007],[93.90490781,12.49312627],[93.90270776,12.49353204],[93.90045933,12.49389642],[93.89594137,12.49457783],[93.89140902,12.49515981],[93.88686455,12.49564208],[93.88458957,12.49585824],[93.88007123,12.49623749],[93.87572553,12.49651077],[93.86702619,12.49687516]]]]},"geometry_name":"the_geom","properties":{"mrgid":49293,"geoname":"Indian 24 NM (Andaman and Nicobar Islands)","pol_type":"24NM","mrgid_ter1":8605,"territory1":"Andaman and Nicobar","mrgid_sov1":2128,"sovereign1":"India","iso_ter1":null,"x_1":93.19389,"y_1":10.5279,"mrgid_eez":8333,"area_km2":52363,"iso_sov1":"IND","un_sov1":356,"un_ter1":null}},{"type":"Feature","id":"eez_24nm.162","geometry":{"type":"MultiPolygon","coordinates":[[[[79.48827527,8.89659449],[79.37949232,8.76135081],[79.34744651,8.72151007],[79.33914841,8.7233262],[79.3304874,8.72522176],[79.3218264,8.72711732],[79.31316538,8.72901288],[79.30450437,8.73090844],[79.29584334,8.732804],[79.28718232,8.73469956],[79.27852132,8.73659512],[79.26986031,8.73849068],[79.26119927,8.74038624],[79.25253825,8.74228181],[79.24387726,8.74417736],[79.23521624,8.74607292],[79.22655522,8.74796848],[79.21789419,8.74986405],[79.20923317,8.75175961],[79.20057216,8.75365516],[79.19191115,8.75555073],[79.18325011,8.75744629],[79.17458909,8.75934185],[79.16592809,8.76123741],[79.15726708,8.76313297],[79.14860604,8.76502853],[79.13994501,8.7669241],[79.13128401,8.76881965],[79.122623,8.77071521],[79.11396198,8.77261077],[79.10530093,8.77450634],[79.09663992,8.7764019],[79.08797892,8.77829746],[79.07966269,8.78011755],[79.07691674,8.77966571],[79.07605975,8.77953391],[79.07240287,8.77885157],[79.07095046,8.77858873],[79.06950348,8.77834308],[79.06584687,8.77774265],[79.06504394,8.77758407],[79.06219769,8.77705343],[79.05343435,8.77551627],[79.04466938,8.77397883],[79.03590444,8.77244139],[79.02713949,8.77090395],[79.01837453,8.76936651],[79.00960957,8.76782907],[79.0008446,8.76629162],[78.99207966,8.76475419],[78.98331471,8.76321675],[78.97454975,8.76167931],[78.9657848,8.76014187],[78.95701982,8.75860442],[78.94825489,8.75706699],[78.93948993,8.75552955],[78.93072498,8.75399211],[78.92196002,8.75245466],[78.91319505,8.75091722],[78.90443011,8.74937978],[78.89566516,8.74784234],[78.88690021,8.7463049],[78.87813525,8.74476746],[78.86937028,8.74323002],[78.86060534,8.74169258],[78.85184039,8.74015514],[78.84307544,8.7386177],[78.83431048,8.73708026],[78.82554551,8.73554282],[78.81678058,8.73400538],[78.80801562,8.73246794],[78.79925067,8.7309305],[78.79048572,8.72939306],[78.78172074,8.72785562],[78.7776758,8.7271461],[78.77457948,8.72401535],[78.76832211,8.71768838],[78.76206475,8.71136142],[78.75580741,8.70503448],[78.74955007,8.69870753],[78.74329273,8.69238058],[78.73703539,8.68605362],[78.73077806,8.67972667],[78.72452075,8.67339974],[78.71826343,8.66707279],[78.71200612,8.66074585],[78.7057488,8.6544189],[78.6994915,8.64809197],[78.69323422,8.64176504],[78.68697693,8.63543811],[78.68071965,8.62911117],[78.67446236,8.62278423],[78.66820508,8.61645731],[78.66194783,8.61013039],[78.65569057,8.60380347],[78.64943331,8.59747654],[78.64317605,8.59114961],[78.6369188,8.5848227],[78.63066157,8.57849579],[78.62440434,8.57216887],[78.61814711,8.56584196],[78.61188988,8.55951504],[78.60563266,8.55318813],[78.59937545,8.54686122],[78.59311825,8.54053433],[78.58686104,8.53420742],[78.58060384,8.52788052],[78.5762869,8.52351548],[78.57363541,8.5167614],[78.57034834,8.50838831],[78.56706127,8.50001521],[78.56377421,8.49164208],[78.56048716,8.48326898],[78.55720013,8.47489589],[78.5539131,8.46652281],[78.55062608,8.45814972],[78.54733907,8.44977662],[78.54405207,8.44140353],[78.54076507,8.43303044],[78.53747809,8.42465736],[78.53419113,8.4162843],[78.53090417,8.40791124],[78.52761721,8.39953814],[78.52433026,8.39116507],[78.52104333,8.38279201],[78.51775641,8.37441896],[78.5144695,8.3660459],[78.51118259,8.35767283],[78.50789683,8.34930269],[78.50671351,8.34638935],[78.50427864,8.34059104],[78.50302712,8.33770612],[78.49788747,8.32622942],[78.4965685,8.32337448],[78.49386374,8.31769613],[78.49247799,8.31487275],[78.48861699,8.30723424],[78.48475438,8.29959254],[78.48089177,8.29195081],[78.47702918,8.2843091],[78.4731666,8.27666742],[78.46930403,8.26902573],[78.46544145,8.26138401],[78.4615789,8.25374233],[78.45771635,8.24610065],[78.4538538,8.23845894],[78.44999126,8.23081727],[78.44612874,8.22317559],[78.44226621,8.2155339],[78.4384037,8.20789222],[78.4345412,8.20025055],[78.43068029,8.19261202],[78.43023845,8.19174569],[78.42934847,8.19001619],[78.42890034,8.18915306],[78.42709532,8.18570705],[78.42618028,8.18399057],[78.42432535,8.18057099],[78.42338547,8.1788679],[78.42148102,8.17547546],[78.42101164,8.17464624],[78.42006696,8.17299113],[78.41961138,8.17219922],[78.41884009,8.17088628],[78.41732278,8.16833668],[78.41655707,8.16706608],[78.41350757,8.1620685],[78.41195549,8.15958629],[78.40879742,8.15465614],[78.40719143,8.15220824],[78.40392629,8.14734787],[78.40226715,8.14493543],[78.3988965,8.14014715],[78.397185,8.13777134],[78.39371045,8.13305742],[78.39194741,8.13071934],[78.38837062,8.12608203],[78.38655688,8.12378281],[78.38287954,8.1192243],[78.38196507,8.1181031],[78.38012405,8.11587057],[78.37921983,8.11478573],[78.37823617,8.11363142],[78.37630106,8.11138641],[78.3753273,8.11026924],[78.37145419,8.10587479],[78.36841482,8.1025409],[78.36222555,8.09597667],[78.3590757,8.09274638],[78.35532245,8.08902438],[78.35291109,8.08661248],[78.35174813,8.0854633],[78.34940817,8.08317906],[78.34823123,8.08204403],[78.34687937,8.08075609],[78.34581336,8.07975151],[78.34367043,8.07775398],[78.34259351,8.07676105],[78.33964474,8.07407177],[78.33855679,8.07309037],[78.33637022,8.07113942],[78.3352716,8.07016989],[78.33386406,8.06894131],[78.33284081,8.06805718],[78.33078543,8.06629921],[78.3297515,8.06542386],[78.32655653,8.0627465],[78.32545598,8.06183522],[78.32326313,8.06003912],[78.32216063,8.05914577],[78.32139286,8.05853032],[78.32041177,8.05775136],[78.31844236,8.05620258],[78.31745414,8.05543284],[78.31450098,8.05315458],[78.31086839,8.05030037],[78.30662412,8.04709913],[78.29801184,8.04086623],[78.29364392,8.03783466],[78.28876298,8.03458793],[78.28630479,8.03299109],[78.28135407,8.02985118],[78.27886157,8.02830812],[78.27384342,8.0252765],[78.27248101,8.02446434],[78.26976301,8.02286566],[78.26841881,8.02208571],[78.26679979,8.02116224],[78.26594588,8.02067831],[78.26465652,8.01995743],[78.26219169,8.018597],[78.26095571,8.01792323],[78.25652412,8.01553731],[78.25086593,8.0120822],[78.24334233,8.007488],[78.23581878,8.00289382],[78.22829521,7.99829963],[78.22077163,7.99370544],[78.21324809,7.98911127],[78.20572454,7.98451709],[78.19820095,7.97992289],[78.19067741,7.97532872],[78.18315386,7.97073454],[78.17563031,7.96614036],[78.17233414,7.96418161],[78.16810677,7.96154619],[78.16509559,7.95973431],[78.16058322,7.956952],[78.15305966,7.95235781],[78.14553614,7.94776365],[78.13801261,7.94316948],[78.13048907,7.9385753],[78.12296553,7.93398112],[78.11544199,7.92938693],[78.10791847,7.92479277],[78.10039496,7.9201986],[78.09287142,7.91560442],[78.08534791,7.91101025],[78.07782439,7.90641608],[78.07030086,7.9018219],[78.06277736,7.89722774],[78.05525386,7.89263358],[78.04773034,7.8880394],[78.04020684,7.88344524],[78.03268333,7.87885107],[78.02515982,7.87425689],[78.01763634,7.86966274],[78.01011285,7.86506858],[78.00258933,7.8604744],[77.99506585,7.85588024],[77.98754236,7.85128608],[77.98001887,7.84669191],[77.97249541,7.84209776],[77.96497192,7.83750359],[77.95745246,7.83291189],[77.95669513,7.83245284],[77.95517741,7.83153968],[77.95441705,7.8310856],[77.95136964,7.82927928],[77.95061591,7.8288358],[77.94910555,7.82795375],[77.94836796,7.82752612],[77.9475411,7.82705411],[77.94592224,7.82613758],[77.94511123,7.8256821],[77.94189987,7.82389312],[77.9410955,7.82344861],[77.93948372,7.82256507],[77.93867634,7.82212605],[77.93107697,7.81802736],[77.92347353,7.81392647],[77.91587012,7.80982559],[77.90826671,7.80572472],[77.9006633,7.80162384],[77.89305988,7.79752295],[77.88545647,7.79342208],[77.87785307,7.7893212],[77.87024966,7.78522033],[77.86264625,7.78111944],[77.85504284,7.77701856],[77.84743945,7.7729177],[77.83983606,7.76881683],[77.83223265,7.76471594],[77.82462925,7.76061506],[77.81702587,7.7565142],[77.80942249,7.75241333],[77.80181907,7.74831244],[77.79421568,7.74421157],[77.78661232,7.74011071],[77.77900894,7.73600984],[77.77140555,7.73190896],[77.76380215,7.72780808],[77.75619878,7.72370722],[77.74859942,7.71960852],[77.74751002,7.71902737],[77.74532586,7.71787506],[77.74423115,7.71730391],[77.73984198,7.71503946],[77.73763698,7.71392735],[77.73320689,7.7117437],[77.73098181,7.71067218],[77.72651229,7.70857008],[77.72426787,7.7075395],[77.71976043,7.70551964],[77.71749743,7.70453037],[77.71295358,7.70259344],[77.71067276,7.70164579],[77.70609405,7.69979245],[77.70379618,7.69888675],[77.69918414,7.69711761],[77.69803611,7.69668322],[77.69573608,7.69582489],[77.69459801,7.69540601],[77.69319667,7.69490613],[77.69041646,7.69393165],[77.6890237,7.69345201],[77.68347103,7.69157365],[77.68068447,7.69066466],[77.67509212,7.68890747],[77.67228637,7.68805928],[77.66665699,7.68642409],[77.6638334,7.68563711],[77.65816967,7.6841247],[77.65532956,7.68339929],[77.64963416,7.68201038],[77.6467789,7.68134689],[77.64105453,7.68008214],[77.63818546,7.67948089],[77.63243485,7.6783409],[77.63099933,7.6780644],[77.62812532,7.67752697],[77.62669424,7.67726735],[77.62523809,7.67701952],[77.62233798,7.67654225],[77.62088663,7.67631152],[77.61509172,7.67542261],[77.61218943,7.67500965],[77.6063765,7.67424694],[77.60346589,7.67389719],[77.59763769,7.67326105],[77.59472013,7.67297466],[77.58887943,7.67246538],[77.58595632,7.67224249],[77.58010589,7.67186032],[77.5771786,7.67170104],[77.57132122,7.67144616],[77.56839115,7.67135056],[77.5625296,7.67122309],[77.56106396,7.67119918],[77.55813249,7.6711673],[77.55666667,7.67115932],[77.55520084,7.6711673],[77.55226937,7.67119918],[77.55080374,7.67122309],[77.54494218,7.67135056],[77.54201211,7.67144616],[77.53615473,7.67170104],[77.53322744,7.67186032],[77.52737701,7.67224249],[77.5244539,7.67246538],[77.5186132,7.67297466],[77.51569564,7.67326105],[77.50986745,7.67389719],[77.50695683,7.67424694],[77.5011439,7.67500965],[77.49824161,7.67542261],[77.49244671,7.67631152],[77.49099536,7.67654225],[77.48809524,7.67701952],[77.4866391,7.67726735],[77.48520802,7.67752697],[77.48226684,7.67806135],[77.47622026,7.67885213],[77.47331795,7.67926508],[77.46752299,7.68015399],[77.46607163,7.68038472],[77.46317148,7.68086199],[77.46171532,7.68110983],[77.46028423,7.68136945],[77.4574102,7.68190687],[77.45597466,7.68218337],[77.450224,7.68332336],[77.4473549,7.68392462],[77.44163049,7.68518936],[77.4387752,7.68585285],[77.43307975,7.68724176],[77.43023961,7.68796717],[77.42457583,7.68947957],[77.42175221,7.69026656],[77.41870539,7.69115157],[77.41662872,7.69146873],[77.41513405,7.6917056],[77.41214743,7.69219609],[77.4106481,7.69245101],[77.40921699,7.69271063],[77.40634289,7.69324805],[77.40490732,7.69352455],[77.39915651,7.69466454],[77.39608944,7.69530963],[77.39174202,7.69594084],[77.39074821,7.69608703],[77.38875956,7.69638714],[77.38776581,7.69654091],[77.3833163,7.69724636],[77.38220086,7.697428],[77.37997153,7.69780063],[77.37885024,7.69799292],[77.37725736,7.69828288],[77.37406043,7.6988847],[77.37246381,7.69919525],[77.36607045,7.70047883],[77.3628817,7.70115924],[77.35905731,7.70202377],[77.35834014,7.7021619],[77.3525892,7.70330188],[77.34971998,7.70390313],[77.34399529,7.70516788],[77.34113987,7.70583137],[77.33544415,7.70722027],[77.33445265,7.7074706],[77.33081829,7.70831267],[77.32905111,7.70873502],[77.3255226,7.70960349],[77.3237613,7.71004961],[77.32024486,7.71096555],[77.31848976,7.71143537],[77.31498604,7.71239861],[77.31411094,7.71264236],[77.3123624,7.71313577],[77.31148902,7.7133854],[77.29083019,7.71931967],[77.28565232,7.7197017],[77.28316584,7.71990921],[77.27819713,7.72037018],[77.27571493,7.72062365],[77.27075563,7.72117647],[77.26827857,7.72147582],[77.2633304,7.7221203],[77.26209406,7.72228714],[77.25962298,7.72263226],[77.25838824,7.72281053],[77.25665181,7.72306945],[77.25578805,7.7232011],[77.2540614,7.72347001],[77.25319852,7.72360726],[77.24974884,7.72416741],[77.24888309,7.72431089],[77.24715251,7.72460347],[77.24628027,7.72475388],[77.2448491,7.72501349],[77.24197481,7.7255509],[77.24053915,7.72582739],[77.23478789,7.72696737],[77.2319185,7.72756862],[77.2261935,7.72883336],[77.22333792,7.72949685],[77.21764188,7.73088574],[77.21480146,7.73161115],[77.20913709,7.73312354],[77.20631318,7.73391052],[77.20068317,7.73554569],[77.19787711,7.73639388],[77.19228414,7.73815105],[77.18949726,7.73906004],[77.18394397,7.74093838],[77.18255101,7.74141803],[77.1797704,7.74239254],[77.17836878,7.74289246],[77.17701481,7.74339206],[77.17428446,7.74441618],[77.17292208,7.74493562],[77.16745606,7.74705357],[77.16473463,7.74814225],[77.15931614,7.75037852],[77.15661912,7.75152611],[77.15125075,7.75387964],[77.14857942,7.75508558],[77.14326371,7.75755526],[77.14061935,7.75881899],[77.13535882,7.76140364],[77.13274267,7.76272456],[77.12753983,7.76542295],[77.12495315,7.76680042],[77.11981045,7.76961129],[77.11851891,7.77032643],[77.11594373,7.77177083],[77.11464123,7.77251095],[77.11380284,7.77299757],[77.11209199,7.77399884],[77.11123842,7.77450262],[77.1077937,7.77655281],[77.106079,7.77759071],[77.10266528,7.77969191],[77.10096627,7.78075519],[77.09758432,7.78290691],[77.09590138,7.78399534],[77.09255194,7.78619712],[77.09088546,7.78731045],[77.08756928,7.78956179],[77.08634323,7.79040755],[77.08424694,7.79177017],[77.07936891,7.79501701],[77.07694764,7.79666694],[77.07214168,7.80001905],[77.06975701,7.80172122],[77.0650254,7.80517701],[77.06267847,7.80693062],[77.05802346,7.81048844],[77.05571539,7.81229265],[77.05113919,7.81595083],[77.04998905,7.81688064],[77.04769908,7.81875285],[77.0465377,7.81971326],[77.04545153,7.82063159],[77.04324629,7.82251617],[77.04214878,7.82346438],[77.03773669,7.82731799],[77.03543498,7.82937528],[77.0341299,7.83018269],[77.03288135,7.83092819],[77.02786559,7.83395989],[77.02537428,7.835503],[77.02042593,7.83864301],[77.01796891,7.84023989],[77.01309031,7.84348671],[77.01066875,7.84513663],[77.00586222,7.84848872],[77.00347727,7.85019087],[76.9987451,7.85364664],[76.9963979,7.85540023],[76.99174233,7.85895804],[76.98943399,7.86076223],[76.98485724,7.86442038],[76.9837069,7.86535024],[76.98141652,7.86722255],[76.98025481,7.86818312],[76.97908595,7.86917206],[76.97671665,7.87119991],[76.9755379,7.87222068],[76.97080401,7.87636837],[76.96846141,7.87846985],[76.96382616,7.88272696],[76.9628573,7.8836379],[76.9582567,7.88669937],[76.95583488,7.88834927],[76.95102785,7.89170134],[76.94864265,7.89340348],[76.94390997,7.89685923],[76.94156252,7.89861281],[76.93690646,7.90217059],[76.93459787,7.90397477],[76.93002064,7.9076329],[76.92887012,7.9085628],[76.92657937,7.9104352],[76.92541736,7.91139591],[76.92433133,7.91231392],[76.92212584,7.91419826],[76.9210282,7.91514635],[76.91661511,7.91899992],[76.91442963,7.92095067],[76.91010178,7.92489923],[76.90795944,7.92689701],[76.90371889,7.93093869],[76.90162071,7.93298256],[76.89746948,7.93711544],[76.89541645,7.93920442],[76.89135652,7.94342654],[76.89016289,7.94469524],[76.87966455,7.95270447],[76.84911855,7.97471036],[76.84814369,7.97541924],[76.84619967,7.97684622],[76.84523088,7.97756404],[76.84136807,7.98045305],[76.83944967,7.98191482],[76.83563944,7.98487244],[76.83374763,7.98636829],[76.8299912,7.98939358],[76.82904422,7.99016335],[76.82715728,7.99171144],[76.82619529,7.99250817],[76.82510938,7.99342589],[76.82290366,7.99531002],[76.82180591,7.99625801],[76.81739193,8.00011153],[76.81520601,8.00206226],[76.81087728,8.00601077],[76.8087345,8.00800853],[76.80449309,8.01205017],[76.80239448,8.01409401],[76.7982424,8.01822685],[76.79690984,8.01958246],[76.7931976,8.02161015],[76.79190496,8.02232543],[76.78932759,8.02377013],[76.78802338,8.02451074],[76.78678175,8.02523384],[76.78426754,8.02671608],[76.78301447,8.02746398],[76.77797981,8.03050605],[76.77547917,8.03205452],[76.77051239,8.03520561],[76.76804629,8.03680821],[76.76314979,8.04006681],[76.76193007,8.04088816],[76.75949968,8.04254413],[76.75828903,8.04337873],[76.75350483,8.04671553],[76.75231118,8.04755772],[76.74993309,8.04925498],[76.74874868,8.05011003],[76.74402999,8.05355566],[76.74168942,8.05530401],[76.7370469,8.058851],[76.73474497,8.06064962],[76.73018081,8.06429631],[76.7290333,8.0652235],[76.72674854,8.06709037],[76.72558905,8.06804865],[76.72450324,8.0689661],[76.72229731,8.07085004],[76.72119946,8.07179793],[76.71678464,8.0756514],[76.71459845,8.07760197],[76.71023351,8.08158342],[76.70853488,8.0831004],[76.70672841,8.08467717],[76.7045422,8.08662771],[76.70021273,8.09057603],[76.69806958,8.09257369],[76.69382726,8.09661527],[76.69172819,8.0986591],[76.68757522,8.10279188],[76.68552134,8.10488082],[76.68145969,8.10910284],[76.67945196,8.1112359],[76.67548357,8.11554516],[76.67352295,8.11772133],[76.66964971,8.12211577],[76.66867591,8.12323296],[76.66674071,8.12547801],[76.66575697,8.12663237],[76.66485277,8.12771715],[76.66301173,8.12994964],[76.66209724,8.13107081],[76.65841979,8.13562932],[76.656606,8.13792853],[76.65302909,8.14256584],[76.651266,8.14490391],[76.64779134,8.14961782],[76.64607979,8.15199364],[76.64270903,8.15678191],[76.64104985,8.15919434],[76.6377846,8.1640547],[76.63617856,8.16650261],[76.63302039,8.17143274],[76.63146826,8.17391495],[76.62841866,8.17891253],[76.62765291,8.18018315],[76.62613553,8.18273279],[76.62527609,8.18419955],[76.62463012,8.18526884],[76.62414002,8.18607956],[76.62219101,8.18932947],[76.62169654,8.19016077],[76.62071361,8.1918269],[76.62020541,8.19269578],[76.61950728,8.1939144],[76.61808508,8.19642735],[76.61738077,8.19768763],[76.61455256,8.20281291],[76.6131665,8.2053909],[76.61093076,8.20966037],[76.61048911,8.21016914],[76.60850234,8.21247093],[76.60799578,8.21306126],[76.60698609,8.21424483],[76.60646037,8.21486488],[76.60592422,8.21550515],[76.60481109,8.2168429],[76.6042567,8.21751356],[76.60278221,8.21930909],[76.59983885,8.22262375],[76.59864258,8.22398939],[76.59635781,8.22663347],[76.59521419,8.22797469],[76.56875552,8.25946352],[76.56577131,8.26314473],[76.55993529,8.27060936],[76.55708378,8.2743923],[76.55257509,8.28059861],[76.52858944,8.30940597],[76.52643487,8.31206145],[76.52219313,8.31742757],[76.52147831,8.31835593],[76.52094372,8.31897048],[76.52027224,8.31974837],[76.51893524,8.32130928],[76.51824684,8.32211943],[76.51730223,8.32325265],[76.51538037,8.32558417],[76.51442602,8.3267553],[76.51059035,8.33151666],[76.50963876,8.33271174],[76.50774926,8.33511264],[76.50683533,8.33628726],[76.49295526,8.35433084],[76.49239312,8.35499118],[76.47612065,8.37434745],[76.47519378,8.37546206],[76.4733527,8.37770053],[76.47243823,8.3788247],[76.46880568,8.38333971],[76.46701385,8.38561671],[76.46347985,8.39020868],[76.46173771,8.39252363],[76.45830392,8.39719042],[76.45661229,8.39954224],[76.45516417,8.40160206],[76.45433061,8.40252591],[76.45045448,8.40692019],[76.44947955,8.4080378],[76.44754212,8.41028369],[76.44655647,8.41143941],[76.44557544,8.41261655],[76.44358125,8.41503733],[76.44259126,8.41625349],[76.43861465,8.42119722],[76.43762829,8.42243839],[76.43567031,8.42493226],[76.43469944,8.42618398],[76.42436799,8.43966694],[76.42359043,8.44054231],[76.42246142,8.44182977],[76.42021975,8.44441913],[76.41908395,8.44574849],[76.41844392,8.44651329],[76.4171235,8.44810306],[76.41646637,8.44890047],[76.41380411,8.45215643],[76.41248578,8.45379477],[76.41198921,8.45442186],[76.41145985,8.45498652],[76.40852863,8.45813836],[76.40707569,8.45972596],[76.40419549,8.46292412],[76.40276824,8.46453467],[76.39993981,8.46777833],[76.39922404,8.46860595],[76.39779929,8.47026696],[76.3970378,8.47116279],[76.39422704,8.47434701],[76.39320498,8.47551782],[76.39126701,8.47776391],[76.39028091,8.47891995],[76.38937732,8.48000296],[76.38753553,8.4822342],[76.38662067,8.48335474],[76.38293978,8.48791304],[76.38112429,8.49021216],[76.37754402,8.49484926],[76.37577927,8.49718723],[76.37230134,8.50190093],[76.37058817,8.50427665],[76.36721423,8.50906471],[76.36555347,8.51147704],[76.36228512,8.5163372],[76.36067755,8.518785],[76.35751636,8.52371493],[76.35596276,8.52619704],[76.35291023,8.53119441],[76.35214331,8.53246572],[76.35062361,8.53501672],[76.34985024,8.53633189],[76.34915271,8.53754831],[76.34773001,8.54005974],[76.34695693,8.54128731],[76.34593476,8.54194704],[76.34416416,8.54310098],[76.34328114,8.5436814],[76.3397583,8.54601681],[76.3380061,8.54719827],[76.3345205,8.54958845],[76.33278713,8.55079715],[76.32933963,8.55324151],[76.32762552,8.55447716],[76.32421697,8.55697509],[76.32252255,8.55823737],[76.31915379,8.56078827],[76.31747947,8.56207688],[76.31415133,8.56468011],[76.31249753,8.56599473],[76.30921083,8.56864966],[76.30837969,8.5693265],[76.30672285,8.57068679],[76.30587349,8.57138996],[76.30478834,8.57230561],[76.30258091,8.57418826],[76.3014823,8.5751355],[76.29706167,8.5789887],[76.29487245,8.58093926],[76.2905372,8.58488745],[76.28839118,8.58688505],[76.28414335,8.59092636],[76.28204156,8.59297004],[76.27788319,8.59710255],[76.27582662,8.59919134],[76.27175967,8.60341308],[76.26974931,8.605546],[76.26577573,8.60985496],[76.26381253,8.61203099],[76.2599342,8.61642514],[76.25895844,8.61754306],[76.25701933,8.61978957],[76.25603226,8.62094628],[76.25534185,8.62177138],[76.25499056,8.62219463],[76.25453373,8.62269001],[76.25257069,8.62486578],[76.24869223,8.62925992],[76.2477164,8.63037786],[76.24577719,8.63262441],[76.24479004,8.63378118],[76.24388951,8.63486003],[76.24305875,8.63607958],[76.24213292,8.63715444],[76.24120025,8.63825329],[76.23926878,8.64054136],[76.23748094,8.64275471],[76.23566746,8.64504437],[76.23430342,8.6468051],[76.23214637,8.64970258],[76.23175184,8.65023288],[76.23122643,8.65092611],[76.22924288,8.65323623],[76.22809667,8.65469238],[76.22582451,8.65762029],[76.22469858,8.65909204],[76.22246717,8.66205085],[76.22136172,8.6635379],[76.21917151,8.66652705],[76.21808676,8.66802913],[76.21593815,8.67104805],[76.2148743,8.67256487],[76.21276771,8.67561298],[76.21224369,8.67637683],[76.21120094,8.67790811],[76.21068222,8.67867553],[76.21000473,8.67968535],[76.20940858,8.68058168],[76.20822351,8.68237908],[76.2076346,8.68328013],[76.20529353,8.68689359],[76.20413754,8.68870964],[76.20185493,8.69235997],[76.20072833,8.69419423],[76.19850478,8.69788048],[76.19794184,8.69882242],[76.19682371,8.70071086],[76.19624751,8.70169353],[76.19555026,8.7029089],[76.19412729,8.70541959],[76.19342259,8.70667872],[76.19059038,8.71180371],[76.18920235,8.71438156],[76.18648307,8.71956677],[76.18515184,8.72217411],[76.18254678,8.72741708],[76.18127297,8.73005268],[76.17878338,8.73535092],[76.17756761,8.73801352],[76.17519468,8.7433645],[76.17403753,8.74605285],[76.17178239,8.75145404],[76.17068444,8.75416677],[76.16958767,8.75695829],[76.16884217,8.75871978],[76.16742609,8.76213347],[76.16672986,8.76384515],[76.16536114,8.76727791],[76.16468865,8.76899897],[76.16336756,8.77245015],[76.16303222,8.77333555],[76.16236782,8.77510869],[76.16202308,8.77603922],[76.16155028,8.77735127],[76.16058795,8.78006612],[76.16011411,8.7814261],[76.15821854,8.78696239],[76.1573011,8.7897408],[76.15638619,8.79261691],[76.15593025,8.79381886],[76.15539516,8.79525421],[76.15492239,8.79656612],[76.15396004,8.79928086],[76.15348619,8.80064079],[76.15159051,8.80617707],[76.15067301,8.80895548],[76.14889911,8.81453157],[76.14804272,8.81732922],[76.14639146,8.82294246],[76.14559659,8.82575801],[76.14406875,8.83140573],[76.14333579,8.83423786],[76.14193211,8.83991738],[76.1412614,8.84276473],[76.13998256,8.84847334],[76.13937444,8.85133457],[76.13822105,8.85706956],[76.13793606,8.8585286],[76.13738235,8.86144978],[76.13710521,8.8629592],[76.13686915,8.86432936],[76.13640232,8.86712586],[76.13586692,8.86919439],[76.13446309,8.87487389],[76.13378639,8.87774766],[76.13249673,8.88350935],[76.13183523,8.88663915],[76.1306774,8.89142606],[76.12059526,8.91491364],[76.12019923,8.91568608],[76.11966211,8.91674527],[76.11859728,8.91886835],[76.11806961,8.91993219],[76.10927802,8.93785522],[76.10892947,8.93857114],[76.1082366,8.94000511],[76.1078923,8.94072311],[76.10652365,8.94359923],[76.10609022,8.94451903],[76.10523037,8.94636189],[76.1048062,8.94728003],[76.09657913,8.96526516],[76.09496957,8.96867261],[76.09463552,8.96938861],[76.09388529,8.97093838],[76.09229179,8.97435185],[76.08920154,8.98122228],[76.08770488,8.98467904],[76.08575772,8.98935588],[76.08518582,8.99075105],[76.07406937,9.0137127],[76.07358843,9.01471504],[76.07263417,9.01672516],[76.07216124,9.01773218],[76.07028562,9.02176942],[76.06982091,9.02278067],[76.06889993,9.024807],[76.06844367,9.02582205],[76.0655907,9.03224024],[76.06514523,9.03325367],[76.06426269,9.03528417],[76.06382563,9.03630121],[76.06209431,9.04037644],[76.06124556,9.04242114],[76.05958206,9.04652419],[76.05876733,9.04858252],[76.05772359,9.05128459],[76.04191586,9.08415924],[76.04131486,9.08542592],[76.04012512,9.08796773],[76.03953694,9.08924171],[76.03720997,9.09435205],[76.03663507,9.09563238],[76.03549874,9.09819897],[76.03493761,9.09948456],[76.02896332,9.11336942],[76.02115964,9.12846382],[76.02068381,9.12939301],[76.0197387,9.13125647],[76.0192698,9.13219001],[76.01740812,9.13593279],[76.01649193,9.13781137],[76.01468907,9.1415825],[76.0138024,9.14347502],[76.0120588,9.14727357],[76.01120187,9.14917958],[76.00951794,9.15300465],[76.00869096,9.15492368],[76.00706712,9.15877433],[76.00627028,9.16070592],[76.00470694,9.16458122],[76.00394044,9.1665249],[76.00243797,9.17042391],[76.00205771,9.17142256],[76.00130522,9.17342286],[76.00091655,9.17446925],[76.00044426,9.17577832],[75.99948147,9.1784911],[75.99900883,9.17984595],[75.98901676,9.20000469],[75.98755006,9.20306018],[75.98469402,9.20920846],[75.98330506,9.21230047],[75.97790805,9.22473393],[75.97659787,9.22786013],[75.97405732,9.23414448],[75.97282652,9.23730379],[75.96039068,9.27046092],[75.95984385,9.27193262],[75.95966073,9.27242883],[75.95923572,9.27360456],[75.95819383,9.27652951],[75.95767828,9.27800407],[75.95579054,9.28350636],[75.95532609,9.28488454],[75.95441222,9.28764583],[75.95396282,9.28902892],[75.95215058,9.29471144],[75.95185691,9.29564406],[75.9512764,9.29751143],[75.95098958,9.29844616],[75.949856,9.30218913],[75.94957604,9.30312589],[75.94902299,9.30500144],[75.94874992,9.30594016],[75.9438542,9.32300183],[75.94339302,9.32464871],[75.94249181,9.32794827],[75.94205179,9.32960088],[75.94033429,9.33622184],[75.93968469,9.33886499],[75.93821429,9.34386458],[75.93716441,9.3476381],[75.93517571,9.35521495],[75.93423716,9.35901733],[75.93403623,9.359886],[75.93343712,9.361774],[75.93311281,9.3628106],[75.93247228,9.36488758],[75.93215625,9.36592734],[75.93090876,9.37009256],[75.93030201,9.37218018],[75.92912262,9.37636492],[75.92855,9.37846202],[75.92743902,9.3826652],[75.92690068,9.38477124],[75.92585842,9.38899174],[75.92570856,9.38962052],[75.92457839,9.39336397],[75.92384237,9.39589176],[75.9224204,9.40096122],[75.92173445,9.40350286],[75.92041289,9.40859905],[75.91977729,9.41115357],[75.91855666,9.41627453],[75.91797165,9.41884095],[75.91685244,9.4239847],[75.91657898,9.42527204],[75.91604478,9.42784935],[75.91578405,9.42913928],[75.91407659,9.43780686],[75.91236874,9.44647628],[75.9106609,9.45514568],[75.90895303,9.46381511],[75.90724516,9.47248456],[75.90553728,9.48115397],[75.90382939,9.4898234],[75.90212148,9.49849285],[75.90041357,9.50716229],[75.89870565,9.51583171],[75.89699772,9.52450115],[75.89528978,9.53317061],[75.89358183,9.54184005],[75.89187387,9.55050948],[75.8901659,9.55917892],[75.88845791,9.56784839],[75.88674993,9.57651782],[75.88504193,9.58518727],[75.88333391,9.59385674],[75.88162589,9.6025262],[75.87991787,9.61119563],[75.87820983,9.61986509],[75.87650177,9.62853457],[75.87479371,9.63720403],[75.87308565,9.64587348],[75.87137757,9.65454294],[75.86966947,9.66321243],[75.86796138,9.67188187],[75.86625327,9.68055134],[75.86454514,9.68922084],[75.86283701,9.69789031],[75.86112888,9.70655977],[75.85942073,9.71522925],[75.85771257,9.72389874],[75.8560044,9.73256821],[75.85429622,9.74123769],[75.85258803,9.74990719],[75.85087983,9.75857668],[75.84917163,9.76724614],[75.84746341,9.77591563],[75.84575517,9.78458515],[75.84404694,9.79325464],[75.84233869,9.80192411],[75.84063043,9.81059361],[75.83892216,9.81926313],[75.83721388,9.82793261],[75.8355056,9.83660211],[75.83379729,9.84527163],[75.83208899,9.85394113],[75.83038067,9.86261062],[75.82911984,9.86900917],[75.82675981,9.87571103],[75.82377455,9.8841884],[75.82078928,9.89266576],[75.81780401,9.9011431],[75.81481871,9.90962048],[75.81183342,9.91809784],[75.80884811,9.92657518],[75.80586279,9.93505258],[75.80287746,9.94352994],[75.79989213,9.9520073],[75.79690678,9.9604847],[75.79392142,9.96896207],[75.79093606,9.97743943],[75.78795068,9.98591684],[75.78496529,9.99439422],[75.7819799,10.00287159],[75.77899449,10.011349],[75.77600907,10.0198264],[75.77302365,10.02830378],[75.77003821,10.03678119],[75.76705277,10.0452586],[75.76406732,10.05373599],[75.76108185,10.06221341],[75.75809637,10.07069082],[75.7551109,10.07916822],[75.75212539,10.08764565],[75.74913989,10.09612307],[75.74615438,10.10460047],[75.74316885,10.11307791],[75.74018332,10.12155535],[75.73719778,10.13003275],[75.73421222,10.1385102],[75.73122666,10.14698764],[75.72824109,10.15546506],[75.7252555,10.16394251],[75.72226991,10.17241996],[75.71928432,10.18089738],[75.71629869,10.18937486],[75.71331308,10.1978523],[75.71032745,10.20632974],[75.7073418,10.21480722],[75.70435615,10.22328467],[75.70137049,10.23176211],[75.69838481,10.2402396],[75.69539914,10.24871706],[75.69241345,10.25719451],[75.68942774,10.265672],[75.68644203,10.27414948],[75.68345631,10.28262696],[75.68047058,10.29110443],[75.67748485,10.2995819],[75.67449909,10.30805941],[75.67151333,10.31653689],[75.66852757,10.32501436],[75.66554178,10.33349188],[75.66255599,10.34196937],[75.6595702,10.35044686],[75.65658439,10.35892437],[75.65359857,10.36740188],[75.65061278,10.37587926],[75.64989446,10.37791875],[75.64967886,10.37841641],[75.64889776,10.38024627],[75.64703564,10.38422196],[75.64605684,10.38635757],[75.64246102,10.39438884],[75.63886406,10.40242265],[75.63526627,10.41045829],[75.63151705,10.41883343],[75.62798313,10.42678507],[75.62578539,10.43170356],[75.62519562,10.43304311],[75.62403083,10.43572856],[75.62370105,10.43650045],[75.62309047,10.43779487],[75.62160841,10.4409913],[75.62087797,10.44259431],[75.61728209,10.45062559],[75.61368506,10.45865942],[75.61008803,10.46669325],[75.60649099,10.47472709],[75.60289393,10.48276095],[75.59929801,10.49079224],[75.59762281,10.49469878],[75.59648113,10.49717599],[75.59590464,10.49843023],[75.5947419,10.50099532],[75.59434228,10.50188244],[75.5931538,10.50453755],[75.58789931,10.51533336],[75.58727167,10.51664083],[75.58603015,10.51926355],[75.58541654,10.52057822],[75.58431727,10.5229672],[75.58362171,10.52450434],[75.58225014,10.52758716],[75.58157413,10.52913282],[75.57969566,10.53350289],[75.57901291,10.53512048],[75.57766882,10.53836439],[75.57636769,10.54162541],[75.57509874,10.54493223],[75.57309177,10.54939629],[75.57262987,10.55048325],[75.57159948,10.55253577],[75.57103257,10.55368967],[75.57038674,10.55502286],[75.56910994,10.55769622],[75.56847899,10.55903637],[75.56816904,10.55970429],[75.56709202,10.56208609],[75.56564244,10.56537755],[75.56347353,10.57032617],[75.56134669,10.57511303],[75.55914239,10.58037474],[75.55860145,10.58174769],[75.55773542,10.58373786],[75.55748669,10.58431315],[75.55699193,10.58546487],[75.55674591,10.5860413],[75.55631934,10.58704792],[75.55605926,10.58766527],[75.55523899,10.58938471],[75.55455385,10.59084348],[75.55320075,10.59377021],[75.55253308,10.59523757],[75.54893705,10.60326888],[75.54533991,10.61130264],[75.54459125,10.61297467],[75.54354254,10.61489572],[75.53923665,10.62278338],[75.53493069,10.63067115],[75.53062473,10.63855891],[75.52631876,10.64644668],[75.52201276,10.65433449],[75.51770676,10.66222227],[75.51340077,10.67011003],[75.50909476,10.67799782],[75.50478873,10.68588563],[75.5004827,10.69377342],[75.49617667,10.7016612],[75.49187062,10.709549],[75.48756455,10.71743683],[75.48325849,10.72532464],[75.47895243,10.73321242],[75.47464634,10.74110023],[75.47034024,10.74898806],[75.46603414,10.75687588],[75.46172804,10.76476368],[75.45742192,10.77265151],[75.45311579,10.78053935],[75.44880965,10.78842719],[75.44450351,10.79631501],[75.44019736,10.80420283],[75.43589199,10.81208922],[75.43551858,10.81277799],[75.43355732,10.816421],[75.43206299,10.81911067],[75.43100598,10.82105077],[75.42933748,10.82417443],[75.42797706,10.82660365],[75.42727804,10.82786782],[75.42297265,10.8357542],[75.41866645,10.84364207],[75.41436023,10.85152993],[75.41005402,10.85941779],[75.40574781,10.86730562],[75.40144157,10.87519348],[75.39713532,10.88308136],[75.39282907,10.89096923],[75.38852282,10.89885709],[75.38421655,10.90674496],[75.37991026,10.91463285],[75.37560397,10.92252074],[75.37129768,10.93040861],[75.36699138,10.93829649],[75.36268506,10.94618439],[75.35837874,10.95407228],[75.35407241,10.96196016],[75.34976607,10.96984806],[75.34545971,10.97773597],[75.34115335,10.98562389],[75.33684699,10.99351178],[75.33254062,11.00139968],[75.32823423,11.0092876],[75.32392783,11.01717552],[75.31962144,11.02506342],[75.31531502,11.03295134],[75.3110086,11.04083928],[75.30670217,11.04872721],[75.30239573,11.05661513],[75.29808928,11.06450307],[75.29378282,11.07239101],[75.28947636,11.08027895],[75.28516989,11.08816687],[75.28086341,11.09605482],[75.27655691,11.10394278],[75.27225041,11.11183073],[75.26794389,11.11971869],[75.26363738,11.12760664],[75.25933086,11.13549459],[75.25502431,11.14338256],[75.25071777,11.15127053],[75.24641122,11.15915848],[75.24210466,11.16704645],[75.23779808,11.17493444],[75.2334915,11.18282242],[75.22918491,11.19071039],[75.22487831,11.19859838],[75.2205717,11.20648637],[75.21626508,11.21437436],[75.21195846,11.22226234],[75.20765183,11.23015033],[75.20334518,11.23803834],[75.19903852,11.24592634],[75.19473187,11.25381434],[75.19042519,11.26170235],[75.18611851,11.26959036],[75.18181182,11.27747838],[75.17750514,11.28536637],[75.17545852,11.28921281],[75.17300151,11.29299659],[75.17035489,11.29723924],[75.16818591,11.30055791],[75.16337028,11.30811924],[75.15855465,11.31568058],[75.15373901,11.32324192],[75.14892336,11.33080327],[75.14410772,11.33836459],[75.13929205,11.34592595],[75.13447638,11.3534873],[75.12966071,11.36104864],[75.12484502,11.36861],[75.12002932,11.37617136],[75.11521362,11.38373273],[75.11039791,11.39129408],[75.10558218,11.39885546],[75.10076646,11.40641682],[75.09595072,11.4139782],[75.09113498,11.42153956],[75.08631923,11.42910094],[75.08150346,11.43666233],[75.07668769,11.44422371],[75.07187192,11.45178509],[75.06705613,11.45934648],[75.06224033,11.46690788],[75.05742453,11.47446928],[75.05260871,11.48203068],[75.0477929,11.48959206],[75.04297707,11.49715348],[75.03816123,11.50471488],[75.03334539,11.51227628],[75.02852953,11.5198377],[75.02371367,11.52739912],[75.01889781,11.53496053],[75.01408193,11.54252195],[75.00926603,11.55008339],[75.00445014,11.55764481],[74.99963424,11.56520623],[74.99481833,11.57276766],[74.9900024,11.5803291],[74.98518648,11.58789054],[74.98037055,11.59545197],[74.9755546,11.60301341],[74.97073864,11.61057487],[74.96592268,11.61813632],[74.96110672,11.62569776],[74.95629073,11.63325923],[74.95147475,11.64082068],[74.94665875,11.64838214],[74.94184275,11.6559436],[74.93702674,11.66350506],[74.93221072,11.67106654],[74.92739469,11.67862801],[74.92257866,11.68618948],[74.91776261,11.69375095],[74.91294654,11.70131246],[74.90813049,11.70887393],[74.90331443,11.7164354],[74.89849835,11.72399689],[74.89368225,11.73155839],[74.88886616,11.73911989],[74.88405006,11.74668138],[74.87923395,11.75424288],[74.87441782,11.76180439],[74.86960169,11.76936589],[74.86478556,11.77692739],[74.85996941,11.78448892],[74.85515649,11.79204535],[74.85451794,11.79305784],[74.85324995,11.7950884],[74.85262054,11.79610645],[74.85012133,11.8001895],[74.84948634,11.80123765],[74.84822605,11.80333962],[74.84757186,11.80444266],[74.84690287,11.80559623],[74.84551976,11.80800888],[74.84483453,11.80921871],[74.84206308,11.81417179],[74.84070385,11.81666271],[74.83803896,11.82167226],[74.83673331,11.82419085],[74.83417615,11.82925463],[74.83354361,11.83052394],[74.83229211,11.83306909],[74.83167318,11.83434489],[74.82781808,11.84240004],[74.82396077,11.85045978],[74.82010346,11.85851951],[74.81624614,11.86657924],[74.81238881,11.87463898],[74.80853148,11.88269872],[74.80467413,11.89075846],[74.80081677,11.89881821],[74.7969594,11.90687796],[74.79310203,11.9149377],[74.78924465,11.92299746],[74.78538726,11.9310572],[74.78152986,11.93911696],[74.77767244,11.94717673],[74.77381501,11.95523651],[74.76995758,11.96329627],[74.76610014,11.97135604],[74.76224269,11.97941582],[74.75838523,11.9874756],[74.75452776,11.99553537],[74.75067028,12.00359515],[74.74681279,12.01165495],[74.74295531,12.01971471],[74.7390978,12.0277745],[74.73524027,12.03583432],[74.73138275,12.04389412],[74.72752522,12.05195391],[74.72366767,12.06001372],[74.71981012,12.06807353],[74.71595256,12.07613333],[74.71209498,12.08419314],[74.7082374,12.09225297],[74.70437981,12.10031278],[74.70052221,12.1083726],[74.69666461,12.11643241],[74.69280699,12.12449224],[74.68894936,12.13255208],[74.68509172,12.14061191],[74.68123407,12.14867176],[74.67737641,12.15673159],[74.67351875,12.16479143],[74.66966107,12.17285128],[74.66580339,12.18091113],[74.6619457,12.18897097],[74.65808799,12.19703082],[74.65423028,12.20509067],[74.65037256,12.21315052],[74.64651482,12.2212104],[74.64265708,12.22927027],[74.6388016,12.23732539],[74.6380743,12.23887025],[74.63663965,12.24196896],[74.63593233,12.24352278],[74.63314338,12.24975507],[74.63245614,12.25131759],[74.63110186,12.25445112],[74.63043483,12.25602209],[74.62702822,12.26419048],[74.62361977,12.27236326],[74.62021132,12.28053604],[74.61680286,12.2887088],[74.61339437,12.29688161],[74.60998589,12.30505439],[74.60657739,12.31322719],[74.60316888,12.32139999],[74.59976037,12.32957278],[74.59635185,12.33774558],[74.59294331,12.34591838],[74.58953477,12.35409118],[74.58612622,12.36226397],[74.58271765,12.3704368],[74.57930908,12.37860962],[74.5759005,12.38678243],[74.57249191,12.39495525],[74.56908331,12.40312807],[74.5656747,12.4113009],[74.56226608,12.41947372],[74.55885745,12.42764655],[74.55544881,12.43581939],[74.55204016,12.44399222],[74.54863151,12.45216504],[74.54522283,12.4603379],[74.54181416,12.46851075],[74.53840546,12.4766836],[74.53499677,12.48485644],[74.53158806,12.49302929],[74.52817935,12.50120215],[74.52477062,12.50937501],[74.52136189,12.51754787],[74.51795315,12.52572071],[74.51454439,12.5338936],[74.51113562,12.54206647],[74.50772809,12.55023637],[74.50739252,12.55104845],[74.50672678,12.55267478],[74.50639665,12.55348894],[74.5039599,12.55955375],[74.50332431,12.56099625],[74.50170392,12.56472013],[74.50090803,12.56658806],[74.49750047,12.57475797],[74.49409166,12.58293085],[74.49068284,12.59110374],[74.48727401,12.59927663],[74.48386517,12.60744952],[74.48246738,12.61080079],[74.48111057,12.61335195],[74.47976112,12.61595806],[74.47712035,12.62119859],[74.47582903,12.62383298],[74.47330512,12.62912879],[74.47207255,12.6317902],[74.46966672,12.63713879],[74.46849349,12.63982595],[74.4662069,12.64522477],[74.46509356,12.64793641],[74.46292731,12.6533829],[74.46238132,12.65477852],[74.46130521,12.65757568],[74.46075202,12.65903931],[74.46045338,12.65985192],[74.45981613,12.66160351],[74.4595006,12.66248038],[74.45868655,12.66476784],[74.45819825,12.66570735],[74.45561728,12.67080607],[74.45497889,12.67208416],[74.45371595,12.67464696],[74.4530914,12.67593163],[74.45045531,12.68142876],[74.44981209,12.68278975],[74.44854118,12.68551875],[74.4479135,12.68688672],[74.44543411,12.69237197],[74.44422566,12.6951282],[74.44187181,12.70066655],[74.44072644,12.70344863],[74.43849933,12.7090373],[74.43793847,12.71046876],[74.43683343,12.71333793],[74.43626609,12.714838],[74.43579752,12.71612014],[74.43482862,12.71881425],[74.43435148,12.72016382],[74.4324285,12.72569783],[74.43149774,12.72847511],[74.42969806,12.73404896],[74.42892539,12.73653583],[74.42819169,12.73819367],[74.42459895,12.74631173],[74.42100622,12.75442977],[74.41741348,12.76254779],[74.41382073,12.77066583],[74.41022795,12.77878389],[74.40663518,12.78690194],[74.4030424,12.79501997],[74.39944961,12.80313804],[74.39585681,12.81125609],[74.392264,12.81937414],[74.38867117,12.8274922],[74.38507834,12.83561028],[74.3814855,12.84372835],[74.37789265,12.8518464],[74.37429979,12.85996448],[74.37070691,12.86808257],[74.36711404,12.87620064],[74.36352116,12.8843187],[74.35992825,12.89243679],[74.35633534,12.9005549],[74.35274242,12.90867299],[74.3491495,12.91679106],[74.34555656,12.92490918],[74.34196361,12.93302727],[74.33837066,12.94114536],[74.3347777,12.94926345],[74.33118472,12.95738158],[74.32759173,12.96549969],[74.32399874,12.97361779],[74.32040574,12.98173591],[74.31681272,12.98985404],[74.31321969,12.99797216],[74.30962667,13.00609027],[74.30717856,13.01162154],[74.30629274,13.01326399],[74.30416103,13.01734085],[74.30363252,13.01836232],[74.3025844,13.02040967],[74.30206479,13.02143554],[74.30161293,13.02233731],[74.30121574,13.02313665],[74.30042677,13.0247379],[74.30003499,13.02553979],[74.29847875,13.02875241],[74.29771149,13.03036377],[74.2961988,13.03359633],[74.29545339,13.03521752],[74.29398452,13.03846947],[74.29326108,13.0401002],[74.2918363,13.04337096],[74.29113497,13.04501096],[74.28975452,13.04829995],[74.28873172,13.05080831],[74.28673784,13.05584472],[74.2856611,13.05865807],[74.28520648,13.05989292],[74.28502111,13.0604001],[74.2818042,13.06925761],[74.28055187,13.07286728],[74.27815235,13.08012013],[74.27700517,13.08376325],[74.27532712,13.08937408],[74.27451929,13.09218844],[74.27296639,13.09783379],[74.27222134,13.10066475],[74.27079434,13.10634195],[74.27011241,13.10918816],[74.26881201,13.1148945],[74.26819355,13.11775461],[74.26702038,13.12348739],[74.26672822,13.12495753],[74.26616068,13.12790095],[74.26587253,13.12944485],[74.26563875,13.1307795],[74.26516091,13.13359257],[74.26492963,13.13500034],[74.26401256,13.14077779],[74.26358617,13.14367141],[74.26279786,13.14946709],[74.26243595,13.15236913],[74.26177678,13.15818028],[74.26147953,13.16108936],[74.26094984,13.16691321],[74.2607174,13.16982795],[74.26031745,13.17566174],[74.26014994,13.17858075],[74.25987993,13.18442169],[74.25977744,13.18734359],[74.25968076,13.19138234],[74.25883831,13.19888304],[74.25784519,13.207725],[74.25685207,13.21656694],[74.25585894,13.2254089],[74.2548658,13.23425086],[74.25387264,13.24309283],[74.25287948,13.25193479],[74.2518863,13.26077675],[74.25089311,13.26961872],[74.24989991,13.27846069],[74.24948811,13.28212674],[74.24756433,13.28570404],[74.24331111,13.29361293],[74.23905787,13.30152185],[74.23480463,13.30943076],[74.23055139,13.31733964],[74.22629814,13.32524855],[74.22204486,13.33315747],[74.21779159,13.34106638],[74.21353831,13.3489753],[74.209285,13.35688424],[74.2050317,13.36479316],[74.20077839,13.37270208],[74.19652507,13.380611],[74.19227174,13.38851993],[74.1880184,13.39642888],[74.18376505,13.40433781],[74.17951168,13.41224677],[74.17525831,13.42015571],[74.17100494,13.42806464],[74.16675155,13.4359736],[74.16249816,13.44388255],[74.15824475,13.45179151],[74.15399133,13.45970047],[74.1497379,13.46760944],[74.14548447,13.47551841],[74.14123103,13.48342737],[74.13697758,13.49133633],[74.13272412,13.49924531],[74.12847065,13.50715429],[74.12421716,13.51506327],[74.11996366,13.52297227],[74.11571017,13.53088125],[74.11145667,13.53879023],[74.10720314,13.54669923],[74.10294962,13.55460821],[74.09869608,13.56251721],[74.09444253,13.57042621],[74.09018897,13.57833523],[74.0859354,13.58624425],[74.08168184,13.59415324],[74.07742826,13.60206225],[74.07317466,13.60997127],[74.06892106,13.61788028],[74.06466745,13.6257893],[74.06041382,13.63369835],[74.05616019,13.64160737],[74.05190655,13.6495164],[74.04765291,13.65742542],[74.04339925,13.66533446],[74.03914557,13.67324351],[74.0348919,13.68115254],[74.0306382,13.6890616],[74.02638451,13.69697065],[74.02213081,13.70487969],[74.01787709,13.71278875],[74.01362337,13.7206978],[74.00936964,13.72860686],[74.00511589,13.73651593],[74.00086213,13.74442501],[73.99660837,13.75233408],[73.99235461,13.76024313],[73.98810083,13.76815221],[73.98384703,13.7760613],[73.97959324,13.78397037],[73.97533943,13.79187945],[73.9710856,13.79978856],[73.96683177,13.80769765],[73.96257794,13.81560672],[73.95832714,13.82351016],[73.95779974,13.8245007],[73.95675336,13.8264861],[73.95466233,13.83062727],[73.95365321,13.83271562],[73.95204294,13.83585693],[73.9515313,13.83686557],[73.95125115,13.83742373],[73.95030973,13.83933757],[73.94856629,13.84295489],[73.94714375,13.84600467],[73.94536457,13.8499489],[73.94490902,13.85097024],[73.94444257,13.85202803],[73.94333273,13.85461917],[73.94205617,13.85768944],[73.94141416,13.85926191],[73.94092392,13.86048505],[73.9395772,13.86370412],[73.9376355,13.86861904],[73.93732467,13.86945681],[73.93369622,13.87930378],[73.93235434,13.88312515],[73.92978896,13.89080571],[73.92856547,13.89466485],[73.92688117,13.90027515],[73.92607032,13.90308925],[73.92451158,13.90873408],[73.92376371,13.91156479],[73.9223313,13.91724148],[73.92164677,13.92008743],[73.92034137,13.92579328],[73.91972051,13.92865314],[73.91854276,13.93438543],[73.91824902,13.9358577],[73.91767843,13.9388054],[73.91738793,13.94035596],[73.91715447,13.94168372],[73.91667554,13.94449204],[73.91644371,13.94589742],[73.91552292,13.95167441],[73.91509478,13.9545678],[73.91430317,13.96036302],[73.91393973,13.96326484],[73.91327771,13.96907554],[73.91297914,13.9719844],[73.91244702,13.97780783],[73.91221349,13.98072235],[73.91181155,13.98655572],[73.91164316,13.98947452],[73.91137161,13.99531506],[73.91126845,13.99823676],[73.91112742,14.00408168],[73.91109983,14.00558202],[73.91106185,14.00858294],[73.91105139,14.01016121],[73.91106318,14.01199672],[73.91111458,14.01582278],[73.91122193,14.01964773],[73.91138521,14.0234708],[73.91148285,14.02541713],[73.91172559,14.02965219],[73.91180874,14.03182084],[73.91203667,14.03670719],[73.91217348,14.03914934],[73.91228552,14.04086246],[73.91238887,14.04231812],[73.91261182,14.04522828],[73.9128808,14.04787057],[73.91312221,14.05184968],[73.9136753,14.05833504],[73.914317,14.06414791],[73.91467034,14.0670509],[73.91544183,14.07284871],[73.91593772,14.07573541],[73.91618147,14.07761217],[73.91677215,14.08152184],[73.91700506,14.08300442],[73.9172662,14.08456084],[73.91752554,14.08596004],[73.91781769,14.0875102],[73.91807465,14.08883302],[73.91836519,14.09030842],[73.91865332,14.09161759],[73.91895263,14.09300591],[73.91997943,14.09877839],[73.92059077,14.10164026],[73.92187732,14.10735032],[73.92255253,14.11019848],[73.92396651,14.11587978],[73.92470527,14.11871288],[73.92624601,14.1243627],[73.92704798,14.12717939],[73.92871475,14.13279504],[73.92957956,14.13559398],[73.93137159,14.14117279],[73.93210386,14.14336814],[73.93338584,14.14852245],[73.93552845,14.15713704],[73.93767135,14.16575286],[73.93981414,14.17436826],[73.94195682,14.1829833],[73.94409961,14.19159877],[73.94624238,14.20021422],[73.94838507,14.2088294],[73.95052773,14.21744451],[73.95267052,14.22606015],[73.95481319,14.23467536],[73.95507553,14.23573019],[73.95418189,14.23703667],[73.94911813,14.24443976],[73.94405437,14.25184285],[73.93899061,14.25924592],[73.93392683,14.26664901],[73.92886305,14.2740521],[73.92379925,14.28145521],[73.91873545,14.2888583],[73.91367164,14.2962614],[73.90860782,14.3036645],[73.903544,14.31106761],[73.89848015,14.31847073],[73.89341631,14.32587384],[73.88835246,14.33327695],[73.8832886,14.34068006],[73.87822473,14.34808318],[73.87316085,14.3554863],[73.86809697,14.36288943],[73.86303307,14.37029256],[73.85796917,14.37769569],[73.85290526,14.38509882],[73.84784134,14.39250196],[73.84277739,14.39990512],[73.83771346,14.40730826],[73.83264953,14.41471139],[73.82758557,14.42211454],[73.82252161,14.42951769],[73.81745764,14.43692084],[73.81239366,14.444324],[73.80732967,14.45172716],[73.80226567,14.45913032],[73.79720166,14.4665335],[73.79213765,14.47393667],[73.78707362,14.48133984],[73.7820096,14.488743],[73.77694557,14.49614618],[73.77188152,14.50354936],[73.76681746,14.51095254],[73.76175339,14.51835573],[73.75668932,14.52575891],[73.75162524,14.5331621],[73.74656115,14.54056529],[73.74149705,14.5479685],[73.73643294,14.5553717],[73.73136883,14.56277489],[73.72630471,14.5701781],[73.72124058,14.5775813],[73.71617932,14.58498029],[73.71563774,14.58577814],[73.71456041,14.58737762],[73.71402484,14.58817897],[73.71121923,14.59240372],[73.71041754,14.59358218],[73.71008581,14.59407255],[73.70782641,14.59742824],[73.70649147,14.59945018],[73.70385896,14.60351705],[73.7025614,14.60556197],[73.70024003,14.60929473],[73.69952858,14.61045181],[73.69811785,14.61277256],[73.69740213,14.6139639],[73.69670905,14.6151313],[73.6959675,14.61639621],[73.69449607,14.61893805],[73.69376746,14.62021285],[73.69126765,14.62464303],[73.6908758,14.62534237],[73.69009634,14.62674335],[73.68970875,14.62744496],[73.68932559,14.62814352],[73.68862577,14.62943629],[73.68724063,14.63202919],[73.68655532,14.6333293],[73.68384362,14.63854326],[73.68334905,14.63950924],[73.6815984,14.64268337],[73.6811083,14.64358007],[73.68013435,14.64537845],[73.67965088,14.64627942],[73.67545399,14.65417295],[73.67125499,14.66207044],[73.66705598,14.66996793],[73.66285694,14.67786546],[73.65865791,14.68576296],[73.65445888,14.69366044],[73.65025983,14.70155795],[73.64606075,14.70945549],[73.64186169,14.71735299],[73.63766261,14.72525049],[73.63346352,14.73314802],[73.62926442,14.74104555],[73.62506531,14.74894308],[73.62086619,14.75684061],[73.61666707,14.76473813],[73.61246793,14.77263567],[73.60826878,14.78053322],[73.60406962,14.78843076],[73.59987046,14.79632829],[73.59567128,14.80422584],[73.59147209,14.8121234],[73.5872729,14.82002095],[73.5830737,14.8279185],[73.57887448,14.83581606],[73.57467527,14.84371361],[73.57047602,14.85161119],[73.56627678,14.85950877],[73.56207753,14.86740632],[73.55787828,14.87530389],[73.55368114,14.88319745],[73.55314831,14.88421001],[73.55209146,14.88623954],[73.55156769,14.88725603],[73.55020549,14.88992784],[73.54962515,14.89099861],[73.54889704,14.8922753],[73.54787894,14.89409329],[73.54649539,14.89637766],[73.54616761,14.89691955],[73.54551366,14.89800651],[73.54502519,14.89882547],[73.54432488,14.90001267],[73.54403859,14.90050075],[73.5395643,14.90816546],[73.53508757,14.91583432],[73.53061084,14.92350318],[73.52613411,14.93117204],[73.52165736,14.93884091],[73.51718061,14.94650978],[73.51270383,14.95417867],[73.50822707,14.96184753],[73.50375029,14.96951639],[73.4992735,14.97718528],[73.4947967,14.98485417],[73.49031988,14.99252307],[73.48584307,15.00019194],[73.48136625,15.00786082],[73.4768894,15.01552973],[73.47241256,15.02319862],[73.46793571,15.03086751],[73.46345884,15.03853643],[73.45898196,15.04620535],[73.45450508,15.05387424],[73.45002819,15.06154315],[73.4455513,15.06921206],[73.44107438,15.07688099],[73.43659745,15.08454992],[73.43212053,15.09221883],[73.4276436,15.09988776],[73.42316666,15.10755668],[73.4186897,15.11522562],[73.41421273,15.12289455],[73.40973576,15.13056348],[73.40525877,15.13823245],[73.40078546,15.14589508],[73.40051593,15.1463589],[73.39997874,15.14728762],[73.3997111,15.1477525],[73.3986443,15.14961409],[73.39837855,15.15008],[73.39784897,15.15101283],[73.39758513,15.15147974],[73.39321113,15.1592568],[73.38883359,15.16704014],[73.38445603,15.17482349],[73.38007847,15.18260683],[73.37570089,15.19039019],[73.37132331,15.19817354],[73.36694572,15.2059569],[73.36256811,15.21374026],[73.3581905,15.22152362],[73.35381288,15.22930699],[73.34943525,15.23709037],[73.3450576,15.24487376],[73.34067996,15.25265712],[73.33630231,15.26044049],[73.33192464,15.26822387],[73.32754696,15.27600725],[73.32316927,15.28379064],[73.31879158,15.29157403],[73.31441387,15.29935742],[73.31003616,15.30714082],[73.30565843,15.31492422],[73.3012807,15.32270762],[73.29690295,15.33049102],[73.2925252,15.33827443],[73.28814744,15.34605784],[73.28376966,15.35384127],[73.27939187,15.36162469],[73.27501409,15.3694081],[73.2706363,15.37719151],[73.26625849,15.38497494],[73.26188067,15.39275837],[73.25750284,15.4005418],[73.253125,15.40832523],[73.24874716,15.41610867],[73.2443693,15.42389211],[73.23999143,15.43167555],[73.23561356,15.439459],[73.23123567,15.44724244],[73.22685778,15.4550259],[73.22247987,15.46280937],[73.21810195,15.47059282],[73.21372404,15.47837627],[73.2093461,15.48615974],[73.20496816,15.49394321],[73.20059022,15.50172667],[73.19621226,15.50951014],[73.19183429,15.51729362],[73.18745631,15.52507709],[73.18307832,15.53286058],[73.17870032,15.54064406],[73.17432231,15.54842755],[73.16994429,15.55621104],[73.16556627,15.56399453],[73.16118822,15.57177804],[73.15681018,15.57956154],[73.15243213,15.58734503],[73.14805407,15.59512853],[73.14367599,15.60291204],[73.1392979,15.61069556],[73.13491981,15.61847907],[73.13054171,15.62626258],[73.1261636,15.6340461],[73.12178548,15.64182962],[73.11740735,15.64961315],[73.11302921,15.65739667],[73.10865106,15.66518021],[73.10427302,15.67296352],[73.10302593,15.6751806],[73.10170372,15.6772414],[73.09856479,15.68223384],[73.09776684,15.68351906],[73.09618579,15.6860981],[73.0953633,15.68745789],[73.09467345,15.68862743],[73.09322851,15.69110591],[73.09251282,15.69234885],[73.08960122,15.69746906],[73.08817419,15.70004452],[73.08537836,15.70522497],[73.08400957,15.70782994],[73.08133086,15.71306819],[73.08002096,15.71570144],[73.07746065,15.720995],[73.07621026,15.72365528],[73.07376959,15.72900163],[73.07257932,15.73168767],[73.07025945,15.73708427],[73.06912987,15.7397948],[73.06693192,15.7452391],[73.06637487,15.74664202],[73.06527701,15.74945386],[73.06470686,15.75094062],[73.06424034,15.75219903],[73.06326324,15.7548766],[73.06278201,15.75621787],[73.06083102,15.76174977],[73.05988665,15.76452601],[73.05806059,15.77009778],[73.05717891,15.77289329],[73.05547865,15.77850228],[73.05466009,15.78131574],[73.05308646,15.78695929],[73.05233141,15.78978936],[73.05088517,15.79546479],[73.050194,15.79831012],[73.04887585,15.80401474],[73.0482489,15.80687398],[73.04705949,15.81260506],[73.04676181,15.81408231],[73.04618357,15.81703999],[73.04588733,15.81860613],[73.04565447,15.81991774],[73.04517262,15.82271488],[73.04493934,15.82411468],[73.04406161,15.82956441],[73.0421722,15.83792808],[73.04018986,15.84670304],[73.03820751,15.85547802],[73.03622515,15.86425298],[73.03424278,15.87302793],[73.03226039,15.8818029],[73.03027799,15.89057789],[73.02829559,15.89935286],[73.02631317,15.90812781],[73.02433074,15.91690279],[73.02234829,15.92567779],[73.02036584,15.93445277],[73.01838338,15.94322773],[73.0164009,15.95200271],[73.01441841,15.96077771],[73.01243591,15.96955271],[73.01045341,15.97832768],[73.00847088,15.98710266],[73.00648835,15.99587768],[73.0045058,16.00465268],[73.00252325,16.01342765],[73.00054068,16.02220265],[72.9985581,16.03097767],[72.9965755,16.03975268],[72.99459291,16.04852766],[72.99261029,16.05730266],[72.99062766,16.06607769],[72.98864502,16.0748527],[72.98666238,16.0836277],[72.98467972,16.09240272],[72.98269704,16.10117775],[72.98071436,16.10995277],[72.97873167,16.11872777],[72.97674896,16.12750279],[72.97476624,16.13627783],[72.97278351,16.14505286],[72.97080077,16.15382787],[72.96881802,16.1626029],[72.96683525,16.17137795],[72.96485248,16.18015298],[72.96286969,16.188928],[72.96088689,16.19770304],[72.95890408,16.2064781],[72.95692126,16.21525314],[72.95493843,16.22402817],[72.95295558,16.23280322],[72.95097272,16.24157828],[72.94898985,16.25035333],[72.94700698,16.25912836],[72.94502409,16.26790341],[72.94304118,16.27667849],[72.94105826,16.28545355],[72.93907534,16.29422859],[72.9370924,16.30300365],[72.93510945,16.31177873],[72.93312649,16.3205538],[72.93114352,16.32932884],[72.92916054,16.33810391],[72.92717754,16.34687901],[72.92519453,16.35565408],[72.92321152,16.36442913],[72.92122849,16.37320421],[72.91924544,16.38197931],[72.91726238,16.39075439],[72.91527932,16.39952946],[72.91329625,16.40830454],[72.91131319,16.41707947],[72.90986872,16.42347119],[72.90882535,16.4278332],[72.90721347,16.43457202],[72.90560153,16.44131105],[72.9039903,16.44804705],[72.90360819,16.44969156],[72.90286542,16.45298514],[72.90250477,16.45463416],[72.90110521,16.46123831],[72.90075719,16.46293626],[72.90008389,16.46633639],[72.89974217,16.46812799],[72.89957902,16.46903543],[72.89922765,16.47103046],[72.89905586,16.47202861],[72.89835416,16.47620314],[72.89802038,16.47829307],[72.89738701,16.48247777],[72.89708743,16.48457251],[72.89652255,16.48876633],[72.89638562,16.48981533],[72.89612032,16.49191436],[72.89599197,16.49296435],[72.89494276,16.50184807],[72.89389331,16.51073378],[72.89284384,16.51961946],[72.89179437,16.52850516],[72.89074488,16.53739089],[72.88969538,16.54627659],[72.88864587,16.5551623],[72.88759634,16.56404801],[72.88654681,16.57293372],[72.88549726,16.58181941],[72.8844477,16.59070512],[72.88339813,16.59959085],[72.88234855,16.60847656],[72.88129895,16.61736228],[72.88024935,16.62624799],[72.87919973,16.63513371],[72.8781501,16.64401942],[72.87710046,16.65290513],[72.87605081,16.66179085],[72.87500114,16.67067658],[72.87395146,16.6795623],[72.87290178,16.68844803],[72.87185208,16.69733375],[72.87080236,16.70621948],[72.86975264,16.71510518],[72.8687029,16.72399091],[72.86765315,16.73287666],[72.86660339,16.74176239],[72.86555362,16.75064812],[72.86450384,16.75953385],[72.86345404,16.76841958],[72.86240424,16.77730529],[72.86135442,16.78619103],[72.86030459,16.79507678],[72.85925474,16.80396252],[72.85820489,16.81284826],[72.85715502,16.82173399],[72.85610515,16.83061974],[72.85505526,16.83950546],[72.85400536,16.8483912],[72.85295544,16.85727696],[72.85190551,16.86616271],[72.85085558,16.87504845],[72.84980563,16.88393419],[72.84875567,16.89281994],[72.84770569,16.90170569],[72.84665571,16.91059142],[72.84560579,16.91947651],[72.84549996,16.92040058],[72.84526745,16.92406029],[72.84475216,16.92733159],[72.84447176,16.92932807],[72.84404971,16.93301939],[72.84397624,16.93370328],[72.84364899,16.93653187],[72.84357531,16.93725419],[72.8432997,16.94004676],[72.84245565,16.94613445],[72.8414056,16.9550202],[72.84078037,16.96031098],[72.83955189,16.96559573],[72.83751596,16.974354],[72.83548,16.98311226],[72.83344404,16.99187053],[72.83140807,17.0006288],[72.82937209,17.00938705],[72.82733609,17.01814532],[72.82530008,17.02690361],[72.82326406,17.03566189],[72.82122803,17.04442017],[72.81919199,17.05317845],[72.81715593,17.06193673],[72.81511986,17.07069501],[72.81308379,17.0794533],[72.81104769,17.08821159],[72.8090116,17.09696987],[72.80697548,17.10572815],[72.80493935,17.11448647],[72.80290322,17.12324476],[72.80086707,17.13200306],[72.7988309,17.14076136],[72.79679473,17.14951967],[72.79475855,17.15827797],[72.79272235,17.16703627],[72.79068614,17.17579458],[72.78972278,17.17989354],[72.7890478,17.18201678],[72.78780302,17.18605125],[72.78719709,17.18807316],[72.78601831,17.19212591],[72.78544546,17.19415672],[72.78433296,17.19822676],[72.78379333,17.20026596],[72.78274741,17.20435227],[72.78249009,17.20537486],[72.78198381,17.20742196],[72.78173484,17.20844646],[72.78158933,17.20905604],[72.7812186,17.21065379],[72.78049747,17.21385353],[72.78014707,17.21545549],[72.77878629,17.22187094],[72.77844694,17.22352375],[72.77778988,17.22683338],[72.77745485,17.22858399],[72.77722232,17.22988326],[72.77673792,17.23267186],[72.77650337,17.23406737],[72.77556524,17.23984226],[72.77496526,17.24401251],[72.77466501,17.24533109],[72.77279354,17.25353282],[72.7709156,17.26176289],[72.76903765,17.26999294],[72.76715969,17.27822299],[72.76528173,17.28645305],[72.76340375,17.29468308],[72.76152576,17.30291314],[72.75964776,17.31114322],[72.75777059,17.31936958],[72.7575398,17.32040028],[72.75708667,17.32246343],[72.75686432,17.32349586],[72.75599187,17.3276288],[72.75577798,17.32866287],[72.75535866,17.33073261],[72.75515325,17.33176825],[72.75352966,17.34013234],[72.75190544,17.34849964],[72.75028121,17.35686694],[72.74865697,17.36523425],[72.74703272,17.37360156],[72.74540846,17.38196887],[72.74378418,17.39033618],[72.7421599,17.3987035],[72.7405356,17.40707082],[72.7389113,17.41543811],[72.73728698,17.42380543],[72.73566265,17.43217277],[72.73403831,17.44054009],[72.73241396,17.44890742],[72.7307896,17.45727474],[72.72916565,17.46563992],[72.72906145,17.46618282],[72.72892903,17.46688087],[72.72834903,17.46895581],[72.72594902,17.47753607],[72.72354603,17.486127],[72.72114302,17.49471794],[72.71874,17.50330888],[72.71633696,17.51189981],[72.71393392,17.52049074],[72.71153087,17.52908168],[72.7091278,17.53767264],[72.70672472,17.54626359],[72.70432163,17.55485454],[72.70191853,17.56344549],[72.69951541,17.57203645],[72.69711229,17.5806274],[72.69470915,17.58921836],[72.692306,17.59780932],[72.68990284,17.60640029],[72.68749967,17.61499125],[72.68509649,17.62358222],[72.6826933,17.63217319],[72.68029009,17.64076416],[72.67788688,17.64935512],[72.67548365,17.6579461],[72.6730804,17.66653709],[72.67067715,17.67512807],[72.66827389,17.68371906],[72.66587061,17.69231004],[72.66346733,17.70090103],[72.66106403,17.70949202],[72.65866072,17.71808301],[72.6562574,17.72667401],[72.65385406,17.73526501],[72.65145072,17.743856],[72.64904736,17.75244701],[72.64664399,17.76103801],[72.64424061,17.76962902],[72.64183723,17.77822001],[72.63943382,17.78681102],[72.63703041,17.79540205],[72.63462698,17.80399306],[72.63222354,17.81258408],[72.63133556,17.81575814],[72.62917598,17.82096759],[72.62883267,17.82180386],[72.6281519,17.82347863],[72.62781444,17.82431709],[72.62647634,17.82767525],[72.62612743,17.82856024],[72.62543613,17.83033256],[72.62505991,17.83130863],[72.624615,17.83249412],[72.62367097,17.83504712],[72.62320569,17.83632589],[72.62130747,17.84162882],[72.62084012,17.84295697],[72.61991993,17.84561791],[72.6194671,17.84695066],[72.61662405,17.85546892],[72.61377913,17.86399273],[72.6109342,17.87251654],[72.60808926,17.88104033],[72.60524553,17.88956047],[72.60478526,17.89096601],[72.60388086,17.89378188],[72.60342938,17.89521602],[72.60307691,17.89623264],[72.60260275,17.8976218],[72.60167026,17.90040503],[72.60121195,17.901799],[72.60014817,17.90509717],[72.59860544,17.90940727],[72.59844207,17.90986624],[72.59766075,17.91175503],[72.5961847,17.91545029],[72.59542688,17.91739233],[72.59496122,17.91863335],[72.59397651,17.92129875],[72.5934915,17.92263392],[72.59151661,17.92816414],[72.59056064,17.93093954],[72.58871208,17.93650965],[72.5878195,17.93930434],[72.58628577,17.9443005],[72.58591764,17.94528627],[72.58558514,17.94618671],[72.582608,17.95434113],[72.57962946,17.96249936],[72.57665092,17.97065758],[72.57367236,17.97881581],[72.57069379,17.98697404],[72.56771522,17.99513226],[72.56473663,18.00329049],[72.56175803,18.01144874],[72.55877942,18.01960697],[72.5558008,18.02776521],[72.55282216,18.03592346],[72.54984352,18.0440817],[72.54686487,18.05223994],[72.54388621,18.0603982],[72.54090753,18.06855645],[72.53792885,18.07671471],[72.53495226,18.08486719],[72.53451015,18.08609715],[72.53363841,18.08856116],[72.53320878,18.08979517],[72.53151537,18.09473895],[72.53109827,18.09597689],[72.53027662,18.09845661],[72.52987209,18.09969835],[72.52739416,18.10743624],[72.52491464,18.11517907],[72.52243512,18.12292188],[72.5199556,18.13066467],[72.51747606,18.13840749],[72.51499651,18.1461503],[72.51251853,18.15388819],[72.5117782,18.15627909],[72.51034417,18.16107369],[72.50965047,18.16347733],[72.50696976,18.17311422],[72.50632289,18.17552978],[72.50507623,18.18037203],[72.50447646,18.18279868],[72.50242847,18.19144299],[72.50037947,18.20009151],[72.49833046,18.20874003],[72.49628143,18.21738857],[72.49423239,18.2260371],[72.49218335,18.23468561],[72.49013429,18.24333414],[72.48808522,18.25198267],[72.48603613,18.2606312],[72.48398704,18.26927974],[72.48193793,18.27792828],[72.47988881,18.28657682],[72.47783968,18.29522536],[72.47579054,18.3038739],[72.47374138,18.31252247],[72.47169221,18.32117101],[72.46964304,18.32981955],[72.46759385,18.3384681],[72.46554464,18.34711665],[72.46349543,18.35576521],[72.4614462,18.36441376],[72.45939697,18.37306232],[72.45734771,18.38171088],[72.45529845,18.39035945],[72.45324918,18.39900801],[72.45119989,18.4076566],[72.44915059,18.41630517],[72.44710129,18.42495372],[72.44505197,18.43360229],[72.44300263,18.44225087],[72.44095329,18.45089944],[72.43890393,18.45954802],[72.43685456,18.4681966],[72.43480518,18.47684519],[72.43275579,18.48549377],[72.43070639,18.49414236],[72.42865697,18.50279097],[72.42660754,18.51143956],[72.4245581,18.52008813],[72.42250865,18.52873672],[72.42045919,18.53738532],[72.41840971,18.54603392],[72.41636022,18.55468252],[72.41431072,18.56333112],[72.41226121,18.57197973],[72.41021169,18.58062833],[72.40816219,18.58927676],[72.40764906,18.59144205],[72.40695343,18.59369887],[72.40612133,18.59651125],[72.4045216,18.60215268],[72.40375397,18.60498169],[72.40228353,18.61065503],[72.40158073,18.61349933],[72.40024031,18.61920188],[72.39960269,18.62206011],[72.39839293,18.62778916],[72.39808852,18.62927401],[72.39749728,18.63224691],[72.39719148,18.63383692],[72.39698126,18.63499808],[72.39653552,18.63752637],[72.39631899,18.63879151],[72.39544431,18.64406056],[72.39503447,18.64669922],[72.39426995,18.65198382],[72.39391528,18.65462973],[72.39326125,18.65992779],[72.39296189,18.6625799],[72.39241862,18.66788931],[72.3921747,18.67054658],[72.39174242,18.67586524],[72.39155405,18.67852661],[72.39123294,18.68385242],[72.3911002,18.68651683],[72.39100585,18.68891427],[72.39013934,18.69688257],[72.38920119,18.70550947],[72.38826304,18.71413633],[72.38732488,18.7227632],[72.3863867,18.7313901],[72.38544851,18.74001696],[72.38451031,18.74864384],[72.3835721,18.75727074],[72.38263388,18.76589761],[72.38169564,18.77452449],[72.38075739,18.78315139],[72.37981914,18.79177826],[72.37888086,18.80040515],[72.37794258,18.80903205],[72.37700429,18.81765892],[72.376066,18.82628567],[72.37551036,18.83139422],[72.37496623,18.83566248],[72.37397446,18.84344211],[72.37298265,18.85122191],[72.37199083,18.85900175],[72.37099901,18.86678156],[72.37000745,18.87455923],[72.3698034,18.87624934],[72.36941785,18.87963192],[72.36923636,18.88132435],[72.36855558,18.88809778],[72.36839667,18.88979227],[72.36810145,18.89318307],[72.36796515,18.89487934],[72.36731816,18.90366393],[72.36667107,18.91244988],[72.36602396,18.92123583],[72.36537684,18.93002177],[72.36472971,18.93880772],[72.36408256,18.94759368],[72.36343541,18.95637963],[72.36278824,18.96516558],[72.36214106,18.97395153],[72.36149386,18.98273748],[72.36084666,18.99152343],[72.36019944,19.00030939],[72.35955221,19.00909534],[72.35890497,19.0178813],[72.35825771,19.02666725],[72.35761045,19.03545321],[72.35696317,19.04423917],[72.35631588,19.05302512],[72.35566857,19.06181108],[72.35502125,19.07059706],[72.35437393,19.07938302],[72.35372659,19.08816896],[72.35307925,19.09695473],[72.35294608,19.09876204],[72.35274872,19.10054686],[72.35178198,19.1092893],[72.3508152,19.11803204],[72.3498484,19.12677476],[72.34888159,19.13551746],[72.34791477,19.14426019],[72.34694794,19.15300291],[72.3459811,19.16174566],[72.34501424,19.17048838],[72.34404737,19.17923109],[72.34308049,19.18797382],[72.3421136,19.19671655],[72.34114669,19.2054593],[72.34017981,19.21420175],[72.33996662,19.21612931],[72.3397707,19.21746186],[72.33857695,19.22558131],[72.33738313,19.23370109],[72.33618929,19.2418209],[72.33499545,19.2499407],[72.3338016,19.25806051],[72.33287942,19.26433249],[72.33100798,19.27193978],[72.32892552,19.28040482],[72.32684305,19.28886985],[72.32476057,19.29733486],[72.32267808,19.30579988],[72.32059557,19.31426493],[72.31851306,19.32272994],[72.31643053,19.33119498],[72.31434798,19.33966003],[72.31226543,19.34812507],[72.31018288,19.35659008],[72.3081003,19.36505512],[72.30601771,19.37352019],[72.30393512,19.38198521],[72.3018525,19.39045026],[72.29976988,19.39891532],[72.29768725,19.40738037],[72.29560461,19.41584541],[72.29352195,19.42431046],[72.29143928,19.43277553],[72.2893566,19.44124057],[72.28727504,19.44970104],[72.28706797,19.45055523],[72.28665971,19.45226492],[72.28645853,19.45312039],[72.2856656,19.45654473],[72.28528094,19.45825936],[72.28453528,19.46169324],[72.28417429,19.46341249],[72.28347603,19.46685533],[72.28329398,19.46777003],[72.28293658,19.46960063],[72.28274122,19.4706234],[72.28251581,19.47186411],[72.28203946,19.4745616],[72.28180854,19.47591149],[72.28087841,19.48152985],[72.28065372,19.48293566],[72.28022007,19.4857495],[72.28001112,19.48715749],[72.2787664,19.4958796],[72.27752126,19.50460446],[72.27627611,19.51332934],[72.27503095,19.52205423],[72.27378578,19.53077911],[72.2725406,19.539504],[72.2712954,19.54822888],[72.27008819,19.55668749],[72.26809725,19.56499692],[72.26769882,19.5666598],[72.26202672,19.56930747],[72.25387838,19.57311101],[72.24573006,19.57691455],[72.23758172,19.58071809],[72.22943336,19.58452164],[72.22128501,19.58832519],[72.21313666,19.59212873],[72.20498832,19.59593227],[72.19683997,19.59973582],[72.18869163,19.60353936],[72.18054329,19.6073429],[72.1723949,19.61114646],[72.16424655,19.61495],[72.15609819,19.61875355],[72.14794982,19.6225571],[72.13980146,19.62636065],[72.1316531,19.63016419],[72.12350475,19.63396773],[72.11536003,19.63776958],[72.11405193,19.63855036],[72.11064733,19.64007901],[72.10758085,19.64150754],[72.1057773,19.64233997],[72.10517049,19.64262482],[72.10343978,19.64344429],[72.10237163,19.64395441],[72.09992844,19.64497632],[72.09802929,19.64586428],[72.09392362,19.64782016],[72.09320629,19.64816429],[72.09074048,19.64935556],[72.08416874,19.65233836],[72.0827592,19.6529872],[72.07461448,19.65678905],[72.06646611,19.66059259],[72.05831773,19.66439615],[72.05016933,19.6681997],[72.04202094,19.67200326],[72.03387254,19.67580681],[72.02572415,19.67961037],[72.01757576,19.68341392],[72.00942738,19.68721747],[72.00127898,19.69102103],[71.99313057,19.69482459],[71.98498216,19.69862815],[71.97683375,19.7024317],[71.96868536,19.70623526],[71.96053695,19.71003882],[71.95238853,19.71384238],[71.94424014,19.71764593],[71.93609173,19.72144948],[71.92794329,19.72525305],[71.91979487,19.72905661],[71.91164646,19.73286017],[71.90349803,19.73666374],[71.8953496,19.7404673],[71.8872012,19.74427085],[71.87905276,19.74807441],[71.87090432,19.75187798],[71.86275589,19.75568154],[71.85460746,19.75948511],[71.84645901,19.76328867],[71.83831057,19.76709224],[71.83016216,19.77089579],[71.82201371,19.77469936],[71.81386525,19.77850293],[71.80571681,19.7823065],[71.79756835,19.78611007],[71.7894199,19.78991363],[71.78127146,19.7937172],[71.773123,19.79752076],[71.76497455,19.80132433],[71.7568261,19.8051279],[71.74867763,19.80893147],[71.74052915,19.81273504],[71.73238069,19.81653861],[71.72423223,19.82034218],[71.71608375,19.82414576],[71.7079353,19.82794932],[71.69978684,19.83175289],[71.69163834,19.83555647],[71.68348986,19.83936004],[71.67534138,19.84316362],[71.66719291,19.84696719],[71.65904442,19.85077076],[71.65089595,19.85457433],[71.64274747,19.8583779],[71.63459896,19.86218149],[71.62645047,19.86598506],[71.61830198,19.86978864],[71.61015348,19.87359222],[71.60200498,19.87739579],[71.59385649,19.88119937],[71.58570801,19.88500294],[71.5775595,19.88880652],[71.56941097,19.89261011],[71.56126247,19.89641368],[71.55311396,19.90021726],[71.54496545,19.90402085],[71.53681694,19.90782442],[71.52866843,19.911628],[71.52051992,19.91543158],[71.51237139,19.91923517],[71.50422287,19.92303875],[71.49607434,19.92684233],[71.48792581,19.93064592],[71.47977729,19.9344495],[71.47162875,19.93825309],[71.46348024,19.94205666],[71.45533171,19.94586024],[71.44718315,19.94966384],[71.43903462,19.95346743],[71.43088608,19.95727101],[71.42273754,19.9610746],[71.41458899,19.96487819],[71.40644046,19.96868177],[71.39829192,19.97248535],[71.39014335,19.97628895],[71.3819948,19.98009254],[71.37384625,19.98389612],[71.36569769,19.98769972],[71.35754913,19.99150331],[71.3494006,19.99530689],[71.34125203,19.99911048],[71.33310344,20.00291408],[71.32495488,20.00671767],[71.31680632,20.01052126],[71.30865774,20.01432486],[71.30050917,20.01812845],[71.2923606,20.02193204],[71.28421203,20.02573563],[71.27606346,20.02953923],[71.26791487,20.03334282],[71.25976628,20.03714642],[71.25161769,20.04095002],[71.24346911,20.04475361],[71.23532053,20.04855721],[71.22717195,20.0523608],[71.21902335,20.0561644],[71.21087475,20.059968],[71.20272614,20.0637716],[71.19457755,20.0675752],[71.18642895,20.0713788],[71.17828034,20.0751824],[71.17013176,20.078986],[71.16198316,20.08278959],[71.15383453,20.0865932],[71.14568591,20.09039681],[71.1375373,20.09420041],[71.12938869,20.09800401],[71.12124007,20.10180761],[71.11309145,20.10561122],[71.10494285,20.10941481],[71.09679422,20.11321842],[71.08864558,20.11702203],[71.08049696,20.12082563],[71.07234833,20.12462924],[71.06419969,20.12843285],[71.05605106,20.13223645],[71.04790245,20.13604005],[71.03975381,20.13984366],[71.03160515,20.14364728],[71.02345652,20.14745088],[71.01530786,20.15125449],[71.00715922,20.1550581],[70.99901058,20.15886171],[70.99086192,20.16266532],[70.98271329,20.16646892],[70.97456464,20.17027253],[70.96641597,20.17407615],[70.9582673,20.17787977],[70.95011864,20.18168338],[70.94196999,20.18548699],[70.93382132,20.1892906],[70.92567267,20.19309421],[70.91752401,20.19689782],[70.90937531,20.20070145],[70.90122664,20.20450506],[70.89307798,20.20830867],[70.8849293,20.21211229],[70.87678061,20.21591591],[70.86863195,20.21971952],[70.86048328,20.22352313],[70.85233457,20.22732676],[70.84418588,20.23113038],[70.8360372,20.23493399],[70.8278885,20.23873761],[70.81973981,20.24254123],[70.81159112,20.24634485],[70.80344244,20.25014846],[70.79529374,20.25395208],[70.78714502,20.25775571],[70.77899632,20.26155933],[70.77084761,20.26536296],[70.7626989,20.26916658],[70.7545502,20.2729702],[70.7464015,20.27677382],[70.73825279,20.28057744],[70.73010407,20.28438107],[70.72195534,20.2881847],[70.71380662,20.29198832],[70.70565791,20.29579195],[70.69750918,20.29959557],[70.68936047,20.30339919],[70.68121174,20.30720282],[70.673063,20.31100645],[70.66491426,20.31481008],[70.65676553,20.31861371],[70.6486168,20.32241734],[70.64046806,20.32622097],[70.63233075,20.33001926],[70.63133143,20.3304903],[70.62933669,20.3314398],[70.62834131,20.33191823],[70.62436777,20.33384664],[70.62238903,20.33482555],[70.62183827,20.33509953],[70.61885742,20.33594993],[70.61294806,20.33770255],[70.61000348,20.33860918],[70.60413585,20.34048268],[70.60265149,20.34096523],[70.59968847,20.34194576],[70.59817011,20.34245734],[70.59725769,20.34277361],[70.59535597,20.34343977],[70.59440637,20.34377604],[70.59053363,20.3451623],[70.5886026,20.34586871],[70.5847516,20.34730797],[70.58283165,20.3480408],[70.57900321,20.34953276],[70.57709475,20.35029187],[70.57328967,20.35183621],[70.57139309,20.35262144],[70.5676122,20.35421783],[70.5657279,20.355029],[70.56197198,20.35667712],[70.56010037,20.35751407],[70.55637021,20.35921356],[70.5554393,20.35964163],[70.55358078,20.36050415],[70.55265319,20.36093859],[70.54447645,20.36480304],[70.54355951,20.36524028],[70.54172896,20.36612101],[70.54068944,20.36662616],[70.53757526,20.36785181],[70.53472484,20.36899647],[70.52905101,20.37134404],[70.52622762,20.37254694],[70.52175586,20.3745004],[70.52017001,20.37503421],[70.51877659,20.3755198],[70.51591596,20.37653273],[70.51448853,20.37704643],[70.50871145,20.37915895],[70.50583508,20.38024484],[70.500108,20.38247541],[70.49725731,20.38362008],[70.49158294,20.38596764],[70.48875929,20.38717053],[70.48314031,20.38963398],[70.48034502,20.39089453],[70.4747841,20.3934727],[70.47431586,20.39369578],[70.47280287,20.39413494],[70.47209989,20.3943462],[70.4695983,20.39500408],[70.46364764,20.39663498],[70.46068171,20.39748095],[70.45477,20.39923354],[70.45182425,20.40014016],[70.44595428,20.40201363],[70.44446927,20.4024962],[70.44150494,20.40347675],[70.43998579,20.40398839],[70.4385922,20.40447395],[70.43573109,20.40548686],[70.43430343,20.40600054],[70.42852526,20.40811304],[70.42564836,20.40919893],[70.4199202,20.41142949],[70.41706898,20.41257414],[70.41139355,20.41492169],[70.40856936,20.41612457],[70.40294933,20.418588],[70.40015351,20.41984854],[70.39459155,20.42242669],[70.39182543,20.42374429],[70.38632416,20.42643595],[70.38447051,20.42736716],[70.37950317,20.42954433],[70.37670716,20.43080487],[70.3711448,20.43338301],[70.369612,20.43411344],[70.36852336,20.43456286],[70.36190313,20.43738488],[70.36025271,20.43810037],[70.35696163,20.43955115],[70.355321,20.44028642],[70.35044883,20.44250594],[70.34929576,20.44303725],[70.34699473,20.44410967],[70.34584678,20.44465076],[70.34126547,20.4468345],[70.33898525,20.44794582],[70.33444636,20.45020703],[70.33218771,20.45135691],[70.32769269,20.45369486],[70.32654446,20.4542986],[70.32435237,20.45546226],[70.3215838,20.4568524],[70.3161448,20.45965627],[70.31476175,20.46037865],[70.3120042,20.46183787],[70.31057586,20.46260394],[70.30921703,20.46335204],[70.30640121,20.46492199],[70.30499809,20.46571457],[70.30435794,20.46608089],[70.30348661,20.46647359],[70.29792295,20.46905172],[70.29515599,20.4703693],[70.28965306,20.47306093],[70.28691711,20.47443495],[70.2814775,20.4772388],[70.28009426,20.4779612],[70.27776351,20.47919442],[70.27310924,20.48111872],[70.27028384,20.48232158],[70.26466139,20.48478498],[70.26186437,20.48604549],[70.25630001,20.48862361],[70.2535327,20.48994119],[70.24802906,20.4926328],[70.24529277,20.49400682],[70.23985246,20.49681066],[70.23846902,20.49753306],[70.23571069,20.49899232],[70.23428185,20.49975848],[70.23302367,20.50045034],[70.23040759,20.50190582],[70.22910426,20.50263979],[70.22690526,20.50389317],[70.22600504,20.50437587],[70.22484417,20.50501361],[70.22242152,20.506359],[70.22121372,20.50703732],[70.21628961,20.50983381],[70.21384251,20.51125546],[70.20897917,20.51414501],[70.20656295,20.51561289],[70.20176235,20.51859431],[70.199378,20.52010783],[70.19464211,20.52317991],[70.19229059,20.52473845],[70.18762133,20.52789995],[70.18530361,20.52950288],[70.18070289,20.5327525],[70.17841991,20.53439918],[70.1738896,20.5377356],[70.17276144,20.53857511],[70.17051411,20.54026483],[70.16939499,20.54111502],[70.16482573,20.54460663],[70.16200362,20.54609873],[70.16057414,20.54686499],[70.15931577,20.54755673],[70.15669902,20.54901212],[70.15539478,20.54974638],[70.15008719,20.55277061],[70.14745084,20.55430993],[70.14221424,20.55744225],[70.13961401,20.55903525],[70.13445088,20.56227419],[70.13186929,20.56393241],[70.12674524,20.5673018],[70.12408371,20.56909496],[70.12254887,20.57008281],[70.12136522,20.57084831],[70.11055542,20.57791298],[70.10861523,20.57894683],[70.10759853,20.57949381],[70.10635175,20.58017896],[70.10375782,20.58162103],[70.1024649,20.58234851],[70.09720212,20.58534526],[70.09458788,20.58687036],[70.08939483,20.58997332],[70.08681605,20.59155118],[70.08169515,20.59475893],[70.08041943,20.5955674],[70.07787729,20.59719727],[70.07661088,20.59801866],[70.07583546,20.59852743],[70.07455631,20.59937657],[70.07200796,20.60108803],[70.07073878,20.60195034],[70.06568247,20.60542551],[70.06317455,20.60718923],[70.05820034,20.61076811],[70.05573408,20.61258326],[70.05084437,20.61626412],[70.04959588,20.61721484],[70.0471103,20.61912947],[70.04581147,20.62014208],[70.04471971,20.62101239],[70.04225489,20.62299837],[70.0409231,20.62393334],[70.0365891,20.62696857],[70.03365554,20.62907912],[70.03192951,20.63035456],[70.02941477,20.63204901],[70.02768053,20.6332362],[70.02423117,20.63563501],[70.02251606,20.63684663],[70.01910533,20.63929401],[70.01740974,20.64052977],[70.01443607,20.64272553],[70.0125252,20.64397989],[70.00883658,20.64644357],[70.00700264,20.64768917],[70.0033559,20.65020762],[70.00154313,20.65148045],[69.9979392,20.65405302],[69.99523023,20.65603553],[69.98986364,20.66006135],[69.98714411,20.66215347],[69.98671199,20.66249572],[69.9857258,20.66327997],[69.98523367,20.66367312],[69.97626791,20.67086806],[69.97269647,20.67383232],[69.96566051,20.67987149],[69.96219604,20.68294636],[69.96076165,20.6842627],[69.95702124,20.68707815],[69.95578284,20.688021],[69.95331726,20.68991968],[69.95202808,20.69092438],[69.95138945,20.69143323],[69.95038732,20.69219618],[69.9479222,20.69409447],[69.94663322,20.69509899],[69.94554138,20.69596892],[69.94314444,20.69789905],[69.94199427,20.6987708],[69.94075647,20.69971312],[69.93829067,20.70161182],[69.93700133,20.70261657],[69.93571071,20.70364675],[69.93301968,20.70582068],[69.93168135,20.7069155],[69.92623524,20.71142679],[69.92354264,20.71371502],[69.91885441,20.71780216],[69.9177161,20.7186588],[69.91647739,20.71960168],[69.91401119,20.72150043],[69.91272159,20.72250525],[69.91162959,20.72337514],[69.90933173,20.72522433],[69.90818856,20.72615418],[69.9060891,20.72787284],[69.90480737,20.72889091],[69.90246475,20.73077683],[69.90129886,20.73172574],[69.89653466,20.7356457],[69.89534931,20.73663194],[69.89299026,20.73861676],[69.89181658,20.73961531],[69.88822513,20.74270507],[69.88737421,20.7434431],[69.88624342,20.74443186],[69.88518653,20.74528227],[69.88404269,20.74621255],[69.87936569,20.75005714],[69.87704941,20.75200338],[69.87246233,20.75594284],[69.87019155,20.75793605],[69.86569656,20.76196852],[69.86347238,20.76400776],[69.86040353,20.76688331],[69.85923391,20.76784465],[69.85691735,20.76979088],[69.85232972,20.77373033],[69.85005868,20.77572353],[69.84556316,20.77975598],[69.84333871,20.78179521],[69.83893743,20.78591876],[69.83702787,20.78774718],[69.8349446,20.7892795],[69.83009273,20.7929289],[69.82885329,20.79387186],[69.82638563,20.79577077],[69.82509503,20.79677586],[69.82431868,20.79739217],[69.82264662,20.79872916],[69.82181333,20.79940066],[69.81836734,20.80219923],[69.81665621,20.80361144],[69.81325805,20.80646135],[69.81157104,20.80789904],[69.80822157,20.81079957],[69.80738725,20.81152785],[69.80572479,20.81299066],[69.80489666,20.81372518],[69.80345461,20.81501447],[69.80274356,20.81565461],[69.80132614,20.81693949],[69.8006198,20.81758421],[69.79780389,20.82017223],[69.79640542,20.82147536],[69.79404356,20.8237896],[69.79366543,20.82414095],[69.79227108,20.82544557],[69.79106763,20.82657939],[69.78951461,20.82808624],[69.78815689,20.82942699],[69.78607431,20.83151405],[69.78547388,20.8321374],[69.78415639,20.83351469],[69.78272822,20.83501811],[69.78156076,20.83629374],[69.77965918,20.83807884],[69.77519598,20.84208111],[69.7745167,20.84269423],[69.77312146,20.84396191],[69.77242614,20.84459797],[69.76964599,20.84715846],[69.7682652,20.8484476],[69.76552238,20.85104349],[69.76416037,20.85235021],[69.76145539,20.85498101],[69.76011243,20.85630507],[69.75735124,20.8590661],[69.75628319,20.86007351],[69.75410624,20.8621569],[69.74979916,20.86636952],[69.74766999,20.86849786],[69.74346135,20.87279764],[69.7414194,20.87492904],[69.73950652,20.87696911],[69.73894906,20.87750734],[69.73757822,20.87884934],[69.73473752,20.88166912],[69.73332801,20.88308866],[69.73053096,20.88594678],[69.72914342,20.88738535],[69.72639059,20.89028121],[69.72502532,20.8917385],[69.72231729,20.8946715],[69.72161128,20.89544203],[69.72020547,20.89698811],[69.71944294,20.89783377],[69.71854248,20.89885096],[69.71662833,20.90103504],[69.71567738,20.90213182],[69.71177552,20.90668065],[69.70985091,20.90897502],[69.70900544,20.90996391],[69.70446223,20.91421387],[69.70228355,20.91629811],[69.69797491,20.92051069],[69.69584496,20.922639],[69.69163478,20.92693873],[69.68955457,20.92911012],[69.68544487,20.93349496],[69.68437414,20.93465057],[69.68373663,20.9353466],[69.68275941,20.93634741],[69.68077217,20.93842563],[69.67675582,20.94271478],[69.67572571,20.94382709],[69.67367852,20.9460623],[69.67259853,20.94725547],[69.67221095,20.94769066],[69.67131259,20.94870367],[69.67086473,20.94921121],[69.66895367,20.9513878],[69.66847795,20.95193252],[69.66752955,20.9530243],[69.66705792,20.95357015],[69.65600266,20.96643204],[69.64377554,20.97932819],[69.64152,20.9816883],[69.64083015,20.98241542],[69.63948317,20.98384557],[69.63854711,20.98484944],[69.63715159,20.98636114],[69.63559394,20.98807761],[69.63422301,20.98961804],[69.63388161,20.99000321],[69.63251867,20.9915467],[69.6317235,20.99245527],[69.6302174,20.99419562],[69.62736312,20.9974034],[69.62479695,21.00036385],[69.62295483,21.00255188],[69.62208579,21.00359463],[69.61373619,21.0137025],[69.6130755,21.0144581],[69.60472011,21.0231545],[69.60391609,21.02399839],[69.60231283,21.02569548],[69.60151502,21.0265472],[69.59833473,21.02997141],[69.59751137,21.03086581],[69.59587305,21.03266143],[69.59499487,21.03363322],[69.59452041,21.03416614],[69.59344881,21.03537613],[69.59291489,21.0359826],[69.59066153,21.03855746],[69.59010051,21.03920259],[69.58898272,21.04049612],[69.58842636,21.04114405],[69.55031812,21.08578914],[69.49352509,21.15037423],[69.46764024,21.17901178],[69.46712805,21.17955007],[69.45780094,21.18944473],[69.45665068,21.19068002],[69.45436626,21.19316375],[69.4531683,21.19448335],[69.4520038,21.19580001],[69.44956711,21.19859105],[69.44873267,21.19956003],[69.44706812,21.20141262],[69.44513565,21.20361331],[69.44125755,21.20812656],[69.4393444,21.21040289],[69.43758732,21.21254059],[69.42095227,21.22994836],[69.42021844,21.23072211],[69.41875348,21.23227882],[69.41802421,21.23305982],[69.41511553,21.23619921],[69.41437564,21.23700419],[69.41290275,21.23861952],[69.41215758,21.23944345],[69.40905908,21.24289744],[69.40757902,21.24457548],[69.40460764,21.24800051],[69.40313697,21.24972447],[69.40103284,21.25223291],[69.39946453,21.25356052],[69.39413116,21.25819184],[69.3914958,21.26053924],[69.38628938,21.26529603],[69.38499573,21.26649303],[69.38395507,21.26746823],[69.37886493,21.27007765],[69.37747323,21.27080051],[69.37469843,21.2722607],[69.37325888,21.27302853],[69.37199754,21.27371847],[69.36937018,21.27517249],[69.36806064,21.27590604],[69.36272726,21.27892976],[69.3600781,21.28046881],[69.35481604,21.2836006],[69.35220316,21.28519332],[69.3470149,21.28843171],[69.34443955,21.29007736],[69.33932755,21.29342082],[69.33679094,21.29511861],[69.33175763,21.29856555],[69.32926096,21.30031469],[69.32430873,21.30386348],[69.3218532,21.30566313],[69.31698439,21.30931211],[69.31573976,21.31025562],[69.31326179,21.31215563],[69.31196415,21.31316261],[69.31087071,21.31403011],[69.30856561,21.31587753],[69.30741829,21.31680695],[69.30272323,21.32065105],[69.300398,21.32259704],[69.29579319,21.32653601],[69.29351364,21.32852897],[69.28900126,21.33256094],[69.28676846,21.33459992],[69.28235065,21.33872298],[69.28016567,21.34080703],[69.27584455,21.34501922],[69.27370843,21.34714734],[69.26948605,21.35144668],[69.2673998,21.35361787],[69.26327816,21.35800232],[69.26222123,21.35913943],[69.26012102,21.36142474],[69.2590133,21.36264473],[69.25811228,21.36365928],[69.25619356,21.36584145],[69.25524034,21.36693726],[69.25132604,21.37148566],[69.2493953,21.37377981],[69.2455875,21.37840697],[69.24371047,21.38073996],[69.24001099,21.3854437],[69.23818856,21.38781443],[69.23674577,21.38971306],[69.23524133,21.39108882],[69.19778133,21.42583887],[69.19664274,21.42690665],[69.19437825,21.42905434],[69.19325246,21.43013413],[69.18878981,21.43442423],[69.18694508,21.43576019],[69.18357594,21.4382411],[69.18190126,21.43949334],[69.17857203,21.44202113],[69.17770943,21.44268129],[69.17598969,21.44400788],[69.17506776,21.44472513],[69.17400745,21.44556531],[69.17287735,21.44646962],[69.17124112,21.4476923],[69.1678667,21.45025321],[69.16699285,21.45092174],[69.16525075,21.45226522],[69.16431769,21.45299101],[69.16359171,21.45356445],[69.1620149,21.45481834],[69.16122892,21.45544794],[69.15796594,21.4580808],[69.15715281,21.45874188],[69.15553187,21.46006977],[69.15472407,21.46073654],[69.148875,21.46560098],[69.14681598,21.46734704],[69.14273439,21.4708762],[69.14071185,21.47265928],[69.13269734,21.47986295],[69.13071353,21.48168083],[69.1267838,21.48535225],[69.1248409,21.48720285],[69.11678051,21.49502948],[69.11490293,21.49656484],[69.11257488,21.49851075],[69.10796449,21.50244956],[69.10568216,21.50444244],[69.1011643,21.50847425],[69.09892879,21.51051316],[69.09450562,21.51463606],[69.09231798,21.51672003],[69.0879916,21.52093206],[69.08585287,21.5230601],[69.08373374,21.52521514],[69.08186125,21.52660471],[69.08067583,21.52749398],[69.07831509,21.52928424],[69.07713918,21.53018569],[69.05057201,21.55076845],[69.04941284,21.55167112],[69.04869702,21.55223382],[69.04717529,21.55343854],[69.04640785,21.55405044],[69.04357962,21.55632153],[69.04217339,21.55746566],[69.03937688,21.55977094],[69.03798662,21.56093206],[69.0352223,21.56327113],[69.03453498,21.56385651],[69.03316438,21.56503143],[69.03248382,21.56561861],[69.0135247,21.58207919],[69.01139626,21.58367854],[69.01027457,21.58453011],[69.00804036,21.58624377],[69.00686252,21.58715706],[69.00582894,21.58797503],[69.00364046,21.58972361],[69.00255091,21.59060303],[68.99808261,21.59424617],[68.99586855,21.59608932],[68.99148152,21.59981802],[68.98930856,21.60170355],[68.98500467,21.60551621],[68.98287375,21.60744332],[68.97865484,21.61133831],[68.97656687,21.61330618],[68.97350882,21.61624845],[68.97280404,21.61687262],[68.96770794,21.62149883],[68.96644149,21.62266278],[68.96392404,21.62500528],[68.96267312,21.62618374],[68.95068692,21.63761509],[68.94470558,21.64329811],[68.94374056,21.64422384],[68.94181996,21.64608405],[68.94086445,21.64701848],[68.93798317,21.64986343],[68.93537414,21.65213326],[68.93357206,21.65372844],[68.92999759,21.6569477],[68.92822523,21.65857177],[68.92471072,21.66184833],[68.9229686,21.6635008],[68.91951512,21.66683368],[68.91780377,21.66851407],[68.91441234,21.67190227],[68.91204679,21.67432421],[68.90737961,21.67922143],[68.90507808,21.68169659],[68.90257462,21.68445623],[68.90179995,21.68520605],[68.90001196,21.68695228],[68.89912217,21.68782915],[68.89557376,21.69135765],[68.89381656,21.69313685],[68.89033673,21.69672462],[68.88861412,21.69853318],[68.88520402,21.70217906],[68.88432244,21.70313053],[68.88256886,21.70504119],[68.8816311,21.70607342],[68.88096613,21.70681839],[68.87951165,21.70845985],[68.87874081,21.70933727],[68.87290566,21.71499462],[68.87053834,21.71734206],[68.86586461,21.72208948],[68.86355828,21.72448939],[68.84600888,21.74319554],[68.84554914,21.7436879],[68.84463215,21.74467482],[68.84417494,21.74516932],[68.84235115,21.74715155],[68.84186316,21.74768474],[68.84089017,21.7487535],[68.84033925,21.74936229],[68.83940169,21.7504155],[68.83830773,21.75165723],[68.83617089,21.75392387],[68.83511049,21.75506148],[68.83300315,21.75734805],[68.83189041,21.75857013],[68.83095123,21.75962512],[68.83036052,21.76028849],[68.82847338,21.76224857],[68.82756824,21.76319801],[68.78530978,21.80793069],[68.78476947,21.80850569],[68.78369213,21.8096588],[68.78315523,21.81023678],[68.78101444,21.81255463],[68.78044751,21.8131722],[68.77931767,21.81441057],[68.7786886,21.81510481],[68.77802286,21.81585007],[68.77656603,21.81749291],[68.77584111,21.81831703],[68.77282513,21.82177358],[68.77133249,21.82351355],[68.76837834,21.82701643],[68.76691683,21.82877932],[68.76425265,21.8320486],[68.76167121,21.83429316],[68.75981126,21.83593952],[68.75612302,21.83926295],[68.75429475,21.84094002],[68.75067045,21.84432434],[68.74887444,21.84603158],[68.74531525,21.84947571],[68.74355208,21.85121258],[68.74005913,21.85471543],[68.73919003,21.85559479],[68.73746024,21.85736074],[68.73659956,21.85824731],[68.73457674,21.86034971],[68.73382356,21.86113874],[68.73232388,21.86272231],[68.73157738,21.86351685],[68.72860482,21.86670586],[68.72783135,21.86754257],[68.72629177,21.86922194],[68.72545932,21.87013825],[68.72446572,21.87125414],[68.72236052,21.87364458],[68.72131531,21.87484546],[68.71703474,21.87982172],[68.71597251,21.88107169],[68.71386401,21.88358336],[68.71281792,21.88484484],[68.7001304,21.90033159],[68.69698649,21.90333158],[68.69453956,21.90572477],[68.68970951,21.91056674],[68.68732642,21.91301549],[68.68262553,21.91796712],[68.68142442,21.91924853],[68.67903968,21.92182551],[68.67771463,21.92327816],[68.67710003,21.92396299],[68.67587365,21.9253358],[68.67513036,21.92617235],[68.64817246,21.95667083],[68.64724293,21.95773319],[68.64539539,21.95986686],[68.64447746,21.9609381],[68.64126929,21.96472147],[68.63810999,21.96792406],[68.63601471,21.97009496],[68.63187522,21.97447883],[68.63081266,21.97561692],[68.62870129,21.97790421],[68.62758571,21.97912746],[68.62668386,21.98013847],[68.62475886,21.98231809],[68.62380252,21.98341261],[68.61987121,21.98796042],[68.61793207,21.99025428],[68.6141077,21.99488085],[68.61222249,21.99721355],[68.60850689,22.0019167],[68.60667651,22.00428712],[68.60307143,22.00906461],[68.60129676,22.01147165],[68.59780395,22.01632122],[68.59608583,22.01876373],[68.59270695,22.02368308],[68.5910462,22.0261599],[68.58778287,22.0311467],[68.58694411,22.03244484],[68.58528233,22.03504991],[68.58440044,22.03645164],[68.58374907,22.03751264],[68.58234089,22.03983082],[68.58164297,22.04099315],[68.578762,22.04584746],[68.57734843,22.0482885],[68.57457566,22.05319734],[68.57321649,22.05566511],[68.57055313,22.06062638],[68.56989414,22.06186994],[68.56858994,22.06436339],[68.56794477,22.06561323],[68.56351882,22.07430149],[68.56282117,22.07569138],[68.56144295,22.07847855],[68.5607624,22.0798758],[68.55807461,22.08547886],[68.5567651,22.08829471],[68.5542155,22.09395365],[68.55297543,22.0967967],[68.55056538,22.10250854],[68.54994883,22.10399561],[68.54873474,22.1069765],[68.5480933,22.10858222],[68.54762791,22.1097883],[68.54662415,22.11242916],[68.54612968,22.11375202],[68.54409849,22.11927859],[68.5431152,22.12205217],[68.54121366,22.12761868],[68.54029543,22.13041157],[68.53852445,22.13601536],[68.53767173,22.13882624],[68.53603219,22.14446466],[68.53524538,22.14729217],[68.53373807,22.15296255],[68.53301758,22.15580537],[68.53164324,22.161505],[68.53131243,22.16295042],[68.52975464,22.1666526],[68.52916762,22.16807127],[68.52801085,22.17091476],[68.52732347,22.17264053],[68.5268694,22.17380927],[68.52668019,22.17429963],[68.5258409,22.17648805],[68.52563235,22.17703557],[68.5252178,22.17813145],[68.52501181,22.17867978],[68.52187602,22.18708487],[68.51873745,22.19549735],[68.51559887,22.20390985],[68.51246029,22.21232233],[68.50932168,22.22073483],[68.50618307,22.22914733],[68.50304444,22.23755983],[68.4999058,22.24597234],[68.49676714,22.25438485],[68.49362847,22.26279735],[68.49048979,22.27120987],[68.4873511,22.27962238],[68.4842124,22.2880349],[68.48107368,22.29644742],[68.47793495,22.30485994],[68.4747962,22.31327247],[68.47165744,22.321685],[68.46851867,22.33009753],[68.46537989,22.33851006],[68.4622411,22.3469226],[68.45910229,22.35533513],[68.45596347,22.36374768],[68.45282463,22.37216022],[68.44968578,22.38057277],[68.44654692,22.38898532],[68.44340805,22.39739787],[68.44026917,22.40581042],[68.43713027,22.41422298],[68.43399135,22.42263554],[68.43085243,22.4310481],[68.4277135,22.43946066],[68.42457454,22.44787323],[68.42143558,22.4562858],[68.4182966,22.46469838],[68.41515761,22.47311095],[68.41201861,22.48152353],[68.4088796,22.48993611],[68.40574057,22.4983487],[68.40260153,22.50676128],[68.39946247,22.51517387],[68.39632341,22.52358647],[68.39318433,22.53199904],[68.39004524,22.54041164],[68.38690613,22.54882426],[68.38376701,22.55723686],[68.38062788,22.56564946],[68.37748874,22.57406207],[68.37434958,22.58247468],[68.37121041,22.5908873],[68.36807122,22.59929991],[68.36493203,22.60771253],[68.36179282,22.61612515],[68.3586536,22.62453778],[68.35551436,22.6329504],[68.35237511,22.64136303],[68.34923586,22.64977566],[68.34609658,22.65818829],[68.34295729,22.66660093],[68.33981799,22.67501357],[68.33667868,22.68342622],[68.33353935,22.69183886],[68.33040001,22.70025151],[68.32726066,22.70866416],[68.3241213,22.71707681],[68.32098192,22.72548947],[68.31784253,22.73390213],[68.31470312,22.74231479],[68.31156371,22.75072745],[68.30842427,22.75914012],[68.30528483,22.76755279],[68.30214538,22.77596546],[68.29900591,22.78437813],[68.29586642,22.79279081],[68.29272693,22.80120349],[68.28958742,22.80961617],[68.2864479,22.81802886],[68.28330836,22.82644154],[68.28016882,22.83485423],[68.27702925,22.84326693],[68.27388968,22.85167962],[68.27075009,22.86009232],[68.2676105,22.86850501],[68.26447088,22.87691772],[68.26133125,22.88533043],[68.25819162,22.89374314],[68.25505196,22.90215585],[68.2519123,22.91056856],[68.24877262,22.91898128],[68.24563293,22.927394],[68.24249322,22.93580672],[68.2393535,22.94421945],[68.23644004,22.9520259],[68.23528867,22.95295418],[68.22851261,22.95849645],[68.22757773,22.95922492],[68.22701584,22.95968299],[68.22406077,22.96210861],[68.22259488,22.96333354],[68.22027544,22.96531698],[68.21670958,22.9684776],[68.21532823,22.9695252],[68.21245702,22.97203796],[68.21103066,22.97330339],[68.2047019,22.97899493],[68.19836306,22.98469553],[68.19202419,22.99039615],[68.18568533,22.99609676],[68.17934643,23.0017974],[68.17300753,23.00749803],[68.16667022,23.01319724],[68.16621456,23.01360701],[68.16544333,23.01425011],[68.15857931,23.01997366],[68.15171365,23.02569858],[68.14484799,23.03142348],[68.13798232,23.0371484],[68.13111663,23.04287333],[68.12425094,23.04859826],[68.11738525,23.05432318],[68.11051955,23.06004811],[68.10365384,23.06577304],[68.09678814,23.07149796],[68.08992243,23.07722289],[68.0830567,23.08294782],[68.07619096,23.08867277],[68.06932522,23.09439771],[68.06245948,23.10012265],[68.05560483,23.10583834],[68.05459341,23.10668968],[68.05257924,23.10840117],[68.05157652,23.10926129],[68.04758328,23.1127191],[68.04658932,23.11358792],[68.04461027,23.11533421],[68.0436252,23.11621165],[68.03707542,23.1221008],[68.03051514,23.12799939],[68.02395485,23.13389798],[68.01739455,23.13979657],[68.01083423,23.14569518],[68.00427392,23.15159378],[67.99771361,23.15749237],[67.99115327,23.16339098],[67.98459293,23.16928959],[67.9780326,23.17518818],[67.97147225,23.18108679],[67.96491188,23.18698541],[67.95835152,23.19288402],[67.95209961,23.1985053],[67.95179116,23.19878263],[67.94523078,23.20468126],[67.93867039,23.21057987],[67.93211001,23.21647848],[67.92554961,23.22237712],[67.9189892,23.22827574],[67.9124288,23.23417436],[67.90586839,23.24007298],[67.89930795,23.24597163],[67.89274752,23.25187026],[67.88618709,23.25776888],[67.87962664,23.26366753],[67.87306618,23.26956617],[67.86650574,23.27546479],[67.85994527,23.28136344],[67.85338479,23.28726209],[67.84682431,23.29316074],[67.84478804,23.29499159],[67.84198001,23.29707172],[67.84080074,23.29795466],[67.8384522,23.2997319],[67.83721097,23.30068185],[67.8361119,23.30154118],[67.83378033,23.30338253],[67.83261981,23.30430888],[67.82785704,23.30815123],[67.82549826,23.31009633],[67.82082697,23.31403351],[67.81851449,23.31602557],[67.81393689,23.32005573],[67.8116718,23.3220938],[67.80802464,23.32544757],[67.91608845,23.4341977],[67.92011804,23.43825288],[67.95444147,23.47471558],[67.95483493,23.47430268],[67.95804707,23.47107634],[67.9613346,23.46791533],[67.96469593,23.46482116],[67.96812948,23.46179529],[67.97163361,23.45883916],[67.97520665,23.45595417],[67.97696942,23.45456112],[67.97871796,23.45323713],[67.98216152,23.45068433],[67.9856604,23.44819646],[67.9877193,23.44679291],[67.99206924,23.44287786],[67.99861955,23.43698244],[68.00516986,23.43108702],[68.01172017,23.42519159],[68.01827047,23.41929616],[68.02482077,23.41340075],[68.03137106,23.40750532],[68.03792136,23.4016099],[68.04447164,23.39571448],[68.05102193,23.38981907],[68.05757222,23.38392364],[68.0641225,23.37802823],[68.07067276,23.37213282],[68.07722304,23.3662374],[68.08377331,23.36034198],[68.09032357,23.35444657],[68.09687383,23.34855116],[68.1034241,23.34265574],[68.10997434,23.33676034],[68.1165246,23.33086493],[68.12307485,23.32496952],[68.12962509,23.31907411],[68.13617533,23.31317871],[68.14272557,23.3072833],[68.14927581,23.3013879],[68.15582603,23.2954925],[68.16237626,23.28959709],[68.16892649,23.28370169],[68.17547671,23.27780629],[68.18202692,23.27191089],[68.18857713,23.2660155],[68.19512208,23.26012484],[68.19660651,23.25881372],[68.19960186,23.25621758],[68.20111275,23.25493257],[68.20796332,23.24921524],[68.21481944,23.24349327],[68.22167557,23.23777131],[68.22853169,23.23204933],[68.23538781,23.22632737],[68.24224392,23.2206054],[68.24910003,23.21488344],[68.25595613,23.20916148],[68.26281224,23.20343952],[68.26966834,23.19771756],[68.27652444,23.19199559],[68.28091291,23.18833306],[68.28338054,23.18627363],[68.29023663,23.18055167],[68.29709271,23.17482972],[68.3039488,23.16910776],[68.31080457,23.16338606],[68.31461231,23.16020819],[68.31799921,23.15715931],[68.32432813,23.15146202],[68.33065735,23.14576446],[68.33698657,23.14006689],[68.34331578,23.13436934],[68.34964499,23.12867179],[68.35597418,23.12297424],[68.36229832,23.11728124],[68.36445197,23.11539466],[68.36881405,23.11167652],[68.37102244,23.10984498],[68.37783167,23.10435059],[68.38464642,23.09885174],[68.39146116,23.09335289],[68.3982759,23.08785405],[68.40509063,23.08235521],[68.41190537,23.07685636],[68.41872011,23.07135751],[68.42264096,23.06819376],[68.42563252,23.06014566],[68.42875829,23.05173651],[68.43188404,23.04332737],[68.43500979,23.03491822],[68.43813554,23.02650907],[68.44126127,23.01809993],[68.444387,23.00969078],[68.44751273,23.00128164],[68.45063844,22.9928725],[68.45376415,22.98446336],[68.45688986,22.97605422],[68.46001555,22.96764508],[68.46314124,22.95923595],[68.46626693,22.95082681],[68.46939261,22.94241768],[68.47251828,22.93400854],[68.47564394,22.92559942],[68.4787696,22.91719029],[68.48189525,22.90878116],[68.48502089,22.90037203],[68.48814653,22.89196291],[68.49127216,22.88355378],[68.49439779,22.87514466],[68.49752341,22.86673554],[68.50064902,22.85832642],[68.50377462,22.8499173],[68.50690022,22.84150819],[68.51002581,22.83309907],[68.5131514,22.82468996],[68.51627698,22.81628084],[68.51940255,22.80787173],[68.52252812,22.79946262],[68.52565368,22.79105351],[68.52877923,22.7826444],[68.53190478,22.7742353],[68.53503032,22.76582619],[68.53815585,22.75741709],[68.54128138,22.74900799],[68.5444069,22.74059888],[68.54753241,22.73218978],[68.55065792,22.72378068],[68.55378342,22.71537159],[68.55690892,22.70696249],[68.5600344,22.6985534],[68.56315989,22.69014431],[68.56628536,22.68173522],[68.56941083,22.67332612],[68.57253629,22.66491704],[68.57566175,22.65650795],[68.5787872,22.64809886],[68.58191264,22.63968978],[68.58503808,22.63128069],[68.5881635,22.62287161],[68.59128893,22.61446253],[68.59441435,22.60605344],[68.59753976,22.59764436],[68.60066516,22.58923529],[68.60379056,22.58082622],[68.60691595,22.57241714],[68.61004133,22.56400807],[68.61316671,22.555599],[68.61629208,22.54718993],[68.61941745,22.53878086],[68.6225428,22.53037179],[68.62566816,22.52196273],[68.6287935,22.51355366],[68.63191884,22.50514459],[68.63504417,22.49673553],[68.6381695,22.48832648],[68.64129482,22.47991742],[68.64442013,22.47150836],[68.64754544,22.4630993],[68.65067074,22.45469025],[68.65379603,22.44628119],[68.65692132,22.43787214],[68.6600466,22.42946309],[68.66317188,22.42105404],[68.66629714,22.41264499],[68.66942241,22.40423594],[68.67254766,22.39582689],[68.67567291,22.38741785],[68.67879815,22.3790088],[68.68192339,22.37059976],[68.68504862,22.36219072],[68.68817384,22.35378168],[68.69129906,22.34537264],[68.69442427,22.33696361],[68.69754947,22.32855457],[68.70067467,22.32014554],[68.70379986,22.3117365],[68.70692504,22.30332747],[68.71005022,22.29491844],[68.7131754,22.28650941],[68.71630056,22.27810038],[68.71942572,22.26969136],[68.72255087,22.26128234],[68.72567602,22.25287331],[68.72879977,22.24446801],[68.72910965,22.24364571],[68.72973705,22.24200362],[68.73002975,22.24124716],[68.73088645,22.23913456],[68.73259793,22.23505336],[68.73440454,22.23100788],[68.7363054,22.22700002],[68.73829961,22.22303169],[68.73899477,22.22172342],[68.73926756,22.22101433],[68.73959237,22.21882257],[68.740427,22.21368245],[68.74086681,22.21118679],[68.74131706,22.20896481],[68.74224141,22.20466898],[68.74326612,22.20039293],[68.74439069,22.19613871],[68.74561458,22.19190834],[68.7469372,22.18770383],[68.74835791,22.18352717],[68.74987603,22.17938035],[68.75063459,22.17737776],[68.75153421,22.17516199],[68.75333662,22.17087591],[68.75524392,22.16662941],[68.75725509,22.16242471],[68.75828649,22.1603331],[68.76270321,22.15163962],[68.76367941,22.14976838],[68.76567314,22.1460451],[68.76774914,22.14236108],[68.76990652,22.13871788],[68.77097216,22.13696023],[68.77220578,22.13502286],[68.77465024,22.13128003],[68.77718163,22.12758774],[68.77979873,22.12394773],[68.7825003,22.12036174],[68.78528504,22.11683146],[68.78815164,22.11335858],[68.79109871,22.10994474],[68.79255441,22.10829465],[68.79412487,22.10659155],[68.79722866,22.10330062],[68.8004086,22.10007351],[68.8036632,22.09691174],[68.8055865,22.09512297],[68.80763416,22.09249014],[68.81029746,22.08920915],[68.81303219,22.08597964],[68.81441721,22.08437797],[68.8412402,22.05399215],[68.84161173,22.05357347],[68.84252545,22.05255034],[68.8444691,22.05044219],[68.84799387,22.04672506],[68.85161588,22.04309014],[68.85533292,22.03953967],[68.85721282,22.03778768],[68.86201021,22.0334252],[68.86798748,22.02621451],[68.88392229,22.00673588],[68.88550283,22.00485047],[68.88871171,22.00111504],[68.89030242,21.99930678],[68.89144423,21.99805997],[68.89367299,21.99566604],[68.89479747,21.99447727],[68.89681985,21.99237291],[68.89811695,21.99104721],[68.90073628,21.9884176],[68.90340549,21.98583202],[68.90612372,21.9832913],[68.9088901,21.98079624],[68.91170375,21.97834764],[68.91456377,21.97594628],[68.91746925,21.97359292],[68.91889572,21.97245763],[68.92026707,21.97140316],[68.92137128,21.97056825],[68.92435887,21.96783815],[68.93465128,21.95474631],[68.93572124,21.95340853],[68.93788853,21.95074513],[68.94010298,21.94811572],[68.94236396,21.94552104],[68.94346858,21.94427401],[68.94430323,21.94335822],[68.94590832,21.94161826],[68.94671612,21.94075263],[68.98896357,21.89597908],[68.99032835,21.89455944],[68.99320482,21.89162832],[68.9951578,21.8893838],[68.99660575,21.88774002],[68.99817335,21.88603732],[69.0012723,21.88274627],[69.00216846,21.88183536],[69.00353676,21.88024513],[69.00504409,21.87853229],[69.00576119,21.87774377],[69.00712859,21.87625576],[69.00781615,21.8755149],[69.02536073,21.85679177],[69.02886542,21.85322787],[69.03605412,21.84626147],[69.03981316,21.84279293],[69.04071641,21.84170842],[69.04292692,21.83908181],[69.04518383,21.83648986],[69.04628661,21.83524394],[69.04758901,21.83382341],[69.05014587,21.83108653],[69.05275522,21.82839321],[69.0554162,21.82574435],[69.05675765,21.82443289],[69.06280735,21.81862374],[69.06739986,21.81340536],[69.06814302,21.81257011],[69.07188638,21.80862379],[69.07442961,21.80608025],[69.07701957,21.80357821],[69.07965547,21.80111841],[69.08233652,21.79870158],[69.08506192,21.79632845],[69.08643301,21.79515506],[69.08995403,21.79219337],[69.09089631,21.79118694],[69.09368937,21.78831735],[69.09654112,21.78549861],[69.09798149,21.78410211],[69.10410003,21.77828297],[69.11621867,21.7667138],[69.11810679,21.76495521],[69.12192909,21.76148214],[69.12498925,21.75883682],[69.12712509,21.75669282],[69.13022402,21.75370821],[69.13338829,21.75078412],[69.13661655,21.74792179],[69.13990742,21.74512244],[69.1432595,21.74238727],[69.14491363,21.74106484],[69.14657758,21.73978786],[69.14985721,21.7373218],[69.15324964,21.73487327],[69.17872129,21.7127503],[69.18089447,21.71091233],[69.18528895,21.7072961],[69.18727236,21.70570348],[69.18770583,21.70536569],[69.21420987,21.68481696],[69.21598259,21.68347167],[69.21955516,21.68081874],[69.22318706,21.67823723],[69.22687666,21.67572829],[69.23079711,21.67318448],[69.23169138,21.6722273],[69.23431379,21.66919481],[69.23560387,21.6677314],[69.23716865,21.6660291],[69.24026284,21.66273793],[69.24343296,21.65951057],[69.2466775,21.65634857],[69.24999491,21.65325342],[69.25338362,21.65022658],[69.25684201,21.6472695],[69.26036845,21.64438359],[69.26211165,21.64298741],[69.26408192,21.6414798],[69.2795116,21.62650932],[69.28245958,21.62375244],[69.28847094,21.61834439],[69.29153262,21.61569489],[69.29738298,21.61082551],[69.29859899,21.60982857],[69.30104689,21.6078519],[69.30224204,21.60690095],[69.30353686,21.60590185],[69.3060686,21.60397914],[69.30863121,21.60209257],[69.30933358,21.60159143],[69.31129125,21.59999082],[69.31298434,21.59863519],[69.31551892,21.59670861],[69.32057416,21.5929837],[69.32313152,21.59115662],[69.32791226,21.58784575],[69.33200301,21.58514828],[69.33377046,21.58407795],[69.33562606,21.58195466],[69.33724913,21.58020915],[69.33874256,21.57861566],[69.34055344,21.57677027],[69.34193014,21.57539913],[69.34382196,21.57335275],[69.34717962,21.57009268],[69.34887798,21.56848037],[69.38633879,21.53369688],[69.38853397,21.53171496],[69.39298358,21.52781009],[69.39523531,21.52588939],[69.40094749,21.52115352],[69.40214267,21.51993554],[69.40302004,21.51855155],[69.4054539,21.51480836],[69.40797432,21.51111571],[69.4105801,21.50747534],[69.41326999,21.50388899],[69.4160427,21.50035836],[69.41889693,21.49688512],[69.42183129,21.49347093],[69.42328186,21.4918194],[69.42484441,21.49011741],[69.42793483,21.48682614],[69.4311011,21.48359869],[69.4343417,21.48043659],[69.43765508,21.47734135],[69.44103968,21.47431442],[69.44449388,21.47135725],[69.44801603,21.46847125],[69.44975745,21.46707477],[69.45160447,21.46565777],[69.45525749,21.46291816],[69.45897334,21.46025372],[69.46275027,21.4576657],[69.46658648,21.45515534],[69.47048015,21.45272383],[69.47442942,21.45037232],[69.47843243,21.44810192],[69.4804151,21.44700441],[69.48248726,21.44591372],[69.48659201,21.44380875],[69.4907447,21.44178801],[69.49494338,21.43985246],[69.49918606,21.43800301],[69.50347071,21.43624054],[69.50779531,21.4345659],[69.51071953,21.43350276],[69.51255401,21.43164083],[69.51453951,21.42967912],[69.53471065,21.41027513],[69.53663894,21.40846641],[69.54054395,21.40489538],[69.54454456,21.40141847],[69.54863816,21.39803792],[69.55067158,21.39640047],[69.55247627,21.39501456],[69.55295475,21.39465518],[69.55558886,21.39185588],[69.55725443,21.39012661],[69.56325959,21.3840346],[69.56446461,21.38249442],[69.56659906,21.3798583],[69.57096183,21.37465022],[69.57318929,21.3720794],[69.57625783,21.36865462],[69.57735618,21.36744871],[69.57953706,21.3650921],[69.58063601,21.36392301],[69.60206444,21.3414742],[69.60398478,21.33903635],[69.60602936,21.33652432],[69.60815718,21.33407376],[69.60867024,21.33352624],[69.60957583,21.33244766],[69.61066559,21.33117793],[69.61177587,21.32991225],[69.61236012,21.32917579],[69.61502859,21.32607657],[69.61589181,21.32512574],[69.61755751,21.32331387],[69.61839609,21.32241258],[69.62772088,21.31250915],[69.62911177,21.31106034],[69.65791363,21.27916065],[69.71651894,21.21243132],[69.75555725,21.16663716],[69.7563953,21.16566612],[69.75808463,21.16373334],[69.75889992,21.1628118],[69.76011638,21.1614772],[69.76250094,21.15890681],[69.76370347,21.15763248],[69.77587434,21.14493709],[69.778548,21.14183105],[69.77982217,21.14038061],[69.78077222,21.13934322],[69.79134843,21.12649321],[69.79272954,21.12485058],[69.79553081,21.12158918],[69.79691384,21.120012],[69.79794115,21.11888151],[69.79994087,21.11671357],[69.80094831,21.11563698],[69.81926344,21.09633976],[69.83358004,21.07966226],[69.83429123,21.0788425],[69.83572396,21.07720869],[69.83640931,21.07643506],[69.8379324,21.07477043],[69.84094389,21.07155076],[69.84416782,21.06825481],[69.84499739,21.06731281],[69.84655463,21.06561158],[69.84963613,21.06232008],[69.85279325,21.0590924],[69.85602449,21.05593008],[69.85932832,21.05283461],[69.86270317,21.04980747],[69.86614741,21.04685009],[69.86793876,21.04536431],[69.86868015,21.04454262],[69.87001415,21.04308187],[69.87068156,21.04235804],[69.8711425,21.0418629],[69.87321896,21.0390854],[69.87598289,21.0355545],[69.87882807,21.03208101],[69.88175315,21.02866656],[69.88319999,21.02701394],[69.88526594,21.02477265],[69.88939383,21.0204255],[69.89365399,21.01619245],[69.89630158,21.0137098],[69.89676948,21.01317189],[69.89832605,21.01147075],[69.90140643,21.00817922],[69.9045624,21.00495152],[69.90779247,21.00178917],[69.91122409,20.99857812],[69.91168395,20.99816686],[69.91290105,20.99689108],[69.91660995,20.99319548],[69.92072375,20.98929841],[69.92280654,20.98737836],[69.93442963,20.97691284],[69.93655599,20.97459447],[69.94048441,20.9704447],[69.94453326,20.96639841],[69.94869943,20.9624587],[69.95081143,20.96051585],[69.95225361,20.95922534],[69.95350061,20.95812717],[69.95601309,20.95594968],[69.95856223,20.95381015],[69.96114739,20.95170914],[69.96241353,20.95069615],[69.96425316,20.94927978],[69.96789343,20.94653992],[69.97159633,20.94387524],[69.9753601,20.94128699],[69.97918295,20.9387764],[69.98010429,20.93819898],[69.9809105,20.93731744],[69.98398934,20.93402587],[69.98714375,20.93079813],[69.99037221,20.92763574],[69.9936732,20.92454021],[69.99704514,20.921513],[70.00048643,20.91855555],[70.00399544,20.91566928],[70.00573137,20.91427186],[70.00709631,20.91317906],[70.01048881,20.90984841],[70.0137894,20.90675287],[70.01716094,20.90372565],[70.02060183,20.9007682],[70.02411041,20.89788191],[70.02584617,20.89648447],[70.02768503,20.89506816],[70.02814846,20.89471923],[70.02867747,20.89423315],[70.03120169,20.89198795],[70.03247347,20.89087498],[70.03606551,20.88778223],[70.03783515,20.88629217],[70.04140915,20.88334931],[70.04317829,20.88192425],[70.04460529,20.88081708],[70.04823742,20.87782417],[70.04997299,20.8764267],[70.05181157,20.87501041],[70.05545004,20.87227052],[70.05922483,20.86955508],[70.06022936,20.86862776],[70.06412629,20.86504985],[70.06811881,20.86156637],[70.07220432,20.85817959],[70.07423481,20.85653832],[70.07607311,20.85512206],[70.07981966,20.85230399],[70.08212464,20.85041838],[70.08385993,20.84902086],[70.08572675,20.84758306],[70.0876255,20.84615368],[70.08925104,20.84484632],[70.09108917,20.84343007],[70.09472688,20.84069017],[70.09842717,20.83802544],[70.10161821,20.83582946],[70.10488186,20.83267517],[70.10680742,20.83086089],[70.11070705,20.82727902],[70.11598488,20.82274528],[70.12271107,20.81734373],[70.12346214,20.81674613],[70.12747742,20.81373254],[70.13018158,20.8118011],[70.13291798,20.80991029],[70.13568594,20.80806057],[70.13848475,20.8062524],[70.1413137,20.80448625],[70.1418879,20.8041339],[70.14272014,20.80346344],[70.14399718,20.80247245],[70.14649641,20.80056339],[70.14902591,20.79868992],[70.15158508,20.79685249],[70.15417336,20.79505149],[70.15679015,20.79328735],[70.15948933,20.79152603],[70.15980889,20.79128038],[70.16461471,20.78770698],[70.16786676,20.78542818],[70.17116414,20.7832078],[70.17466566,20.78094729],[70.17773056,20.77834911],[70.18123629,20.77546276],[70.18297086,20.77406511],[70.18482405,20.77263686],[70.18849271,20.76987341],[70.192225,20.76718648],[70.19601913,20.76457737],[70.1979314,20.76329242],[70.19870726,20.76278311],[70.20061498,20.76155939],[70.20445802,20.75915098],[70.2083554,20.7568212],[70.21230532,20.75457115],[70.21426242,20.75348285],[70.21570024,20.75271649],[70.21852625,20.75123722],[70.2213757,20.74979832],[70.22395379,20.74854333],[70.22444787,20.74818828],[70.22832595,20.74552892],[70.23028081,20.74421972],[70.2431267,20.73581851],[70.24512399,20.73454338],[70.24636305,20.73377139],[70.2496353,20.73151792],[70.25345284,20.72900724],[70.25732755,20.72657542],[70.26125762,20.72422361],[70.26524116,20.72195292],[70.26721536,20.72085463],[70.26927628,20.71976444],[70.27336108,20.71765919],[70.27749361,20.71563819],[70.2816719,20.71370238],[70.28313376,20.71306194],[70.28396291,20.71236432],[70.28657597,20.71023627],[70.28785678,20.70920966],[70.28969301,20.70779357],[70.29332746,20.70505361],[70.29598436,20.70313849],[70.29684044,20.70247244],[70.29736682,20.70206555],[70.30424485,20.69678299],[70.30593098,20.69551442],[70.30933008,20.69300955],[70.31278222,20.69056981],[70.31628598,20.6881962],[70.31983993,20.68588968],[70.32344262,20.68365121],[70.32709257,20.68148168],[70.3307883,20.67938198],[70.33261681,20.67836631],[70.33477677,20.67721243],[70.33891675,20.67484734],[70.34089042,20.673749],[70.34295063,20.67265884],[70.34703416,20.67055358],[70.35116541,20.66853256],[70.35534241,20.66659673],[70.35956319,20.66474703],[70.36382573,20.66298431],[70.36821908,20.66127615],[70.37016255,20.66033288],[70.37173732,20.65957478],[70.37489999,20.6580832],[70.37818582,20.65659891],[70.38052935,20.6552758],[70.3825028,20.65417744],[70.38456271,20.65308729],[70.38864572,20.65098202],[70.39277644,20.64896099],[70.3969529,20.64702516],[70.40117314,20.64517545],[70.40555838,20.64336474],[70.40654175,20.64277083],[70.41075744,20.64022828],[70.41503519,20.63777943],[70.41715875,20.63659516],[70.41921839,20.63550502],[70.42330093,20.63339975],[70.4273929,20.63139901],[70.42817793,20.63095692],[70.42963624,20.63015034],[70.43134534,20.62924173],[70.4347193,20.62748629],[70.43812632,20.62578845],[70.44156529,20.62414876],[70.44329261,20.62334352],[70.44816919,20.62112144],[70.45063979,20.62003208],[70.45560968,20.61791308],[70.46071911,20.61588331],[70.46184685,20.61531392],[70.46597661,20.61329288],[70.4701521,20.61135704],[70.47437135,20.60950731],[70.47863235,20.60774458],[70.47920885,20.60752007],[70.48120549,20.60646307],[70.48528725,20.60435778],[70.48941671,20.60233674],[70.4935919,20.60040089],[70.49781085,20.59855116],[70.50207155,20.59678843],[70.50637197,20.59511353],[70.51071009,20.59352725],[70.51286569,20.59276409],[70.51508384,20.59203035],[70.51949114,20.59062354],[70.52392991,20.58930748],[70.52839804,20.5880828],[70.53263645,20.58699835],[70.53690986,20.58570905],[70.54097014,20.58457177],[70.54505354,20.58351055],[70.54915846,20.5825258],[70.55328329,20.58161791],[70.55440765,20.58135052],[70.5553793,20.58079499],[70.55636973,20.58023698],[70.55835693,20.57913106],[70.55932328,20.57859967],[70.56138204,20.57750957],[70.56546303,20.57540428],[70.56959171,20.57338322],[70.57376611,20.57144737],[70.57798426,20.56959763],[70.58224415,20.56783489],[70.58654377,20.56615997],[70.59088106,20.56457369],[70.59303629,20.56381051],[70.59525399,20.56307678],[70.59966046,20.56166996],[70.60333282,20.56058093],[70.60705251,20.55875989],[70.61122652,20.55682403],[70.61544426,20.55497429],[70.61970375,20.55321154],[70.62400295,20.55153663],[70.62833984,20.54995034],[70.63042778,20.54921092],[70.63184756,20.54846527],[70.63728122,20.54570879],[70.64001914,20.54436752],[70.64820304,20.54049864],[70.65100319,20.53922258],[70.6566417,20.53674779],[70.66235427,20.5344288],[70.66813606,20.53226757],[70.6710211,20.53123433],[70.67323829,20.5305006],[70.67764382,20.52909378],[70.68208081,20.5277777],[70.68654715,20.52655301],[70.69104072,20.52542028],[70.69555938,20.52438004],[70.70010101,20.5234328],[70.70346215,20.5228038],[70.70515165,20.52174198],[70.70907644,20.51939008],[70.71305464,20.51711931],[70.71502653,20.51602081],[70.71651693,20.5152257],[70.71944989,20.51369013],[70.72240809,20.51219819],[70.72539077,20.51075024],[70.72688813,20.5100373],[70.73502692,20.50623732],[70.74317145,20.50243465],[70.75131597,20.49863198],[70.75946049,20.49482931],[70.76760501,20.49102664],[70.77574954,20.48722397],[70.78389406,20.48342131],[70.79203857,20.47961864],[70.80018309,20.47581598],[70.80832761,20.47201331],[70.81647212,20.46821064],[70.82461664,20.46440798],[70.83276116,20.46060531],[70.84090567,20.45680264],[70.84905018,20.45299998],[70.85719468,20.44919732],[70.86533919,20.44539465],[70.87348371,20.44159199],[70.88162821,20.43778932],[70.88977273,20.43398666],[70.89791724,20.43018399],[70.90606173,20.42638133],[70.91420623,20.42257867],[70.92235073,20.41877601],[70.93049524,20.41497334],[70.93863974,20.41117068],[70.94678423,20.40736802],[70.95492875,20.40356535],[70.96307324,20.39976269],[70.97121773,20.39596003],[70.97936223,20.39215737],[70.98750672,20.38835471],[70.99565121,20.38455205],[71.0037957,20.38074939],[71.01194021,20.37694672],[71.02008469,20.37314406],[71.02822917,20.36934141],[71.03637366,20.36553874],[71.04451815,20.36173609],[71.05266263,20.35793343],[71.06080712,20.35413076],[71.06895161,20.3503281],[71.07709609,20.34652544],[71.08524057,20.34272279],[71.09338505,20.33892013],[71.10152953,20.33511747],[71.10967401,20.33131481],[71.11781849,20.32751216],[71.12596296,20.3237095],[71.13410744,20.31990684],[71.14225192,20.31610418],[71.15039638,20.31230153],[71.15854086,20.30849887],[71.16668533,20.30469621],[71.1748298,20.30089356],[71.18297427,20.2970909],[71.19111875,20.29328824],[71.19926322,20.28948559],[71.20740767,20.28568294],[71.21555214,20.28188028],[71.22369661,20.27807762],[71.23184107,20.27427497],[71.23998553,20.27047232],[71.24812999,20.26666966],[71.25627446,20.262867],[71.26441892,20.25906435],[71.26652609,20.25819471],[71.26953149,20.25670582],[71.27256337,20.2552617],[71.27787637,20.25286668],[71.28070783,20.25145905],[71.28885228,20.24765639],[71.29699674,20.24385374],[71.30514119,20.24005109],[71.31328565,20.23624843],[71.3214301,20.23244578],[71.32957455,20.22864313],[71.337719,20.22484048],[71.34586345,20.22103783],[71.35400789,20.21723518],[71.36215235,20.21343252],[71.3702968,20.20962987],[71.37844124,20.20582722],[71.38658568,20.20202457],[71.39473012,20.19822192],[71.40287456,20.19441927],[71.41101901,20.19061662],[71.41916344,20.18681397],[71.42730788,20.18301132],[71.43545233,20.17920867],[71.44359677,20.17540602],[71.45174119,20.17160338],[71.45988563,20.16780073],[71.46803007,20.16399808],[71.47617449,20.16019543],[71.48431893,20.15639278],[71.49246337,20.15259013],[71.5006078,20.14878748],[71.50875221,20.14498484],[71.51689665,20.14118219],[71.52504107,20.13737955],[71.5331855,20.1335769],[71.54132992,20.12977425],[71.54947436,20.1259716],[71.55761878,20.12216896],[71.56576319,20.11836632],[71.57390761,20.11456367],[71.58205203,20.11076103],[71.59019645,20.10695838],[71.59834087,20.10315573],[71.60648529,20.09935309],[71.61462971,20.09555044],[71.62277412,20.0917478],[71.63091853,20.08794516],[71.63906294,20.08414252],[71.64720735,20.08033987],[71.65535176,20.07653723],[71.66349617,20.07273459],[71.67164059,20.06893194],[71.679785,20.06512929],[71.68792939,20.06132666],[71.6960738,20.05752402],[71.7042182,20.05372137],[71.71236261,20.04991873],[71.72050701,20.04611609],[71.72865141,20.04231345],[71.73679582,20.0385108],[71.74494022,20.03470816],[71.7530846,20.03090553],[71.76122901,20.02710288],[71.7693734,20.02330025],[71.77751779,20.01949761],[71.78566219,20.01569496],[71.79380659,20.01189232],[71.80195098,20.00808968],[71.81009536,20.00428705],[71.81823976,20.00048441],[71.82638414,19.99668177],[71.83452853,19.99287913],[71.84267292,19.98907649],[71.85081731,19.98527385],[71.8589617,19.98147121],[71.86710608,19.97766858],[71.87525046,19.97386594],[71.88339484,19.97006331],[71.89153922,19.96626067],[71.8996836,19.96245803],[71.90782798,19.9586554],[71.91597237,19.95485276],[71.92411675,19.95105012],[71.93226111,19.94724749],[71.94040548,19.94344485],[71.94854986,19.93964222],[71.95669424,19.93583958],[71.9648386,19.93203695],[71.97298298,19.92823431],[71.98112736,19.92443167],[71.98927171,19.92062904],[71.99741608,19.91682641],[72.00556045,19.91302377],[72.01370481,19.90922114],[72.02184918,19.90541851],[72.02999356,19.90161587],[72.03813792,19.89781324],[72.04628227,19.89401061],[72.05442663,19.89020798],[72.06257099,19.88640534],[72.07071535,19.88260271],[72.07885971,19.87880008],[72.08700407,19.87499745],[72.09514843,19.87119481],[72.10329278,19.86739218],[72.11143713,19.86358955],[72.11958148,19.85978693],[72.12772583,19.85598429],[72.13587019,19.85218166],[72.14401454,19.84837903],[72.15215889,19.8445764],[72.16030324,19.84077377],[72.16844758,19.83697114],[72.17659192,19.83316852],[72.18473627,19.82936589],[72.19288061,19.82556326],[72.20102495,19.82176063],[72.2091693,19.817958],[72.21731365,19.81415537],[72.22545798,19.81035274],[72.23360231,19.80655012],[72.24174665,19.80274749],[72.24989099,19.79894486],[72.25803532,19.79514224],[72.26617966,19.79133961],[72.274324,19.78753698],[72.28246833,19.78373435],[72.29061266,19.77993173],[72.29875699,19.7761291],[72.30690132,19.77232648],[72.31504564,19.76852385],[72.32318998,19.76472122],[72.33133431,19.76091859],[72.33947863,19.75711597],[72.34762295,19.75331335],[72.35576728,19.74951073],[72.3639116,19.7457081],[72.37205592,19.74190548],[72.38020024,19.73810285],[72.38834456,19.73430023],[72.39648888,19.7304976],[72.40463321,19.72669498],[72.41277751,19.72289236],[72.42092183,19.71908974],[72.42906614,19.71528712],[72.43721046,19.71148449],[72.44535477,19.70768187],[72.45215806,19.70450538],[72.45233733,19.7037532],[72.45438224,19.69517316],[72.45642714,19.68659312],[72.45847203,19.67801308],[72.46051691,19.66943305],[72.46256179,19.660853],[72.46460667,19.65227297],[72.46665154,19.64369293],[72.4686964,19.6351129],[72.47074125,19.62653288],[72.4727861,19.61795284],[72.47483095,19.6093728],[72.47687578,19.60079278],[72.47888714,19.5923532],[72.4801016,19.58376595],[72.48133533,19.57504234],[72.48256906,19.56631872],[72.48380278,19.55759511],[72.48503649,19.5488715],[72.4862702,19.54014789],[72.4875039,19.53142427],[72.4887376,19.52270067],[72.48997109,19.51397847],[72.49029366,19.51186771],[72.49098598,19.50765313],[72.49134446,19.50560954],[72.49187624,19.50296659],[72.49298836,19.49781493],[72.49357994,19.49524601],[72.49565084,19.48678541],[72.4977223,19.47832251],[72.49979376,19.4698596],[72.50186521,19.46139669],[72.50393665,19.45293379],[72.50600808,19.44447089],[72.50807952,19.43600797],[72.51015094,19.42754507],[72.51222236,19.41908218],[72.51429377,19.41061927],[72.51636518,19.40215637],[72.51843658,19.39369348],[72.52050798,19.38523058],[72.52257937,19.37676768],[72.52465075,19.36830478],[72.52672213,19.3598419],[72.5287935,19.35137899],[72.53086487,19.3429161],[72.53293623,19.33445322],[72.53500758,19.32599032],[72.53707893,19.31752742],[72.53915028,19.30906454],[72.54111564,19.30103464],[72.54216387,19.29384319],[72.54334724,19.28572458],[72.5445306,19.27760598],[72.54571396,19.26948738],[72.54689731,19.26136878],[72.54808065,19.2532502],[72.54926399,19.24513166],[72.54995259,19.24040731],[72.55053569,19.2350737],[72.55149138,19.22633196],[72.55244706,19.21759016],[72.55340275,19.20884836],[72.55435842,19.20010657],[72.55531409,19.19136478],[72.55626975,19.18262299],[72.55722541,19.17388119],[72.55818107,19.1651394],[72.55913671,19.15639761],[72.56009235,19.14765582],[72.56104798,19.13891403],[72.56200361,19.13017223],[72.56295922,19.1214305],[72.56353449,19.11616813],[72.56391797,19.11087249],[72.56455415,19.10208712],[72.56519033,19.09330173],[72.5658265,19.08451633],[72.56646267,19.07573092],[72.56709883,19.06694552],[72.56773498,19.05816012],[72.56837113,19.04937472],[72.56900727,19.04058932],[72.56964341,19.03180392],[72.57027954,19.02301853],[72.57091566,19.01423313],[72.57155178,19.00544773],[72.57218789,18.99666233],[72.572824,18.98787694],[72.5734601,18.97909154],[72.57409619,18.97030614],[72.57473228,18.96152075],[72.57536836,18.95273535],[72.57600443,18.94394996],[72.5766405,18.93516456],[72.57727657,18.92637917],[72.57791262,18.91759377],[72.57854862,18.90880908],[72.57876688,18.90626572],[72.57927118,18.90118506],[72.57955722,18.89864779],[72.58053913,18.89087004],[72.58152116,18.88309119],[72.5825032,18.87531233],[72.58348522,18.86753349],[72.58446724,18.85975468],[72.58522757,18.8537319],[72.58596589,18.84686535],[72.58689339,18.83823937],[72.58782088,18.82961338],[72.58874837,18.82098737],[72.58967585,18.81236137],[72.59060332,18.80373537],[72.59153079,18.79510937],[72.59245826,18.78648337],[72.59338571,18.77785738],[72.59431317,18.76923137],[72.59524061,18.76060537],[72.59616805,18.75197938],[72.59709549,18.74335337],[72.59802292,18.73472738],[72.59895034,18.72610139],[72.59987776,18.71747538],[72.60080511,18.70884989],[72.6010804,18.70655075],[72.60154741,18.7030125],[72.60153031,18.70218037],[72.60159977,18.69859286],[72.60175218,18.69459454],[72.6019881,18.69059991],[72.60230742,18.68661054],[72.60271003,18.68262802],[72.60319574,18.67865393],[72.60376438,18.67468984],[72.60441569,18.67073732],[72.6047513,18.6688216],[72.60518857,18.66661057],[72.6060909,18.66231279],[72.60709134,18.65803478],[72.60818939,18.65377858],[72.60938452,18.64954622],[72.61067617,18.6453397],[72.61150295,18.6429236],[72.61169776,18.6420974],[72.61373641,18.63345096],[72.61577509,18.62480438],[72.61781377,18.6161578],[72.61985244,18.60751122],[72.62189111,18.59886464],[72.62392977,18.59021806],[72.62596842,18.58157148],[72.62800707,18.57292491],[72.63004571,18.56427833],[72.63208434,18.55563177],[72.63412297,18.54698519],[72.6361616,18.53833861],[72.63820022,18.52969204],[72.64023883,18.52104547],[72.64227743,18.5123989],[72.64431603,18.50375233],[72.64635463,18.49510576],[72.64839322,18.48645919],[72.6504318,18.47781263],[72.65247038,18.46916606],[72.65450894,18.46051951],[72.65654751,18.45187294],[72.65858607,18.44322637],[72.66062462,18.43457981],[72.66266317,18.42593325],[72.66470171,18.41728669],[72.66674024,18.40864013],[72.66877877,18.39999358],[72.67081729,18.39134702],[72.67285581,18.38270046],[72.67489432,18.37405391],[72.67693282,18.36540737],[72.67897132,18.35676081],[72.68100982,18.34811425],[72.6830483,18.3394677],[72.68508678,18.33082115],[72.68712526,18.32217461],[72.68916373,18.31352806],[72.69120219,18.30488151],[72.69324065,18.29623497],[72.6952791,18.28758842],[72.69731755,18.27894188],[72.69935598,18.27029534],[72.70139442,18.2616488],[72.70343285,18.25300225],[72.70547127,18.24435571],[72.70750969,18.23570917],[72.70954759,18.22706477],[72.71047861,18.22343208],[72.71248137,18.2162023],[72.7135531,18.21260522],[72.71602228,18.20486721],[72.71849224,18.1971267],[72.7209622,18.1893862],[72.72343216,18.1816457],[72.72590211,18.1739052],[72.72837206,18.16616469],[72.73084121,18.15842667],[72.73145554,18.15656624],[72.73272184,18.15285711],[72.73337381,18.15100842],[72.7363413,18.14285577],[72.73930985,18.1347002],[72.74227839,18.12654463],[72.74524692,18.11838907],[72.74821545,18.1102335],[72.75118398,18.10207795],[72.7541525,18.09392238],[72.75712101,18.08576683],[72.76008952,18.07761127],[72.76305802,18.06945571],[72.76602652,18.06130015],[72.76899501,18.0531446],[72.7719635,18.04498905],[72.77493198,18.0368335],[72.77790046,18.02867795],[72.78086893,18.02052239],[72.78383739,18.01236685],[72.78683204,18.00413953],[72.78744075,18.00247514],[72.78787637,18.00077956],[72.7904498,17.99236479],[72.79192687,17.98821562],[72.79266984,17.98619907],[72.79349811,17.98409826],[72.79516276,17.98001466],[72.79608646,17.97787002],[72.7966562,17.97613152],[72.79691905,17.97534088],[72.79977577,17.96686874],[72.80093136,17.96363111],[72.80111989,17.96313089],[72.80172841,17.9612376],[72.80242568,17.9591495],[72.80285115,17.95792165],[72.80340133,17.95632346],[72.80477755,17.95197581],[72.80521612,17.95062462],[72.80805021,17.94210479],[72.81088475,17.93358358],[72.81371929,17.92506237],[72.81655382,17.91654115],[72.81938741,17.90802273],[72.82007558,17.90602632],[72.82149535,17.90204769],[72.82220787,17.90011556],[72.82271874,17.89880246],[72.82371996,17.89628284],[72.82422938,17.89502626],[72.82701445,17.8882903],[72.82980061,17.88155171],[72.83087506,17.87895304],[72.83251179,17.87307891],[72.8349049,17.86449014],[72.83729801,17.85590137],[72.83969111,17.84731259],[72.84208421,17.83872381],[72.84336546,17.83430424],[72.8444773,17.83013504],[72.8457281,17.82583791],[72.84687038,17.82154628],[72.84926346,17.81295752],[72.85165653,17.80436875],[72.8540496,17.79577999],[72.85644266,17.78719122],[72.85883572,17.77860246],[72.86122877,17.7700137],[72.86362181,17.76142493],[72.86601485,17.75283618],[72.86840788,17.74424742],[72.87080091,17.73565866],[72.87319393,17.72706991],[72.87558694,17.71848115],[72.87797995,17.70989239],[72.88037296,17.70130363],[72.88276595,17.69271489],[72.88515894,17.68412614],[72.88755193,17.67553739],[72.88994491,17.66694864],[72.89233788,17.6583599],[72.89473085,17.64977115],[72.89712381,17.6411824],[72.89951677,17.63259366],[72.90190972,17.62400492],[72.90430266,17.61541618],[72.9066956,17.60682744],[72.90908854,17.59823869],[72.91148146,17.58964996],[72.91387439,17.58106121],[72.91626731,17.57247248],[72.91866021,17.56388375],[72.92105312,17.55529502],[72.92344602,17.54670628],[72.92583891,17.53811755],[72.9282318,17.52952882],[72.93062435,17.52094127],[72.93140414,17.51828859],[72.93301208,17.51307818],[72.93327048,17.51150263],[72.93342071,17.51070642],[72.93503522,17.50234145],[72.9366499,17.49397564],[72.93826457,17.48560983],[72.93987924,17.47724401],[72.9414939,17.4688782],[72.94310855,17.46051237],[72.9447232,17.45214656],[72.94633784,17.44378076],[72.94795248,17.43541495],[72.94956711,17.42704914],[72.95118174,17.41868333],[72.95279636,17.41031752],[72.95441098,17.40195171],[72.95602559,17.3935859],[72.9576402,17.3852201],[72.9592548,17.37685429],[72.96086908,17.36849012],[72.9611819,17.36693748],[72.96183294,17.36383711],[72.96217116,17.36228939],[72.96403925,17.35406293],[72.96590776,17.34583459],[72.96777627,17.33760626],[72.96964477,17.32937794],[72.97151326,17.32114961],[72.97338175,17.31292129],[72.97525024,17.30469296],[72.97711872,17.29646463],[72.9789872,17.2882363],[72.98085546,17.28000891],[72.98110197,17.27895069],[72.98127289,17.27823512],[72.98171984,17.27435289],[72.98232025,17.27000739],[72.98301914,17.2656755],[72.98338342,17.26356606],[72.98387033,17.26110094],[72.98488584,17.25628832],[72.98542417,17.25388797],[72.98556905,17.25327824],[72.98594718,17.25174253],[72.98672848,17.24867701],[72.98755976,17.24562365],[72.98844082,17.24258321],[72.98937143,17.23955644],[72.99035137,17.23654408],[72.99138039,17.23354687],[72.99170792,17.23264093],[72.99271793,17.22827607],[72.99474413,17.21951963],[72.99677032,17.21076318],[72.99879651,17.20200673],[73.0008227,17.19325029],[73.00284887,17.18449384],[73.00487504,17.17573739],[73.00690121,17.16698094],[73.00892737,17.1582245],[73.01095353,17.14946805],[73.01297967,17.14071161],[73.01500581,17.13195517],[73.01703195,17.12319873],[73.01905808,17.11444229],[73.0210842,17.10568585],[73.02311032,17.09692942],[73.02513643,17.08817298],[73.02716254,17.07941655],[73.02918864,17.07066011],[73.03121474,17.06190367],[73.03324083,17.05314723],[73.03526691,17.04439081],[73.03729298,17.03563438],[73.03931906,17.02687795],[73.04134512,17.01812152],[73.04337118,17.0093651],[73.04539723,17.00060867],[73.04702058,16.9935927],[73.04785001,16.98650815],[73.0488902,16.97762329],[73.04993039,16.96873844],[73.05097057,16.95985358],[73.05201074,16.95096873],[73.05305091,16.94208386],[73.05409108,16.93319901],[73.05513124,16.92431417],[73.05617139,16.91542932],[73.05721153,16.90654446],[73.05825167,16.89765961],[73.05929181,16.88877477],[73.06033194,16.87988991],[73.06137206,16.87100506],[73.06241218,16.86212021],[73.06345229,16.85323537],[73.06449239,16.84435052],[73.06553249,16.83546567],[73.06657258,16.82658083],[73.06761267,16.81769598],[73.06865275,16.80881113],[73.06969283,16.79992628],[73.07073289,16.79104145],[73.07177296,16.7821566],[73.07281301,16.77327176],[73.07385306,16.76438692],[73.07489311,16.75550208],[73.07593315,16.74661722],[73.07697318,16.73773238],[73.07801321,16.72884755],[73.07905323,16.71996271],[73.08009325,16.71107787],[73.08113326,16.70219303],[73.08217326,16.69330819],[73.08321326,16.68442335],[73.08425325,16.67553851],[73.08529324,16.66665368],[73.08633322,16.65776885],[73.08737319,16.64888401],[73.08841316,16.63999917],[73.08945312,16.63111434],[73.09049308,16.62222951],[73.09153303,16.61334466],[73.09257297,16.60445983],[73.09361291,16.59557501],[73.09465284,16.58669018],[73.09569277,16.57780534],[73.09673269,16.56892051],[73.09777261,16.56003568],[73.09881252,16.55115084],[73.09985242,16.54226601],[73.10089232,16.53338119],[73.10193221,16.52449637],[73.10297198,16.51561255],[73.1031693,16.51403807],[73.10358968,16.51089229],[73.10406145,16.5077533],[73.10458451,16.50462188],[73.10484959,16.50310855],[73.10534891,16.50057475],[73.10639361,16.49562061],[73.10694823,16.49314989],[73.10855247,16.48641381],[73.11015708,16.47967619],[73.11176167,16.47293863],[73.11308314,16.46738985],[73.11478857,16.4598085],[73.11676214,16.45103517],[73.1187357,16.44226181],[73.12070926,16.43348846],[73.12268282,16.42471511],[73.12465637,16.41594174],[73.12662991,16.40716839],[73.12860345,16.39839505],[73.13057698,16.3896217],[73.13255051,16.38084833],[73.13452403,16.37207498],[73.13649754,16.36330165],[73.13847105,16.3545283],[73.14044456,16.34575494],[73.14241805,16.3369816],[73.14439154,16.32820826],[73.14636503,16.31943492],[73.14833851,16.31066156],[73.15031199,16.30188822],[73.15228545,16.29311489],[73.15425891,16.28434155],[73.15623237,16.27556821],[73.15820582,16.26679487],[73.16017927,16.25802154],[73.16215271,16.24924821],[73.16412614,16.24047486],[73.16609957,16.23170152],[73.16807299,16.2229282],[73.17004641,16.21415487],[73.17201982,16.20538153],[73.17399322,16.1966082],[73.17596662,16.18783488],[73.17794001,16.17906155],[73.1799134,16.17028822],[73.18188678,16.16151489],[73.18386016,16.15274157],[73.18583353,16.14396825],[73.18780689,16.13519492],[73.18978025,16.1264216],[73.1917536,16.11764828],[73.19372695,16.10887496],[73.19570029,16.10010163],[73.19767363,16.09132832],[73.19964696,16.08255501],[73.20162028,16.07378169],[73.2035936,16.06500837],[73.20556691,16.05623506],[73.20754022,16.04746175],[73.20951352,16.03868844],[73.21148682,16.02991512],[73.21346011,16.02114181],[73.21543339,16.01236851],[73.21740667,16.0035952],[73.21937994,15.99482188],[73.22135321,15.98604857],[73.22332646,15.97727528],[73.22529972,15.96850197],[73.22727297,15.95972866],[73.22924622,15.95095536],[73.23121945,15.94218207],[73.23319268,15.93340877],[73.23516591,15.92463546],[73.23713913,15.91586216],[73.23911234,15.90708887],[73.24108555,15.89831558],[73.24305876,15.88954227],[73.24503196,15.88076897],[73.24700515,15.87199569],[73.24869649,15.86447553],[73.24927114,15.86003218],[73.24996455,15.85569965],[73.25032683,15.85358535],[73.25075542,15.85138278],[73.25164334,15.84708363],[73.2526279,15.84280425],[73.25370862,15.83854667],[73.25488499,15.83431292],[73.25615642,15.83010501],[73.25752232,15.82592494],[73.25898203,15.82177471],[73.25971869,15.81975125],[73.26053486,15.81765627],[73.26218004,15.81357159],[73.26391681,15.80952262],[73.26574432,15.80551128],[73.2676617,15.80153947],[73.26966804,15.79760909],[73.27176238,15.79372199],[73.27394372,15.78988004],[73.27503372,15.78800788],[73.27621101,15.78608504],[73.27856317,15.78233882],[73.2814573,15.77801839],[73.28236992,15.77642877],[73.28650903,15.76905864],[73.29087872,15.76127794],[73.29524839,15.75349724],[73.29961807,15.74571655],[73.30398773,15.73793585],[73.30835739,15.73015516],[73.31272705,15.72237447],[73.3170967,15.71459379],[73.32146635,15.7068131],[73.325836,15.69903241],[73.33020564,15.69125173],[73.33457527,15.68347105],[73.33894489,15.67569037],[73.34331452,15.66790969],[73.34768414,15.66012901],[73.35205376,15.65234833],[73.35642337,15.64456766],[73.36079297,15.63678698],[73.36516257,15.62900631],[73.36953217,15.62122564],[73.37390176,15.61344497],[73.37827135,15.60566431],[73.38264093,15.59788364],[73.3870105,15.59010298],[73.39138008,15.58232232],[73.39574965,15.57454165],[73.4001192,15.566761],[73.40448876,15.55898034],[73.40885832,15.55119967],[73.41322787,15.54341902],[73.41759741,15.53563837],[73.42196695,15.52785771],[73.42633648,15.52007706],[73.43070601,15.51229641],[73.43507554,15.50451576],[73.43944506,15.49673512],[73.44381457,15.48895447],[73.44818409,15.48117383],[73.45255359,15.47339318],[73.45692309,15.46561255],[73.46129258,15.45783192],[73.46566208,15.45005127],[73.47003157,15.44227063],[73.47440105,15.43448999],[73.47877053,15.42670936],[73.48314,15.41892873],[73.48750947,15.4111481],[73.49187893,15.40336747],[73.49624839,15.39558684],[73.50061785,15.38780622],[73.5049873,15.38002559],[73.50935674,15.37224497],[73.51372618,15.36446435],[73.51809562,15.35668373],[73.52246504,15.34890311],[73.52683446,15.3411225],[73.53120389,15.33334188],[73.53557331,15.32556126],[73.53994272,15.31778065],[73.54431213,15.31000003],[73.54868153,15.30221942],[73.55305093,15.29443882],[73.55742032,15.28665821],[73.56178971,15.2788776],[73.56615909,15.271097],[73.57052847,15.2633164],[73.57489784,15.2555358],[73.57926544,15.24775836],[73.57966222,15.24705841],[73.5804615,15.24566158],[73.58086399,15.24496471],[73.58533107,15.23730168],[73.58980001,15.22963546],[73.59426893,15.22196925],[73.59873785,15.21430305],[73.60320677,15.20663684],[73.60767568,15.19897064],[73.61214458,15.19130444],[73.61661348,15.18363824],[73.62108238,15.17597204],[73.62555128,15.16830583],[73.63002016,15.16063964],[73.63448905,15.15297345],[73.63895792,15.14530726],[73.6434268,15.13764106],[73.64789567,15.12997487],[73.65236454,15.12230868],[73.6568334,15.1146425],[73.66130226,15.10697631],[73.66577111,15.09931013],[73.67023995,15.09164395],[73.6747088,15.08397776],[73.67917763,15.07631158],[73.68364647,15.0686454],[73.6881153,15.06097922],[73.69258412,15.05331306],[73.69705294,15.04564687],[73.70152176,15.0379807],[73.70599057,15.03031452],[73.71045937,15.02264836],[73.71492817,15.01498219],[73.71939697,15.00731602],[73.72386485,14.99965142],[73.72439734,14.99874917],[73.72818451,14.99243165],[73.72987295,14.9889765],[73.73252088,14.98423288],[73.73385446,14.98209848],[73.73703956,14.97600629],[73.73733363,14.9754481],[73.74152401,14.96755471],[73.74571519,14.9596598],[73.74990636,14.9517649],[73.75409753,14.94387],[73.7582887,14.93597509],[73.76247986,14.92808019],[73.76667101,14.92018529],[73.77086216,14.91229039],[73.7750533,14.9043955],[73.77924445,14.8965006],[73.78343558,14.8886057],[73.78762671,14.88071081],[73.79181784,14.87281592],[73.79600896,14.86492103],[73.80020008,14.85702614],[73.80439119,14.84913126],[73.80858229,14.84123637],[73.8127734,14.83334149],[73.81696449,14.82544661],[73.82115559,14.81755172],[73.82534667,14.80965685],[73.82953775,14.80176198],[73.83372884,14.79386709],[73.83791991,14.78597221],[73.84211097,14.77807735],[73.84630204,14.77018248],[73.8504931,14.7622876],[73.85468416,14.75439273],[73.85595308,14.75222421],[73.85739026,14.74935055],[73.85887521,14.74649787],[73.86116136,14.74231302],[73.86306625,14.73860301],[73.86725649,14.73070964],[73.86785933,14.72959128],[73.86906454,14.72738911],[73.87059552,14.72444068],[73.87163323,14.72249514],[73.87207922,14.72168082],[73.87266311,14.72062979],[73.87437369,14.7175939],[73.87547619,14.71568669],[73.87616615,14.71452298],[73.87718473,14.71284399],[73.87883523,14.71018263],[73.88090195,14.70698729],[73.88269015,14.70433435],[73.88327365,14.70347767],[73.88734213,14.69737115],[73.88802676,14.69635597],[73.8930823,14.68895698],[73.89813892,14.6815564],[73.90319554,14.67415583],[73.90825215,14.66675526],[73.91330876,14.65935469],[73.91836537,14.65195411],[73.92342198,14.64455354],[73.92847857,14.63715297],[73.93353516,14.62975241],[73.93859176,14.62235184],[73.94364834,14.61495128],[73.94870492,14.60755071],[73.9537615,14.60015015],[73.95881807,14.5927496],[73.96387464,14.58534904],[73.9689312,14.57794848],[73.97398776,14.57054792],[73.97904432,14.56314737],[73.98410087,14.55574682],[73.98915742,14.54834627],[73.99421396,14.54094572],[73.9992705,14.53354517],[74.00432703,14.52614462],[74.00938356,14.51874408],[74.01444008,14.51134354],[74.01949661,14.50394299],[74.02455313,14.49654245],[74.02960964,14.48914191],[74.03466615,14.48174137],[74.03972266,14.47434083],[74.04477916,14.46694029],[74.04983565,14.45953976],[74.05489215,14.45213923],[74.05994863,14.4447387],[74.06500511,14.43733817],[74.07006159,14.42993764],[74.07511807,14.42253711],[74.08017454,14.41513658],[74.08523101,14.40773606],[74.09028747,14.40033554],[74.09534393,14.39293502],[74.10040038,14.38553449],[74.10545683,14.37813398],[74.11051328,14.37073346],[74.11556972,14.36333295],[74.12062615,14.35593243],[74.12568259,14.34853191],[74.13073902,14.3411314],[74.13579544,14.33373089],[74.14085186,14.32633039],[74.14590828,14.31892987],[74.15096469,14.31152937],[74.1560211,14.30412886],[74.1610775,14.29672836],[74.1661339,14.28932786],[74.17119029,14.28192736],[74.17624668,14.27452686],[74.1766682,14.27390994],[74.17653482,14.27337553],[74.17438415,14.26475835],[74.17223345,14.25614111],[74.17008257,14.24752314],[74.16793209,14.23890682],[74.16578122,14.23028891],[74.16363048,14.22167157],[74.16147984,14.21305466],[74.15932902,14.20443703],[74.15717841,14.1958203],[74.15502761,14.1872028],[74.15287683,14.17858537],[74.15072617,14.16996851],[74.14857543,14.16135131],[74.14642469,14.15273411],[74.14427399,14.14411713],[74.14212329,14.13550012],[74.13997242,14.12688251],[74.13782157,14.11826498],[74.13567097,14.10964846],[74.13351992,14.10103015],[74.13136939,14.09241396],[74.12992485,14.08675874],[74.129078,14.0844269],[74.12763752,14.08027355],[74.12629026,14.0760905],[74.12503684,14.07187975],[74.12387787,14.0676433],[74.1228139,14.06338317],[74.12184541,14.0591014],[74.12097287,14.05480002],[74.12056829,14.05268713],[74.1201967,14.05048107],[74.11951724,14.04614662],[74.11893482,14.04179873],[74.11844972,14.03743946],[74.11793871,14.03081331],[74.11788251,14.02951038],[74.11781499,14.02863591],[74.11760686,14.02546719],[74.1175783,14.02491176],[74.11703119,14.0167668],[74.11693712,14.01238284],[74.11691455,14.01023407],[74.11694103,14.00799791],[74.1170429,14.00361412],[74.11724267,13.99923353],[74.11754026,13.99485824],[74.11793551,13.99049032],[74.11842823,13.98613187],[74.11901817,13.98178494],[74.11970506,13.97745161],[74.12006502,13.97533096],[74.12048855,13.97313394],[74.12136828,13.96883399],[74.12234382,13.96455379],[74.12341469,13.96029539],[74.12458039,13.95606082],[74.12584035,13.95185207],[74.12776006,13.94609012],[74.13051893,13.93858743],[74.13249974,13.93364959],[74.13383482,13.93056408],[74.13522232,13.92750072],[74.13666185,13.92446036],[74.13815302,13.92144385],[74.13969541,13.91845201],[74.14047934,13.91696238],[74.14472419,13.90905863],[74.14897055,13.90115203],[74.15321692,13.89324542],[74.15746329,13.88533881],[74.16170964,13.8774322],[74.16595599,13.86952561],[74.17020234,13.861619],[74.17444869,13.8537124],[74.17869502,13.84580581],[74.18294135,13.83789922],[74.18718768,13.82999262],[74.19143401,13.82208602],[74.19568033,13.81417943],[74.19992664,13.80627284],[74.20417296,13.79836625],[74.20841926,13.79045967],[74.21266556,13.78255308],[74.21691186,13.77464649],[74.22115815,13.76673991],[74.22540444,13.75883333],[74.22965072,13.75092675],[74.23389699,13.74302017],[74.23814326,13.7351136],[74.24238953,13.72720702],[74.2466358,13.71930044],[74.25088206,13.71139387],[74.25512831,13.7034873],[74.25937456,13.69558073],[74.26362081,13.68767416],[74.26786704,13.67976761],[74.27211328,13.67186104],[74.27635951,13.66395447],[74.28060574,13.6560479],[74.28485196,13.64814134],[74.28909817,13.64023479],[74.29334439,13.63232823],[74.29759059,13.62442168],[74.30183679,13.61651513],[74.30608299,13.60860856],[74.31032919,13.60070201],[74.31457538,13.59279546],[74.31882156,13.58488891],[74.32306774,13.57698237],[74.32731391,13.56907583],[74.33156008,13.56116928],[74.33580624,13.55326274],[74.34005241,13.54535619],[74.34429856,13.53744965],[74.34854471,13.52954312],[74.35279086,13.52163658],[74.357037,13.51373005],[74.36128313,13.50582352],[74.36552927,13.49791698],[74.3697754,13.49001045],[74.37402152,13.48210391],[74.37826764,13.47419739],[74.38251375,13.46629087],[74.38675986,13.45838434],[74.39100596,13.45047782],[74.39525207,13.44257129],[74.39949816,13.43466477],[74.40374425,13.42675826],[74.40799034,13.41885173],[74.41223642,13.41094522],[74.41648249,13.40303872],[74.42072856,13.3951322],[74.42497463,13.38722568],[74.4292207,13.37931917],[74.43346675,13.37141266],[74.4377128,13.36350616],[74.44195885,13.35559965],[74.44620489,13.34769315],[74.44927823,13.34197033],[74.44997419,13.33572828],[74.45095995,13.32688694],[74.45194571,13.31804561],[74.45293146,13.30920427],[74.45391721,13.30036294],[74.45490295,13.29152161],[74.45588869,13.28268028],[74.45687442,13.27383896],[74.45786015,13.26499763],[74.45884587,13.2561563],[74.45983158,13.24731497],[74.46081729,13.23847365],[74.461803,13.22963233],[74.4627887,13.220791],[74.46377439,13.21194967],[74.46469229,13.20371641],[74.46477813,13.20284872],[74.46474868,13.20147487],[74.46472607,13.19932333],[74.46475234,13.19708966],[74.46485363,13.19270557],[74.4650525,13.18832469],[74.46534884,13.1839491],[74.46574252,13.17958088],[74.46623333,13.17522211],[74.46682104,13.17087488],[74.46750537,13.16654123],[74.46786446,13.16441788],[74.46828599,13.16222324],[74.46916251,13.15792297],[74.47013452,13.15364245],[74.47120155,13.14938372],[74.47236308,13.14514881],[74.47361857,13.14093973],[74.4749674,13.13675849],[74.47640893,13.13260707],[74.47713931,13.13057529],[74.47811943,13.12804555],[74.48011984,13.12308455],[74.48225379,13.11817729],[74.48451975,13.11332725],[74.48568553,13.11091696],[74.4861369,13.11001486],[74.48692214,13.10847879],[74.48851927,13.10542003],[74.49016948,13.10238846],[74.49178573,13.09953761],[74.49415771,13.09416921],[74.49774368,13.08605324],[74.50132964,13.0779373],[74.5049156,13.06982134],[74.50850155,13.06170538],[74.5120875,13.05358943],[74.51567344,13.04547349],[74.51925938,13.03735754],[74.52284532,13.02924159],[74.52643124,13.02112565],[74.53001716,13.01300971],[74.53360308,13.00489377],[74.537189,12.99677782],[74.5407749,12.98866189],[74.54436081,12.98054596],[74.54794671,12.97243001],[74.55153261,12.96431407],[74.55511849,12.95619815],[74.55870437,12.94808222],[74.56229026,12.93996628],[74.56587613,12.93185036],[74.569462,12.92373444],[74.57304787,12.91561851],[74.57663373,12.90750258],[74.58021959,12.89938665],[74.58380544,12.89127074],[74.58739128,12.88315482],[74.59097713,12.87503889],[74.59456296,12.86692299],[74.59814879,12.85880707],[74.60173462,12.85069115],[74.60532045,12.84257523],[74.60890626,12.83445933],[74.61249207,12.82634342],[74.61607789,12.8182275],[74.61966369,12.81011159],[74.62238828,12.80394491],[74.62275936,12.80246161],[74.62391919,12.79822656],[74.62517285,12.79401734],[74.62651972,12.78983596],[74.62795917,12.7856844],[74.62868886,12.78365156],[74.62951189,12.78151082],[74.63117957,12.77731812],[74.63294242,12.77316311],[74.63479955,12.76904786],[74.63575156,12.76700045],[74.63838456,12.76150149],[74.63933071,12.75957874],[74.64126437,12.75575336],[74.64328033,12.75196916],[74.64537766,12.74822782],[74.64642895,12.74639798],[74.6474773,12.74466093],[74.650879,12.73426298],[74.65168254,12.73190703],[74.65265145,12.72917861],[74.65313286,12.7278529],[74.65393427,12.72576612],[74.65555639,12.72168009],[74.65726886,12.71762976],[74.65907088,12.71361706],[74.66096157,12.70964388],[74.66294004,12.70571213],[74.66500534,12.70182367],[74.66715648,12.69798035],[74.66780302,12.69685401],[74.66992494,12.69175763],[74.67332693,12.68358679],[74.67672892,12.67541593],[74.68013091,12.66724508],[74.68353289,12.65907423],[74.68693486,12.65090338],[74.69033636,12.64273366],[74.6918803,12.63921793],[74.69260851,12.63764285],[74.69343326,12.63558805],[74.69405725,12.63405184],[74.69665591,12.6275768],[74.69714123,12.62638972],[74.70054271,12.61822],[74.70394466,12.61004916],[74.70734661,12.60187831],[74.71074855,12.59370748],[74.71415049,12.58553664],[74.71755242,12.5773658],[74.72095435,12.56919497],[74.72435627,12.56102413],[74.72775818,12.5528533],[74.7311601,12.54468247],[74.734562,12.53651164],[74.73796391,12.5283408],[74.74136581,12.52016998],[74.7447677,12.51199916],[74.74816959,12.50382833],[74.75157147,12.49565751],[74.75497335,12.48748669],[74.75837522,12.47931587],[74.76177709,12.47114505],[74.76517896,12.46297423],[74.76858082,12.45480342],[74.77198267,12.4466326],[74.77538453,12.43846178],[74.77878637,12.43029098],[74.78218821,12.42212017],[74.78559004,12.41394936],[74.78899187,12.40577855],[74.7923937,12.39760775],[74.79579552,12.38943694],[74.79919734,12.38126614],[74.80259915,12.37309534],[74.80600096,12.36492453],[74.80940276,12.35675374],[74.81280456,12.34858294],[74.81620635,12.34041214],[74.81960722,12.33224356],[74.82062156,12.32989271],[74.82271062,12.32521708],[74.82378532,12.32289231],[74.82763531,12.31483695],[74.83148645,12.3067792],[74.83533758,12.29872144],[74.8391887,12.29066369],[74.84303982,12.28260594],[74.84689093,12.2745482],[74.85074204,12.26649046],[74.85459315,12.25843271],[74.85844425,12.25037496],[74.86229535,12.24231722],[74.86614644,12.23425949],[74.86999752,12.22620174],[74.87384861,12.21814401],[74.87769969,12.21008627],[74.88155076,12.20202853],[74.88540183,12.1939708],[74.88925289,12.18591307],[74.89310395,12.17785535],[74.896955,12.16979762],[74.90080605,12.16173989],[74.90465709,12.15368217],[74.90850813,12.14562444],[74.91235917,12.13756672],[74.9162102,12.129509],[74.92006122,12.12145128],[74.92391225,12.11339355],[74.92747039,12.10594864],[74.92776327,12.10533583],[74.93161427,12.09727813],[74.93546528,12.08922041],[74.93931629,12.0811627],[74.94316728,12.07310499],[74.94701827,12.06504728],[74.95086926,12.05698957],[74.95472025,12.04893187],[74.95857122,12.04087416],[74.9624222,12.03281646],[74.96627317,12.02475875],[74.97012414,12.01670105],[74.9739751,12.00864336],[74.97782605,12.00058566],[74.981677,11.99252797],[74.98552795,11.98447027],[74.98937889,11.97641257],[74.99322983,11.96835488],[74.99708076,11.9602972],[75.00093169,11.9522395],[75.00478261,11.94418182],[75.00863353,11.93612413],[75.01248444,11.92806644],[75.01633425,11.92001107],[75.0172719,11.9181016],[75.01932583,11.91436102],[75.0201131,11.91274512],[75.02123591,11.91056975],[75.02214877,11.90884644],[75.02327438,11.90683509],[75.02430363,11.90500859],[75.02525502,11.90344836],[75.02660095,11.90125133],[75.0271496,11.90040022],[75.02812873,11.89889622],[75.0290066,11.89756094],[75.03287479,11.89129703],[75.03768487,11.88373764],[75.04249495,11.87617826],[75.04730502,11.86861887],[75.05211508,11.86105949],[75.05692515,11.85350011],[75.0617352,11.84594073],[75.06654525,11.83838135],[75.07135531,11.83082197],[75.07616535,11.8232626],[75.08097539,11.81570323],[75.08578542,11.80814387],[75.09059546,11.80058448],[75.09540549,11.79302511],[75.10021551,11.78546575],[75.10502553,11.77790638],[75.10983555,11.77034702],[75.11464556,11.76278765],[75.11945557,11.7552283],[75.12426557,11.74766893],[75.12907557,11.74010958],[75.13388557,11.73255021],[75.13869556,11.72499086],[75.14350554,11.71743151],[75.14831553,11.70987215],[75.15312551,11.7023128],[75.15793548,11.69475345],[75.16274545,11.6871941],[75.16755542,11.67963475],[75.17236538,11.6720754],[75.17717533,11.66451606],[75.18198528,11.65695673],[75.18679524,11.64939737],[75.19160518,11.64183803],[75.19641512,11.6342787],[75.20122506,11.62671936],[75.20603499,11.61916002],[75.21084492,11.61160069],[75.21565484,11.60404136],[75.22046477,11.59648202],[75.22527468,11.5889227],[75.23008459,11.58136336],[75.2348945,11.57380404],[75.2397044,11.5662447],[75.2445143,11.55868538],[75.24932419,11.55112606],[75.25413409,11.54356674],[75.25894397,11.53600741],[75.26375386,11.5284481],[75.26856373,11.52088878],[75.27337361,11.51332947],[75.27818347,11.50577015],[75.28299334,11.49821083],[75.2878032,11.49065153],[75.29261306,11.48309221],[75.29742292,11.4755329],[75.30223277,11.46797359],[75.30704261,11.46041429],[75.31185245,11.45285499],[75.31666229,11.44529568],[75.32147212,11.43773638],[75.32628195,11.43017708],[75.33109177,11.42261778],[75.33590159,11.41505848],[75.34071141,11.40749918],[75.34552122,11.39993989],[75.35033088,11.39238083],[75.35151036,11.39052711],[75.35257583,11.38857341],[75.35687642,11.38068764],[75.36117713,11.37280165],[75.36547783,11.36491566],[75.36977853,11.35702966],[75.37407922,11.34914367],[75.37837991,11.34125768],[75.3826806,11.3333717],[75.38698128,11.3254857],[75.39128196,11.31759972],[75.39558263,11.30971374],[75.39988329,11.30182776],[75.40418396,11.29394178],[75.40848462,11.2860558],[75.41278527,11.27816982],[75.41708592,11.27028385],[75.42138657,11.26239787],[75.42568721,11.25451189],[75.42998784,11.24662593],[75.43428847,11.23873996],[75.43858911,11.23085398],[75.44288973,11.22296802],[75.44719034,11.21508206],[75.45149096,11.20719609],[75.45579157,11.19931013],[75.46009218,11.19142416],[75.46439278,11.1835382],[75.46869337,11.17565225],[75.47299396,11.1677663],[75.47729455,11.15988034],[75.48159513,11.15199438],[75.48589571,11.14410844],[75.49019628,11.13622249],[75.49449686,11.12833653],[75.49879742,11.12045058],[75.50309798,11.11256464],[75.50739853,11.1046787],[75.51169909,11.09679275],[75.51599963,11.08890681],[75.52030017,11.08102088],[75.52460071,11.07313493],[75.52890125,11.06524899],[75.53320178,11.05736305],[75.5375023,11.04947713],[75.54180282,11.04159119],[75.54610334,11.03370525],[75.55040385,11.02581933],[75.55470435,11.01793341],[75.55900486,11.01004748],[75.56330536,11.00216154],[75.56760585,10.99427562],[75.57190634,10.9863897],[75.57620682,10.97850378],[75.58050731,10.97061786],[75.58480778,10.96273194],[75.58910825,10.95484603],[75.59340871,10.94696012],[75.59770918,10.9390742],[75.60200964,10.93118828],[75.6063101,10.92330237],[75.61061054,10.91541647],[75.61491098,10.90753056],[75.61921143,10.89964465],[75.62351186,10.89175875],[75.62781229,10.88387285],[75.63211272,10.87598694],[75.63641315,10.86810103],[75.64071356,10.86021514],[75.64501397,10.85232925],[75.64931438,10.84444335],[75.65361479,10.83655745],[75.65791519,10.82867156],[75.66221558,10.82078568],[75.66651597,10.81289979],[75.67081637,10.80501389],[75.67511675,10.797128],[75.67941712,10.78924212],[75.6837175,10.78135624],[75.68801787,10.77347035],[75.69231824,10.76558447],[75.69661859,10.7576986],[75.70091895,10.74981272],[75.7052193,10.74192683],[75.70951965,10.73404096],[75.71381999,10.72615509],[75.71812033,10.71826922],[75.72242067,10.71038334],[75.72672086,10.70249771],[75.72724261,10.70154093],[75.72761481,10.70070855],[75.73120628,10.69267664],[75.73479785,10.68464451],[75.73838898,10.67661335],[75.7390255,10.67521857],[75.74220233,10.66839615],[75.74286898,10.66686339],[75.74397375,10.66424923],[75.74417772,10.66377007],[75.74444795,10.66313982],[75.74470717,10.66254064],[75.74522007,10.66136565],[75.74577724,10.66008923],[75.74623334,10.65906722],[75.74769629,10.65534771],[75.74795815,10.65472236],[75.74956448,10.65135347],[75.75045666,10.64908973],[75.75229421,10.64498005],[75.7525723,10.64439476],[75.75351498,10.64228213],[75.75390067,10.64146603],[75.75584972,10.63756429],[75.75638513,10.63659992],[75.75672728,10.63579609],[75.75721197,10.63476916],[75.75762379,10.63392957],[75.75873472,10.63122642],[75.75993912,10.62841861],[75.76343938,10.62059062],[75.76374852,10.61969217],[75.76436876,10.61805249],[75.76561551,10.61484196],[75.76694834,10.61158125],[75.76837233,10.60826556],[75.7693851,10.60598617],[75.77022546,10.60415665],[75.77157925,10.60132711],[75.77575044,10.59294848],[75.77755891,10.58919165],[75.77785058,10.58849189],[75.77824792,10.58754782],[75.77912101,10.5855354],[75.78007503,10.58340085],[75.78036246,10.58276373],[75.78118191,10.58096412],[75.78206963,10.57906744],[75.78271036,10.57773497],[75.78295738,10.57722678],[75.78392458,10.57488199],[75.78507974,10.57219377],[75.7886708,10.56416262],[75.7922623,10.5561305],[75.79585379,10.54809838],[75.79944528,10.54006627],[75.80303676,10.53203416],[75.8066278,10.52400302],[75.80720515,10.52273554],[75.8100815,10.51653551],[75.81101921,10.51430366],[75.81192047,10.51222483],[75.81377145,10.50808449],[75.81466145,10.50614922],[75.81550631,10.50436245],[75.81643952,10.50213175],[75.81740306,10.49990478],[75.82099409,10.49187363],[75.82458555,10.48384153],[75.828177,10.47580943],[75.83176801,10.46777829],[75.83332139,10.46446784],[75.83456567,10.4619373],[75.83520462,10.46036501],[75.83580056,10.45894709],[75.83615524,10.45810712],[75.83654755,10.45718504],[75.83696425,10.45622025],[75.83717885,10.45573049],[75.83782731,10.45428189],[75.83866147,10.45245739],[75.83903045,10.45165911],[75.83942705,10.45049822],[75.84240688,10.44202308],[75.84538701,10.4335471],[75.84836713,10.42507112],[75.85134725,10.41659514],[75.85432736,10.40811917],[75.85730747,10.39964319],[75.86028758,10.39116721],[75.86326767,10.38269124],[75.86624776,10.37421527],[75.86922786,10.36573929],[75.87220794,10.35726333],[75.87518801,10.34878737],[75.87816809,10.3403114],[75.88114816,10.33183543],[75.88412822,10.32335946],[75.88710828,10.31488351],[75.89008833,10.30640755],[75.89306839,10.29793158],[75.89604843,10.28945563],[75.89902847,10.28097967],[75.9020085,10.27250371],[75.90498853,10.26402776],[75.90796855,10.25555181],[75.91094858,10.24707585],[75.91392859,10.23859991],[75.9169086,10.23012396],[75.91988861,10.221648],[75.9228686,10.21317207],[75.9258486,10.20469612],[75.92882859,10.19622017],[75.93180857,10.18774423],[75.93478855,10.17926829],[75.93776853,10.17079234],[75.9407485,10.16231642],[75.94372846,10.15384048],[75.94670843,10.14536453],[75.94968838,10.13688861],[75.95266833,10.12841267],[75.95564828,10.11993674],[75.95862822,10.11146081],[75.96160815,10.10298488],[75.96458808,10.09450895],[75.96756801,10.08603303],[75.97054793,10.0775571],[75.97352785,10.06908117],[75.97650776,10.06060526],[75.97948766,10.05212934],[75.98246757,10.04365341],[75.98544746,10.0351775],[75.98842735,10.02670159],[75.99140724,10.01822566],[75.99438712,10.00974975],[75.997367,10.00127384],[76.00034687,9.99279792],[76.00332674,9.98432202],[76.0063066,9.97584611],[76.00928646,9.96737019],[76.01226631,9.9588943],[76.01524616,9.95041839],[76.018226,9.94194248],[76.02120584,9.93346659],[76.02418567,9.92499069],[76.02536195,9.92164485],[76.02598966,9.91844956],[76.02769262,9.9097809],[76.02939557,9.90111224],[76.03109852,9.8924436],[76.03280146,9.88377495],[76.03450439,9.87510628],[76.03620732,9.86643763],[76.03791025,9.85776899],[76.03961317,9.84910033],[76.04131609,9.84043168],[76.04301899,9.83176304],[76.0447219,9.8230944],[76.0464248,9.81442574],[76.0481277,9.8057571],[76.04983059,9.79708846],[76.05153347,9.78841982],[76.05323635,9.77975117],[76.05493923,9.77108253],[76.0566421,9.76241389],[76.05834497,9.75374524],[76.06004783,9.74507661],[76.06175068,9.73640798],[76.06345353,9.72773934],[76.06515638,9.71907069],[76.06685922,9.71040206],[76.06856206,9.70173343],[76.07026489,9.69306479],[76.07196772,9.68439616],[76.07367053,9.67572753],[76.07537335,9.6670589],[76.07707616,9.65839026],[76.07877897,9.64972163],[76.08048177,9.64105301],[76.08218457,9.63238438],[76.08388736,9.62371575],[76.08559015,9.61504712],[76.08729292,9.60637851],[76.0889957,9.59770987],[76.09069847,9.58904125],[76.09240124,9.58037264],[76.094104,9.57170402],[76.09580676,9.56303539],[76.09750951,9.55436677],[76.09921226,9.54569816],[76.100915,9.53702954],[76.10261774,9.52836091],[76.10432047,9.5196923],[76.10602319,9.51102369],[76.10772592,9.50235507],[76.10942863,9.49368645],[76.11113134,9.48501785],[76.11283405,9.47634924],[76.11453657,9.46768157],[76.11493616,9.46574836],[76.11577347,9.46189006],[76.11668688,9.45804882],[76.11767604,9.45422612],[76.11874056,9.45042343],[76.11988002,9.44664222],[76.12109399,9.44288394],[76.12144026,9.44188012],[76.12192867,9.43947885],[76.12265692,9.4363009],[76.12343694,9.43313509],[76.12426852,9.42998224],[76.12515144,9.4268432],[76.12608547,9.42371877],[76.12656513,9.42216065],[76.12957976,9.41264394],[76.13157889,9.40398005],[76.13306751,9.39829631],[76.135797,9.3889981],[76.13660605,9.38550546],[76.13789158,9.38053903],[76.13856622,9.37806398],[76.14345325,9.36099959],[76.14386734,9.3595927],[76.14471611,9.356785],[76.14515079,9.35538423],[76.14696024,9.34970072],[76.14764463,9.34762938],[76.14905845,9.34350189],[76.14984039,9.34130351],[76.15018984,9.34036101],[76.162513,9.30745852],[76.16441632,9.30274424],[76.1684601,9.29341705],[76.17060033,9.28880461],[76.18416357,9.261413],[76.18851374,9.25075845],[76.18892075,9.24947846],[76.1903422,9.24532564],[76.19106643,9.24328225],[76.19162703,9.24179015],[76.19275256,9.2388653],[76.19392379,9.23595822],[76.19514042,9.2330696],[76.19640216,9.23020016],[76.19770871,9.22735058],[76.19905974,9.22452155],[76.20045493,9.22171377],[76.2011633,9.22031568],[76.21222058,9.19890723],[76.22099255,9.1784957],[76.22184405,9.1765702],[76.22358771,9.17273656],[76.22447937,9.17082952],[76.2443784,9.12940287],[76.24514964,9.12719814],[76.24565002,9.12580101],[76.24624386,9.12422214],[76.24752757,9.12115451],[76.2480975,9.11962711],[76.24871732,9.11805866],[76.24933517,9.11653234],[76.24998875,9.11499189],[76.25064925,9.11346845],[76.25124864,9.11211684],[76.25256569,9.10926813],[76.25361171,9.1071101],[76.25393354,9.1064571],[76.25418411,9.10552623],[76.25558962,9.1024976],[76.25630479,9.10098951],[76.27049386,9.07169788],[76.27219168,9.06738628],[76.27290432,9.06562561],[76.2743632,9.06211724],[76.27704986,9.05620415],[76.27801373,9.05425307],[76.27842109,9.05336707],[76.2795478,9.05097893],[76.2802247,9.04957833],[76.28883818,9.0306737],[76.28952591,9.02919614],[76.29055156,9.02703855],[76.29107081,9.0259628],[76.29985564,9.00803544],[76.30065368,9.00644273],[76.30227798,9.00327154],[76.30364148,9.00072209],[76.3239251,8.95341319],[76.32453257,8.95069446],[76.32496972,8.94887764],[76.32509641,8.9481674],[76.32530096,8.94705334],[76.3264954,8.94145481],[76.32909043,8.93079516],[76.32932958,8.92991807],[76.33003666,8.92639324],[76.33099372,8.92211128],[76.33204447,8.91785109],[76.3331884,8.91361471],[76.33442496,8.90940414],[76.33459648,8.90881557],[76.33518286,8.90439235],[76.33585622,8.90005731],[76.33621193,8.89792013],[76.3366245,8.89573791],[76.33748732,8.8914362],[76.33844429,8.88715423],[76.33949493,8.88289403],[76.34063874,8.87865764],[76.34187518,8.87444706],[76.34320365,8.87026431],[76.34462352,8.86611137],[76.34534733,8.86406687],[76.34613411,8.86199021],[76.34763305,8.85816241],[76.34849348,8.85523213],[76.34982188,8.85104937],[76.35124167,8.84689642],[76.35196545,8.84485186],[76.35296404,8.84223876],[76.35501474,8.83708908],[76.35657187,8.833473],[76.35714794,8.83195238],[76.35874839,8.82786497],[76.36043808,8.82381324],[76.36221618,8.81979913],[76.36408186,8.81582455],[76.36603422,8.81189139],[76.36807234,8.80800151],[76.37019523,8.80415678],[76.37126582,8.80226645],[76.37210003,8.80085655],[76.37376688,8.7980911],[76.37547808,8.79535258],[76.37723317,8.7926417],[76.37812163,8.79129326],[76.37879887,8.79028314],[76.3803783,8.78799637],[76.38359993,8.78346704],[76.38694589,8.77902782],[76.39041364,8.77468211],[76.39122371,8.77369499],[76.39276278,8.77160964],[76.39544092,8.76814155],[76.3981942,8.7647322],[76.39957593,8.76305844],[76.40102567,8.76137826],[76.40393423,8.7580815],[76.40691433,8.75484863],[76.40762055,8.75411526],[76.40974271,8.75151356],[76.41081291,8.75022359],[76.41226259,8.74854343],[76.41517104,8.74524667],[76.41815104,8.74201379],[76.42120117,8.73884633],[76.42431997,8.7357458],[76.42750596,8.73271366],[76.43075762,8.72975137],[76.43407341,8.72686033],[76.43573364,8.72544405],[76.43697197,8.72442716],[76.43943735,8.72243515],[76.44193386,8.72048192],[76.44446089,8.71856794],[76.44701782,8.7166937],[76.449604,8.71485965],[76.45221881,8.71306624],[76.45486159,8.71131392],[76.45618989,8.71044809],[76.46009187,8.70794796],[76.46218172,8.70664451],[76.46639274,8.70408873],[76.46850206,8.7028432],[76.47031627,8.70182597],[76.47394138,8.69984202],[76.4757641,8.69886851],[76.48332272,8.69485316],[76.48489232,8.692632],[76.48522703,8.69217164],[76.48631044,8.69070953],[76.48850359,8.68780502],[76.4907491,8.6849404],[76.49304622,8.6821166],[76.49419419,8.6807309],[76.49464898,8.6801956],[76.49565106,8.67902536],[76.49643142,8.67794741],[76.4990396,8.67441106],[76.50172463,8.67093215],[76.50448524,8.66751233],[76.5058709,8.66583324],[76.50712054,8.66438018],[76.50962,8.66152915],[76.51062927,8.66042071],[76.51181759,8.65847321],[76.51297228,8.65662614],[76.51854525,8.64792252],[76.51944753,8.64653853],[76.519975,8.64574379],[76.52160018,8.64264056],[76.52372211,8.63879577],[76.52479243,8.63690503],[76.52592776,8.63499795],[76.5282161,8.63124891],[76.53058603,8.62755042],[76.53303641,8.62390424],[76.53556609,8.62031211],[76.53817386,8.61677574],[76.54085848,8.61329681],[76.54361866,8.60987697],[76.54500419,8.60819777],[76.54645309,8.60651785],[76.54936043,8.60322104],[76.5503823,8.60210904],[76.55178716,8.60040585],[76.55285119,8.59916488],[76.55497229,8.59673131],[76.55713227,8.59433185],[76.55933056,8.59196714],[76.56043857,8.59079421],[76.5655852,8.58543249],[76.56597783,8.58490314],[76.56692677,8.58364447],[76.56884535,8.58114069],[76.57080307,8.57866712],[76.57279943,8.57622435],[76.57379398,8.57502643],[76.57547065,8.57308894],[76.57884567,8.5692877],[76.58020699,8.56783024],[76.59530279,8.54811903],[76.59677115,8.54624781],[76.59975307,8.54253882],[76.60125285,8.54071747],[76.60270138,8.53903766],[76.6056082,8.53574084],[76.60858652,8.53250789],[76.61037406,8.53065052],[76.61664061,8.52273821],[76.6191627,8.5189712],[76.62166093,8.51541556],[76.6242356,8.5119144],[76.62688552,8.50846934],[76.62960945,8.50508199],[76.63098997,8.50340268],[76.64716367,8.48415475],[76.64876779,8.48229538],[76.64961161,8.48134108],[76.66721392,8.45846756],[76.66858619,8.4567243],[76.67146244,8.45315214],[76.67290794,8.45139781],[76.67390624,8.45023187],[76.67589403,8.44794577],[76.67795878,8.44564348],[76.68066268,8.44202345],[76.68403062,8.43774698],[76.71144986,8.40480034],[76.71921336,8.39410767],[76.72358966,8.38850727],[76.74994163,8.35713081],[76.75165291,8.35514959],[76.75511487,8.35124539],[76.75682467,8.34941402],[76.75940243,8.34618739],[76.76107962,8.34414363],[76.76183253,8.34326071],[76.76332243,8.34153381],[76.76407228,8.34067456],[76.77172471,8.332005],[76.77300385,8.33058324],[76.77558901,8.32776411],[76.77822741,8.32499437],[76.78027592,8.32292181],[76.78167781,8.32095622],[76.78249348,8.31887007],[76.7841808,8.31481819],[76.78595642,8.31080393],[76.78781951,8.30682919],[76.78976917,8.30289587],[76.79180446,8.29900584],[76.79392443,8.29516094],[76.79499424,8.29326934],[76.79572736,8.29202584],[76.79718844,8.28958778],[76.79792761,8.28837389],[76.79907673,8.2865159],[76.80014923,8.28461937],[76.80128301,8.28271306],[76.8035692,8.2789639],[76.80593691,8.2752653],[76.80838501,8.27161902],[76.81091233,8.26802678],[76.81351767,8.2644903],[76.8161998,8.26101126],[76.81895742,8.25759131],[76.82034222,8.25591141],[76.82178923,8.25423208],[76.82469389,8.25093517],[76.82767,8.24770214],[76.83071615,8.24453454],[76.8338309,8.24143386],[76.83701275,8.23840158],[76.84029694,8.23540709],[76.84298672,8.23306099],[76.84429413,8.23187482],[76.84602354,8.23036661],[76.84716334,8.22928327],[76.85031306,8.22641377],[76.85362448,8.22352258],[76.85528331,8.22210559],[76.8569929,8.22070841],[76.86041651,8.21797233],[76.86389898,8.21531104],[76.86743867,8.2127258],[76.8692226,8.21145234],[76.87082806,8.21033238],[76.87126916,8.20991198],[76.87451637,8.20694954],[76.87782763,8.20405835],[76.8794864,8.20264133],[76.88120136,8.20123979],[76.88463595,8.19849519],[76.88812977,8.19582587],[76.89168116,8.19323308],[76.89528842,8.19071807],[76.89894985,8.18828202],[76.90266371,8.1859261],[76.90642822,8.18365143],[76.90831178,8.18254094],[76.91024159,8.18145909],[76.91410202,8.17935011],[76.91741234,8.17763411],[76.91971006,8.17560905],[76.92132419,8.17421648],[76.93123511,8.16584704],[76.93183965,8.1653392],[76.93365,8.16385759],[76.93708426,8.16111298],[76.94057775,8.15844364],[76.94412881,8.15585085],[76.94773574,8.15333583],[76.94944258,8.15220011],[76.95089614,8.15087383],[76.95420693,8.14798262],[76.95586555,8.14656551],[76.95727677,8.14540749],[76.96009448,8.14313765],[76.9629526,8.14091858],[76.96585022,8.13875097],[76.96730858,8.13768027],[77.00009595,8.11405491],[77.01578167,8.10208556],[77.01709337,8.10110135],[77.019733,8.09915404],[77.0225027,8.09718187],[77.02582537,8.09486557],[77.02711085,8.0940101],[77.02879975,8.09191464],[77.03018421,8.09023441],[77.03163036,8.08855536],[77.03453379,8.0852584],[77.03750866,8.08202533],[77.04055353,8.07885767],[77.04366697,8.07575694],[77.04684749,8.07272462],[77.05009358,8.06976214],[77.05340369,8.06687091],[77.0550621,8.06545369],[77.05677626,8.06405231],[77.06020966,8.06130768],[77.06370228,8.05863832],[77.06725245,8.05604549],[77.07085848,8.05353045],[77.07451866,8.05109437],[77.07823124,8.04873842],[77.08199447,8.04646371],[77.08387757,8.0453531],[77.08502569,8.04470255],[77.08730834,8.04342878],[77.0880481,8.04302223],[77.09599571,8.03500311],[77.09767679,8.03334613],[77.10107743,8.03007186],[77.10455408,8.0268779],[77.10810481,8.023766],[77.10988607,8.02224112],[77.11159997,8.0208398],[77.11503301,8.01809515],[77.11852526,8.01542578],[77.12207505,8.01283295],[77.12568069,8.01031789],[77.12934048,8.0078818],[77.13305267,8.00552584],[77.13681549,8.00325112],[77.13869845,8.00214047],[77.14062715,8.00105874],[77.14448585,7.99894972],[77.14838975,7.99692508],[77.15233698,7.99498577],[77.15583106,7.99335812],[77.15860434,7.99034341],[77.16164851,7.98717573],[77.16476124,7.98407498],[77.16794104,7.98104263],[77.17118639,7.97808012],[77.17449575,7.97518887],[77.17615393,7.97377152],[77.17786755,7.97237025],[77.18130018,7.96962559],[77.18479201,7.9669562],[77.18834137,7.96436336],[77.19194659,7.96184829],[77.19560594,7.95941219],[77.19924096,7.95710491],[77.20273428,7.95465607],[77.20775904,7.95135246],[77.21288038,7.94819974],[77.21545381,7.94666767],[77.21738218,7.94558597],[77.22124035,7.94347695],[77.22514372,7.94145229],[77.22909042,7.93951297],[77.23307859,7.93765991],[77.23710631,7.93589399],[77.24117169,7.93421605],[77.24527278,7.93262688],[77.24732399,7.93185749],[77.24940763,7.93112725],[77.25357429,7.92971786],[77.25777077,7.92839938],[77.26199507,7.92717244],[77.26624519,7.92603762],[77.2705191,7.92499547],[77.27481479,7.92404648],[77.27913019,7.92319109],[77.2812883,7.9227876],[77.28258543,7.92256831],[77.28517388,7.922148],[77.28646948,7.92194622],[77.28820672,7.92168719],[77.29006091,7.92142822],[77.29377378,7.92094464],[77.29749502,7.92052983],[77.30122333,7.92018393],[77.30495743,7.91990708],[77.30869604,7.91969935],[77.31243787,7.91956082],[77.31618164,7.91949155],[77.31805384,7.91947423],[77.32025375,7.91949815],[77.32476765,7.9195988],[77.32560977,7.91941605],[77.3282542,7.9187776],[77.33089605,7.91778558],[77.33142999,7.9175868],[77.33250073,7.91719159],[77.33302866,7.9169984],[77.33461477,7.91643787],[77.33778006,7.91534878],[77.34096303,7.91431222],[77.3441628,7.91332846],[77.34576675,7.91284982],[77.36769734,7.90650202],[77.37032623,7.90577927],[77.37560269,7.90440486],[77.38091432,7.90317317],[77.38146794,7.90306043],[77.38404482,7.90237234],[77.3883185,7.90133018],[77.39261393,7.90038119],[77.39692909,7.8995258],[77.39908709,7.89912231],[77.40026702,7.89892814],[77.40188632,7.89852068],[77.40665869,7.89744183],[77.41145588,7.89647871],[77.41385608,7.89602689],[77.41552744,7.89574753],[77.41886612,7.89521819],[77.42053601,7.8949677],[77.43249777,7.89327509],[77.4348851,7.89269292],[77.43918045,7.89174392],[77.44349551,7.89088853],[77.44565348,7.89048503],[77.44789307,7.89011724],[77.45237146,7.88943327],[77.45698697,7.8888169],[77.4613836,7.88774187],[77.4657407,7.88678064],[77.46879296,7.8861472],[77.47320468,7.88475576],[77.47742853,7.88352881],[77.48167821,7.88239399],[77.48595167,7.88135184],[77.4902469,7.88040284],[77.49456185,7.87954745],[77.49671976,7.87914395],[77.49889448,7.87878608],[77.50324271,7.87811908],[77.50760449,7.87754678],[77.51197774,7.87706945],[77.5134458,7.87694145],[77.51517042,7.8765604],[77.51948534,7.87570501],[77.52164323,7.87530151],[77.52381792,7.87494364],[77.52816611,7.87427664],[77.53252785,7.87370434],[77.53690107,7.87322701],[77.54128367,7.87284487],[77.54567359,7.87255811],[77.55006873,7.87236686],[77.55446701,7.87227121],[77.55666667,7.87224729],[77.55886633,7.87227121],[77.5632646,7.87236686],[77.56765975,7.87255811],[77.57204966,7.87284487],[77.57643227,7.87322701],[77.58080548,7.87370434],[77.58516722,7.87427664],[77.58951541,7.87494364],[77.59169011,7.87530151],[77.593848,7.87570501],[77.59816291,7.8765604],[77.6024581,7.8775094],[77.60673153,7.87855156],[77.61098116,7.87968638],[77.61520498,7.88091332],[77.61940097,7.88223181],[77.62356715,7.88364121],[77.62565051,7.88437144],[77.62737883,7.88501642],[77.63083919,7.88634386],[77.6342745,7.88773448],[77.63768363,7.88918781],[77.6410654,7.89070336],[77.64441868,7.89228061],[77.64774234,7.89391904],[77.65103526,7.89561809],[77.65267388,7.89648269],[77.66027356,7.90058204],[77.66787527,7.90468248],[77.67547699,7.90878292],[77.68307871,7.91288337],[77.69068042,7.91698381],[77.69828212,7.92108424],[77.70588384,7.92518469],[77.71348557,7.92928514],[77.72108728,7.93338558],[77.72868899,7.93748602],[77.73629072,7.94158646],[77.74389245,7.94568691],[77.75149416,7.94978735],[77.75909588,7.95388779],[77.76669761,7.95798824],[77.77429934,7.96208869],[77.78190106,7.96618913],[77.78950278,7.97028957],[77.79710451,7.97439002],[77.80470624,7.97849047],[77.81230797,7.98259091],[77.8199097,7.98669136],[77.82751142,7.9907918],[77.83511316,7.99489225],[77.84271285,7.9989916],[77.84392206,7.99965453],[77.84633129,8.00099683],[77.84754218,8.00168245],[77.84867887,8.00234634],[77.85096504,8.00370164],[77.85210364,8.00438679],[77.85962307,8.00897915],[77.86714453,8.01357275],[77.87466598,8.01816635],[77.88218744,8.02275995],[77.8897089,8.02735355],[77.89723035,8.03194715],[77.90475183,8.03654076],[77.91227329,8.04113436],[77.91979475,8.04572796],[77.92731622,8.05032157],[77.93483769,8.05491517],[77.94235915,8.05950877],[77.94988063,8.06410238],[77.9574021,8.06869598],[77.95884773,8.06972298],[77.96265182,8.07192255],[77.96492356,8.07328958],[77.96809137,8.07526471],[77.97244505,8.07788319],[77.97996652,8.0824768],[77.987488,8.0870704],[77.99500948,8.09166401],[78.00253095,8.09625762],[78.01005243,8.10085122],[78.01757392,8.10544483],[78.0250954,8.11003844],[78.03261689,8.11463205],[78.04013837,8.11922566],[78.04765985,8.12381926],[78.05518134,8.12841287],[78.06270284,8.13300649],[78.07022432,8.13760009],[78.07774581,8.1421937],[78.0852673,8.14678731],[78.09278879,8.15138092],[78.1003103,8.15597454],[78.10783179,8.16056815],[78.11535328,8.16516175],[78.12287478,8.16975537],[78.13039628,8.17434898],[78.13791778,8.17894259],[78.14543929,8.18353621],[78.15295976,8.1881292],[78.15359804,8.18852226],[78.15681582,8.19052029],[78.16070572,8.19249538],[78.16442513,8.1944981],[78.16627432,8.19551886],[78.16690366,8.19587524],[78.16782063,8.1963982],[78.16986156,8.19759878],[78.1736262,8.19987345],[78.17734018,8.20222936],[78.18100174,8.2046654],[78.18460914,8.20718041],[78.18816065,8.2097732],[78.19316737,8.21367552],[78.19678482,8.21668286],[78.19788698,8.21761482],[78.2009344,8.22022955],[78.20323232,8.22226269],[78.20647888,8.22522443],[78.20966063,8.22825671],[78.2124636,8.23104712],[78.21514636,8.23367168],[78.2202876,8.23908859],[78.22319216,8.2423855],[78.22463912,8.24406481],[78.22602389,8.24574474],[78.22878143,8.24916469],[78.23146347,8.25264373],[78.23406873,8.25618022],[78.23659598,8.25977246],[78.239044,8.26341875],[78.24141164,8.26711735],[78.24369775,8.27086651],[78.24483149,8.27277279],[78.24624786,8.27529847],[78.24902836,8.28042853],[78.25038129,8.28301363],[78.25423886,8.29065236],[78.25809723,8.29829267],[78.26195561,8.305933],[78.26581399,8.31357332],[78.26967238,8.32121365],[78.27353077,8.32885397],[78.27738916,8.3364943],[78.28124756,8.34413463],[78.28510596,8.35177495],[78.28896437,8.35941529],[78.29282278,8.36705562],[78.29668119,8.37469594],[78.30053961,8.38233628],[78.30439804,8.38997663],[78.30825646,8.39761696],[78.31211407,8.40525568],[78.31414112,8.40951539],[78.31799263,8.41812472],[78.31981708,8.42247432],[78.32309887,8.4308446],[78.32638125,8.43921637],[78.32966363,8.44758813],[78.33294602,8.45595988],[78.33622841,8.46433164],[78.3395108,8.47270341],[78.34279321,8.48107519],[78.34607561,8.48944695],[78.34935802,8.49781871],[78.35264044,8.50619048],[78.35592286,8.51456226],[78.35920528,8.52293403],[78.36248771,8.53130581],[78.36577015,8.53967759],[78.36905258,8.54804936],[78.37233503,8.55642114],[78.37561748,8.56479292],[78.37889993,8.57316471],[78.38218239,8.58153649],[78.38546485,8.58990827],[78.38874732,8.59828006],[78.39202979,8.60665184],[78.39531227,8.61502365],[78.39859475,8.62339543],[78.40187723,8.63176722],[78.40319479,8.63512758],[78.40533747,8.63729494],[78.4115911,8.64362061],[78.41784473,8.64994628],[78.42409836,8.65627195],[78.43035199,8.66259763],[78.43660562,8.66892329],[78.44285926,8.67524897],[78.44911291,8.68157465],[78.45536655,8.68790032],[78.46162019,8.694226],[78.46787384,8.70055167],[78.4741275,8.70687736],[78.48038116,8.71320304],[78.48663481,8.71952872],[78.49288847,8.72585439],[78.49914213,8.73218008],[78.5053958,8.73850577],[78.51164947,8.74483145],[78.51790314,8.75115714],[78.52415681,8.75748282],[78.53041049,8.7638085],[78.53666418,8.7701342],[78.54291786,8.77645989],[78.54917154,8.78278558],[78.55542523,8.78911126],[78.56167892,8.79543695],[78.56793262,8.80176265],[78.57418631,8.80808835],[78.58044001,8.81441404],[78.58669371,8.82073973],[78.59294741,8.82706543],[78.59920113,8.83339113],[78.60545484,8.83971683],[78.61170855,8.84604253],[78.61796226,8.85236823],[78.62421598,8.85869393],[78.6304697,8.86501963],[78.63672343,8.87134534],[78.64297715,8.87767104],[78.64923088,8.88399674],[78.65548461,8.89032245],[78.66173835,8.89664816],[78.66799209,8.90297387],[78.67424582,8.90929957],[78.67889135,8.91399856],[78.68525944,8.91511557],[78.6940241,8.91665297],[78.70278875,8.91819037],[78.71155343,8.91972777],[78.72031809,8.92126517],[78.72908276,8.92280257],[78.73784742,8.92433997],[78.74661207,8.92587736],[78.75537675,8.92741476],[78.76414141,8.92895216],[78.77290608,8.93048956],[78.78167074,8.93202696],[78.79043539,8.93356436],[78.79920007,8.93510176],[78.80796473,8.93663916],[78.8167294,8.93817655],[78.82549406,8.93971395],[78.83425871,8.94125135],[78.84302339,8.94278875],[78.85178805,8.94432615],[78.86055272,8.94586355],[78.86931738,8.94740095],[78.87808204,8.94893834],[78.88684671,8.95047574],[78.89561138,8.95201314],[78.90437604,8.95355054],[78.91314071,8.95508794],[78.92190536,8.95662534],[78.93067004,8.95816274],[78.9394347,8.95970014],[78.94819937,8.96123754],[78.95696403,8.96277494],[78.96572869,8.96431233],[78.97449336,8.96584973],[78.98325802,8.96738713],[78.99202269,8.96892453],[79.00078736,8.97046193],[79.00955201,8.97199933],[79.01831669,8.97353673],[79.02708135,8.97507413],[79.03584602,8.97661152],[79.04461068,8.97814892],[79.05337534,8.97968632],[79.06214001,8.98122372],[79.07090468,8.98276112],[79.07966935,8.98429852],[79.08399629,8.9850575],[79.08813049,8.98415267],[79.09679107,8.98225718],[79.10545164,8.98036169],[79.11411222,8.97846619],[79.12277281,8.9765707],[79.1314334,8.9746752],[79.14009397,8.97277971],[79.14875455,8.97088422],[79.15741514,8.96898872],[79.16607572,8.96709323],[79.1747363,8.96519774],[79.18339687,8.96330224],[79.19205745,8.96140675],[79.20071804,8.95951125],[79.20937862,8.95761576],[79.21803919,8.95572027],[79.22669977,8.95382478],[79.23536036,8.95192928],[79.24402094,8.95003379],[79.25268151,8.9481383],[79.25392786,8.94786551],[79.26134209,8.9462428],[79.27000268,8.94434731],[79.27866326,8.94245181],[79.28732384,8.94055632],[79.29598441,8.93866083],[79.30464499,8.93676533],[79.31330558,8.93486984],[79.32196616,8.93297435],[79.33062672,8.93107885],[79.3392873,8.92918336],[79.34794789,8.92728786],[79.35660847,8.92539237],[79.36526905,8.92349688],[79.37392962,8.92160139],[79.38259019,8.91970589],[79.39125078,8.9178104],[79.39991136,8.9159149],[79.40857193,8.91401941],[79.4172325,8.91212392],[79.42589309,8.91022843],[79.43455367,8.90833293],[79.44321425,8.90643744],[79.45187481,8.90454195],[79.46053539,8.90264645],[79.46919598,8.90075096],[79.47785656,8.89885547],[79.48651468,8.89696051],[79.48827527,8.89659449]]],[[[80.28633712,10.22627104],[80.15833333,10.14],[80.08333333,10.09666667],[80.05,10.08333333],[79.58333333,9.95],[79.37666667,9.66916667],[79.42182705,9.56685888],[79.46287461,9.47386842],[79.46169267,9.47481093],[79.45818855,9.47748237],[79.45462652,9.48007724],[79.45100827,9.48259432],[79.44733552,9.48503239],[79.44361002,9.4873903],[79.43983355,9.48966693],[79.43792019,9.490792],[79.4360079,9.49186118],[79.4321349,9.49397201],[79.42821639,9.49599842],[79.42425424,9.49793944],[79.42286575,9.49858646],[79.42238532,9.49887066],[79.42022793,9.50007297],[79.4158586,9.50243869],[79.41143197,9.50469706],[79.40695072,9.50684671],[79.40469678,9.50789417],[79.39798119,9.51091565],[79.39621623,9.51168968],[79.39267172,9.5132042],[79.38909875,9.51465138],[79.38549863,9.51603067],[79.38368258,9.51670667],[79.38202863,9.51728838],[79.37869197,9.5184297],[79.37533576,9.51951311],[79.37196103,9.52053826],[79.3685688,9.52150485],[79.36516009,9.52241259],[79.36173595,9.5232612],[79.35829743,9.52405043],[79.3565747,9.52443015],[79.35387721,9.52500029],[79.3521343,9.5253528],[79.34864248,9.52602737],[79.34688859,9.52635029],[79.34471366,9.5267069],[79.34034646,9.52737454],[79.33596562,9.5279474],[79.33157322,9.5284252],[79.32717135,9.52880771],[79.32276212,9.52909475],[79.3181948,9.52928939],[79.31347142,9.52938467],[79.31110917,9.52940495],[79.31023438,9.52940232],[79.30806335,9.5293727],[79.30372241,9.52926721],[79.29938476,9.52906933],[79.29505238,9.52877913],[79.29072728,9.52839674],[79.28641143,9.52792236],[79.28210684,9.52735619],[79.27781548,9.52669849],[79.27567834,9.52634767],[79.27350181,9.52594217],[79.26916815,9.52508596],[79.26485436,9.52413605],[79.2605625,9.52309291],[79.25629461,9.52195701],[79.25205273,9.52072892],[79.24783887,9.5194092],[79.24365506,9.5179985],[79.24158028,9.51727386],[79.2403956,9.51683735],[79.23805046,9.51595669],[79.23688065,9.51550915],[79.22910815,9.51248048],[79.22735011,9.51177648],[79.22384762,9.51033591],[79.22037293,9.50883047],[79.21844737,9.50795323],[79.21795567,9.50776742],[79.21249632,9.50561348],[79.20701749,9.50326388],[79.20152055,9.50071303],[79.19641656,9.49816791],[79.19103078,9.49529053],[79.18837505,9.49382018],[79.18646167,9.4926951],[79.18268516,9.49041848],[79.18081438,9.48923445],[79.17803556,9.48980179],[79.17522845,9.49033399],[79.17305372,9.49069061],[79.16868698,9.49135825],[79.1643066,9.49193111],[79.15991465,9.4924089],[79.15551325,9.49279141],[79.15110448,9.49307846],[79.14669044,9.4932699],[79.14227324,9.49336564],[79.13858758,9.49336564],[79.13638492,9.49508929],[79.13171809,9.49863184],[79.12800911,9.5014473],[79.12743787,9.50191655],[79.12516694,9.50375539],[79.123675,9.5049349],[79.12395469,9.50741065],[79.12417082,9.5095254],[79.12444531,9.51252681],[79.12450254,9.51324166],[79.12659726,9.51620838],[79.12905388,9.51985427],[79.13142985,9.52355247],[79.13372403,9.52730123],[79.13486348,9.52921026],[79.13593533,9.53109875],[79.1380627,9.53494325],[79.14010513,9.53883289],[79.14206163,9.54276581],[79.14393128,9.54674016],[79.14571318,9.55075403],[79.14740648,9.55480553],[79.14850614,9.55760777],[79.14950747,9.55943752],[79.15108654,9.56250202],[79.15261255,9.56559289],[79.15408505,9.56870924],[79.15550362,9.57185014],[79.15686784,9.57501468],[79.15753631,9.57660274],[79.157738,9.57709365],[79.15843999,9.57884929],[79.15981064,9.58237335],[79.16048895,9.58416803],[79.16126654,9.5863654],[79.1627883,9.59083038],[79.16314056,9.59194969],[79.16395282,9.59295319],[79.16664493,9.5964318],[79.16703595,9.59696054],[79.167393,9.59734884],[79.17108359,9.60147463],[79.17291527,9.60358021],[79.17430317,9.60525742],[79.17707117,9.60867694],[79.17962065,9.61197111],[79.18285395,9.61443145],[79.18630194,9.61717565],[79.18680556,9.61758559],[79.18802579,9.61857882],[79.18968884,9.61999381],[79.19301304,9.62288459],[79.19627296,9.62584661],[79.19946705,9.62887847],[79.20259379,9.63197873],[79.2056517,9.63514591],[79.2086393,9.63837851],[79.21155519,9.64167499],[79.21300998,9.64335664],[79.21355415,9.64400541],[79.21466657,9.64534298],[79.21521987,9.64601415],[79.21616765,9.64717398],[79.21740692,9.64872136],[79.2198546,9.65183998],[79.22224008,9.65500573],[79.22456241,9.65821739],[79.22682071,9.66147372],[79.2290141,9.66477345],[79.22939024,9.66536424],[79.23146411,9.66770861],[79.23291904,9.66939031],[79.23448498,9.67128771],[79.23759884,9.6751559],[79.24061585,9.67909897],[79.24353417,9.68311453],[79.24496843,9.68514012],[79.24539917,9.68576463],[79.24672899,9.68769273],[79.24780164,9.68928008],[79.24991637,9.69247474],[79.25196954,9.69570869],[79.25373569,9.6986114],[79.2545124,9.69940104],[79.25794325,9.7030671],[79.26128117,9.70681669],[79.26294169,9.70872984],[79.26432987,9.71040684],[79.26709874,9.71382633],[79.26812552,9.71515302],[79.26890567,9.71598053],[79.27132379,9.71863872],[79.27369386,9.7213392],[79.27488184,9.7227177],[79.27563469,9.72361798],[79.27715948,9.72546309],[79.27791636,9.72639012],[79.2801396,9.72914641],[79.28131901,9.73063717],[79.28364935,9.73364047],[79.28592224,9.73668679],[79.2881369,9.73977507],[79.29029252,9.74290419],[79.29238834,9.74607305],[79.29442361,9.74928053],[79.29639762,9.75252548],[79.29738248,9.75417995],[79.29796168,9.7551879],[79.2991343,9.75725618],[79.29971446,9.75829375],[79.30203083,9.76249455],[79.30293255,9.76416711],[79.30470407,9.76752881],[79.30641137,9.77092305],[79.30805385,9.77434863],[79.30963091,9.77780432],[79.31114201,9.78128891],[79.31258658,9.78480115],[79.31396413,9.78833979],[79.31464595,9.79014239],[79.31537084,9.79218417],[79.31679469,9.79633682],[79.31812691,9.80051929],[79.3188231,9.80288322],[79.31929697,9.80359812],[79.32214201,9.80796393],[79.32348281,9.81007857],[79.3261111,9.81434024],[79.32651054,9.81500655],[79.3276538,9.8159159],[79.32937899,9.81731929],[79.33104272,9.818734],[79.33436891,9.82162471],[79.33763078,9.82458668],[79.34082679,9.82761847],[79.34395541,9.83071867],[79.34701515,9.83388578],[79.35000455,9.83711832],[79.3529222,9.84041473],[79.35437817,9.84209672],[79.3557667,9.84377345],[79.3585367,9.84719289],[79.36123088,9.85067142],[79.36384796,9.85420739],[79.36638669,9.85779911],[79.36884586,9.86144488],[79.3712243,9.86514297],[79.37173853,9.86598233],[79.37435245,9.86755414],[79.37808368,9.86990963],[79.38176226,9.87234524],[79.38538644,9.87485981],[79.3889545,9.87745214],[79.39246474,9.880121],[79.39591548,9.88286512],[79.39764113,9.88426859],[79.39930509,9.8856832],[79.40263196,9.88857389],[79.4058945,9.89153583],[79.40909116,9.89456761],[79.41222041,9.89766778],[79.41528078,9.90083488],[79.4182708,9.90406739],[79.42118905,9.90736378],[79.42264542,9.90904588],[79.42403414,9.91072248],[79.42680471,9.9141419],[79.42949945,9.91762041],[79.43211707,9.92115635],[79.43465632,9.92474805],[79.437116,9.9283938],[79.43949494,9.93209186],[79.44179199,9.93584048],[79.44293343,9.9377504],[79.44400606,9.93963787],[79.44613611,9.94348223],[79.44818111,9.94737172],[79.45014008,9.95130451],[79.4520121,9.95527872],[79.45379627,9.95929245],[79.45549173,9.96334381],[79.45709769,9.96743086],[79.45788824,9.96951041],[79.45861336,9.97155166],[79.46003803,9.97570425],[79.46137101,9.97988666],[79.46261168,9.98409689],[79.46375942,9.98833294],[79.4648137,9.9925928],[79.46577401,9.99687443],[79.46663989,10.00117582],[79.46705453,10.00336125],[79.46741092,10.0054949],[79.46808673,10.00982962],[79.468667,10.01417792],[79.46915145,10.01853773],[79.46953984,10.02290698],[79.46983198,10.02728358],[79.47002773,10.03166546],[79.470127,10.03605053],[79.47015252,10.03827462],[79.47012973,10.0404367],[79.47003592,10.04482188],[79.46984561,10.04920399],[79.46955888,10.05358094],[79.46917587,10.05795065],[79.46869676,10.06231103],[79.46812176,10.06666002],[79.46745116,10.07099554],[79.46708664,10.07318979],[79.46668526,10.07531553],[79.46582443,10.07961792],[79.46486907,10.08390068],[79.46381963,10.08816177],[79.46267662,10.09239915],[79.46144056,10.0966108],[79.46011205,10.10079473],[79.45869171,10.10494893],[79.4579486,10.1070458],[79.45718023,10.10907144],[79.45644177,10.11095632],[79.45866074,10.11071244],[79.46211435,10.11039184],[79.46903208,10.10986759],[79.47249377,10.1096641],[79.47736781,10.10946023],[79.47801366,10.10936179],[79.48240224,10.10878964],[79.48682704,10.1082997],[79.48891784,10.10788141],[79.51199513,10.10351266],[79.51271261,10.10337946],[79.51414859,10.10311815],[79.51486159,10.10299101],[79.51696599,10.10264598],[79.52117065,10.1020015],[79.52538801,10.10144446],[79.52961622,10.10097513],[79.53182783,10.10075385],[79.53544329,10.09997256],[79.53978462,10.09911739],[79.54195451,10.0987142],[79.54414372,10.09835621],[79.54851852,10.09768939],[79.55290695,10.09711724],[79.55730691,10.09664003],[79.56171632,10.09625799],[79.56613308,10.0959713],[79.56718463,10.09592583],[79.59799275,10.09132304],[79.62306428,10.08616755],[79.63293706,10.08413739],[79.63444165,10.08383965],[79.63745618,10.08326653],[79.63896017,10.08299222],[79.64193463,10.08251763],[79.64788549,10.08165771],[79.65385942,10.08097285],[79.65985118,10.08046366],[79.66285009,10.08025308],[79.66425735,10.08017499],[79.69661176,10.07527443],[79.70425832,10.07440839],[79.71959727,10.07325265],[79.72728885,10.07296307],[79.73023811,10.07296295],[79.73245222,10.07298684],[79.73687939,10.07308247],[79.74130225,10.07327369],[79.74207902,10.07332412],[79.74465957,10.0731479],[79.74997793,10.0728541],[79.75263901,10.07274176],[79.7812563,10.07190519],[79.78275481,10.0718723],[79.78575224,10.07182843],[79.78725112,10.07181746],[79.78970898,10.07184696],[79.79462327,10.07196492],[79.79707967,10.07205338],[79.81469815,10.07289958],[79.81585612,10.07295952],[79.84672269,10.07467232],[79.84972277,10.07488293],[79.85571543,10.07539212],[79.86169023,10.07607703],[79.86764196,10.07693707],[79.87061685,10.07741173],[79.87329682,10.07791678],[79.87865296,10.07900024],[79.88132365,10.07957769],[79.89585911,10.08292403],[79.89972627,10.083894],[79.90741925,10.08598372],[79.91124504,10.08710348],[79.91306939,10.0876763],[79.91509525,10.08833568],[79.91913256,10.08969644],[79.92115428,10.09040153],[79.92283924,10.09102587],[79.92460822,10.09169911],[79.92629031,10.09227012],[79.9281015,10.09290399],[79.93016278,10.09367241],[79.9342884,10.09526119],[79.93837811,10.09693872],[79.94242996,10.09870422],[79.94644202,10.10055684],[79.95041239,10.10249569],[79.95433918,10.10451987],[79.95822053,10.1066284],[79.96004041,10.10764294],[79.96206961,10.10852709],[79.96608179,10.1103797],[79.97005229,10.11231855],[79.9739792,10.11434272],[79.97786066,10.11645125],[79.97980366,10.11753439],[79.98169484,10.11864313],[79.9854799,10.12091733],[79.98921404,10.12327276],[79.99289549,10.1257083],[79.99652251,10.12822279],[80.00009335,10.13081505],[80.00360634,10.13348384],[80.00705979,10.13622788],[80.00878718,10.13763165],[80.01045206,10.13904588],[80.01378154,10.1419365],[80.01704664,10.14489836],[80.02024582,10.14793006],[80.02337754,10.15103015],[80.02644032,10.15419716],[80.0294327,10.15742959],[80.03235326,10.16072589],[80.03381118,10.16240842],[80.0349092,10.16372683],[80.03711337,10.16641968],[80.03927037,10.16914976],[80.04137958,10.17191628],[80.04344036,10.1747184],[80.0454521,10.1775553],[80.04741419,10.18042612],[80.04932606,10.18333003],[80.05026937,10.18479014],[80.05379071,10.19034547],[80.05731307,10.19590239],[80.0608344,10.2014577],[80.06180685,10.20302342],[80.06372272,10.2061722],[80.06468004,10.2077791],[80.06575322,10.20966588],[80.0678851,10.21351015],[80.06993186,10.21739955],[80.07189253,10.22133224],[80.07288772,10.22344312],[80.07376617,10.22530636],[80.07555189,10.22932],[80.07724883,10.23337127],[80.07885619,10.23745822],[80.07964771,10.23953848],[80.08037319,10.24157893],[80.08179912,10.24573143],[80.08313328,10.24991375],[80.08437505,10.25412389],[80.08552383,10.25835985],[80.08657906,10.26261962],[80.08754024,10.26690118],[80.08840692,10.27120247],[80.08882209,10.27338869],[80.08917867,10.27552147],[80.08985512,10.27985611],[80.09043595,10.28420433],[80.09092088,10.28856406],[80.09130967,10.29293323],[80.09160213,10.29730976],[80.09179812,10.30169156],[80.09189755,10.30607655],[80.09192313,10.30830146],[80.09190036,10.31046265],[80.09180654,10.31484776],[80.09161614,10.3192298],[80.09132925,10.32360668],[80.09094599,10.32797633],[80.09046655,10.33233665],[80.08989114,10.33668557],[80.08922005,10.34102103],[80.08885512,10.34321608],[80.08845358,10.34534096],[80.08759209,10.3496433],[80.086636,10.35392601],[80.08558574,10.35818704],[80.08444183,10.36242437],[80.0832048,10.36663597],[80.08258067,10.3686],[80.08243397,10.37450717],[80.08221296,10.38340717],[80.08199195,10.39230715],[80.08177094,10.40120726],[80.08154994,10.41010723],[80.08132895,10.4190072],[80.08110796,10.42790728],[80.08088697,10.43680729],[80.08066599,10.44570736],[80.08044502,10.45460734],[80.08022405,10.46350736],[80.08000309,10.47240738],[80.07978213,10.4813074],[80.07956118,10.49020735],[80.07934023,10.49910738],[80.07911929,10.50800747],[80.07889835,10.51690752],[80.07867742,10.52580747],[80.07845649,10.53470747],[80.07823557,10.54360754],[80.07801465,10.55250758],[80.07779374,10.56140757],[80.07757284,10.5703076],[80.07735194,10.57920756],[80.07718265,10.5812251],[80.07717737,10.58560748],[80.07713104,10.58810763],[80.0770022,10.59186602],[80.07691015,10.59700765],[80.07668927,10.60590767],[80.07646839,10.61480768],[80.07624751,10.62370766],[80.07602664,10.63260778],[80.07580578,10.64150771],[80.07558492,10.65040783],[80.07536407,10.65930772],[80.07514322,10.6682078],[80.07492237,10.67710781],[80.07470154,10.68600786],[80.0744807,10.69490786],[80.07425988,10.70380786],[80.07403905,10.71270788],[80.07381824,10.72160793],[80.07359743,10.73050784],[80.07337662,10.73940799],[80.07315581,10.74830803],[80.07293502,10.7572079],[80.07271423,10.76610798],[80.07249344,10.77500808],[80.07227266,10.78390795],[80.07205189,10.79280803],[80.07183112,10.80170795],[80.07161035,10.81060806],[80.07138959,10.81950808],[80.07116884,10.82840811],[80.07094809,10.83730812],[80.07072735,10.84620806],[80.07050661,10.85510814],[80.07028587,10.86400814],[80.07006514,10.87290822],[80.06984442,10.88180813],[80.0696237,10.89070823],[80.06940299,10.89960822],[80.06918229,10.90850813],[80.06896158,10.91740824],[80.06874088,10.92630827],[80.06852019,10.93520827],[80.06829951,10.9441083],[80.06807883,10.95300829],[80.06785815,10.96190826],[80.06763748,10.97080828],[80.06741681,10.97970833],[80.06719615,10.98860836],[80.0669755,10.99750829],[80.06675485,11.00640837],[80.06653421,11.01530836],[80.06631357,11.02420845],[80.06609293,11.03310841],[80.0658723,11.04200842],[80.06565168,11.05090844],[80.06543106,11.05980848],[80.06521045,11.06870846],[80.06498984,11.07760847],[80.06476924,11.08650852],[80.06454864,11.09540849],[80.06432805,11.10430858],[80.06410746,11.11320852],[80.06388688,11.12210853],[80.06366631,11.13100854],[80.06344574,11.13990851],[80.06322517,11.14880856],[80.06300461,11.15770857],[80.06278406,11.16660859],[80.0625635,11.1755087],[80.06234296,11.18440865],[80.06212242,11.19330867],[80.06190189,11.20220878],[80.06179373,11.20499385],[80.06149924,11.21055997],[80.06131291,11.21334101],[80.06062439,11.22182853],[80.0599359,11.23031584],[80.05924744,11.23880285],[80.05855897,11.24728995],[80.05787051,11.25577705],[80.05718205,11.26426424],[80.05649361,11.27275122],[80.05580515,11.28123846],[80.0551167,11.28972564],[80.05442827,11.29821264],[80.05373988,11.30669932],[80.05305141,11.31518695],[80.05236299,11.323674],[80.05167457,11.33216111],[80.05098618,11.34064793],[80.05029774,11.34913539],[80.04960935,11.35762242],[80.04892091,11.36610996],[80.04844665,11.37065519],[80.04728922,11.37971972],[80.04660606,11.38423898],[80.04508771,11.39292482],[80.0435696,11.40160935],[80.04205154,11.41029361],[80.04053345,11.41897802],[80.03901531,11.42766283],[80.03749717,11.4363476],[80.03597914,11.44503179],[80.034461,11.45371664],[80.03294291,11.46240122],[80.03142496,11.47108509],[80.02990676,11.47977036],[80.02838887,11.4884539],[80.02687072,11.49713895],[80.02535266,11.50582349],[80.02383465,11.51450781],[80.02231661,11.52319232],[80.02079852,11.53187716],[80.01928053,11.54056142],[80.01776252,11.54924584],[80.01624451,11.55793027],[80.01472646,11.56661496],[80.01320844,11.57529956],[80.01169055,11.58398341],[80.01017238,11.59266886],[80.00865446,11.60135293],[80.00713646,11.61003752],[80.00561846,11.61872212],[80.00410053,11.62740631],[80.00258247,11.63609131],[80.0010645,11.64477584],[79.99954657,11.65346013],[79.99802852,11.66214514],[79.99651068,11.67082899],[79.99499262,11.67951411],[79.99421124,11.68398458],[79.99630078,11.6890909],[79.9996988,11.69739485],[80.00309683,11.7056988],[80.00649487,11.71400275],[80.0098929,11.72230669],[80.01329094,11.73061063],[80.01668899,11.7389146],[80.02008705,11.74721855],[80.0234851,11.75552249],[80.02688316,11.76382645],[80.03028123,11.7721304],[80.03367931,11.78043437],[80.03707738,11.78873833],[80.04047546,11.79704229],[80.04387355,11.80534625],[80.04727164,11.81365022],[80.05066974,11.82195419],[80.05406784,11.83025814],[80.05746595,11.83856211],[80.06086406,11.84686608],[80.06426218,11.85517006],[80.0676603,11.86347403],[80.07105842,11.871778],[80.07445655,11.88008197],[80.07785469,11.88838596],[80.08125283,11.89668994],[80.08465098,11.90499391],[80.08804913,11.91329789],[80.09144728,11.92160187],[80.09484545,11.92990586],[80.09824361,11.93820985],[80.10164178,11.94651383],[80.10503995,11.95481781],[80.10843814,11.96312181],[80.11183632,11.9714258],[80.11523451,11.97972979],[80.1186327,11.98803378],[80.1220309,11.99633777],[80.12542911,12.00464178],[80.12882732,12.01294578],[80.13222553,12.02124977],[80.13562375,12.02955377],[80.13902198,12.03785778],[80.14242021,12.04616178],[80.14581844,12.05446578],[80.14921668,12.06276979],[80.15261492,12.0710738],[80.15601317,12.07937781],[80.15941143,12.08768182],[80.16280968,12.09598582],[80.16620795,12.10428984],[80.16688678,12.10594864],[80.16960622,12.11259387],[80.17300449,12.12089788],[80.17541239,12.12678181],[80.17863078,12.13155207],[80.18354726,12.1388392],[80.18846373,12.14612632],[80.19338022,12.15341346],[80.19829671,12.1607006],[80.2032132,12.16798773],[80.20812969,12.17527486],[80.21304619,12.18256199],[80.21796269,12.18984913],[80.2228792,12.19713627],[80.22779571,12.20442341],[80.23271222,12.21171056],[80.23762874,12.2189977],[80.24254526,12.22628484],[80.24746179,12.23357199],[80.25237832,12.24085914],[80.25729485,12.24814629],[80.26221139,12.25543344],[80.26712792,12.26272058],[80.27204448,12.27000774],[80.27696102,12.27729489],[80.28187757,12.28458204],[80.28679414,12.29186921],[80.29171069,12.29915636],[80.29662726,12.30644352],[80.30154383,12.31373068],[80.3064604,12.32101784],[80.31137698,12.32830501],[80.31629179,12.33558955],[80.31715038,12.33688355],[80.31884727,12.33948438],[80.32050333,12.34211053],[80.32211817,12.34476139],[80.32293226,12.34612185],[80.32390288,12.34781084],[80.32584369,12.35126541],[80.32771519,12.35475675],[80.32951667,12.35828353],[80.33124742,12.36184439],[80.33290678,12.36543795],[80.33316742,12.36603241],[80.33382618,12.36715377],[80.33581457,12.37070149],[80.33763015,12.37410111],[80.3393794,12.37753419],[80.34106167,12.38099947],[80.34267636,12.38449569],[80.34422286,12.38802159],[80.3457006,12.39157586],[80.34710906,12.39515723],[80.34780857,12.39698867],[80.34858661,12.39916482],[80.34938975,12.40149632],[80.35061258,12.40502875],[80.35195732,12.40921022],[80.35320901,12.41341958],[80.35436359,12.41764109],[80.35489158,12.41975376],[80.35553272,12.42213892],[80.35582117,12.4232891],[80.35866851,12.43056471],[80.36180013,12.43856667],[80.36493174,12.44656863],[80.36806336,12.4545706],[80.37119499,12.46257258],[80.37432662,12.47057455],[80.37745825,12.47857652],[80.38058989,12.48657849],[80.38372154,12.49458047],[80.38685319,12.50258245],[80.38998484,12.51058442],[80.3931165,12.5185864],[80.39624816,12.52658839],[80.39937901,12.53458828],[80.39969271,12.53540028],[80.40031298,12.53702692],[80.40063236,12.53787611],[80.40133618,12.53983644],[80.40272658,12.54384055],[80.40403094,12.54787251],[80.40524868,12.55193054],[80.40583582,12.55396584],[80.40814376,12.56229913],[80.41045216,12.57063407],[80.41276056,12.57896901],[80.41506897,12.58730394],[80.41737738,12.59563887],[80.4196858,12.60397381],[80.42199422,12.61230875],[80.42430265,12.62064369],[80.42661108,12.62897863],[80.42891952,12.63731357],[80.43122796,12.64564851],[80.43353641,12.65398346],[80.43584486,12.6623184],[80.43815331,12.67065335],[80.44046177,12.67898829],[80.44277024,12.68732324],[80.44507871,12.69565818],[80.44738719,12.70399313],[80.44969567,12.71232809],[80.45200415,12.72066304],[80.45431218,12.72899633],[80.45539975,12.73329477],[80.45738104,12.74193452],[80.45827475,12.7462758],[80.45988889,12.75511506],[80.46150325,12.76395552],[80.46311762,12.772796],[80.46473199,12.78163646],[80.46634637,12.79047693],[80.46796076,12.79931741],[80.46957515,12.80815788],[80.47118954,12.81699835],[80.47280395,12.82583883],[80.47441835,12.8346793],[80.47603276,12.84351978],[80.47764718,12.85236026],[80.47926161,12.86120073],[80.48087604,12.87004122],[80.48249047,12.87888169],[80.48410491,12.88772217],[80.48571935,12.89656265],[80.4873338,12.90540313],[80.48894826,12.91424362],[80.49056272,12.9230841],[80.49217719,12.93192458],[80.49379166,12.94076507],[80.49540614,12.94960556],[80.49702062,12.95844604],[80.49863511,12.96728653],[80.5002496,12.97612702],[80.5018641,12.98496751],[80.5034786,12.993808],[80.50509311,13.00264849],[80.50670763,13.01148898],[80.50832215,13.02032947],[80.50993668,13.02916998],[80.51155121,13.03801046],[80.51316575,13.04685096],[80.51478029,13.05569145],[80.51639484,13.06453195],[80.51800939,13.07337245],[80.51962395,13.08221295],[80.52123851,13.09105345],[80.52285308,13.09989394],[80.52446766,13.10873446],[80.52608224,13.11757495],[80.52769683,13.12641545],[80.52931142,13.13525596],[80.53092602,13.14409646],[80.53254062,13.15293697],[80.53415523,13.16177747],[80.53576984,13.17061798],[80.53738446,13.17945849],[80.53899909,13.188299],[80.54061371,13.1971395],[80.54222835,13.20598001],[80.54384299,13.21482053],[80.54545764,13.22366104],[80.54707236,13.23250195],[80.54872123,13.24153085],[80.54915274,13.24410017],[80.54995412,13.24929136],[80.55061262,13.2544591],[80.55112986,13.25959827],[80.55135479,13.26217109],[80.55191668,13.26974051],[80.55247861,13.27731036],[80.55304054,13.28488022],[80.55360245,13.29244965],[80.55371947,13.29424906],[80.55392055,13.29784967],[80.55405566,13.30145323],[80.55412474,13.30505859],[80.5541428,13.30690301],[80.55412668,13.30872613],[80.55405918,13.31245463],[80.55392107,13.31618126],[80.55371238,13.31990474],[80.55343318,13.32362379],[80.55308357,13.32733712],[80.55266367,13.33104346],[80.55217362,13.33474153],[80.55191107,13.33658833],[80.5508059,13.34386692],[80.55036992,13.34649788],[80.54995651,13.34864131],[80.54984366,13.3494749],[80.54973267,13.35026867],[80.54944374,13.35227548],[80.54929435,13.35319901],[80.54904864,13.35731859],[80.54856474,13.36167807],[80.5479838,13.36602618],[80.5473061,13.37036084],[80.54693587,13.37256487],[80.54655991,13.37454137],[80.54575154,13.37856692],[80.54456082,13.38366825],[80.54433698,13.38478125],[80.54344517,13.39074597],[80.54320102,13.39229448],[80.54181925,13.40062691],[80.54043754,13.40895895],[80.53905587,13.41729081],[80.53767411,13.4256232],[80.53629243,13.43395517],[80.53491067,13.44228768],[80.53352905,13.45061933],[80.53214732,13.45895169],[80.53076558,13.46728411],[80.52938372,13.47561733],[80.52927619,13.47625283],[80.52905698,13.47752317],[80.528938,13.47819864],[80.52868349,13.47955965],[80.52813959,13.48235919],[80.5278575,13.48375706],[80.52604141,13.49243211],[80.52422569,13.50110549],[80.52240984,13.50977946],[80.52059411,13.5184529],[80.51877819,13.52712725],[80.51696235,13.53580124],[80.51514663,13.54447473],[80.51333088,13.55314832],[80.51151513,13.56182198],[80.50969947,13.57049522],[80.50788364,13.5791693],[80.50606782,13.58784336],[80.50425215,13.59651672],[80.50243641,13.60519043],[80.50062078,13.61386369],[80.49880507,13.6225373],[80.49698928,13.63121133],[80.49517356,13.63988505],[80.49335776,13.64855919],[80.4915423,13.65723171],[80.48972642,13.66590628],[80.48791064,13.67458044],[80.48609512,13.68325329],[80.48427923,13.69192797],[80.48246373,13.70060084],[80.48064799,13.70927486],[80.47883241,13.71794813],[80.47756901,13.72388715],[80.47701671,13.726622],[80.47622637,13.73022874],[80.47520113,13.73529536],[80.4733854,13.74396943],[80.47156977,13.75264301],[80.46975407,13.76131702],[80.46793835,13.76999108],[80.46612298,13.77866353],[80.46430725,13.78733774],[80.46249168,13.79601121],[80.46067604,13.804685],[80.45975099,13.80910425],[80.45940894,13.81382873],[80.45876136,13.82277338],[80.4581138,13.83171789],[80.45746627,13.84066211],[80.4568187,13.84960687],[80.45617119,13.85855095],[80.45552367,13.86749509],[80.45487611,13.87643999],[80.45422859,13.88538443],[80.45358108,13.8943288],[80.45293357,13.90327326],[80.45228609,13.91221736],[80.45163855,13.92116226],[80.45099108,13.93010645],[80.45034358,13.93905099],[80.4496961,13.94799533],[80.44904864,13.9569395],[80.44840114,13.9658844],[80.44775367,13.97482886],[80.44710623,13.98377308],[80.44645877,13.99271752],[80.4458113,14.00166219],[80.44516384,14.01060685],[80.44451643,14.01955093],[80.44386901,14.02849518],[80.44322158,14.03743971],[80.44257415,14.04638423],[80.44192674,14.05532859],[80.44127933,14.06427309],[80.44063193,14.07321741],[80.43998452,14.082162],[80.43933713,14.09110631],[80.43868973,14.10005096],[80.43804236,14.10899522],[80.43739497,14.11793988],[80.43674762,14.12688399],[80.43610026,14.13582839],[80.4354529,14.14477276],[80.43480551,14.15371778],[80.4341582,14.16266169],[80.43351084,14.17160636],[80.43286349,14.18055096],[80.43221617,14.18949518],[80.43156883,14.19843979],[80.43092151,14.20738424],[80.4302742,14.21632854],[80.42962694,14.22527238],[80.42897959,14.23421739],[80.42833232,14.24316148],[80.42768498,14.25210655],[80.42703773,14.26105053],[80.42639046,14.26999479],[80.42574317,14.27893935],[80.42509591,14.2878837],[80.42444866,14.29682797],[80.42380138,14.30577264],[80.42315413,14.31471713],[80.42250686,14.32366176],[80.42185964,14.33260602],[80.42121243,14.34155003],[80.42056516,14.35049506],[80.41991794,14.3594393],[80.41927072,14.36838382],[80.41862352,14.37732801],[80.41797631,14.38627248],[80.4173291,14.39521706],[80.41668194,14.40416103],[80.41603473,14.4131057],[80.41538753,14.42205027],[80.41474035,14.43099479],[80.41409316,14.43993941],[80.41344602,14.44888344],[80.41279885,14.45782797],[80.41215169,14.46677249],[80.41150455,14.47571675],[80.4108574,14.48466131],[80.41021025,14.49360577],[80.40956314,14.50254993],[80.40891601,14.5114943],[80.40826888,14.52043893],[80.40762177,14.52938318],[80.40697467,14.53832746],[80.40632755,14.54727212],[80.40568045,14.55621648],[80.40503335,14.56516109],[80.40486047,14.56791705],[80.4051792,14.57232047],[80.40539072,14.5765693],[80.40550987,14.58082155],[80.40554634,14.58294828],[80.40556463,14.58588644],[80.40556747,14.58669474],[80.40554524,14.58899524],[80.4054511,14.59337899],[80.40525878,14.5977597],[80.40496837,14.60213528],[80.40457999,14.60650365],[80.40419738,14.61001442],[80.40435538,14.61899569],[80.40451203,14.62790892],[80.40466869,14.63682216],[80.40482536,14.6457354],[80.40498203,14.65464864],[80.40513871,14.66356188],[80.40529539,14.67247512],[80.40545208,14.68138836],[80.40560877,14.69030159],[80.40576548,14.69921483],[80.40592218,14.70812808],[80.40607889,14.71704132],[80.40623561,14.72595456],[80.40639233,14.7348678],[80.40654906,14.74378104],[80.4067058,14.75269428],[80.40686254,14.76160752],[80.40701928,14.77052076],[80.40717603,14.779434],[80.40733279,14.78834724],[80.40748955,14.79726048],[80.40764632,14.80617372],[80.4078031,14.81508696],[80.40795988,14.8240002],[80.40811666,14.83291343],[80.40827345,14.84182667],[80.40843025,14.85073992],[80.40858705,14.85965316],[80.40874386,14.8685664],[80.40890067,14.87747965],[80.40905749,14.88639289],[80.40921432,14.89530613],[80.40937115,14.90421937],[80.40952798,14.91313261],[80.40968483,14.92204585],[80.40984167,14.93095909],[80.40999853,14.93987234],[80.41015539,14.94878558],[80.41031225,14.95769882],[80.41046912,14.96661206],[80.410626,14.97552529],[80.41078288,14.98443853],[80.41093977,14.99335179],[80.41109666,15.00226503],[80.41125356,15.01117827],[80.41141046,15.02009151],[80.41156737,15.02900476],[80.41172429,15.037918],[80.41188121,15.04683124],[80.41203814,15.05574448],[80.41219507,15.06465773],[80.41235201,15.07357097],[80.41250895,15.08248421],[80.4126659,15.09139745],[80.41282286,15.1003107],[80.41297982,15.10922394],[80.41313679,15.11813717],[80.41329376,15.12705042],[80.41345074,15.13596367],[80.41360773,15.14487691],[80.41376472,15.15379016],[80.41392171,15.1627034],[80.41407871,15.17161664],[80.41423572,15.18052989],[80.41439273,15.18944313],[80.41454975,15.19835638],[80.41470678,15.20726962],[80.41486381,15.21618286],[80.41502084,15.22509611],[80.41517788,15.23400935],[80.41533493,15.24292259],[80.41549198,15.25183583],[80.41564904,15.26074907],[80.41580611,15.26966233],[80.41596318,15.27857557],[80.41612025,15.28748882],[80.41627733,15.29640206],[80.41643442,15.30531531],[80.41659152,15.31422855],[80.41674861,15.3231418],[80.41690572,15.33205504],[80.41706283,15.34096829],[80.41719786,15.34862885],[80.42185538,15.35008365],[80.43043539,15.35276368],[80.43901539,15.3554437],[80.44759539,15.35812371],[80.45617539,15.36080373],[80.46475539,15.36348375],[80.47333539,15.36616378],[80.48191539,15.36884379],[80.49049539,15.37152381],[80.4990754,15.37420383],[80.5076554,15.37688386],[80.51623541,15.37956388],[80.52481541,15.3822439],[80.53339541,15.38492392],[80.54197541,15.38760393],[80.55055541,15.39028395],[80.55913543,15.39296398],[80.56771543,15.395644],[80.57629543,15.39832402],[80.58487544,15.40100404],[80.59345545,15.40368406],[80.60203546,15.40636408],[80.61061545,15.4090441],[80.61919546,15.41172412],[80.62777547,15.41440415],[80.63635548,15.41708417],[80.64493549,15.41976419],[80.6535155,15.42244421],[80.66209551,15.42512423],[80.67067552,15.42780425],[80.67925551,15.43048427],[80.68783552,15.43316429],[80.69641555,15.43584432],[80.70499556,15.43852434],[80.71357556,15.44120436],[80.72215558,15.44388438],[80.73073559,15.4465644],[80.7393156,15.44924443],[80.7478956,15.45192445],[80.75647561,15.45460447],[80.76505564,15.45728449],[80.77363565,15.45996451],[80.78221566,15.46264454],[80.79079568,15.46532456],[80.79937569,15.46800458],[80.80795569,15.4706846],[80.81653571,15.47336462],[80.82511574,15.47604465],[80.83369575,15.47872467],[80.84227576,15.48140469],[80.85085578,15.48408471],[80.85943579,15.48676474],[80.86801581,15.48944476],[80.87659582,15.49212478],[80.88517583,15.4948048],[80.89375586,15.49748483],[80.90233588,15.50016485],[80.9109159,15.50284487],[80.91949592,15.5055249],[80.92807593,15.50820492],[80.93665595,15.51088494],[80.94523596,15.51356496],[80.95381599,15.51624499],[80.96118958,15.51854818],[80.96408864,15.51885571],[80.96857198,15.51942743],[80.97304143,15.52009375],[80.97528107,15.52045199],[80.97749485,15.52085436],[80.98193013,15.52170888],[80.98634517,15.52265693],[80.99073787,15.52369804],[80.99510615,15.52483173],[80.99944793,15.52605745],[81.00376115,15.52737462],[81.00804377,15.52878263],[81.01019346,15.52951499],[81.01273083,15.53044652],[81.01781185,15.53238587],[81.02283851,15.53445419],[81.02780734,15.53665005],[81.03027686,15.53777966],[81.03675631,15.54084511],[81.03836067,15.54162081],[81.04155536,15.54319899],[81.04472147,15.54483044],[81.04785805,15.5465147],[81.04945381,15.54738966],[81.05108676,15.54811693],[81.05404858,15.54954042],[81.05552362,15.55026358],[81.07776802,15.56138416],[81.07992295,15.56249259],[81.08420542,15.56475826],[81.08635493,15.56592778],[81.08691819,15.56624512],[81.08788906,15.56679607],[81.0884671,15.5669799],[81.09060061,15.56768232],[81.09271687,15.56840389],[81.09467121,15.56909367],[81.09674337,15.56984939],[81.09903714,15.57071312],[81.10098505,15.57146867],[81.10288414,15.57222696],[81.10452117,15.57290478],[81.10828954,15.57434726],[81.11341761,15.57663003],[81.11747524,15.57856747],[81.12148838,15.58059017],[81.12545512,15.58269718],[81.12744868,15.58378394],[81.12942075,15.58491522],[81.13338212,15.58724525],[81.1373429,15.58969553],[81.1413026,15.59226923],[81.14489906,15.59471535],[81.14856506,15.59732272],[81.15211755,15.59996551],[81.15555978,15.60264259],[81.15729128,15.60401922],[81.15937789,15.60576126],[81.16355168,15.60934035],[81.16762486,15.61302677],[81.1715945,15.61681787],[81.17355307,15.61873923],[81.17875517,15.62398129],[81.17994946,15.62520507],[81.18231678,15.62767185],[81.18464115,15.63017671],[81.18692193,15.63271895],[81.18807642,15.63402826],[81.1894879,15.63569293],[81.19232261,15.63911009],[81.19507981,15.64258632],[81.19775819,15.64611997],[81.20035647,15.64970936],[81.20287341,15.65335279],[81.20530781,15.65704852],[81.20765851,15.6607948],[81.20883488,15.66271735],[81.2100795,15.66486425],[81.21255641,15.66926193],[81.2149195,15.67371804],[81.21716731,15.67822981],[81.21826222,15.68049926],[81.21889801,15.68186104],[81.21968098,15.68358068],[81.22121362,15.68703384],[81.22267937,15.69051416],[81.22407773,15.69402041],[81.22477642,15.69582347],[81.22551275,15.69784732],[81.22697154,15.70199761],[81.22833658,15.70617774],[81.22960721,15.71038571],[81.23078282,15.71461952],[81.23186285,15.71887715],[81.23268298,15.72223038],[81.23792523,15.72942533],[81.24313159,15.73657101],[81.24833794,15.74371667],[81.2535443,15.75086235],[81.25875067,15.75800803],[81.26395703,15.7651537],[81.2691634,15.77229937],[81.27436978,15.77944507],[81.27957616,15.78659074],[81.28478254,15.79373642],[81.28998893,15.80088211],[81.29519532,15.80802779],[81.30040173,15.81517348],[81.30219337,15.81763249],[81.30478353,15.81919457],[81.31244044,15.82381233],[81.32009736,15.8284301],[81.32775429,15.83304787],[81.33541122,15.83766564],[81.34306816,15.84228341],[81.35072508,15.84690118],[81.35838202,15.85151895],[81.36603895,15.85613672],[81.37369589,15.86075449],[81.38135283,15.86537226],[81.38900977,15.86999003],[81.39666671,15.8746078],[81.40432365,15.87922558],[81.41198059,15.88384335],[81.41963755,15.88846113],[81.42729449,15.8930789],[81.43495143,15.89769667],[81.44260838,15.90231445],[81.45026533,15.90693222],[81.45792229,15.91155],[81.46557925,15.91616778],[81.47323621,15.92078556],[81.48089315,15.92540333],[81.48855011,15.9300211],[81.49620707,15.93463888],[81.50386403,15.93925666],[81.511521,15.94387444],[81.51917796,15.94849222],[81.52683493,15.95310999],[81.5344919,15.95772777],[81.54214886,15.96234555],[81.54980584,15.96696334],[81.55746281,15.97158111],[81.56511978,15.9761989],[81.57277675,15.98081668],[81.58043373,15.98543446],[81.58809072,15.99005224],[81.59574769,15.99467002],[81.60340467,15.99928781],[81.61106165,16.00390559],[81.6156867,16.00672949],[81.61871864,16.00852337],[81.62179149,16.01041293],[81.62482727,16.01235293],[81.62637563,16.01314116],[81.63403261,16.01775894],[81.6416896,16.02237673],[81.64934659,16.02699451],[81.65700358,16.0316123],[81.66466058,16.03623009],[81.67231756,16.04084787],[81.67997456,16.04546566],[81.68763156,16.05008344],[81.69528856,16.05470123],[81.70294556,16.05931902],[81.71060256,16.06393681],[81.71825957,16.0685546],[81.72591656,16.07317238],[81.73357357,16.07779017],[81.74123058,16.08240796],[81.74888759,16.08702575],[81.75654461,16.09164355],[81.76420161,16.09626134],[81.77185862,16.10087913],[81.77951564,16.10549692],[81.78717266,16.11011471],[81.79448023,16.11452176],[81.80234913,16.11756738],[81.81068482,16.12079367],[81.81902051,16.12401996],[81.82735622,16.12724625],[81.83569192,16.13047254],[81.8440276,16.13369883],[81.85236331,16.13692512],[81.86069901,16.14015141],[81.86903471,16.1433777],[81.87737041,16.146604],[81.8857061,16.14983028],[81.89404181,16.15305658],[81.90237751,16.15628287],[81.91071321,16.15950916],[81.91904892,16.16273545],[81.92738462,16.16596174],[81.93572032,16.16918803],[81.94405603,16.17241433],[81.95239173,16.17564062],[81.96072744,16.17886691],[81.96906314,16.1820932],[81.97739885,16.18531949],[81.98573456,16.18854579],[81.99407027,16.19177208],[82.00240597,16.19499837],[82.01074168,16.19822467],[82.01907739,16.20145096],[82.0274131,16.20467725],[82.0357443,16.2079018],[82.03976569,16.20955365],[82.04773333,16.21301891],[82.05167956,16.21483231],[82.05976489,16.21875069],[82.06785467,16.22267124],[82.07594446,16.2265918],[82.08403425,16.23051235],[82.09212404,16.2344329],[82.10021382,16.23835345],[82.10830362,16.242274],[82.11639341,16.24619456],[82.1244832,16.25011511],[82.13257299,16.25403566],[82.14066279,16.25795621],[82.14875259,16.26187677],[82.15684239,16.26579732],[82.16493218,16.26971788],[82.17302197,16.27363842],[82.18111178,16.27755898],[82.18920158,16.28147954],[82.19729138,16.28540009],[82.20538118,16.28932064],[82.21347099,16.2932412],[82.22156079,16.29716176],[82.22965059,16.30108231],[82.2377404,16.30500287],[82.24583021,16.30892342],[82.25392002,16.31284398],[82.26200983,16.31676454],[82.27009964,16.32068509],[82.27818945,16.32460565],[82.28627926,16.3285262],[82.29436908,16.33244676],[82.30245888,16.33636732],[82.31054871,16.34028788],[82.31863852,16.34420844],[82.32672834,16.34812899],[82.33481816,16.35204955],[82.34290797,16.35597011],[82.35099779,16.35989067],[82.3590876,16.36381122],[82.36717744,16.36773179],[82.37526726,16.37165235],[82.38335708,16.37557291],[82.39144691,16.37949347],[82.39953673,16.38341403],[82.40762656,16.38733459],[82.41571188,16.39125296],[82.41838408,16.39259496],[82.42368728,16.39535294],[82.42634158,16.3967819],[82.4282731,16.39788464],[82.43215714,16.40015694],[82.435989,16.40251041],[82.43976685,16.40494394],[82.4434889,16.40745637],[82.44715338,16.41004651],[82.45075854,16.41271313],[82.45430268,16.41545496],[82.45608582,16.41686598],[82.45775165,16.41824328],[82.46110502,16.42107541],[82.46439493,16.4239761],[82.46761987,16.42694403],[82.47077836,16.42997784],[82.47386895,16.43307614],[82.47689022,16.43623752],[82.47984081,16.43946054],[82.48129825,16.44108726],[82.4872154,16.44783586],[82.4931357,16.45458806],[82.49905599,16.46134026],[82.50497628,16.46809244],[82.51089658,16.47484463],[82.51681689,16.48159684],[82.5227372,16.48834904],[82.52865751,16.49510123],[82.53457782,16.50185342],[82.54049814,16.50860562],[82.54641847,16.51535784],[82.5523388,16.52211004],[82.55825912,16.52886223],[82.56417945,16.53561444],[82.5700998,16.54236666],[82.57602014,16.54911886],[82.58194048,16.55587107],[82.58786083,16.56262327],[82.59378118,16.56937548],[82.59970155,16.57612771],[82.60562191,16.58287992],[82.61154226,16.58963212],[82.61746263,16.59638434],[82.623383,16.60313656],[82.62930338,16.60988879],[82.63522376,16.616641],[82.64114414,16.62339322],[82.64706453,16.63014545],[82.65298492,16.63689767],[82.65890531,16.6436499],[82.6648257,16.65040211],[82.6707461,16.65715434],[82.67666651,16.66390658],[82.68258692,16.67065881],[82.68850733,16.67741104],[82.69442774,16.68416326],[82.70034817,16.6909155],[82.7062686,16.69766774],[82.71218902,16.70441998],[82.71810944,16.7111722],[82.72402988,16.71792444],[82.72995032,16.72467668],[82.73587077,16.73142893],[82.74179121,16.73818117],[82.74771165,16.7449334],[82.75363211,16.75168565],[82.75955257,16.7584379],[82.76547303,16.76519015],[82.77139349,16.77194239],[82.77731395,16.77869464],[82.78323443,16.78544689],[82.78915491,16.79219915],[82.79507538,16.79895139],[82.80099586,16.80570364],[82.80691635,16.8124559],[82.81283684,16.81920816],[82.81875734,16.82596041],[82.82467783,16.83271267],[82.83059834,16.83946493],[82.83651884,16.84621719],[82.84243935,16.85296946],[82.84835986,16.85972172],[82.85428038,16.86647398],[82.8602009,16.87322625],[82.86612142,16.87997852],[82.87204195,16.88673078],[82.87796248,16.89348305],[82.88388302,16.90023533],[82.88980355,16.9069876],[82.8957241,16.91373987],[82.90164464,16.92049214],[82.90756519,16.92724442],[82.91348575,16.9339967],[82.9194063,16.94074897],[82.92532686,16.94750125],[82.93124743,16.95425353],[82.937168,16.96100581],[82.94308857,16.9677581],[82.94900914,16.97451037],[82.95492972,16.98126266],[82.96085031,16.98801496],[82.9667709,16.99476724],[82.97269149,17.00151953],[82.97861208,17.00827181],[82.98453268,17.01502411],[82.99045329,17.02177641],[82.99637389,17.02852869],[83.00229449,17.03528098],[83.00821511,17.04203328],[83.01413573,17.04878559],[83.02005635,17.05553788],[83.02597697,17.06229018],[83.0318976,17.06904247],[83.03781823,17.07579478],[83.04373887,17.08254709],[83.04965951,17.08929939],[83.05558015,17.09605169],[83.0615008,17.102804],[83.06742146,17.10955632],[83.07334211,17.11630862],[83.07926276,17.12306092],[83.08518342,17.12981324],[83.0911041,17.13656556],[83.09702477,17.14331787],[83.10294544,17.15007018],[83.10886611,17.15682249],[83.11478679,17.16357481],[83.12070748,17.17032714],[83.12662817,17.17707946],[83.13254885,17.18383177],[83.13846955,17.1905841],[83.14439026,17.19733643],[83.15031096,17.20408876],[83.15623167,17.21084108],[83.16215237,17.2175934],[83.16807309,17.22434573],[83.17399381,17.23109807],[83.17991454,17.2378504],[83.18583525,17.24460272],[83.19175598,17.25135505],[83.19767672,17.25810739],[83.20359746,17.26485973],[83.20951821,17.27161207],[83.21543894,17.2783644],[83.22135969,17.28511674],[83.22728045,17.29186909],[83.23320121,17.29862143],[83.23912196,17.30537376],[83.24504272,17.31212611],[83.2509635,17.31887846],[83.25688427,17.32563081],[83.26280504,17.33238315],[83.26872582,17.3391355],[83.2746466,17.34588785],[83.28056739,17.35264021],[83.28648818,17.35939256],[83.29240897,17.36614491],[83.29832977,17.37289726],[83.30425057,17.37964962],[83.31017138,17.38640199],[83.31609219,17.39315434],[83.322013,17.3999067],[83.32793382,17.40665906],[83.33385464,17.41341143],[83.33977547,17.42016379],[83.34569629,17.42691615],[83.35161712,17.43366852],[83.35753796,17.44042089],[83.36295381,17.44659734],[83.36921942,17.45154798],[83.37624246,17.45709708],[83.3832655,17.46264617],[83.39028854,17.46819527],[83.39731159,17.47374437],[83.40433463,17.47929346],[83.41135767,17.48484256],[83.41838073,17.49039167],[83.42540378,17.49594076],[83.43242683,17.50148986],[83.43944989,17.50703896],[83.44647295,17.51258806],[83.45349602,17.51813717],[83.46051908,17.52368627],[83.46754215,17.52923538],[83.47456522,17.53478448],[83.48158829,17.54033359],[83.48861138,17.5458827],[83.49563445,17.5514318],[83.50265753,17.55698091],[83.50968062,17.56253002],[83.5167037,17.56807913],[83.52372678,17.57362824],[83.53074987,17.57917735],[83.53777297,17.58472646],[83.54479607,17.59027558],[83.55181915,17.59582468],[83.55884225,17.6013738],[83.56586536,17.60692291],[83.57288847,17.61247203],[83.57991158,17.61802115],[83.58693468,17.62357026],[83.59395779,17.62911938],[83.60098092,17.6346685],[83.60800403,17.64021762],[83.61502715,17.64576674],[83.62205027,17.65131586],[83.62907339,17.65686498],[83.63609653,17.6624141],[83.64311965,17.66796322],[83.65014278,17.67351234],[83.65716591,17.67906147],[83.66418905,17.68461059],[83.6712122,17.69015972],[83.67823533,17.69570885],[83.68525848,17.70125797],[83.69228162,17.7068071],[83.69930477,17.71235623],[83.70632793,17.71790536],[83.71335108,17.72345449],[83.72037424,17.72900362],[83.7273974,17.73455275],[83.73442056,17.74010188],[83.74144372,17.74565101],[83.74846689,17.75120015],[83.75549006,17.75674928],[83.76251323,17.76229842],[83.7695364,17.76784755],[83.77655958,17.77339669],[83.78358276,17.77894582],[83.79060594,17.78449496],[83.79762913,17.7900441],[83.80465231,17.79559324],[83.8116755,17.80114238],[83.81869869,17.80669152],[83.82572188,17.81224066],[83.83274292,17.8177881],[83.83339366,17.81830647],[83.83432387,17.81906242],[83.83938812,17.82322646],[83.84092132,17.82436547],[83.8425404,17.82559287],[83.84594408,17.82822562],[83.84694626,17.82901062],[83.84756441,17.82950094],[83.84805602,17.82989331],[83.84859631,17.83033019],[83.85075274,17.83208576],[83.8523054,17.83326703],[83.85381684,17.83443894],[83.86083789,17.83998638],[83.86786109,17.84553552],[83.8748843,17.85108467],[83.88190751,17.85663381],[83.88893074,17.86218297],[83.89595395,17.86773211],[83.90297717,17.87328126],[83.9100004,17.87883042],[83.91702362,17.88437956],[83.92404685,17.88992872],[83.93107008,17.89547787],[83.93809332,17.90102702],[83.94511656,17.90657618],[83.95213979,17.91212533],[83.95916303,17.91767448],[83.96618627,17.92322364],[83.97320952,17.9287728],[83.98023277,17.93432195],[83.98725601,17.93987111],[83.99427927,17.94542027],[84.00130253,17.95096943],[84.00832578,17.95651859],[84.01534905,17.96206775],[84.02237231,17.96761691],[84.02939557,17.97316607],[84.03641885,17.97871524],[84.04344211,17.9842644],[84.05046539,17.98981357],[84.05748866,17.99536273],[84.06451194,18.0009119],[84.07153523,18.00646107],[84.0785585,18.01201023],[84.08558179,18.0175594],[84.09260508,18.02310857],[84.09962836,18.02865774],[84.10665166,18.03420691],[84.11367495,18.03975608],[84.12069825,18.04530525],[84.12772156,18.05085443],[84.13474486,18.0564036],[84.14176816,18.06195277],[84.14879147,18.06750195],[84.15581478,18.07305112],[84.1628381,18.0786003],[84.16986141,18.08414948],[84.17688472,18.08969865],[84.18390805,18.09524784],[84.19093137,18.10079701],[84.19795469,18.10634619],[84.20497802,18.11189537],[84.21200135,18.11744455],[84.21902469,18.12299374],[84.22604802,18.12854292],[84.23307136,18.1340921],[84.2400947,18.13964129],[84.24711585,18.14518874],[84.24787344,18.14579336],[84.25342565,18.15028393],[84.25502951,18.15150444],[84.25858644,18.15427195],[84.2597729,18.15520894],[84.26060796,18.15588541],[84.26253678,18.15746446],[84.2636012,18.15833591],[84.26650471,18.16053557],[84.268456,18.16205044],[84.26915058,18.16260342],[84.27068945,18.16385619],[84.27350381,18.16619267],[84.27627446,18.16857645],[84.27892763,18.1710989],[84.27998147,18.1720006],[84.2816565,18.17351091],[84.28234171,18.17413985],[84.28448096,18.17616839],[84.28689777,18.17857435],[84.28745032,18.17913418],[84.28941006,18.18120752],[84.29056493,18.18244414],[84.2967779,18.18896379],[84.30285989,18.19543814],[84.30894189,18.20191249],[84.31502388,18.20838684],[84.3211059,18.2148612],[84.3271879,18.22133555],[84.33326991,18.22780991],[84.33935193,18.23428427],[84.34543394,18.24075863],[84.35151596,18.24723299],[84.35759798,18.25370734],[84.36368001,18.26018171],[84.36976205,18.26665608],[84.37584408,18.27313044],[84.38192612,18.27960481],[84.38800816,18.28607918],[84.3940902,18.29255354],[84.40017225,18.29902791],[84.4062543,18.30550228],[84.41233636,18.31197665],[84.41841842,18.31845103],[84.42450048,18.3249254],[84.43058255,18.33139977],[84.43666463,18.33787416],[84.44274669,18.34434853],[84.44882877,18.35082291],[84.45491085,18.35729728],[84.46099294,18.36377166],[84.46707503,18.37024605],[84.47315712,18.37672043],[84.47923921,18.38319481],[84.48532132,18.3896692],[84.49140341,18.39614358],[84.49748551,18.40261797],[84.50356763,18.40909236],[84.50964974,18.41556675],[84.51572816,18.4220372],[84.51684245,18.42324255],[84.51905075,18.42567011],[84.52017503,18.42692671],[84.52097026,18.4278414],[84.52260904,18.42974917],[84.5234223,18.43070784],[84.52912641,18.4375165],[84.53483389,18.44432917],[84.54054137,18.45114184],[84.54624887,18.45795453],[84.55195637,18.46476721],[84.55766387,18.47157989],[84.56337137,18.47839257],[84.56907888,18.48520526],[84.57478639,18.49201794],[84.5804939,18.49883063],[84.58620142,18.50564332],[84.59190895,18.51245601],[84.59761647,18.5192687],[84.60332401,18.52608139],[84.60903155,18.53289409],[84.61473908,18.53970678],[84.62044662,18.54651947],[84.62615417,18.55333217],[84.63186172,18.56014487],[84.63756928,18.56695757],[84.64327684,18.57377027],[84.6489844,18.58058296],[84.65469197,18.58739567],[84.66039954,18.59420838],[84.66610711,18.60102108],[84.67181469,18.60783379],[84.67752228,18.6146465],[84.68322986,18.62145921],[84.68893745,18.62827191],[84.69464505,18.63508463],[84.70035265,18.64189735],[84.70269546,18.64469377],[84.70568357,18.64659367],[84.71325866,18.65141005],[84.72083375,18.65622643],[84.72840885,18.66104281],[84.73598395,18.6658592],[84.74355905,18.67067559],[84.75113415,18.67549197],[84.75870925,18.68030835],[84.76628435,18.68512474],[84.77385946,18.68994113],[84.78143457,18.69475751],[84.78900968,18.6995739],[84.7965848,18.70439029],[84.8041599,18.70920667],[84.81173501,18.71402306],[84.81931013,18.71883945],[84.82688526,18.72365585],[84.83446038,18.72847224],[84.8420355,18.73328863],[84.84961062,18.73810502],[84.85718575,18.74292141],[84.86476087,18.7477378],[84.87233601,18.7525542],[84.87991114,18.75737059],[84.88748627,18.76218698],[84.8950614,18.76700337],[84.90263653,18.77181977],[84.91021168,18.77663617],[84.91778683,18.78145256],[84.92536196,18.78626896],[84.9329371,18.79108535],[84.94051225,18.79590175],[84.9480874,18.80071815],[84.95566255,18.80553455],[84.9632377,18.81035095],[84.97081285,18.81516734],[84.978388,18.81998374],[84.98596316,18.82480014],[84.99353833,18.82961655],[85.00111348,18.83443294],[85.00868864,18.83924934],[85.01626381,18.84406574],[85.02383897,18.84888215],[85.03141414,18.85369855],[85.03898931,18.85851496],[85.04656449,18.86333136],[85.05413965,18.86814776],[85.06171483,18.87296416],[85.06929,18.87778057],[85.07686519,18.88259698],[85.08444037,18.88741339],[85.09201554,18.89222979],[85.09959072,18.89704619],[85.10716591,18.9018626],[85.1147411,18.90667901],[85.12231629,18.91149542],[85.12989149,18.91631183],[85.13746667,18.92112824],[85.14504186,18.92594465],[85.15261706,18.93076106],[85.16019227,18.93557747],[85.16776747,18.94039388],[85.17534266,18.94521029],[85.18291786,18.9500267],[85.19049306,18.95484311],[85.19806827,18.95965952],[85.20564349,18.96447595],[85.2132187,18.96929236],[85.22079391,18.97410877],[85.22836912,18.97892518],[85.23594434,18.9837416],[85.24351956,18.98855802],[85.25109478,18.99337444],[85.25867,18.99819085],[85.26624522,19.00300727],[85.27382045,19.00782368],[85.28139567,19.0126401],[85.2889709,19.01745652],[85.29654614,19.02227294],[85.30412137,19.02708936],[85.3116966,19.03190578],[85.31927184,19.0367222],[85.32684708,19.04153863],[85.33442232,19.04635505],[85.34199755,19.05117147],[85.3495728,19.05598789],[85.35714804,19.06080431],[85.36472329,19.06562074],[85.37229855,19.07043716],[85.3798738,19.07525359],[85.38744904,19.08007001],[85.39502429,19.08488643],[85.40259955,19.08970286],[85.41017482,19.09451929],[85.41775008,19.09933572],[85.42532533,19.10415214],[85.43290059,19.10896857],[85.44047586,19.113785],[85.44805113,19.11860143],[85.4556264,19.12341786],[85.46320167,19.12823429],[85.47077694,19.13305072],[85.47835221,19.13786715],[85.48592748,19.14268357],[85.49350277,19.14750001],[85.50107805,19.15231645],[85.50865333,19.15713287],[85.51622861,19.16194931],[85.5238039,19.16676574],[85.53137918,19.17158218],[85.53895448,19.17639861],[85.54652977,19.18121505],[85.55410506,19.18603148],[85.56168035,19.19084792],[85.56925565,19.19566435],[85.57683094,19.20048079],[85.58440625,19.20529723],[85.59198155,19.21011367],[85.59955685,19.2149301],[85.60713215,19.21974654],[85.61470746,19.22456298],[85.62228278,19.22937943],[85.62985809,19.23419587],[85.63743339,19.2390123],[85.64500871,19.24382874],[85.65258402,19.24864519],[85.66015934,19.25346163],[85.66773467,19.25827808],[85.67530999,19.26309452],[85.6828853,19.26791095],[85.69046063,19.2727274],[85.69803596,19.27754385],[85.7056113,19.2823603],[85.71318663,19.28717674],[85.72076195,19.29199318],[85.72833729,19.29680963],[85.73591262,19.30162608],[85.74348796,19.30644252],[85.75106331,19.31125898],[85.75863865,19.31607543],[85.76621399,19.32089187],[85.77378933,19.32570832],[85.78136468,19.33052477],[85.78894004,19.33534122],[85.79651539,19.34015768],[85.80409073,19.34497412],[85.81166609,19.34979057],[85.81924145,19.35460703],[85.8268168,19.35942348],[85.83439217,19.36423994],[85.84196753,19.36905639],[85.84954289,19.37387284],[85.85711826,19.37868929],[85.86469362,19.38350575],[85.87226899,19.38832221],[85.87984437,19.39313866],[85.88741974,19.39795512],[85.89499511,19.40277158],[85.90257049,19.40758803],[85.91014587,19.41240449],[85.91772125,19.41722095],[85.92529664,19.42203741],[85.93287201,19.42685387],[85.9404474,19.43167033],[85.94802279,19.43648679],[85.95559818,19.44130325],[85.96317358,19.44611972],[85.97074896,19.45093617],[85.97832435,19.45575263],[85.98589975,19.4605691],[85.99347515,19.46538556],[86.00105056,19.47020203],[86.00862596,19.47501849],[86.01620136,19.47983495],[86.02377677,19.48465142],[86.03135217,19.48946789],[86.03892759,19.49428436],[86.046503,19.49910082],[86.05407841,19.50391729],[86.06165382,19.50873375],[86.06922924,19.51355022],[86.07680466,19.51836669],[86.08438009,19.52318316],[86.09195551,19.52799963],[86.09953093,19.5328161],[86.10710636,19.53763257],[86.11468178,19.54244904],[86.12225722,19.54726552],[86.12983265,19.55208199],[86.13740808,19.55689846],[86.14498352,19.56171493],[86.15255895,19.5665314],[86.16013439,19.57134788],[86.16770984,19.57616435],[86.17528528,19.58098083],[86.18286072,19.5857973],[86.19043617,19.59061378],[86.19801162,19.59543025],[86.20558708,19.60024674],[86.21316253,19.60506321],[86.22073798,19.60987969],[86.22831343,19.61469617],[86.23588889,19.61951264],[86.24346435,19.62432912],[86.25103982,19.62914561],[86.25861528,19.63396209],[86.26619073,19.63877856],[86.2737662,19.64359504],[86.28134168,19.64841153],[86.28891715,19.65322801],[86.29649263,19.6580445],[86.30406809,19.66286098],[86.31164357,19.66767746],[86.31921905,19.67249394],[86.32679453,19.67731043],[86.33437002,19.68212692],[86.3419455,19.6869434],[86.34952098,19.69175988],[86.35709646,19.69657637],[86.36467195,19.70139285],[86.37224746,19.70620935],[86.37982295,19.71102584],[86.38739844,19.71584232],[86.39497393,19.72065881],[86.40254943,19.7254753],[86.41012493,19.73029179],[86.41770044,19.73510829],[86.42527595,19.73992478],[86.43285145,19.74474126],[86.44042695,19.74955776],[86.44800246,19.75437425],[86.45557797,19.75919074],[86.46315349,19.76400724],[86.47072901,19.76882373],[86.47830452,19.77364022],[86.48588004,19.77845672],[86.49345034,19.78326989],[86.49576373,19.7847831],[86.50034749,19.78786693],[86.50484349,19.79106453],[86.50924858,19.79437366],[86.51146102,19.79608198],[86.51310791,19.79741623],[86.51643744,19.80016985],[86.51970576,19.80298846],[86.52291146,19.80587085],[86.52449847,19.80732781],[86.53102618,19.81344633],[86.5375583,19.81956897],[86.54409042,19.82569161],[86.55062255,19.83181426],[86.55715467,19.8379369],[86.5636868,19.84405955],[86.57021894,19.8501822],[86.57675108,19.85630485],[86.58328322,19.8624275],[86.58981536,19.86855015],[86.59634751,19.8746728],[86.60287966,19.88079545],[86.60941181,19.88691811],[86.61594397,19.89304076],[86.62247613,19.89916342],[86.62900829,19.90528607],[86.63554046,19.91140873],[86.64207263,19.91753139],[86.6486048,19.92365405],[86.65513698,19.92977671],[86.66166916,19.93589937],[86.66820134,19.94202203],[86.67473353,19.9481447],[86.68126572,19.95426736],[86.68779791,19.96039003],[86.6943279,19.96651062],[86.69506943,19.96721252],[86.69764499,19.96967451],[86.7000677,19.97189833],[86.70171379,19.97344256],[86.70420639,19.97583242],[86.70644835,19.97788216],[86.70739673,19.9787601],[86.71392672,19.9848807],[86.72045893,19.99100337],[86.72699114,19.99712604],[86.73352337,20.00324872],[86.74005558,20.00937139],[86.7465878,20.01549407],[86.75312003,20.02161674],[86.75965226,20.02773942],[86.76618449,20.0338621],[86.77271673,20.03998477],[86.77924897,20.04610745],[86.78578121,20.05223013],[86.79231346,20.05835282],[86.79884571,20.0644755],[86.80537796,20.07059818],[86.81191022,20.07672087],[86.81844248,20.08284356],[86.82497474,20.08896624],[86.83150701,20.09508893],[86.83803928,20.10121162],[86.84457155,20.10733431],[86.85110382,20.113457],[86.8576361,20.11957969],[86.86416839,20.12570238],[86.87070068,20.13182508],[86.87723296,20.13794777],[86.88376526,20.14407047],[86.89029755,20.15019316],[86.89682985,20.15631586],[86.90336215,20.16243856],[86.90989446,20.16856126],[86.91642677,20.17468396],[86.92295908,20.18080666],[86.9294914,20.18692936],[86.93602372,20.19305207],[86.94255155,20.19917057],[86.9442311,20.20078049],[86.94755151,20.20403556],[86.95079366,20.20736026],[86.95395591,20.21075292],[86.95555068,20.212504],[86.95667293,20.21378668],[86.9589611,20.21644642],[86.96120096,20.21914257],[86.96339185,20.22187437],[86.96447497,20.22324907],[86.96990598,20.23026579],[86.97534042,20.23728695],[86.98077487,20.2443081],[86.98620932,20.25132926],[86.99164378,20.25835042],[86.99707824,20.26537159],[87.00251271,20.27239276],[87.00794717,20.27941391],[87.01338165,20.28643508],[87.01881612,20.29345625],[87.02425061,20.30047742],[87.02531953,20.30205477],[87.02752775,20.30476043],[87.02968509,20.30749858],[87.03296542,20.31185743],[87.03511959,20.31451976],[87.04055409,20.32154094],[87.04598858,20.3285621],[87.05142309,20.33558328],[87.05685759,20.34260445],[87.0622921,20.34962563],[87.06772663,20.35664681],[87.07316115,20.363668],[87.07859568,20.37068918],[87.08403021,20.37771036],[87.08946474,20.38473154],[87.09489928,20.39175273],[87.10033383,20.39877392],[87.10576838,20.4057951],[87.11120293,20.4128163],[87.11663749,20.41983749],[87.12207205,20.42685868],[87.12750662,20.43387987],[87.13294118,20.44090106],[87.13837576,20.44792226],[87.14381034,20.45494346],[87.14924493,20.46196467],[87.15467952,20.46898587],[87.16011411,20.47600707],[87.16554871,20.48302827],[87.17098331,20.49004948],[87.17641792,20.49707068],[87.18185253,20.50409189],[87.18728715,20.51111311],[87.19272177,20.51813432],[87.19815639,20.52515552],[87.20359102,20.53217673],[87.20902565,20.53919794],[87.21446029,20.54621916],[87.21989493,20.55324038],[87.22532959,20.56026161],[87.23076424,20.56728283],[87.23619889,20.57430404],[87.23898708,20.5779062],[87.24233523,20.57921909],[87.25070622,20.58250155],[87.25907721,20.585784],[87.26744819,20.58906646],[87.27581918,20.59234891],[87.28419018,20.59563137],[87.29256118,20.59891383],[87.30093217,20.60219629],[87.30930315,20.60547874],[87.31767415,20.6087612],[87.32604516,20.61204366],[87.33441615,20.61532612],[87.34278716,20.61860858],[87.35115814,20.62189103],[87.35952914,20.62517349],[87.36790015,20.62845595],[87.37627115,20.63173841],[87.38464215,20.63502087],[87.39301315,20.63830333],[87.40138415,20.64158579],[87.40975516,20.64486825],[87.41812616,20.64815071],[87.42649717,20.65143317],[87.43486817,20.65471563],[87.44323917,20.65799808],[87.45161018,20.66128055],[87.4599812,20.66456301],[87.4683522,20.66784547],[87.4767232,20.67112792],[87.48509421,20.67441039],[87.49346523,20.67769285],[87.50183624,20.68097531],[87.51020724,20.68425777],[87.51857826,20.68754023],[87.52694928,20.69082269],[87.53532029,20.69410516],[87.54369131,20.69738762],[87.55206231,20.70067007],[87.56043333,20.70395254],[87.56880435,20.707235],[87.57717537,20.71051746],[87.58554639,20.71379993],[87.59391739,20.71708238],[87.60228842,20.72036485],[87.61065945,20.72364731],[87.61903046,20.72692977],[87.62740149,20.73021224],[87.6357725,20.7334947],[87.64414352,20.73677716],[87.65251456,20.74005963],[87.66088558,20.74334209],[87.6692566,20.74662455],[87.67762762,20.74990701],[87.68599865,20.75318948],[87.69436968,20.75647195],[87.70274071,20.75975441],[87.71111174,20.76303687],[87.71948276,20.76631933],[87.72785379,20.7696018],[87.73622483,20.77288427],[87.74459586,20.77616673],[87.75296689,20.7794492],[87.76133791,20.78273166],[87.76970895,20.78601412],[87.77807999,20.78929659],[87.78645102,20.79257906],[87.79482206,20.79586152],[87.80319309,20.79914398],[87.81156412,20.80242645],[87.81993517,20.80570892],[87.82830621,20.80899139],[87.83667724,20.81227385],[87.84504828,20.81555631],[87.85341932,20.81883878],[87.86179037,20.82212125],[87.87016141,20.82540372],[87.87853245,20.82868618],[87.88690349,20.83196865],[87.89527453,20.83525111],[87.90364558,20.83853358],[87.91201663,20.84181605],[87.92038767,20.84509852],[87.92875871,20.84838098],[87.93712976,20.85166345],[87.94550082,20.85494592],[87.95387186,20.85822839],[87.9622429,20.86151086],[87.97061395,20.86479332],[87.97898501,20.86807579],[87.98735607,20.87135826],[87.99572712,20.87464073],[88.00409816,20.8779232],[88.01246921,20.88120567],[88.02084027,20.88448814],[88.02921133,20.88777061],[88.03758239,20.89105308],[88.04595343,20.89433554],[88.05432449,20.89761801],[88.06269556,20.90090049],[88.07106661,20.90418296],[88.07943768,20.90746543],[88.08780873,20.91074789],[88.09617978,20.91403036],[88.10455086,20.91731284],[88.11292192,20.92059531],[88.12129298,20.92387778],[88.12966404,20.92716025],[88.1380351,20.93044272],[88.14640617,20.93372519],[88.15477724,20.93700766],[88.1631483,20.94029013],[88.17151936,20.9435726],[88.17989043,20.94685507],[88.18826151,20.95013755],[88.19663258,20.95342002],[88.20500365,20.95670249],[88.2133747,20.95998496],[88.22174578,20.96326743],[88.23011686,20.96654991],[88.23848793,20.96983238],[88.24685901,20.97311486],[88.25523007,20.97639732],[88.26360114,20.9796798],[88.27197223,20.98296227],[88.28034331,20.98624475],[88.28871438,20.98952722],[88.29708545,20.99280969],[88.30545653,20.99609216],[88.31382762,20.99937464],[88.3221987,21.00265712],[88.33056977,21.00593959],[88.33894085,21.00922206],[88.34731193,21.01250453],[88.35568302,21.01578701],[88.3640541,21.01906949],[88.37242519,21.02235196],[88.38079626,21.02563443],[88.38916735,21.02891691],[88.39753844,21.03219939],[88.40590953,21.03548186],[88.41428062,21.03876434],[88.4226517,21.04204681],[88.43102278,21.04532928],[88.43939388,21.04861176],[88.44776497,21.05189424],[88.45613605,21.05517671],[88.46450715,21.05845919],[88.47287824,21.06174167],[88.48124934,21.06502415],[88.48962043,21.06830662],[88.49799151,21.07158909],[88.50636261,21.07487157],[88.51473372,21.07815405],[88.52310481,21.08143653],[88.53147591,21.08471901],[88.539847,21.08800148],[88.5482181,21.09128396],[88.55658921,21.09456644],[88.56496031,21.09784892],[88.57333141,21.10113139],[88.5817025,21.10441387],[88.5900736,21.10769635],[88.59844472,21.11097883],[88.60681582,21.11426131],[88.61518692,21.11754379],[88.62355802,21.12082626],[88.63192912,21.12410874],[88.64030024,21.12739122],[88.64867135,21.1306737],[88.65704245,21.13395618],[88.66541355,21.13723866],[88.67378466,21.14052114],[88.68215578,21.14380362],[88.68808499,21.14612858],[88.69052689,21.1470861],[88.698898,21.15036858],[88.70726911,21.15365106],[88.71564022,21.15693354],[88.72401134,21.16021602],[88.73238246,21.1634985],[88.74075357,21.16678098],[88.74912468,21.17006346],[88.75749579,21.17334594],[88.76586692,21.17662843],[88.77423804,21.17991091],[88.78260915,21.18319339],[88.79098027,21.18647587],[88.79935138,21.18975835],[88.80771647,21.19303846],[88.80996779,21.19394969],[88.8144477,21.19582016],[88.81667627,21.1967794],[88.82476739,21.20036743],[88.83286441,21.20395807],[88.84096143,21.20754871],[88.84905845,21.21113935],[88.85715549,21.21472999],[88.86525252,21.21832063],[88.87334954,21.22191127],[88.88144656,21.22550191],[88.88954359,21.22909255],[88.89764063,21.2326832],[88.90573766,21.23627384],[88.91383468,21.23986448],[88.92193172,21.24345512],[88.93002876,21.24704577],[88.9381258,21.25063641],[88.94622283,21.25422706],[88.95431986,21.2578177],[88.9624169,21.26140834],[88.97051394,21.26499899],[88.97861098,21.26858963],[88.98670802,21.27218028],[88.99480506,21.27577092],[89.0029021,21.27936156],[89.01099915,21.28295221],[89.01909619,21.28654286],[89.02719324,21.2901335],[89.03529028,21.29372414],[89.04338732,21.29731479],[89.05148438,21.30090544],[89.05958143,21.30449608],[89.06767848,21.30808673],[89.07577552,21.31167737],[89.08387257,21.31526802],[89.09196963,21.31885867],[89.10006668,21.32244932],[89.10816374,21.32603996],[89.11626078,21.32963061],[89.12435784,21.33322125],[89.13245491,21.33681191],[89.14055197,21.34040256],[89.14864902,21.3439932],[89.15674607,21.34758385],[89.16484313,21.3511745],[89.1729402,21.35476515],[89.18103727,21.3583558],[89.18913433,21.36194645],[89.19566037,21.36484042],[89.21609354,21.23359791],[89.22802023,21.15699264],[89.2240591,21.15523652],[89.21595796,21.15164496],[89.20785684,21.14805343],[89.19975575,21.14446189],[89.19165464,21.14087036],[89.18355354,21.13727882],[89.17545241,21.13368727],[89.16735131,21.13009573],[89.15925023,21.1265042],[89.15114913,21.12291267],[89.14304803,21.11932113],[89.13494691,21.11572958],[89.12684582,21.11213805],[89.11874475,21.10854652],[89.11064365,21.10495499],[89.10254257,21.10136345],[89.09444146,21.09777191],[89.08634038,21.09418037],[89.07823931,21.09058885],[89.07013823,21.08699732],[89.06203715,21.08340578],[89.05393605,21.07981424],[89.04583498,21.07622271],[89.03773392,21.07263119],[89.02963285,21.06903966],[89.02153178,21.06544812],[89.01343069,21.06185658],[89.00532963,21.05826506],[88.99722858,21.05467353],[88.98912752,21.051082],[88.98102644,21.04749047],[88.97292538,21.04389894],[88.96482434,21.04030742],[88.95672328,21.03671589],[88.94862223,21.03312436],[88.94052116,21.02953283],[88.93242011,21.0259413],[88.92431908,21.02234978],[88.91621804,21.01875826],[88.90812875,21.01517194],[88.90664837,21.01452527],[88.90367982,21.01324784],[88.90219168,21.01261708],[88.89622437,21.01012613],[88.89472871,21.00951135],[88.89172999,21.00829786],[88.89022697,21.00769916],[88.88186449,21.0044207],[88.87349,21.00113754],[88.86511551,20.99785438],[88.85674102,20.99457121],[88.84836653,20.99128804],[88.83999201,20.98800487],[88.83161752,20.9847217],[88.82324304,20.98143854],[88.81486856,20.97815538],[88.80649407,20.97487222],[88.79811956,20.97158904],[88.78974508,20.96830588],[88.78137062,20.96502272],[88.77299613,20.96173955],[88.76909423,20.96020984],[88.76462165,20.95845639],[88.75624716,20.95517322],[88.74787267,20.95189006],[88.73949822,20.9486069],[88.73112375,20.94532374],[88.72274926,20.94204057],[88.71437478,20.93875741],[88.70600031,20.93547425],[88.69762585,20.93219109],[88.68925139,20.92890793],[88.68087692,20.92562477],[88.67250244,20.9223416],[88.66412797,20.91905844],[88.65575352,20.91577528],[88.64737907,20.91249213],[88.63900461,20.90920897],[88.63063013,20.9059258],[88.62225568,20.90264264],[88.61388124,20.89935949],[88.60550678,20.89607633],[88.59713233,20.89279317],[88.58875786,20.88951001],[88.5803834,20.88622685],[88.57200898,20.8829437],[88.56363454,20.87966054],[88.55526008,20.87637738],[88.54688563,20.87309422],[88.53851118,20.86981106],[88.53013676,20.86652791],[88.52176232,20.86324476],[88.51338786,20.85996159],[88.50501343,20.85667844],[88.49663901,20.85339529],[88.48826457,20.85011213],[88.47989014,20.84682898],[88.47151569,20.84354582],[88.46314125,20.84026266],[88.45476685,20.83697952],[88.44639243,20.83369637],[88.43801799,20.83041321],[88.42964356,20.82713005],[88.42126913,20.8238469],[88.41289472,20.82056375],[88.40452031,20.8172806],[88.39614589,20.81399745],[88.38777145,20.81071429],[88.37939704,20.80743114],[88.37102263,20.80414799],[88.36264823,20.80086484],[88.35427382,20.79758169],[88.34589938,20.79429853],[88.33752498,20.79101538],[88.32915059,20.78773224],[88.32077618,20.78444909],[88.31240178,20.78116594],[88.30402736,20.77788279],[88.29565295,20.77459964],[88.28727857,20.7713165],[88.27890417,20.76803335],[88.27052977,20.7647502],[88.26215536,20.76146704],[88.25378096,20.7581839],[88.24540658,20.75490075],[88.2370322,20.75161761],[88.22865781,20.74833446],[88.2202834,20.74505131],[88.21190901,20.74176816],[88.20353464,20.73848502],[88.19516026,20.73520188],[88.18678587,20.73191873],[88.17841146,20.72863558],[88.17003709,20.72535244],[88.16166273,20.7220693],[88.15328834,20.71878615],[88.14491397,20.71550301],[88.13653958,20.71221986],[88.1281652,20.70893671],[88.11979085,20.70565358],[88.11141648,20.70237044],[88.1030421,20.69908729],[88.09466772,20.69580415],[88.08629336,20.692521],[88.07791901,20.68923787],[88.06954465,20.68595473],[88.06117028,20.68267158],[88.0527959,20.67938844],[88.04442154,20.6761053],[88.03604719,20.67282216],[88.02767284,20.66953902],[88.01929847,20.66625588],[88.01092411,20.66297273],[88.00254978,20.6596896],[87.99417543,20.65640647],[87.98580107,20.65312332],[87.97742671,20.64984018],[87.96905236,20.64655704],[87.96067803,20.64327391],[87.95230369,20.63999077],[87.94392935,20.63670764],[87.93555499,20.63342449],[87.92718065,20.63014135],[87.91880632,20.62685822],[87.91043199,20.62357509],[87.90205765,20.62029195],[87.89368329,20.6170088],[87.88530896,20.61372567],[87.87693465,20.61044254],[87.86856031,20.60715941],[87.86018599,20.60387627],[87.85181164,20.60059313],[87.84343731,20.59730999],[87.83506301,20.59402687],[87.82668869,20.59074374],[87.81831436,20.5874606],[87.80994002,20.58417746],[87.80156571,20.58089433],[87.7931914,20.5776112],[87.78481709,20.57432807],[87.77644277,20.57104494],[87.76806844,20.5677618],[87.75969413,20.56447867],[87.75131983,20.56119554],[87.74294552,20.55791241],[87.73457122,20.55462928],[87.72619688,20.55134614],[87.71782258,20.54806301],[87.7094483,20.54477989],[87.70107399,20.54149676],[87.69269969,20.53821363],[87.68432538,20.53493049],[87.67595107,20.53164736],[87.6675768,20.52836424],[87.6592025,20.52508111],[87.6508282,20.52179798],[87.64245389,20.51851485],[87.6340796,20.51523172],[87.62570533,20.5119486],[87.61733104,20.50866548],[87.60895675,20.50538235],[87.60058245,20.50209921],[87.59220816,20.49881609],[87.58383389,20.49553297],[87.57545962,20.49224984],[87.56708532,20.48896671],[87.55871103,20.48568358],[87.55033678,20.48240047],[87.5419625,20.47911734],[87.53358822,20.47583422],[87.52521393,20.47255109],[87.51683966,20.46926796],[87.5084654,20.46598484],[87.50009114,20.46270172],[87.49171687,20.4594186],[87.48334258,20.45613547],[87.47496832,20.45285235],[87.46659407,20.44956923],[87.45821981,20.44628611],[87.44984555,20.44300299],[87.44147126,20.43971985],[87.43309701,20.43643674],[87.42472277,20.43315362],[87.41634851,20.4298705],[87.40797426,20.42658738],[87.39959999,20.42330425],[87.39122573,20.42002113],[87.38285151,20.41673802],[87.37600317,20.41405313],[87.37576204,20.41374206],[87.37031687,20.40671725],[87.36487171,20.39969245],[87.35942656,20.39266764],[87.3539814,20.38564282],[87.34853626,20.37861802],[87.34309113,20.37159322],[87.33764601,20.36456843],[87.3322009,20.35754363],[87.3267558,20.35051885],[87.32131071,20.34349406],[87.31586561,20.33646927],[87.31042053,20.32944447],[87.30497546,20.32241969],[87.29953041,20.31539492],[87.29408536,20.30837015],[87.28864033,20.30134539],[87.2831953,20.29432062],[87.27775026,20.28729584],[87.27230525,20.28027107],[87.26686024,20.27324631],[87.26141525,20.26622155],[87.25597026,20.2591968],[87.25052529,20.25217206],[87.24508032,20.24514731],[87.23963535,20.23812254],[87.23419039,20.23109779],[87.22874544,20.22407305],[87.22330052,20.21704832],[87.21785559,20.21002358],[87.21241068,20.20299886],[87.20696578,20.19597413],[87.20152087,20.18894938],[87.19607598,20.18192466],[87.19063109,20.17489993],[87.18518622,20.16787521],[87.17974136,20.16085049],[87.17429651,20.15382579],[87.16885167,20.14680108],[87.16340682,20.13977635],[87.15796198,20.13275163],[87.15251716,20.12572693],[87.14707236,20.11870224],[87.14162756,20.11167754],[87.1361896,20.10466167],[87.13547121,20.10374301],[87.13402616,20.10191147],[87.13329953,20.10099861],[87.13037668,20.09735899],[87.12889888,20.09555095],[87.12591095,20.09195888],[87.12440083,20.09017487],[87.12134869,20.08663138],[87.1206114,20.0857825],[87.1191295,20.08409046],[87.11844465,20.08331447],[87.11732107,20.08206662],[87.11605263,20.08090067],[87.1150889,20.07979367],[87.11403505,20.07860402],[87.11209598,20.07642784],[87.10987012,20.07404078],[87.10773969,20.0717989],[87.10628187,20.07030002],[87.10337087,20.06741773],[87.10258688,20.06665019],[87.10113796,20.06528503],[87.09680911,20.06083362],[87.09569577,20.05975536],[87.09345634,20.0576107],[87.09233029,20.05654432],[87.08579812,20.05042712],[87.07925702,20.04430156],[87.07271593,20.03817599],[87.06617484,20.03205043],[87.05963376,20.02592486],[87.05309268,20.0197993],[87.04655162,20.01367375],[87.04001056,20.00754819],[87.0334695,20.00142264],[87.02692845,19.99529708],[87.02038742,19.98917154],[87.01384638,19.98304598],[87.00730535,19.97692044],[87.00076433,19.97079489],[86.99422331,19.96466935],[86.98768231,19.95854381],[86.9811413,19.95241827],[86.97460032,19.94629275],[86.96805933,19.94016721],[86.96151834,19.93404167],[86.95497737,19.92791614],[86.9484364,19.92179061],[86.94189544,19.91566509],[86.93535448,19.90953956],[86.92881353,19.90341404],[86.92227259,19.89728852],[86.91573166,19.891163],[86.90919073,19.88503748],[86.90264981,19.87891197],[86.89610889,19.87278646],[86.88956798,19.86666095],[86.88302709,19.86053545],[86.87648618,19.85440993],[86.8699453,19.84828443],[86.86340441,19.84215892],[86.85686941,19.83603892],[86.8555212,19.83479295],[86.8540275,19.83343073],[86.852532,19.83199991],[86.85150207,19.83102458],[86.84930683,19.82896696],[86.84820399,19.82794443],[86.84672504,19.82658393],[86.84473258,19.82468137],[86.84377594,19.82377693],[86.83724095,19.81765693],[86.8307001,19.81153144],[86.82415926,19.80540595],[86.81761842,19.79928046],[86.81107759,19.79315498],[86.80453677,19.78702949],[86.79799595,19.78090401],[86.79145514,19.77477853],[86.78491434,19.76865305],[86.77837354,19.76252757],[86.77183275,19.7564021],[86.76529197,19.75027663],[86.75875119,19.74415115],[86.75221042,19.73802569],[86.74566967,19.73190023],[86.7391289,19.72577475],[86.73258815,19.71964929],[86.72604741,19.71352383],[86.71950667,19.70739837],[86.71296594,19.70127292],[86.70642522,19.69514746],[86.6998845,19.68902201],[86.69334379,19.68289656],[86.68680308,19.67677111],[86.68026239,19.67064566],[86.67373047,19.66452844],[86.67267785,19.6635528],[86.67056195,19.66161191],[86.6694987,19.66064668],[86.66522484,19.65680694],[86.66306689,19.65490813],[86.65870984,19.6511534],[86.65651075,19.64929751],[86.65207239,19.64562942],[86.65098678,19.64474133],[86.64880612,19.64297558],[86.64776932,19.64214416],[86.64696158,19.64150753],[86.64545831,19.64033161],[86.64470455,19.63974611],[86.6417996,19.63750537],[86.64033933,19.6363941],[86.63740343,19.63418995],[86.63592781,19.63309707],[86.63296145,19.6309299],[86.63147074,19.62985561],[86.62847446,19.62772579],[86.62696892,19.62667027],[86.62394324,19.62457817],[86.62242312,19.62354161],[86.61936857,19.6214876],[86.61783415,19.62047018],[86.61475126,19.61845462],[86.61397879,19.61795315],[86.61243036,19.61695503],[86.61165443,19.61645841],[86.6040833,19.61164687],[86.59650178,19.60682872],[86.58892028,19.60201058],[86.58133876,19.59719242],[86.57375724,19.59237426],[86.56617574,19.58755612],[86.55859424,19.58273798],[86.55101275,19.57791983],[86.54343127,19.5731017],[86.53584978,19.56828356],[86.52826828,19.56346541],[86.5206868,19.55864727],[86.51310532,19.55382913],[86.50552385,19.54901099],[86.49794239,19.54419286],[86.49036092,19.53937472],[86.48277943,19.53455657],[86.47519797,19.52973844],[86.46761653,19.52492031],[86.46003509,19.52010218],[86.45245364,19.51528405],[86.44487218,19.51046591],[86.43729074,19.50564778],[86.42970931,19.50082965],[86.42212787,19.49601152],[86.41454646,19.49119341],[86.40696503,19.48637528],[86.39938359,19.48155715],[86.39180217,19.47673902],[86.38422416,19.47192306],[86.38280548,19.47103309],[86.37645688,19.46710211],[86.37451428,19.46581335],[86.37295713,19.46479494],[86.36984025,19.46278542],[86.36806319,19.46165823],[86.36511771,19.45982027],[86.36256324,19.45816411],[86.36147312,19.45746436],[86.35389514,19.45264841],[86.34631374,19.4478303],[86.33873235,19.44301218],[86.33115097,19.43819407],[86.32356959,19.43337596],[86.31598819,19.42855783],[86.30840681,19.42373972],[86.30082544,19.41892161],[86.29324407,19.4141035],[86.2856627,19.40928539],[86.27808134,19.40446727],[86.27049998,19.39964916],[86.26291862,19.39483106],[86.25533727,19.39001295],[86.24775593,19.38519485],[86.24017459,19.38037675],[86.23259323,19.37555863],[86.2250119,19.37074053],[86.21743056,19.36592243],[86.20984925,19.36110434],[86.20226792,19.35628624],[86.19468657,19.35146812],[86.18710525,19.34665002],[86.17952395,19.34183193],[86.17194263,19.33701384],[86.16436134,19.33219575],[86.15678004,19.32737766],[86.14919872,19.32255955],[86.14161742,19.31774146],[86.13403613,19.31292337],[86.12645486,19.30810529],[86.11887357,19.3032872],[86.11129227,19.2984691],[86.10371099,19.29365101],[86.09612971,19.28883292],[86.08854844,19.28401483],[86.08096719,19.27919677],[86.07338593,19.27437868],[86.06580465,19.26956059],[86.0582234,19.26474251],[86.05064214,19.25992443],[86.04306091,19.25510636],[86.03547966,19.25028828],[86.02789841,19.24547019],[86.02031717,19.24065211],[86.01273593,19.23583404],[86.0051547,19.23101596],[85.99757348,19.22619789],[85.98999226,19.22137982],[85.98241103,19.21656174],[85.97482981,19.21174367],[85.9672486,19.2069256],[85.95966741,19.20210754],[85.9520862,19.19728947],[85.94450499,19.19247139],[85.93692379,19.18765333],[85.92934259,19.18283526],[85.9217614,19.1780172],[85.91418023,19.17319914],[85.90659905,19.16838108],[85.89901784,19.163563],[85.89143667,19.15874494],[85.8838555,19.15392689],[85.87627435,19.14910884],[85.86869318,19.14429078],[85.86111201,19.13947271],[85.85353085,19.13465466],[85.84594969,19.1298366],[85.83836854,19.12501855],[85.83078741,19.1202005],[85.82320627,19.11538245],[85.81562511,19.11056439],[85.80804397,19.10574633],[85.80046284,19.10092828],[85.79288173,19.09611025],[85.78530061,19.0912922],[85.77771947,19.08647415],[85.77013835,19.0816561],[85.76255724,19.07683806],[85.75497613,19.07202001],[85.74739504,19.06720198],[85.73981393,19.06238394],[85.73223282,19.05756589],[85.72465172,19.05274785],[85.71707063,19.04792981],[85.70948955,19.04311178],[85.70190846,19.03829374],[85.69432737,19.0334757],[85.6867463,19.02865766],[85.67916522,19.02383963],[85.67158415,19.0190216],[85.6640031,19.01420357],[85.65642204,19.00938554],[85.64884096,19.0045675],[85.64125991,18.99974947],[85.63367885,18.99493145],[85.62609781,18.99011342],[85.61851678,18.9852954],[85.61093573,18.98047737],[85.60335467,18.97565934],[85.59577365,18.97084132],[85.58819262,18.9660233],[85.58061161,18.96120528],[85.57303058,18.95638726],[85.56544955,18.95156923],[85.55786853,18.94675121],[85.55028752,18.9419332],[85.54270651,18.93711518],[85.53512552,18.93229717],[85.52754452,18.92747916],[85.51996351,18.92266113],[85.5123825,18.91784311],[85.50480151,18.9130251],[85.49722055,18.90820711],[85.48963957,18.9033891],[85.48205857,18.89857108],[85.4744776,18.89375307],[85.46689662,18.88893506],[85.45931565,18.88411706],[85.4517347,18.87929906],[85.44415374,18.87448105],[85.43657277,18.86966304],[85.42899182,18.86484504],[85.42141086,18.86002704],[85.41382992,18.85520904],[85.40624898,18.85039104],[85.39866803,18.84557304],[85.3910871,18.84075504],[85.38350616,18.83593704],[85.37592524,18.83111905],[85.36834433,18.82630106],[85.3607634,18.82148307],[85.35318247,18.81666506],[85.34560156,18.81184707],[85.33802064,18.80702908],[85.33043975,18.8022111],[85.32285885,18.79739311],[85.31527792,18.79257511],[85.30769703,18.78775712],[85.30011614,18.78293914],[85.29253525,18.77812115],[85.28495438,18.77330318],[85.2773735,18.76848519],[85.26979261,18.7636672],[85.26221173,18.75884922],[85.25463086,18.75403124],[85.24705001,18.74921327],[85.23946915,18.74439529],[85.23188827,18.7395773],[85.2243074,18.73475932],[85.21672655,18.72994134],[85.20914571,18.72512337],[85.20156488,18.72030541],[85.19398404,18.71548743],[85.18640318,18.71066945],[85.17882235,18.70585148],[85.17124152,18.70103351],[85.1636607,18.69621555],[85.15607988,18.69139758],[85.14849904,18.68657961],[85.14091823,18.68176164],[85.13333741,18.67694367],[85.12575659,18.6721257],[85.1181758,18.66730775],[85.11059501,18.66248979],[85.10301419,18.65767182],[85.0954334,18.65285386],[85.0878526,18.6480359],[85.08027183,18.64321795],[85.07269105,18.63839999],[85.06511025,18.63358202],[85.05752947,18.62876407],[85.0499487,18.62394611],[85.04236793,18.61912816],[85.03478718,18.61431021],[85.0272064,18.60949225],[85.01962563,18.60467429],[85.01204488,18.59985635],[85.00446413,18.5950384],[84.99688339,18.59022046],[84.98930265,18.58540251],[84.98172189,18.58058456],[84.97414115,18.57576661],[84.96656042,18.57094867],[84.95897969,18.56613072],[84.95139898,18.56131279],[84.94381825,18.55649485],[84.93623752,18.55167689],[84.92865679,18.54685895],[84.92107608,18.54204101],[84.91349539,18.53722309],[84.90591469,18.53240515],[84.89833397,18.5275872],[84.89075327,18.52276927],[84.88317257,18.51795133],[84.87559188,18.5131334],[84.86801121,18.50831548],[84.86043053,18.50349754],[84.85284983,18.4986796],[84.84680154,18.49483559],[84.84205724,18.48917907],[84.83634058,18.48236323],[84.83062393,18.4755474],[84.82490731,18.46873159],[84.81919067,18.46191576],[84.81347404,18.45509992],[84.80775744,18.44828412],[84.80204085,18.44146831],[84.79632424,18.43465249],[84.79060765,18.42783668],[84.78489107,18.42102087],[84.7791745,18.41420506],[84.77345795,18.40738927],[84.76774138,18.40057346],[84.76202483,18.39375766],[84.75630829,18.38694186],[84.75059176,18.38012607],[84.74487523,18.37331028],[84.73915872,18.36649449],[84.73344222,18.35967872],[84.72772571,18.35286292],[84.72200922,18.34604714],[84.71629274,18.33923137],[84.71057626,18.33241558],[84.70485978,18.3255998],[84.69914333,18.31878404],[84.69342688,18.31196829],[84.68771714,18.30516051],[84.68717683,18.30452029],[84.68609207,18.30324299],[84.68554766,18.30260593],[84.68336185,18.30006408],[84.68284007,18.2994609],[84.68179284,18.29825744],[84.68132089,18.29771797],[84.68051461,18.29680945],[84.67900174,18.29511998],[84.67824165,18.29427825],[84.67529654,18.29104393],[84.67455689,18.29023815],[84.67307086,18.28863223],[84.67232451,18.28783213],[84.66624132,18.28136271],[84.66015077,18.27488546],[84.65406021,18.2684082],[84.64796968,18.26193096],[84.64187916,18.25545372],[84.63578863,18.24897647],[84.62969811,18.24249922],[84.62360761,18.23602199],[84.6175171,18.22954474],[84.61142659,18.2230675],[84.60533611,18.21659027],[84.59924563,18.21011304],[84.59315517,18.20363582],[84.58706469,18.19715859],[84.58097423,18.19068136],[84.57488379,18.18420415],[84.56879333,18.17772692],[84.56270289,18.1712497],[84.55661245,18.16477247],[84.55052203,18.15829527],[84.54443163,18.15181807],[84.5383412,18.14534085],[84.5322508,18.13886364],[84.52616041,18.13238645],[84.52007001,18.12590923],[84.51397962,18.11943202],[84.50788926,18.11295484],[84.50179889,18.10647764],[84.49570854,18.10000046],[84.48961817,18.09352325],[84.48352783,18.08704607],[84.4774375,18.08056889],[84.47134714,18.07409168],[84.46525683,18.06761451],[84.45916651,18.06113733],[84.4530762,18.05466016],[84.44845597,18.04981937],[84.44696302,18.04821865],[84.44613415,18.04733388],[84.44447223,18.04556775],[84.443634,18.04469156],[84.44132278,18.04233725],[84.44021774,18.04124804],[84.43848217,18.03955249],[84.4380942,18.03917685],[84.43486683,18.03615679],[84.43335346,18.03437508],[84.42984102,18.03101623],[84.42806929,18.02935169],[84.42449534,18.02605286],[84.42269314,18.02441859],[84.4190588,18.02118081],[84.41722669,18.01957731],[84.41353311,18.0164016],[84.41167166,18.01482939],[84.40792,18.01171673],[84.40700473,18.01096392],[84.40516745,18.00946584],[84.40416809,18.00865878],[84.40351944,18.00814098],[84.40269064,18.0074819],[84.4021104,18.00702312],[84.40094736,18.00610853],[84.40036498,18.00565305],[84.39651932,18.00266171],[84.39507554,18.00149788],[84.39418474,18.00078734],[84.39241724,17.99938962],[84.39149629,17.99866761],[84.3875156,17.99557364],[84.38260546,17.99163095],[84.38217885,17.99128994],[84.38131432,17.99060166],[84.38087743,17.99025526],[84.37385319,17.9847086],[84.36682313,17.97915734],[84.35979308,17.97360608],[84.35276305,17.96805483],[84.345733,17.96250357],[84.33870295,17.9569523],[84.33167292,17.95140105],[84.32464291,17.94584981],[84.3176129,17.94029857],[84.31058287,17.93474731],[84.30355286,17.92919606],[84.29652287,17.92364483],[84.28949286,17.91809357],[84.28246286,17.91254233],[84.27543287,17.90699109],[84.26840289,17.90143985],[84.26137292,17.89588862],[84.25434293,17.89033737],[84.24731296,17.88478614],[84.24028299,17.8792349],[84.23325302,17.87368366],[84.22622308,17.86813244],[84.21919313,17.86258121],[84.21216318,17.85702998],[84.20513325,17.85147876],[84.1981033,17.84592753],[84.19107337,17.8403763],[84.18404345,17.83482508],[84.17701353,17.82927386],[84.16998362,17.82372265],[84.1629537,17.81817142],[84.15592379,17.81262021],[84.14889389,17.80706899],[84.141864,17.80151778],[84.13483412,17.79596658],[84.12780422,17.79041535],[84.12077433,17.78486414],[84.11374446,17.77931294],[84.10671459,17.77376173],[84.09968472,17.76821053],[84.09265486,17.76265932],[84.085625,17.75710812],[84.07859517,17.75155693],[84.07156531,17.74600572],[84.06453546,17.74045452],[84.05750563,17.73490333],[84.0504758,17.72935213],[84.04344598,17.72380095],[84.03641615,17.71824975],[84.02938633,17.71269856],[84.02235653,17.70714738],[84.0153267,17.70159617],[84.0082969,17.69604498],[84.00126711,17.69049381],[83.99423732,17.68494263],[83.98721325,17.67939596],[83.98460782,17.67738805],[83.98398891,17.67688629],[83.98295366,17.67604945],[83.98241713,17.67561907],[83.9815817,17.67495302],[83.98059046,17.6741668],[83.97992408,17.67364184],[83.97858796,17.67259585],[83.97791887,17.67207534],[83.97646075,17.6709481],[83.97545783,17.67013434],[83.97495079,17.6697249],[83.97446083,17.66933298],[83.97358228,17.66863347],[83.97314228,17.66828459],[83.9661182,17.66273791],[83.95908843,17.65718673],[83.95205868,17.65163557],[83.94502891,17.64608438],[83.93799916,17.64053321],[83.93096942,17.63498205],[83.92393967,17.62943087],[83.91690993,17.6238797],[83.9098802,17.61832854],[83.90285046,17.61277737],[83.89582075,17.60722621],[83.88879103,17.60167505],[83.88176131,17.59612389],[83.87473161,17.59057273],[83.8677019,17.58502157],[83.86067222,17.57947043],[83.85364251,17.57391926],[83.84661282,17.56836811],[83.83958315,17.56281697],[83.83255346,17.55726581],[83.82552379,17.55171466],[83.81849412,17.54616351],[83.81146445,17.54061237],[83.80443481,17.53506123],[83.79740513,17.52951007],[83.79037548,17.52395893],[83.78334584,17.5184078],[83.7763162,17.51285666],[83.76928658,17.50730553],[83.76225694,17.50175439],[83.75522732,17.49620325],[83.7481977,17.49065212],[83.74116808,17.48510099],[83.73413848,17.47954987],[83.72710887,17.47399873],[83.72007927,17.4684476],[83.71304968,17.46289649],[83.70602008,17.45734535],[83.69899049,17.45179423],[83.6919609,17.4462431],[83.68493133,17.44069198],[83.67790178,17.43514088],[83.6708722,17.42958975],[83.66384264,17.42403864],[83.65681308,17.41848752],[83.64978353,17.41293641],[83.6427568,17.40738752],[83.64135244,17.40629303],[83.63562608,17.40188869],[83.63129887,17.3983633],[83.63065757,17.39784399],[83.62989148,17.39723186],[83.62893458,17.39647278],[83.62757461,17.39540769],[83.62461318,17.39311792],[83.62359009,17.39227995],[83.62267218,17.39153466],[83.62166259,17.39072978],[83.61463585,17.38518087],[83.60760633,17.37962977],[83.60057681,17.37407866],[83.5935473,17.36852756],[83.5865178,17.36297647],[83.57948828,17.35742536],[83.57245878,17.35187426],[83.5654293,17.34632317],[83.55839981,17.34077208],[83.55137034,17.335221],[83.54434085,17.3296699],[83.53731138,17.32411881],[83.53028192,17.31856773],[83.52325245,17.31301663],[83.51622299,17.30746555],[83.51067542,17.30308469],[83.50572908,17.29744918],[83.49979997,17.29069397],[83.49387085,17.28393874],[83.48794174,17.27718352],[83.48201263,17.27042829],[83.47608355,17.26367308],[83.47015448,17.25691788],[83.46422539,17.25016266],[83.45829632,17.24340744],[83.45236725,17.23665224],[83.44643822,17.22989706],[83.44050918,17.22314186],[83.43458013,17.21638665],[83.42865109,17.20963144],[83.42272208,17.20287626],[83.41679307,17.19612108],[83.41086405,17.18936588],[83.40493504,17.18261068],[83.39900605,17.1758555],[83.39307709,17.16910034],[83.38714811,17.16234516],[83.38121912,17.15558997],[83.37529016,17.14883479],[83.36936122,17.14207964],[83.36343227,17.13532447],[83.35750333,17.1285693],[83.35157438,17.12181412],[83.34564546,17.11505896],[83.33971656,17.10830382],[83.33378765,17.10154866],[83.32785873,17.09479349],[83.32192983,17.08803834],[83.31600096,17.0812832],[83.31007209,17.07452806],[83.30414322,17.06777292],[83.29821433,17.06101775],[83.29228547,17.05426261],[83.28635664,17.0475075],[83.2804278,17.04075236],[83.27449895,17.03399721],[83.26857012,17.02724208],[83.26264131,17.02048696],[83.25671251,17.01373185],[83.2507837,17.00697672],[83.24485489,17.00022158],[83.2389261,16.99346646],[83.23299733,16.98671136],[83.22706856,16.97995626],[83.22113978,16.97320113],[83.21521102,16.96644602],[83.20928227,16.95969092],[83.20335354,16.95293583],[83.19742479,16.94618071],[83.19149605,16.93942561],[83.18556734,16.93267052],[83.17963863,16.92591543],[83.17370993,16.91916035],[83.16778122,16.91240524],[83.16185252,16.90565015],[83.15592384,16.89889508],[83.14999517,16.89214],[83.14406649,16.88538491],[83.13813782,16.87862982],[83.13220918,16.87187476],[83.12628053,16.86511969],[83.1203519,16.85836463],[83.11442326,16.85160955],[83.10849462,16.84485448],[83.10256602,16.83809942],[83.09663741,16.83134436],[83.0907088,16.82458931],[83.08478021,16.81783425],[83.07885162,16.8110792],[83.07292304,16.80432415],[83.06699447,16.7975691],[83.0610659,16.79081405],[83.05513735,16.78405901],[83.0492088,16.77730397],[83.04328025,16.77054893],[83.03735172,16.76379389],[83.03142319,16.75703886],[83.02549467,16.75028383],[83.01956616,16.7435288],[83.01363765,16.73677377],[83.00770915,16.73001875],[83.00178066,16.72326373],[82.99585218,16.71650871],[82.9899237,16.70975369],[82.98399523,16.70299868],[82.97806677,16.69624366],[82.97213832,16.68948866],[82.96620987,16.68273365],[82.96028142,16.67597863],[82.954353,16.66922364],[82.94842459,16.66246865],[82.94249616,16.65571364],[82.93656774,16.64895864],[82.93063935,16.64220365],[82.92471097,16.63544867],[82.91878257,16.62869368],[82.91285419,16.62193869],[82.90692581,16.6151837],[82.90099746,16.60842873],[82.89506911,16.60167376],[82.88914075,16.59491877],[82.8832124,16.58816379],[82.87728406,16.58140882],[82.87135576,16.57465387],[82.86542744,16.5678989],[82.85949912,16.56114393],[82.8535708,16.55438896],[82.84764251,16.54763401],[82.84171423,16.54087906],[82.83578594,16.5341241],[82.82985765,16.52736913],[82.82392939,16.52061418],[82.81800114,16.51385926],[82.81207289,16.50710431],[82.80614464,16.50034936],[82.80021639,16.49359441],[82.79428817,16.48683948],[82.78835995,16.48008456],[82.78243173,16.47332961],[82.77650351,16.46657467],[82.77057531,16.45981975],[82.76464713,16.45306484],[82.75871895,16.44630992],[82.75279075,16.43955498],[82.74686258,16.43280006],[82.74093442,16.42604515],[82.73500628,16.41929025],[82.72907813,16.41253534],[82.72314997,16.40578041],[82.71722183,16.3990255],[82.71129372,16.39227062],[82.7053656,16.38551572],[82.69943747,16.3787608],[82.69350936,16.3720059],[82.68758128,16.36525102],[82.6816532,16.35849614],[82.67572511,16.35174124],[82.66979702,16.34498634],[82.66386895,16.33823145],[82.65794091,16.33147659],[82.65201285,16.32472171],[82.64608479,16.31796681],[82.64016301,16.31121907],[82.63919716,16.31013031],[82.63725347,16.3079628],[82.63627564,16.30688407],[82.63234081,16.30258959],[82.63034967,16.30046267],[82.62632083,16.29625039],[82.62428315,16.29416505],[82.62016215,16.29003687],[82.61807886,16.28799406],[82.6138676,16.28395188],[82.61173965,16.28195253],[82.60744004,16.27799818],[82.60526841,16.2760432],[82.60088244,16.27217849],[82.59866812,16.27026878],[82.59419778,16.26649548],[82.59309828,16.26557715],[82.5908894,16.26375165],[82.5898268,16.26288234],[82.58859113,16.26189338],[82.58620249,16.260004],[82.58500276,16.25906573],[82.58027861,16.25541282],[82.57789599,16.25361123],[82.57309074,16.25005858],[82.57066813,16.24830754],[82.56578405,16.24485683],[82.5633226,16.24315717],[82.55836202,16.23981003],[82.5558629,16.23816256],[82.55082816,16.23492057],[82.54829256,16.23332607],[82.54318606,16.23019077],[82.54061518,16.22864999],[82.53543934,16.22562287],[82.53416163,16.22488459],[82.53159807,16.22342127],[82.5303533,16.22271912],[82.52942049,16.22220384],[82.52763325,16.22122542],[82.52673777,16.2207394],[82.52323198,16.21885307],[82.52147206,16.21792214],[82.51793849,16.21608492],[82.51616486,16.21517864],[82.51260425,16.21339092],[82.51171243,16.21294709],[82.50992548,16.21206566],[82.50903038,16.21162807],[82.50094617,16.20771106],[82.49285299,16.2037897],[82.48475981,16.19986835],[82.47666663,16.195947],[82.46857345,16.19202564],[82.46048027,16.18810429],[82.45238707,16.18418292],[82.44429391,16.18026158],[82.43620075,16.17634023],[82.42810758,16.17241888],[82.42001441,16.16849753],[82.41192125,16.16457618],[82.40382808,16.16065483],[82.39573491,16.15673347],[82.38764176,16.15281213],[82.3795486,16.14889078],[82.37145544,16.14496943],[82.3633623,16.14104809],[82.35526914,16.13712674],[82.34717599,16.13320539],[82.33908285,16.12928404],[82.3309897,16.1253627],[82.32289654,16.12144134],[82.31480341,16.11752001],[82.30671027,16.11359866],[82.29861713,16.10967731],[82.290524,16.10575597],[82.28243086,16.10183463],[82.27433773,16.09791329],[82.26624458,16.09399194],[82.25815147,16.0900706],[82.25005834,16.08614926],[82.24196522,16.08222792],[82.23387209,16.07830657],[82.22577897,16.07438523],[82.21768586,16.0704639],[82.20959274,16.06654256],[82.20149962,16.06262122],[82.19340649,16.05869987],[82.1853134,16.05477854],[82.17722029,16.0508572],[82.16912718,16.04693587],[82.16103407,16.04301453],[82.15294096,16.03909319],[82.14485674,16.03517616],[82.14224087,16.03394167],[82.13698294,16.03152599],[82.13434093,16.03034483],[82.12372524,16.02572867],[82.1210583,16.02460128],[82.11570057,16.0224008],[82.11300981,16.02132774],[82.10468073,16.01810444],[82.09634269,16.01487767],[82.08800464,16.0116509],[82.07966658,16.00842413],[82.07132854,16.00519736],[82.06299049,16.00197059],[82.05465243,15.99874381],[82.0463144,15.99551704],[82.03797636,15.99229027],[82.02963831,15.9890635],[82.02130027,15.98583673],[82.01296222,15.98260996],[82.00462419,15.97938319],[81.99628615,15.97615642],[81.9879481,15.97292965],[81.97961008,15.96970288],[81.97127204,15.96647611],[81.962934,15.96324934],[81.95459597,15.96002258],[81.94625794,15.95679581],[81.93791992,15.95356904],[81.92958188,15.95034227],[81.92124383,15.9471155],[81.91747739,15.94570384],[81.91290583,15.94388874],[81.9088203,15.94234383],[81.9045678,15.94066197],[81.89622976,15.9374352],[81.88878916,15.93455573],[81.88179229,15.93033738],[81.87413091,15.92571841],[81.86646955,15.92109945],[81.85880816,15.91648046],[81.85114678,15.91186149],[81.84348541,15.90724252],[81.83582405,15.90262355],[81.8281627,15.89800459],[81.82050132,15.89338561],[81.81283996,15.88876664],[81.80517861,15.88414767],[81.79751726,15.87952871],[81.78985591,15.87490974],[81.78219456,15.87029077],[81.77453323,15.86567182],[81.76687188,15.86105285],[81.75921054,15.85643388],[81.75154921,15.85181493],[81.74388788,15.84719596],[81.73622656,15.84257701],[81.72856522,15.83795804],[81.7209039,15.83333908],[81.71324258,15.82872012],[81.70558126,15.82410116],[81.69791996,15.81948222],[81.69025864,15.81486325],[81.68259733,15.81024429],[81.67493602,15.80562534],[81.66727472,15.80100639],[81.65961344,15.79638744],[81.65195213,15.79176848],[81.64429083,15.78714953],[81.63662954,15.78253058],[81.62896826,15.77791163],[81.62130699,15.77329269],[81.61364569,15.76867373],[81.60598441,15.76405478],[81.59832314,15.75943584],[81.59066187,15.75481689],[81.58300062,15.75019796],[81.57533934,15.74557901],[81.56767807,15.74096006],[81.56001681,15.73634111],[81.55235555,15.73172217],[81.54469429,15.72710323],[81.53703304,15.72248429],[81.52937181,15.71786536],[81.52171055,15.71324641],[81.51404931,15.70862747],[81.50638807,15.70400853],[81.49872683,15.6993896],[81.49106561,15.69477067],[81.48340436,15.69015173],[81.47574314,15.68553279],[81.46808191,15.68091386],[81.46042069,15.67629493],[81.45275948,15.671676],[81.44750295,15.66850685],[81.44386441,15.66351862],[81.43865016,15.65637016],[81.43343592,15.64922173],[81.42822171,15.64207332],[81.42300748,15.63492488],[81.42206966,15.63363918],[81.42159483,15.63229193],[81.42111379,15.63095031],[81.42013708,15.62827206],[81.4196705,15.62701267],[81.41917702,15.62572194],[81.4182362,15.62329935],[81.41775976,15.62209027],[81.41589156,15.6174169],[81.41493494,15.61508869],[81.412977,15.61044996],[81.41197569,15.60813948],[81.4099287,15.60353703],[81.40941141,15.60238869],[81.40836576,15.60009674],[81.40783741,15.59895313],[81.40720064,15.59759189],[81.40647933,15.59607514],[81.40501729,15.59305046],[81.40427657,15.59154254],[81.40127533,15.58552938],[81.39973612,15.58254093],[81.39658143,15.57660207],[81.39496598,15.5736517],[81.39165982,15.56779084],[81.39084305,15.56636359],[81.38919165,15.56351882],[81.38839607,15.56216674],[81.38757459,15.56080775],[81.38599486,15.55822921],[81.38519758,15.55694423],[81.38206063,15.55195169],[81.38046413,15.549472],[81.37721581,15.54454691],[81.37556401,15.54210153],[81.37220587,15.53724623],[81.37049956,15.53483633],[81.36703321,15.53005312],[81.3652732,15.52767984],[81.36170029,15.52297099],[81.35988742,15.52063545],[81.35620966,15.51600319],[81.35434479,15.5137065],[81.35056394,15.50915303],[81.3496343,15.50804551],[81.3477629,15.50584011],[81.34686544,15.50479332],[81.34604966,15.50386026],[81.34449886,15.5021028],[81.34371957,15.50122731],[81.34067793,15.4978398],[81.33914251,15.49615839],[81.33604289,15.49282072],[81.3344787,15.49116447],[81.33132197,15.48787757],[81.33052924,15.48705903],[81.32893674,15.48542841],[81.32813699,15.48461634],[81.32293464,15.47937776],[81.32228844,15.4787314],[81.32099157,15.47744286],[81.32034091,15.47680071],[81.31772946,15.47424059],[81.3164149,15.47296903],[81.3137683,15.47044313],[81.31243629,15.4691888],[81.30975503,15.46669756],[81.3084058,15.46546067],[81.30569036,15.46300456],[81.30432416,15.46178534],[81.30157503,15.45936478],[81.30019211,15.45816346],[81.29740978,15.45577889],[81.29601039,15.45459567],[81.29319537,15.45224753],[81.2925117,15.45168098],[81.29114057,15.45055219],[81.29049728,15.45002585],[81.28929867,15.44906229],[81.28697948,15.44721913],[81.28581476,15.44630366],[81.28122638,15.44273687],[81.27888676,15.44095783],[81.27416867,15.43744891],[81.27179023,15.43571905],[81.26694051,15.43227007],[81.26454452,15.43060386],[81.25971651,15.42732134],[81.25728452,15.42570504],[81.25204377,15.422301],[81.24943224,15.42064576],[81.24417139,15.41739279],[81.2415221,15.41579508],[81.23624305,15.4126909],[81.23493819,15.41193308],[81.23231993,15.41043139],[81.23104533,15.4097092],[81.22967755,15.40895375],[81.22701128,15.4075005],[81.22567402,15.40678103],[81.22038819,15.40397404],[81.21772957,15.40259847],[81.21238209,15.39990381],[81.20969326,15.39858473],[81.20428667,15.39600369],[81.20259569,15.39521021],[81.19920279,15.39364558],[81.19578832,15.39212582],[81.19235291,15.39065119],[81.18889719,15.38922198],[81.1854218,15.38783844],[81.18446078,15.38747265],[81.18305564,15.38689366],[81.18140347,15.38622508],[81.17950334,15.38547013],[81.17831641,15.38500476],[81.17593816,15.38408468],[81.17474685,15.38362999],[81.17369751,15.3832349],[81.17270653,15.38273249],[81.15047624,15.37162131],[81.14695841,15.36992371],[81.14582067,15.36939409],[81.14456346,15.36871917],[81.14246368,15.36761478],[81.1382448,15.36544133],[81.13612571,15.36437228],[81.13186885,15.36226983],[81.13080228,15.36174866],[81.12866454,15.36071527],[81.12759339,15.36020305],[81.12111825,15.35714023],[81.1202995,15.35675616],[81.11865937,15.35599324],[81.11783803,15.3556144],[81.11454758,15.35410951],[81.11289727,15.35336757],[81.10958675,15.3519048],[81.10792655,15.35118398],[81.10459652,15.34976358],[81.10292671,15.349064],[81.09957776,15.3476862],[81.09789864,15.34700799],[81.09453134,15.34567304],[81.09284319,15.34501631],[81.08945813,15.34372444],[81.08776124,15.34308931],[81.08435899,15.34184074],[81.08352179,15.34153649],[81.08184535,15.34093324],[81.08103478,15.34064436],[81.0795733,15.34013751],[81.07670213,15.33915937],[81.0752638,15.33867797],[81.06955827,15.33680232],[81.06669502,15.33589464],[81.06094883,15.33414],[81.05806593,15.33329304],[81.0522818,15.33166023],[81.04938061,15.33087439],[81.04356129,15.32936419],[81.04064319,15.32863984],[81.03479142,15.32725297],[81.03185779,15.32659046],[81.02597635,15.32532756],[81.02302857,15.3247272],[81.01712024,15.32358888],[81.01564917,15.32331348],[81.01270401,15.32277815],[81.01124517,15.32252082],[81.00973765,15.32227136],[81.00779165,15.32196006],[81.00015563,15.31957509],[80.99157405,15.31689479],[80.98299248,15.31421449],[80.9744109,15.31153418],[80.96582931,15.30885388],[80.95724773,15.30617358],[80.94866613,15.30349327],[80.94008456,15.30081297],[80.931503,15.29813267],[80.92292141,15.29545237],[80.91433984,15.29277206],[80.90575826,15.29009176],[80.89717669,15.28741146],[80.88859512,15.28473116],[80.88001352,15.28205085],[80.87143194,15.27937055],[80.86285039,15.27669025],[80.85426882,15.27400995],[80.84568725,15.27132965],[80.83710568,15.26864935],[80.82852411,15.26596905],[80.81994252,15.26328874],[80.81136095,15.26060844],[80.8027794,15.25792815],[80.79419783,15.25524784],[80.78561626,15.25256754],[80.7770347,15.24988724],[80.76845314,15.24720694],[80.75987157,15.24452664],[80.75128998,15.24184633],[80.74270842,15.23916603],[80.73412687,15.23648574],[80.72554531,15.23380544],[80.71696376,15.23112514],[80.70838219,15.22844484],[80.69980063,15.22576454],[80.69121907,15.22308424],[80.68263749,15.22040394],[80.67405594,15.21772364],[80.6654744,15.21504335],[80.65689283,15.21236304],[80.64831128,15.20968275],[80.63972972,15.20700245],[80.63114817,15.20432215],[80.62256662,15.20164185],[80.62160883,15.2013427],[80.62148762,15.19482344],[80.62132192,15.18591023],[80.62115622,15.17699702],[80.62099054,15.16808381],[80.62082487,15.1591706],[80.62065921,15.15025739],[80.62049356,15.14134418],[80.62032793,15.13243097],[80.6201623,15.12351774],[80.61999669,15.11460453],[80.61983109,15.10569134],[80.61966549,15.09677814],[80.61949992,15.08786493],[80.61933435,15.07895172],[80.61916879,15.07003851],[80.61900325,15.0611253],[80.61883771,15.05221209],[80.61867219,15.04329889],[80.61850668,15.03438568],[80.61834118,15.02547247],[80.61817569,15.01655926],[80.61801021,15.00764606],[80.61784475,14.99873285],[80.61767929,14.98981964],[80.61751385,14.98090642],[80.61734842,14.97199321],[80.617183,14.96308002],[80.61701759,14.95416682],[80.61685219,14.94525361],[80.61668681,14.9363404],[80.61652143,14.9274272],[80.61635607,14.91851399],[80.61619072,14.90960079],[80.61602538,14.90068758],[80.61586005,14.89177438],[80.61569473,14.88286117],[80.61552943,14.87394797],[80.61536413,14.86503476],[80.61519885,14.85612156],[80.61503357,14.84720835],[80.61486831,14.83829513],[80.61470306,14.82938192],[80.61453782,14.82046874],[80.6143726,14.81155553],[80.61420738,14.80264233],[80.61404218,14.79372913],[80.61387698,14.78481592],[80.6137118,14.77590272],[80.61354663,14.76698952],[80.61338147,14.75807631],[80.61321633,14.74916311],[80.61305119,14.74024991],[80.61288606,14.7313367],[80.61272095,14.7224235],[80.61255585,14.7135103],[80.61239076,14.7045971],[80.61222568,14.69568387],[80.61206061,14.68677067],[80.61189555,14.67785749],[80.61173051,14.66894429],[80.61156547,14.66003109],[80.61140045,14.65111788],[80.61123544,14.64220468],[80.61107043,14.63329148],[80.61090545,14.62437828],[80.61077506,14.61733424],[80.61089754,14.61573744],[80.61127935,14.60990303],[80.61143756,14.60698381],[80.61168856,14.60114267],[80.61178133,14.59822078],[80.6119014,14.5923757],[80.61192391,14.59083962],[80.61195072,14.5877824],[80.61195508,14.58630905],[80.61194861,14.58479616],[80.61192632,14.58163771],[80.61190831,14.58020957],[80.61185704,14.57737399],[80.61182371,14.57595634],[80.61165957,14.57028685],[80.61161707,14.56921956],[80.6121819,14.56131086],[80.61282068,14.55236692],[80.61345942,14.54342376],[80.61409823,14.53447974],[80.614737,14.52553658],[80.61537583,14.51659252],[80.61601466,14.50764883],[80.61665349,14.49870519],[80.61729233,14.4897615],[80.61793118,14.48081797],[80.61857,14.47187485],[80.61920894,14.46293036],[80.61984781,14.45398691],[80.62048671,14.44504325],[80.62112561,14.4360997],[80.62176452,14.42715627],[80.62240348,14.41821219],[80.62304243,14.4092685],[80.62368139,14.4003248],[80.62432033,14.39138152],[80.62495931,14.38243777],[80.62559833,14.37349368],[80.62623729,14.36455061],[80.62687632,14.35560664],[80.62751535,14.34666298],[80.62815438,14.33771936],[80.62879342,14.32877578],[80.62943246,14.31983237],[80.63007156,14.31088826],[80.63071064,14.30194457],[80.6313497,14.29300139],[80.63198883,14.28405732],[80.63262794,14.27511369],[80.63326707,14.26616997],[80.6339062,14.25722637],[80.63454533,14.24828289],[80.63518451,14.23933891],[80.63582369,14.23039514],[80.63646288,14.2214514],[80.63710205,14.21250797],[80.63774125,14.20356437],[80.63838046,14.19462081],[80.63901972,14.18567665],[80.63965895,14.17673313],[80.6402982,14.16778942],[80.64093747,14.15884559],[80.64157671,14.14990232],[80.64221603,14.14095815],[80.64285531,14.13201469],[80.64349459,14.12307141],[80.64413393,14.11412739],[80.64477324,14.10518392],[80.6454126,14.09623998],[80.64605196,14.08729622],[80.6466913,14.07835287],[80.6473307,14.06940871],[80.64797005,14.06046552],[80.64860947,14.05152153],[80.64924886,14.04257803],[80.64988829,14.03363424],[80.65052769,14.02469093],[80.65116715,14.01574692],[80.65180663,14.00680287],[80.65244608,13.99785939],[80.65308554,13.98891593],[80.65372502,13.97997228],[80.65436451,13.97102864],[80.65500405,13.96208451],[80.65564356,13.95314105],[80.6562831,13.94419722],[80.65692261,13.93525385],[80.65756221,13.92630959],[80.65820175,13.9173662],[80.65884133,13.90842248],[80.65948092,13.89947875],[80.66012051,13.89053509],[80.66016935,13.8885474],[80.66048785,13.88507224],[80.66076013,13.88159128],[80.66105394,13.87688862],[80.66139973,13.87264788],[80.66203935,13.86370425],[80.66267903,13.85476013],[80.66331868,13.84581647],[80.66395833,13.83687293],[80.66401052,13.83629447],[80.66583456,13.82754465],[80.66764249,13.81887216],[80.66945025,13.81020055],[80.67125808,13.80152868],[80.67306595,13.79285664],[80.67487385,13.78418449],[80.67668165,13.77551291],[80.67848963,13.76684046],[80.68029766,13.75816786],[80.68210555,13.74949598],[80.68391343,13.74082415],[80.68572142,13.73215191],[80.68752936,13.7234799],[80.68933721,13.71480844],[80.69114528,13.70613589],[80.69295326,13.69746388],[80.69476124,13.68879191],[80.69656932,13.6801195],[80.69837738,13.67144725],[80.70018532,13.66277563],[80.70199328,13.65410391],[80.70380143,13.64543139],[80.70560948,13.63675937],[80.70741747,13.62808767],[80.70922557,13.61941551],[80.71103367,13.61074342],[80.71284175,13.60207144],[80.71464993,13.59339908],[80.71645811,13.58472674],[80.71826623,13.57605469],[80.72007437,13.56738263],[80.72188253,13.55871058],[80.72369063,13.55003881],[80.72549871,13.54136719],[80.72730702,13.53269449],[80.72911586,13.52401935],[80.72930654,13.52308797],[80.72968115,13.52122386],[80.72986508,13.52029117],[80.73058725,13.51655789],[80.7307577,13.51566004],[80.73109233,13.51386318],[80.73124353,13.51303661],[80.7313379,13.51250492],[80.73153892,13.51135631],[80.73190571,13.50922072],[80.73211971,13.50794958],[80.7335298,13.49940484],[80.73490427,13.49107393],[80.7362788,13.48274271],[80.73765336,13.47441134],[80.73902775,13.46608104],[80.74040226,13.45775014],[80.74177672,13.44941957],[80.74315131,13.44108826],[80.74452575,13.43275791],[80.7459006,13.42442515],[80.7461652,13.42275451],[80.74665678,13.41958739],[80.74774237,13.41462221],[80.74870647,13.40976488],[80.74915273,13.40740368],[80.74942128,13.4058547],[80.74991575,13.40289769],[80.75015454,13.40141784],[80.7510534,13.39563761],[80.75147061,13.39274271],[80.75224041,13.38694465],[80.75259299,13.38404152],[80.75323336,13.3782284],[80.75344141,13.37619629],[80.75360466,13.37511351],[80.75388348,13.37334845],[80.75498261,13.36606958],[80.75516246,13.36483906],[80.7555105,13.3623764],[80.75567869,13.3611443],[80.75632803,13.35621304],[80.75662933,13.35374447],[80.7571851,13.34880227],[80.75743957,13.34632865],[80.75790159,13.3413772],[80.75810913,13.33889938],[80.75847724,13.33394038],[80.75863781,13.33145922],[80.75891189,13.32649439],[80.75902541,13.32401074],[80.75920539,13.31904177],[80.75927184,13.31655648],[80.75935765,13.3115851],[80.75937293,13.31037895],[80.75939239,13.30796653],[80.75939665,13.30683395],[80.75938935,13.30552142],[80.75936318,13.30304381],[80.75934425,13.30180508],[80.75924809,13.29699803],[80.75917801,13.29459494],[80.75899383,13.28979036],[80.75887975,13.28738888],[80.75860762,13.28258831],[80.7585341,13.28138843],[80.75837606,13.27898936],[80.75829155,13.27779019],[80.75772331,13.27022083],[80.75715502,13.26265065],[80.75658673,13.2550805],[80.75601852,13.24751117],[80.75587839,13.24579515],[80.75557564,13.24236497],[80.75541302,13.24065085],[80.75471771,13.2337992],[80.75432144,13.23034881],[80.75343781,13.2234592],[80.75295046,13.22002002],[80.75187637,13.21309931],[80.75159891,13.21138616],[80.75102247,13.20796992],[80.75073014,13.20630359],[80.74902721,13.19701857],[80.74740461,13.18817432],[80.7457825,13.17933269],[80.7441604,13.17049106],[80.74253831,13.16164944],[80.74091624,13.15280784],[80.73929417,13.1439662],[80.73767211,13.13512458],[80.73605007,13.12628296],[80.73442804,13.11744134],[80.73280601,13.10859973],[80.731184,13.09975812],[80.729562,13.09091651],[80.72794001,13.0820749],[80.72631804,13.07323331],[80.72469607,13.06439168],[80.72307411,13.05555008],[80.72145217,13.04670848],[80.71983023,13.03786688],[80.71820831,13.02902528],[80.71658639,13.02018368],[80.71496449,13.01134208],[80.7133426,13.00250049],[80.71172072,12.99365892],[80.71009885,12.98481731],[80.70847699,12.97597572],[80.70685515,12.96713413],[80.70523331,12.95829255],[80.70361148,12.94945096],[80.70198967,12.94060938],[80.70036786,12.9317678],[80.69874607,12.92292622],[80.69712429,12.91408466],[80.69550252,12.90524307],[80.69388076,12.89640149],[80.69225901,12.88755992],[80.69063727,12.87871835],[80.68901554,12.86987678],[80.68739382,12.86103521],[80.68577212,12.85219365],[80.68415042,12.84335208],[80.68252874,12.83451054],[80.68090706,12.82566896],[80.6792854,12.8168274],[80.67766375,12.80798584],[80.67604211,12.79914428],[80.67442048,12.79030273],[80.67279886,12.78146118],[80.67117725,12.77261963],[80.66955565,12.76377808],[80.66793406,12.75493653],[80.66631249,12.74609499],[80.66469093,12.73725346],[80.66306937,12.7284119],[80.66144783,12.71957036],[80.65982673,12.7107312],[80.6592612,12.70783103],[80.65806522,12.70204357],[80.65702959,12.69744759],[80.65610512,12.69366127],[80.65514969,12.68926831],[80.65421663,12.68527753],[80.65315449,12.68103297],[80.65261871,12.67896313],[80.65219952,12.67739609],[80.65179802,12.67592905],[80.65107882,12.67335931],[80.65048358,12.67129713],[80.65009726,12.66999836],[80.64956133,12.66784415],[80.6472463,12.65950875],[80.64493098,12.65117227],[80.64261567,12.6428358],[80.64030037,12.63449935],[80.63798508,12.6261629],[80.63566981,12.61782644],[80.63335453,12.60948998],[80.63103928,12.60115353],[80.62872403,12.59281707],[80.62640878,12.58448062],[80.62409356,12.57614418],[80.62177834,12.56780773],[80.61946312,12.55947128],[80.61714792,12.55113484],[80.61483273,12.5427984],[80.61251755,12.53446197],[80.61020238,12.52612553],[80.60788721,12.51778909],[80.60557206,12.50945265],[80.60325781,12.50111945],[80.6028727,12.49976087],[80.60208796,12.49704772],[80.60168833,12.49569319],[80.60006095,12.49028367],[80.59921833,12.48758734],[80.59747556,12.48221265],[80.59657543,12.47953432],[80.59471806,12.47419684],[80.59425764,12.4728956],[80.59332323,12.47029782],[80.59287193,12.46906243],[80.59263444,12.46842717],[80.59220218,12.46727991],[80.59198473,12.46670677],[80.59115633,12.46453849],[80.59094805,12.46399687],[80.5905291,12.46291451],[80.59031845,12.4623738],[80.58718181,12.45437407],[80.58404355,12.44637018],[80.5809053,12.43836632],[80.57776707,12.43036247],[80.57462885,12.4223586],[80.57149062,12.41435472],[80.56835241,12.40635087],[80.56521422,12.39834703],[80.56207603,12.39034317],[80.55893784,12.3823393],[80.55579967,12.37433546],[80.55266152,12.36633163],[80.550782,12.36153794],[80.55048899,12.36046926],[80.54968377,12.35765482],[80.54801104,12.35204354],[80.54714358,12.34924692],[80.54534687,12.34367291],[80.54441764,12.34089557],[80.54275375,12.3360992],[80.5419895,12.33388534],[80.54148111,12.33243975],[80.54044757,12.32955432],[80.53994486,12.32817494],[80.53945863,12.32688404],[80.53851881,12.32442764],[80.53804279,12.32320171],[80.53616191,12.31842787],[80.53519832,12.31604979],[80.53322516,12.31131212],[80.53221561,12.30895255],[80.53015089,12.30425277],[80.52909574,12.30191259],[80.52694023,12.29725241],[80.52583988,12.29493246],[80.52359436,12.29031359],[80.52244921,12.2880147],[80.52011451,12.28343882],[80.51892498,12.28116185],[80.51650196,12.27663061],[80.51532808,12.27448808],[80.51478282,12.2733098],[80.51248721,12.26859502],[80.51008282,12.26389424],[80.5088572,12.26155546],[80.50635958,12.25690198],[80.50508758,12.25458729],[80.50249769,12.24998288],[80.50185932,12.24886069],[80.50057168,12.24662236],[80.49995246,12.24555734],[80.49937919,12.24459107],[80.49828542,12.242765],[80.49773487,12.24185409],[80.49558026,12.23832098],[80.49448917,12.23656258],[80.49227969,12.23306243],[80.4911613,12.23132071],[80.48889747,12.22785434],[80.48832813,12.22698988],[80.48718271,12.22526527],[80.48660665,12.22440514],[80.4816875,12.21712104],[80.47676481,12.2098317],[80.47184216,12.2025424],[80.4669195,12.1952531],[80.46199686,12.18796379],[80.45707423,12.1806745],[80.45215158,12.17338517],[80.44722897,12.16609589],[80.44230636,12.1588066],[80.43738374,12.15151729],[80.43246115,12.14422801],[80.42753856,12.13693874],[80.42261597,12.12964944],[80.4176934,12.12236016],[80.41277083,12.11507088],[80.40784827,12.10778161],[80.40292572,12.10049233],[80.39800317,12.09320306],[80.39308064,12.08591379],[80.38815811,12.07862453],[80.38323559,12.07133526],[80.37831308,12.06404601],[80.37339057,12.05675675],[80.36846808,12.04946751],[80.36354559,12.04217824],[80.3586231,12.03488898],[80.35708597,12.03261278],[80.35565681,12.02912647],[80.35225194,12.0208205],[80.34884708,12.01251456],[80.34544223,12.0042086],[80.34203737,11.99590263],[80.33863254,11.98759668],[80.33522771,11.97929073],[80.33182291,11.9709848],[80.3284181,11.96267885],[80.3250133,11.9543729],[80.32160851,11.94606696],[80.31820374,11.93776105],[80.31479898,11.92945511],[80.31139421,11.92114916],[80.30798947,11.91284324],[80.30458473,11.90453732],[80.30118001,11.89623142],[80.29777529,11.8879255],[80.29437057,11.87961956],[80.29096588,11.87131365],[80.2875612,11.86300776],[80.28415652,11.85470185],[80.28075185,11.84639593],[80.27734718,11.83809003],[80.27394254,11.82978414],[80.27053791,11.82147826],[80.26713328,11.81317236],[80.26372865,11.80486646],[80.26032404,11.79656056],[80.25691945,11.7882547],[80.25351486,11.77994882],[80.25011027,11.77164293],[80.2467057,11.76333705],[80.24330114,11.75503118],[80.2398966,11.74672533],[80.23649205,11.73841945],[80.23308752,11.73011358],[80.229683,11.72180772],[80.22627849,11.71350188],[80.22287399,11.70519602],[80.21946949,11.69689015],[80.21606501,11.6885843],[80.21266054,11.68027846],[80.20925608,11.67197263],[80.20585163,11.66366679],[80.20507776,11.66160023],[80.20661109,11.65279177],[80.2081225,11.64410924],[80.20963405,11.635426],[80.21114568,11.62674237],[80.21265725,11.61805911],[80.21416885,11.60937574],[80.21568043,11.60069254],[80.21719203,11.59200928],[80.21870363,11.58332605],[80.22021518,11.57464322],[80.22172696,11.56595908],[80.22323853,11.55727625],[80.2247503,11.54859231],[80.22626189,11.53990943],[80.22777358,11.53122606],[80.22928534,11.52254236],[80.23079693,11.51385965],[80.23230875,11.50517571],[80.23382046,11.49649246],[80.2353322,11.48780908],[80.23684386,11.47912625],[80.23835563,11.47044278],[80.23986738,11.46175956],[80.24137913,11.45307633],[80.24289095,11.44439278],[80.24440277,11.43570932],[80.24591452,11.42702628],[80.24742671,11.41834078],[80.24791479,11.41533276],[80.24882152,11.4093065],[80.24924016,11.40628831],[80.25077499,11.3942013],[80.25112395,11.3911745],[80.25175206,11.3851138],[80.2520312,11.38207994],[80.25271361,11.37359258],[80.25339597,11.36510593],[80.25407832,11.35661954],[80.2547607,11.34813281],[80.25544307,11.33964652],[80.25612546,11.33115991],[80.25680782,11.3226739],[80.25749023,11.31418734],[80.25817265,11.30570077],[80.25885505,11.29721464],[80.25953751,11.28872782],[80.26021997,11.28024115],[80.2609024,11.27175499],[80.26158484,11.26326875],[80.26226734,11.25478188],[80.2629498,11.24629574],[80.2636323,11.23780916],[80.26431488,11.22932166],[80.26445083,11.22746843],[80.26469669,11.22376024],[80.2648066,11.22190533],[80.26519407,11.2144836],[80.26527792,11.21262735],[80.26541954,11.20891386],[80.26547731,11.20705665],[80.26569163,11.19815659],[80.26590594,11.18925689],[80.26612027,11.18035726],[80.2663346,11.17145767],[80.26654895,11.16255776],[80.26676331,11.15365825],[80.26697768,11.14475855],[80.26719205,11.13585884],[80.26740645,11.12695907],[80.26762085,11.11805937],[80.26783525,11.10915986],[80.26804968,11.10025989],[80.2682641,11.09136053],[80.26847855,11.08246069],[80.268693,11.07356109],[80.26890746,11.06466139],[80.26912194,11.05576162],[80.26933642,11.04686197],[80.26955091,11.03796228],[80.26976542,11.02906267],[80.26997994,11.02016294],[80.27019446,11.01126334],[80.270409,11.00236353],[80.27062354,10.99346393],[80.2708381,10.9845643],[80.27105266,10.97566472],[80.27126725,10.96676491],[80.27148183,10.95786524],[80.27169644,10.94896534],[80.27191104,10.94006584],[80.27212567,10.931166],[80.2721711,10.92729774],[80.27234029,10.9222665],[80.27239877,10.91901319],[80.272401,10.91326643],[80.27276959,10.90446711],[80.27298425,10.89556737],[80.27319892,10.88666769],[80.27341361,10.87776788],[80.2736283,10.86886831],[80.27384301,10.85996845],[80.27405772,10.8510688],[80.27427244,10.84216925],[80.27448718,10.83326933],[80.27470192,10.82436985],[80.27491668,10.81547007],[80.27513145,10.80657057],[80.27534623,10.79767053],[80.27556101,10.78877108],[80.27577581,10.7798713],[80.27599062,10.77097162],[80.27620544,10.76207201],[80.27642027,10.75317218],[80.27663511,10.74427278],[80.27684997,10.73537275],[80.27706482,10.72647328],[80.27727969,10.71757351],[80.27749457,10.7086739],[80.27770947,10.69977388],[80.27792437,10.69087439],[80.27813929,10.68197464],[80.27835421,10.67307485],[80.27856914,10.66417528],[80.27878409,10.65527565],[80.27899904,10.64637595],[80.27921401,10.63747634],[80.27942898,10.62857663],[80.27964397,10.61967687],[80.27985896,10.61077726],[80.28007398,10.60187734],[80.280289,10.59297757],[80.28050402,10.584078],[80.28071905,10.57517856],[80.28093411,10.56627851],[80.28114917,10.55737888],[80.28136423,10.54847939],[80.28157932,10.53957943],[80.28179441,10.5306799],[80.28200951,10.52177996],[80.28222462,10.51288041],[80.28243974,10.50398077],[80.28265487,10.49508111],[80.28287002,10.48618144],[80.28308518,10.47728144],[80.28330034,10.46838182],[80.28351551,10.45948231],[80.28373069,10.45058249],[80.28394589,10.4416829],[80.28416109,10.43278318],[80.28437631,10.42388346],[80.28459153,10.41498373],[80.28480677,10.4060841],[80.28502645,10.39700095],[80.28604511,10.39226173],[80.28664931,10.38939937],[80.28779447,10.38366225],[80.28806769,10.38225381],[80.2885989,10.37943409],[80.2888471,10.37807798],[80.28910875,10.37655377],[80.28959596,10.37361299],[80.2898313,10.37214127],[80.2907225,10.36636014],[80.29113624,10.36346478],[80.29189981,10.35766576],[80.29224963,10.35476215],[80.29288522,10.34894802],[80.29317098,10.34603754],[80.29367829,10.34021106],[80.29389984,10.3372951],[80.29427864,10.33145904],[80.29443589,10.32853899],[80.29468602,10.32269614],[80.2947789,10.31977337],[80.29490024,10.31392651],[80.29492225,10.31249289],[80.29495077,10.30962546],[80.29495733,10.30824834],[80.29494765,10.30670124],[80.29491164,10.30372056],[80.29488526,10.30223034],[80.29474896,10.29638379],[80.29464861,10.29346127],[80.29438356,10.28761905],[80.29421886,10.28469939],[80.29382521,10.27886429],[80.29359625,10.27594887],[80.29307419,10.27012366],[80.29278109,10.26721389],[80.29213088,10.26140133],[80.29177378,10.25849858],[80.29099574,10.25270145],[80.29057482,10.2498071],[80.28966933,10.24402816],[80.28943961,10.24261206],[80.28896489,10.23978236],[80.28872968,10.23842352],[80.28844922,10.23690307],[80.28789145,10.23397476],[80.28760435,10.23251216],[80.28737784,10.23139143],[80.28644536,10.22677781],[80.28633712,10.22627104]]],[[[72.27195866,12.60580271],[72.27893212,12.60015474],[72.28590695,12.59450568],[72.29288149,12.58885684],[72.29985677,12.58320741],[72.30683105,12.57755879],[72.31380756,12.57190837],[72.32078312,12.56625872],[72.32775724,12.56061024],[72.33473178,12.55496142],[72.34170736,12.54931176],[72.34868333,12.54366178],[72.35565831,12.53801261],[72.36263142,12.53236496],[72.36960717,12.52671517],[72.37658116,12.52106681],[72.38355762,12.51541645],[72.39053296,12.509767],[72.39750783,12.50411793],[72.40448351,12.49846821],[72.41145868,12.49281891],[72.41843432,12.48716922],[72.42541038,12.4815192],[72.43238395,12.4758712],[72.43935923,12.47022181],[72.4463329,12.46457373],[72.45330903,12.45892366],[72.46028542,12.45327338],[72.46726001,12.44762456],[72.47423606,12.44197456],[72.48121015,12.43632615],[72.48818453,12.43067751],[72.49516139,12.42502687],[72.5021353,12.41937861],[72.5091098,12.41372988],[72.51608642,12.40807943],[72.52306066,12.40243091],[72.53003875,12.39677928],[72.53100969,12.39598542],[72.53180793,12.39532144],[72.53299518,12.39432615],[72.53592311,12.39200425],[72.53726447,12.39092659],[72.53827386,12.39010506],[72.53899497,12.38951403],[72.53966406,12.38895816],[72.54199555,12.3870085],[72.54398404,12.38548484],[72.55096155,12.37983368],[72.55793867,12.37418285],[72.5649136,12.36853379],[72.57188867,12.36288461],[72.57886315,12.35723591],[72.58584036,12.35158502],[72.59281359,12.34593733],[72.59979089,12.34028637],[72.606763,12.3346396],[72.61373908,12.32898963],[72.62071431,12.32334033],[72.62768957,12.31769102],[72.63466699,12.31203997],[72.64164001,12.30639247],[72.64861483,12.30074353],[72.65559157,12.29509303],[72.66256625,12.2894442],[72.66954315,12.28379358],[72.67651686,12.27814554],[72.68349229,12.27249611],[72.69046761,12.26684677],[72.69744322,12.2611972],[72.70441805,12.25554827],[72.71139365,12.24989871],[72.7183696,12.24424887],[72.72534491,12.23859955],[72.7323179,12.23295211],[72.73929561,12.22730085],[72.7462693,12.22165285],[72.75324674,12.21600181],[72.76022001,12.21035416],[72.76719746,12.20470312],[72.77416998,12.19905607],[72.7811484,12.19340425],[72.78812312,12.18775543],[72.79509828,12.18210626],[72.80207416,12.1764565],[72.80905057,12.17080632],[72.81602447,12.16515817],[72.82299959,12.15950903],[72.82997524,12.15385948],[72.8369503,12.14821039],[72.84392632,12.14256054],[72.8509012,12.13691161],[72.85787641,12.13126241],[72.86485192,12.12561298],[72.8718273,12.11996365],[72.87880312,12.11431396],[72.88577782,12.10866518],[72.8927537,12.10301546],[72.8997291,12.09736613],[72.90670526,12.09171617],[72.91368091,12.08606664],[72.92065761,12.08041626],[72.9276306,12.07476888],[72.93460471,12.0691206],[72.94158245,12.06346938],[72.94855812,12.05781984],[72.95116973,12.05563117],[72.95553415,12.05217001],[72.95657617,12.05132181],[72.96110031,12.0475375],[72.96250837,12.04652165],[72.96948386,12.04087226],[72.97645976,12.03522254],[72.98343595,12.0295726],[72.99041,12.02392439],[72.99738555,12.01827496],[73.00436222,12.01262462],[73.01133778,12.0069752],[73.01831305,12.001326],[73.02528937,11.99567596],[73.03226361,11.9900276],[73.03923981,11.98437766],[73.04621477,11.97872873],[73.05319011,11.97307949],[73.06016509,11.96743054],[73.0671392,11.9617823],[73.07411696,11.95613111],[73.08109125,11.95048273],[73.08806785,11.94483248],[73.09504406,11.93918255],[73.10201876,11.93353384],[73.10899571,11.92788332],[73.11597074,11.92223435],[73.12294681,11.91658454],[73.12992107,11.91093621],[73.1368966,11.90528684],[73.14387114,11.89963828],[73.15084845,11.89398747],[73.15782281,11.88833906],[73.16480016,11.88268823],[73.17177556,11.87703897],[73.1787514,11.87138937],[73.1857263,11.86574053],[73.19270234,11.86009077],[73.1996782,11.85444115],[73.20665247,11.84879283],[73.21362883,11.84314281],[73.22060284,11.8374947],[73.22547724,11.83354703],[73.22616557,11.83310404],[73.23109863,11.82985145],[73.2335471,11.82819862],[73.23840678,11.82484067],[73.24081797,11.82313556],[73.24560196,11.81967385],[73.24797473,11.81791727],[73.25268074,11.81435347],[73.25501395,11.81254626],[73.25963974,11.80888205],[73.26077511,11.80797272],[73.26303586,11.80614205],[73.26412913,11.80524728],[73.26539734,11.80418514],[73.26785691,11.8020995],[73.26908036,11.80104946],[73.27388587,11.79687502],[73.27508106,11.79582437],[73.27745879,11.79370924],[73.27864132,11.79264478],[73.2804643,11.79098428],[73.28125688,11.79025654],[73.28283612,11.78879486],[73.28362277,11.78806092],[73.28675737,11.78511292],[73.28831272,11.78362661],[73.29139917,11.78062974],[73.29293024,11.77911919],[73.29596775,11.77607421],[73.29747416,11.7745398],[73.30046195,11.7714475],[73.30194332,11.76988962],[73.30488065,11.76675077],[73.3063366,11.76516982],[73.30922271,11.76198523],[73.31065287,11.76038161],[73.31201386,11.75883076],[73.31648478,11.75447221],[73.32288346,11.74823435],[73.32928402,11.74199466],[73.33568196,11.73575752],[73.34208384,11.72951655],[73.34848282,11.72327842],[73.35488253,11.71703957],[73.36128258,11.71080039],[73.36768141,11.70456241],[73.37408197,11.69832274],[73.38048174,11.69208386],[73.38688285,11.68584366],[73.39328046,11.67960688],[73.39968098,11.67336727],[73.40608085,11.66712829],[73.41248036,11.66088967],[73.4188811,11.65464986],[73.42528068,11.64841118],[73.43167877,11.64217395],[73.43807965,11.63593401],[73.44447931,11.62969526],[73.45088009,11.62345542],[73.45727977,11.61721666],[73.46368027,11.6109771],[73.47007945,11.60473883],[73.47647993,11.5984993],[73.48288022,11.59225996],[73.48927767,11.5860234],[73.49567905,11.57978299],[73.50207774,11.57354522],[73.50847937,11.56730459],[73.51487832,11.56106657],[73.52127765,11.55482819],[73.52767848,11.54858835],[73.5340799,11.54234793],[73.54047933,11.53610946],[73.54687811,11.52987163],[73.55327853,11.5236322],[73.55967895,11.51739277],[73.56607929,11.51115343],[73.57247815,11.50491553],[73.57887874,11.49867595],[73.58527806,11.49243761],[73.59167836,11.48619832],[73.59807772,11.47995995],[73.60447995,11.47371878],[73.61087851,11.4674812],[73.61727841,11.46124231],[73.62367799,11.45500374],[73.63007793,11.44876483],[73.63647862,11.44252518],[73.64287878,11.43628605],[73.64927792,11.43004792],[73.65567948,11.42380745],[73.66207917,11.41756879],[73.66847939,11.41132962],[73.67487926,11.40509079],[73.68127785,11.39885321],[73.68767909,11.39261306],[73.69408045,11.38637279],[73.70048007,11.38013422],[73.70688012,11.37389524],[73.71327989,11.36765653],[73.71967907,11.36141841],[73.72608015,11.35517843],[73.73247874,11.34894089],[73.73888034,11.34270041],[73.74528049,11.33646135],[73.75168056,11.33022237],[73.75808047,11.32398356],[73.76448001,11.31774511],[73.77088101,11.31150522],[73.7772817,11.30526566],[73.78368204,11.29902643],[73.79008091,11.29278865],[73.79648181,11.28654889],[73.80288167,11.28031015],[73.80928267,11.2740703],[73.81568128,11.26783277],[73.82208186,11.26159334],[73.82848143,11.25535489],[73.83488256,11.24911493],[73.84128309,11.24287555],[73.84768271,11.23663706],[73.85408367,11.23039728],[73.86048281,11.22415926],[73.86688177,11.21792143],[73.87328376,11.21168065],[73.87968426,11.20544132],[73.88608407,11.19920267],[73.89248497,11.19296296],[73.89888548,11.18672364],[73.90528519,11.1804851],[73.9116853,11.17424617],[73.91808562,11.16800704],[73.92448528,11.16176856],[73.9308863,11.15552876],[73.93728706,11.14928921],[73.94368714,11.14305033],[73.95008736,11.13681131],[73.95653374,11.13052731],[73.95946932,11.12817948],[73.96060299,11.12726939],[73.96286035,11.12543716],[73.96395392,11.12454001],[73.96512711,11.12355598],[73.96740247,11.12162542],[73.96853472,11.12065393],[73.97298307,11.11679429],[73.97518587,11.1148405],[73.97954772,11.11088584],[73.98170676,11.10888501],[73.98598005,11.10483723],[73.98809428,11.10279031],[73.99227698,11.09865134],[73.99434541,11.09655931],[73.99843552,11.09233112],[74.00045717,11.09019498],[74.00445274,11.08587959],[74.00642664,11.08370036],[74.01032577,11.07929984],[74.01127943,11.07821178],[74.01317488,11.07602558],[74.01408663,11.07496283],[74.0150758,11.07378399],[74.0169812,11.07148661],[74.01792744,11.07033272],[74.02162819,11.06576825],[74.02345331,11.06346607],[74.0270522,11.05882288],[74.02882596,11.05648189],[74.03232129,11.05176218],[74.03404284,11.0493835],[74.03743294,11.04458954],[74.03910148,11.04217429],[74.04238475,11.03730836],[74.04399947,11.03485771],[74.04717435,11.02992213],[74.04873449,11.02743724],[74.05179947,11.02243436],[74.05254552,11.02120172],[74.05402421,11.01872856],[74.05473053,11.01753315],[74.05550161,11.0161948],[74.05697655,11.01360018],[74.05770672,11.01229883],[74.06054759,11.00716856],[74.06193967,11.00458812],[74.06466645,10.9993978],[74.06600114,10.99678795],[74.06861254,10.99154006],[74.06988923,10.98890205],[74.072384,10.98359909],[74.07360207,10.98093417],[74.07597904,10.97557867],[74.07713792,10.97288812],[74.07939596,10.96748264],[74.08049511,10.96476773],[74.08263315,10.95931483],[74.0831502,10.9579749],[74.08416974,10.95528962],[74.08465278,10.9539972],[74.08501366,10.95300397],[74.08568941,10.95112086],[74.08602373,10.95017807],[74.08730961,10.94650803],[74.08793908,10.94466841],[74.08917096,10.94098034],[74.08977338,10.9391319],[74.09095102,10.93542656],[74.09152625,10.93356969],[74.0926494,10.92984788],[74.09319732,10.92798296],[74.09426576,10.92424545],[74.09478626,10.92237288],[74.09579976,10.91862046],[74.09629274,10.91674064],[74.09725108,10.91297409],[74.09748721,10.91203158],[74.09795256,10.91014488],[74.09818178,10.9092007],[74.09837307,10.90839998],[74.09859788,10.90744325],[74.09904041,10.90552818],[74.09925811,10.90456986],[74.1001147,10.90073352],[74.10071936,10.89787804],[74.10186563,10.89215473],[74.10239695,10.88934485],[74.10265455,10.8878475],[74.10313327,10.88496609],[74.1033647,10.883524],[74.10351766,10.88253619],[74.10372101,10.88135401],[74.10421831,10.87835996],[74.10445845,10.87686113],[74.10493897,10.87374798],[74.10515426,10.87230017],[74.10556883,10.8694023],[74.10576811,10.86795225],[74.10612108,10.8652744],[74.10630402,10.86382485],[74.1066539,10.86092384],[74.10682084,10.85947241],[74.10716295,10.85634628],[74.10731398,10.85489202],[74.1076,10.85198193],[74.10773497,10.85052612],[74.10796964,10.84783348],[74.10808857,10.84637597],[74.10831033,10.84345974],[74.10841316,10.84200103],[74.10861701,10.83886256],[74.10870364,10.83740462],[74.10886082,10.83448788],[74.10893137,10.83302909],[74.10904691,10.83033215],[74.10910148,10.82886944],[74.10920052,10.82573593],[74.1093332,10.82259946],[74.10944454,10.81868269],[74.10949703,10.81483222],[74.10950933,10.8129663],[74.10950505,10.8119585],[74.10948977,10.81006194],[74.10947874,10.80911369],[74.10942286,10.80543996],[74.10938219,10.80360329],[74.10927538,10.79993065],[74.10920926,10.79809471],[74.10905156,10.79442386],[74.10900895,10.79350629],[74.10891738,10.79167142],[74.10886842,10.79075417],[74.10836307,10.78186542],[74.1078577,10.77297608],[74.10735233,10.76408675],[74.10684698,10.75519743],[74.10634164,10.7463081],[74.10583631,10.73741874],[74.10533099,10.72852941],[74.10482568,10.71964008],[74.10432038,10.71075075],[74.10381509,10.70186142],[74.10330981,10.69297209],[74.10280454,10.68408276],[74.10229929,10.67519343],[74.10179404,10.6663041],[74.1012888,10.65741479],[74.10078358,10.64852546],[74.10027836,10.63963611],[74.09977315,10.63074679],[74.09926796,10.62185746],[74.09876277,10.61296813],[74.0982576,10.60407881],[74.09775243,10.59518948],[74.09724728,10.58630016],[74.09674214,10.57741083],[74.096237,10.56852151],[74.09573188,10.55963221],[74.09522677,10.55074289],[74.09472167,10.54185354],[74.09421658,10.53296422],[74.0937115,10.5240749],[74.09320643,10.51518558],[74.09270137,10.50629626],[74.09219632,10.49740694],[74.09169128,10.48851762],[74.09118625,10.47962831],[74.09068123,10.47073899],[74.09017622,10.46184969],[74.08967123,10.45296038],[74.08916624,10.44407104],[74.08866126,10.43518173],[74.0881563,10.42629241],[74.08765134,10.4174031],[74.08714639,10.40851378],[74.08664146,10.39962447],[74.08613653,10.39073516],[74.08563162,10.38184585],[74.08512671,10.37295653],[74.08462182,10.36406724],[74.08411694,10.35517793],[74.08361207,10.3462886],[74.0831072,10.33739929],[74.08260235,10.32850998],[74.08209751,10.31962067],[74.08159268,10.31073137],[74.08108786,10.30184206],[74.08058305,10.29295275],[74.08007825,10.28406345],[74.07957346,10.27517414],[74.07906868,10.26628486],[74.07856391,10.25739555],[74.07805915,10.24850623],[74.0775544,10.23961692],[74.07704966,10.23072762],[74.07654493,10.22183832],[74.07604022,10.21294902],[74.07553551,10.20405971],[74.07503081,10.19517041],[74.07452613,10.18628111],[74.07402145,10.17739181],[74.07351679,10.16850253],[74.07301213,10.15961324],[74.07250748,10.15072392],[74.07200285,10.14183462],[74.07149823,10.13294532],[74.07099361,10.12405603],[74.07048904,10.11516727],[74.07042849,10.11416724],[74.07029985,10.1121676],[74.07023176,10.11116803],[74.06994433,10.10717084],[74.06978554,10.10517331],[74.06943786,10.10118082],[74.06924896,10.09918587],[74.06884111,10.09519897],[74.06862215,10.09320705],[74.06815422,10.08922663],[74.06790524,10.08723817],[74.06737734,10.08326513],[74.06695863,10.08035992],[74.06605716,10.07455926],[74.06557436,10.0716636],[74.06420805,10.06399194],[74.06385402,10.06208596],[74.06312843,10.05833219],[74.0627521,10.05645765],[74.06092035,10.04766148],[74.05908818,10.03886321],[74.05725602,10.03006493],[74.05542387,10.02126667],[74.05359173,10.0124684],[74.05175959,10.00367011],[74.04992747,9.99487184],[74.04809536,9.98607357],[74.0462637,9.97727739],[74.04545105,9.97363187],[74.0437237,9.96636463],[74.04280902,9.96274297],[74.03894917,9.94831499],[74.03793321,9.94471997],[74.03580074,9.93755928],[74.03468425,9.93399367],[74.03187733,9.92545116],[74.02906942,9.9169056],[74.0262615,9.90836002],[74.0234536,9.89981446],[74.02064572,9.89126892],[74.01783785,9.88272336],[74.01502998,9.87417781],[74.01222212,9.86563226],[74.00941427,9.8570867],[74.00660643,9.84854115],[74.00379861,9.83999563],[74.00099079,9.83145009],[73.99818298,9.82290455],[73.99537518,9.81435902],[73.9925674,9.80581349],[73.98975961,9.79726794],[73.98695184,9.78872241],[73.98414409,9.78017691],[73.98133634,9.77163139],[73.9785286,9.76308587],[73.97572088,9.75454035],[73.97291316,9.74599484],[73.97010544,9.73744931],[73.96729774,9.7289038],[73.96449006,9.72035832],[73.96168238,9.71181281],[73.95887471,9.70326731],[73.95606705,9.69472182],[73.9532594,9.6861763],[73.95045175,9.67763081],[73.94764413,9.66908534],[73.94483651,9.66053985],[73.9420289,9.65199437],[73.9392213,9.64344888],[73.93641371,9.6349034],[73.93360612,9.62635791],[73.93079855,9.61781243],[73.927991,9.60926698],[73.92518345,9.60072151],[73.92237591,9.59217605],[73.91956837,9.58363058],[73.91676085,9.57508512],[73.91395334,9.56653964],[73.91114583,9.55799419],[73.90833835,9.54944875],[73.90553087,9.5409033],[73.90272339,9.53235785],[73.89991593,9.52381241],[73.89710847,9.51526694],[73.89430103,9.5067215],[73.8914936,9.49817608],[73.88868618,9.48963065],[73.88587877,9.48108521],[73.88307136,9.47253978],[73.88026397,9.46399436],[73.87745658,9.45544891],[73.87464952,9.44690443],[73.87424308,9.44568702],[73.87325655,9.44277864],[73.87220344,9.4394753],[73.87147603,9.43726064],[73.87037548,9.43400602],[73.86941148,9.43097821],[73.86903418,9.42981172],[73.86622715,9.42126726],[73.86341982,9.41272184],[73.86061249,9.40417643],[73.85780517,9.39563101],[73.85499787,9.3870856],[73.85219058,9.37854022],[73.84938329,9.36999482],[73.84657602,9.36144942],[73.84519894,9.35739073],[73.84376875,9.35290403],[73.84230635,9.34857764],[73.84096149,9.34435862],[73.83815425,9.33581323],[73.83534702,9.32726786],[73.83253979,9.31872248],[73.82973257,9.3101771],[73.82692537,9.30163172],[73.82411817,9.29308634],[73.82131098,9.28454095],[73.8185038,9.27599558],[73.81569664,9.26745023],[73.81288948,9.25890486],[73.81008234,9.2503595],[73.8072752,9.24181414],[73.80446807,9.23326878],[73.80166095,9.22472341],[73.79885384,9.21617806],[73.79604675,9.20763272],[73.79323966,9.19908738],[73.79043258,9.19054203],[73.78762551,9.18199669],[73.78481844,9.17345133],[73.78201139,9.16490599],[73.77920436,9.15636068],[73.77639733,9.14781534],[73.77359031,9.13927001],[73.7707833,9.13072469],[73.7679763,9.12217936],[73.76516931,9.11363402],[73.76236232,9.1050887],[73.75955536,9.09654341],[73.7567484,9.08799809],[73.75394145,9.07945278],[73.75113451,9.07090747],[73.74832757,9.06236215],[73.74552065,9.05381684],[73.74271374,9.04527156],[73.73990684,9.03672626],[73.73709994,9.02818097],[73.73429306,9.01963567],[73.73148619,9.01109038],[73.72867932,9.00254508],[73.72587247,8.99399979],[73.72306563,8.98545453],[73.7202588,8.97690925],[73.71745197,8.96836397],[73.71464516,8.95981869],[73.71183835,8.95127342],[73.70903155,8.94272813],[73.70622477,8.93418286],[73.703418,8.92563762],[73.70061123,8.91709236],[73.69780448,8.9085471],[73.69499773,8.90000184],[73.69219099,8.89145657],[73.68938426,8.88291131],[73.68657755,8.87436608],[73.68377085,8.86582084],[73.68096415,8.85727559],[73.67815746,8.84873035],[73.67535078,8.84018511],[73.67254411,8.83163986],[73.66973745,8.82309462],[73.66693081,8.81454941],[73.66412417,8.80600418],[73.66131754,8.79745896],[73.65851092,8.78891373],[73.65570432,8.78036851],[73.65289771,8.77182328],[73.65009112,8.76327806],[73.64728455,8.75473287],[73.64447798,8.74618766],[73.64167142,8.73764245],[73.63886487,8.72909724],[73.63605832,8.72055202],[73.63325179,8.71200682],[73.63044527,8.70346164],[73.62763876,8.69491645],[73.62483226,8.68637126],[73.62202577,8.67782607],[73.61921929,8.66928088],[73.61641281,8.66073568],[73.61360634,8.65219049],[73.6107999,8.64364533],[73.60799345,8.63510016],[73.60518702,8.62655498],[73.6023806,8.61800981],[73.59957418,8.60946464],[73.59676777,8.60091946],[73.59396138,8.59237429],[73.591155,8.58382915],[73.58834862,8.57528399],[73.58554226,8.56673884],[73.5827359,8.55819368],[73.57992955,8.54964851],[73.57712321,8.54110337],[73.57431689,8.53255824],[73.57151058,8.52401309],[73.56870427,8.51546795],[73.56589797,8.50692282],[73.56309168,8.49837768],[73.5602854,8.48983253],[73.55747913,8.4812874],[73.55467288,8.47274229],[73.55186663,8.46419717],[73.54906039,8.45565204],[73.54625416,8.44710692],[73.54344794,8.43856181],[73.54064173,8.43001667],[73.53783553,8.42147156],[73.53502934,8.41292647],[73.53222316,8.40438136],[73.52941699,8.39583626],[73.52661083,8.38729116],[73.52380467,8.37874604],[73.52099853,8.37020095],[73.5181924,8.36165587],[73.51538628,8.35311078],[73.51258017,8.34456569],[73.50977407,8.3360206],[73.50696797,8.32747552],[73.50416188,8.31893042],[73.50135581,8.31038534],[73.49854975,8.30184029],[73.4957437,8.29329521],[73.49293765,8.28475014],[73.49013162,8.27620507],[73.48732559,8.26766001],[73.48451957,8.25911493],[73.48171356,8.25056987],[73.47890757,8.24202483],[73.47610158,8.23347977],[73.47329561,8.22493472],[73.47048964,8.21638967],[73.46768368,8.20784461],[73.46487855,8.19930208],[73.46451994,8.19822539],[73.46379357,8.19607503],[73.46342583,8.19500139],[73.46193669,8.19071317],[73.46156702,8.18966278],[73.46081895,8.18756508],[73.46045515,8.18655768],[73.45992263,8.18512674],[73.45887138,8.18235046],[73.45833805,8.18096523],[73.45620534,8.17551611],[73.45510918,8.17280314],[73.45323967,8.16831789],[73.45299982,8.1675328],[73.45122932,8.16195639],[73.45031357,8.15917782],[73.44842148,8.15364121],[73.44794796,8.15227961],[73.44698626,8.14956152],[73.44651262,8.14824478],[73.44598026,8.14681411],[73.44492919,8.14403801],[73.44439595,8.14265287],[73.44226347,8.13720373],[73.44116743,8.13449076],[73.43891625,8.12908924],[73.43776113,8.12640073],[73.43539233,8.12104941],[73.43417867,8.11838664],[73.43169339,8.11308807],[73.43042179,8.1104523],[73.42782121,8.10520898],[73.42649226,8.10260147],[73.42377763,8.09741591],[73.42239196,8.09483789],[73.41956458,8.08971255],[73.41886034,8.08845204],[73.41743829,8.0859386],[73.41673997,8.0847193],[73.41596917,8.08340689],[73.41445243,8.08085764],[73.413687,8.0795872],[73.4106382,8.07458957],[73.40908649,8.07210734],[73.40592914,8.06717714],[73.40432352,8.06472921],[73.40105913,8.05986879],[73.39940037,8.05745633],[73.39603049,8.052668],[73.39431938,8.05029216],[73.39084562,8.04557819],[73.38908299,8.04324009],[73.385507,8.03860272],[73.38369367,8.03630348],[73.38001716,8.03174492],[73.37910278,8.03062357],[73.37726194,8.02839073],[73.37635756,8.02730545],[73.37558176,8.02639267],[73.37406663,8.02462605],[73.37330524,8.02374601],[73.37029007,8.02029136],[73.36876771,8.01857686],[73.36569387,8.015174],[73.3641424,8.01348565],[73.36101077,8.01013557],[73.35943064,8.00847386],[73.35624215,8.00517754],[73.35463381,8.00354296],[73.35266749,8.00157835],[73.3506707,7.99931213],[73.34871067,7.99713593],[73.34474348,7.99282661],[73.34273635,7.99069352],[73.33867593,7.98647143],[73.33662266,7.98438245],[73.33247094,7.9802496],[73.33037251,7.97820574],[73.32613146,7.97416409],[73.32398886,7.97216632],[73.31966051,7.96821779],[73.31747477,7.96626705],[73.31306116,7.96241351],[73.31196346,7.96146548],[73.30975784,7.95958126],[73.30867187,7.95866342],[73.30750953,7.95770255],[73.30521839,7.95583006],[73.30406766,7.95490011],[73.29948989,7.95124201],[73.29718104,7.94943784],[73.29252443,7.94588008],[73.29017671,7.94412651],[73.28544348,7.94067079],[73.283058,7.93896866],[73.27825041,7.93561661],[73.27582831,7.93396672],[73.27094863,7.93071995],[73.26849107,7.92912308],[73.26354162,7.92598311],[73.26104976,7.92444003],[73.25603289,7.92140837],[73.25478418,7.92066294],[73.25227872,7.91918559],[73.25104124,7.91846474],[73.24973775,7.91772433],[73.24716131,7.91627976],[73.24586913,7.91556453],[73.24072462,7.91275373],[73.23813703,7.9113763],[73.23293234,7.90867796],[73.23031528,7.90735708],[73.2250529,7.90477248],[73.22240761,7.90350879],[73.21709002,7.90103916],[73.21441776,7.89983325],[73.2090475,7.89747977],[73.20634953,7.89633221],[73.20092915,7.89409599],[73.19820676,7.89300734],[73.19273883,7.89088944],[73.1913761,7.89037006],[73.18864506,7.88934606],[73.18729101,7.88884661],[73.18588851,7.88834656],[73.18310666,7.88737198],[73.18171308,7.8868923],[73.17615786,7.885014],[73.17337,7.88410504],[73.16777508,7.8823479],[73.16496804,7.88149974],[73.15933607,7.87986461],[73.15651117,7.87907765],[73.15084483,7.87756529],[73.14800342,7.8768399],[73.14230541,7.87545104],[73.13944883,7.87478757],[73.13372184,7.87352286],[73.13085145,7.87292163],[73.1250982,7.87178168],[73.1236621,7.8715052],[73.12078696,7.87096783],[73.1193555,7.87070826],[73.11840153,7.87054412],[73.11650761,7.87022523],[73.11556009,7.87006916],[73.11178333,7.86946084],[73.11083859,7.86931211],[73.10894806,7.86902133],[73.10800229,7.8688793],[73.10209485,7.86801348],[73.10087958,7.86784101],[73.09844749,7.86750711],[73.09723069,7.86734569],[73.09236077,7.86672217],[73.08992298,7.86643256],[73.08504247,7.86589773],[73.08259979,7.86565251],[73.07771032,7.86520655],[73.07526357,7.86500581],[73.07036676,7.86464886],[73.06791674,7.86449265],[73.06301422,7.86422484],[73.06056164,7.86411322],[73.0556548,7.86393462],[73.05320058,7.86386764],[73.04829106,7.86377833],[73.04706355,7.86376158],[73.04460839,7.86373925],[73.04338076,7.86373367],[73.03774497,7.86373367],[73.03606759,7.86374409],[73.03271307,7.86378579],[73.03103596,7.86381706],[73.024329,7.8639838],[73.02097669,7.86410884],[73.01427621,7.86444222],[73.01092806,7.86465055],[73.00423822,7.86515034],[73.00256644,7.86528569],[72.99922465,7.86557714],[72.99755468,7.86573325],[72.99166985,7.86632026],[72.99042073,7.86645073],[72.98792374,7.86672329],[72.9866759,7.86686537],[72.98168741,7.8674569],[72.97919594,7.86777588],[72.97421938,7.86846015],[72.97173431,7.86882544],[72.96677142,7.86960221],[72.9655277,7.86980282],[72.96304218,7.87021564],[72.96179282,7.87042919],[72.96023673,7.87071211],[72.95711288,7.87129901],[72.95555271,7.87160165],[72.94930443,7.8728519],[72.94618772,7.87351391],[72.93997086,7.87491133],[72.93687073,7.87564673],[72.93068876,7.87719054],[72.92914547,7.87758563],[72.92606366,7.87839401],[72.92452518,7.87880729],[72.91569688,7.88123472],[72.91440678,7.88159634],[72.91183022,7.88233237],[72.91054379,7.88270678],[72.9054058,7.88422987],[72.90284442,7.88501692],[72.89773784,7.88664173],[72.89519267,7.88747948],[72.89011953,7.88920538],[72.88884607,7.88964572],[72.88630363,7.8905391],[72.88502039,7.89099731],[72.88366633,7.89149675],[72.88093528,7.89252075],[72.87957255,7.89304013],[72.87410458,7.89515803],[72.87138218,7.89624668],[72.86596177,7.8984829],[72.86326379,7.89963046],[72.8578935,7.90198394],[72.85522123,7.90318985],[72.84990361,7.90565947],[72.84725831,7.90692317],[72.8419959,7.90950776],[72.83937882,7.91082864],[72.83417411,7.91352698],[72.83158651,7.91490441],[72.82644197,7.91771521],[72.82514978,7.91843044],[72.82257332,7.91987501],[72.82126982,7.92061542],[72.82066684,7.92097224],[72.81856638,7.92209435],[72.81342175,7.92490515],[72.81212953,7.92562038],[72.80955301,7.92706496],[72.80824946,7.92780539],[72.80701197,7.92852622],[72.80450648,7.93000356],[72.80325775,7.93074897],[72.79824077,7.93378063],[72.79574886,7.93532371],[72.79079929,7.93846367],[72.78834167,7.94006054],[72.78346188,7.94330731],[72.78103973,7.9449572],[72.77623202,7.94830924],[72.77384649,7.95001137],[72.76911315,7.95346709],[72.76676537,7.95522065],[72.76210866,7.9587784],[72.75979975,7.96058257],[72.75522187,7.96424067],[72.75407111,7.96517063],[72.75177989,7.96704314],[72.75061748,7.96800404],[72.74953153,7.96892184],[72.74732589,7.97080604],[72.74622817,7.97175406],[72.74181446,7.97560759],[72.73962867,7.97755833],[72.73530021,7.98150686],[72.73315756,7.98350463],[72.72891641,7.98754627],[72.72681793,7.98959013],[72.72266611,7.99372297],[72.72061279,7.99581194],[72.71655228,8.00003403],[72.7145451,8.00216712],[72.71057782,8.00647644],[72.70861774,8.00865264],[72.70474559,8.01304714],[72.70377221,8.01416417],[72.70183785,8.01640889],[72.70085484,8.01756274],[72.69995044,8.01864807],[72.69810961,8.02088094],[72.69719524,8.02200231],[72.69351883,8.02656088],[72.69170554,8.02886012],[72.68812964,8.0334975],[72.68636705,8.0358356],[72.68289338,8.04054957],[72.68118232,8.04292542],[72.67781252,8.04771376],[72.67615381,8.05012622],[72.6728895,8.05498664],[72.67128392,8.05743458],[72.66812665,8.06236478],[72.66657498,8.06484702],[72.66352625,8.06984465],[72.66276086,8.07111507],[72.66124418,8.07366428],[72.66047343,8.07497663],[72.66006186,8.07569169],[72.65920462,8.07719168],[72.65877843,8.07794305],[72.657045,8.08102208],[72.65618846,8.08256727],[72.65449582,8.08566877],[72.65365975,8.08722506],[72.6520082,8.09034849],[72.65119274,8.09191561],[72.64958257,8.09506044],[72.64878787,8.09663812],[72.64721936,8.0998038],[72.64644556,8.10139177],[72.64491897,8.10457774],[72.6441662,8.10617572],[72.64268181,8.10938144],[72.64231336,8.11018408],[72.64158175,8.11179179],[72.64121861,8.11259682],[72.63754769,8.12080669],[72.63387539,8.12901962],[72.63020306,8.13723258],[72.62653074,8.14544554],[72.62285841,8.15365849],[72.61918606,8.16187145],[72.61551372,8.17008439],[72.61184135,8.17829738],[72.60816898,8.18651034],[72.6044966,8.19472331],[72.60082421,8.20293628],[72.59715182,8.21114924],[72.59347941,8.21936224],[72.58980699,8.22757522],[72.58613457,8.23578819],[72.58246213,8.24400119],[72.57878969,8.25221418],[72.57511723,8.26042718],[72.57144477,8.26864017],[72.56777231,8.27685315],[72.56409982,8.28506617],[72.56042733,8.29327918],[72.55675484,8.30149217],[72.55308233,8.3097052],[72.54940981,8.31791821],[72.54573728,8.32613123],[72.54206475,8.33434424],[72.53839221,8.34255725],[72.53471965,8.35077029],[72.53104709,8.35898332],[72.52737452,8.36719633],[72.52370193,8.37540939],[72.52002934,8.38362242],[72.51635675,8.39183546],[72.51268414,8.4000485],[72.50901153,8.40826153],[72.50533889,8.4164746],[72.50166626,8.42468765],[72.49799361,8.4329007],[72.49432096,8.44111376],[72.4906483,8.44932681],[72.48697562,8.45753989],[72.48330294,8.46575295],[72.47963025,8.473966],[72.47595755,8.48217909],[72.47228484,8.49039217],[72.46861212,8.49860524],[72.46493939,8.50681833],[72.46126666,8.51503139],[72.45759391,8.5232445],[72.45392115,8.53145758],[72.4502484,8.53967066],[72.44657561,8.54788377],[72.44290283,8.55609687],[72.43923004,8.56430997],[72.43555724,8.57252308],[72.43188443,8.58073617],[72.42821161,8.58894929],[72.42453878,8.5971624],[72.42086595,8.6053755],[72.41719309,8.61358864],[72.41352024,8.62180176],[72.40984737,8.63001489],[72.4061745,8.63822801],[72.40250162,8.64644113],[72.39882872,8.65465428],[72.39515582,8.66286741],[72.3914829,8.67108055],[72.38780998,8.67929369],[72.38413706,8.68750682],[72.38046411,8.69571999],[72.37679117,8.70393314],[72.37311822,8.71214627],[72.36944524,8.72035945],[72.36577227,8.72857261],[72.36209928,8.73678577],[72.35842629,8.74499893],[72.35475329,8.75321209],[72.35108027,8.76142527],[72.34740725,8.76963845],[72.34373422,8.77785161],[72.34006117,8.7860648],[72.33638812,8.79427799],[72.33271507,8.80249117],[72.329042,8.81070436],[72.32536893,8.81891754],[72.32169583,8.82713075],[72.31802371,8.83534176],[72.31684025,8.83806879],[72.3165549,8.83869847],[72.3150813,8.84193559],[72.31466265,8.84286461],[72.31383245,8.84472581],[72.31342091,8.84565796],[72.31158254,8.84986512],[72.3111128,8.85095325],[72.31034195,8.85276083],[72.30897654,8.85567437],[72.30847836,8.85674975],[72.3074912,8.85890566],[72.30700241,8.85998575],[72.30333026,8.86819676],[72.29965712,8.87640997],[72.29598398,8.88462317],[72.29231081,8.89283641],[72.28863764,8.90104963],[72.28496446,8.90926285],[72.28129127,8.91747608],[72.27761808,8.92568929],[72.27691828,8.92748331],[72.27541038,8.93068298],[72.27394487,8.93390254],[72.2720911,8.93814576],[72.27027165,8.94211577],[72.26659843,8.950329],[72.26292519,8.95854225],[72.25925195,8.9667555],[72.25557869,8.97496874],[72.25190543,8.98318199],[72.24823217,8.99139523],[72.24455888,8.9996085],[72.24088559,9.00782176],[72.2372123,9.01603501],[72.23353898,9.02424829],[72.22986567,9.03246156],[72.22619234,9.04067483],[72.222519,9.0488881],[72.21884567,9.05710136],[72.2151723,9.06531465],[72.21149894,9.07352794],[72.20782557,9.0817412],[72.20415218,9.08995451],[72.20047879,9.0981678],[72.19680539,9.10638109],[72.19313198,9.11459439],[72.18945857,9.12280767],[72.18578513,9.13102099],[72.1821117,9.1392343],[72.17843825,9.1474476],[72.17476479,9.15566092],[72.17109134,9.16387421],[72.16741785,9.17208755],[72.16374437,9.18030087],[72.16007088,9.18851417],[72.15639737,9.19672752],[72.15272386,9.20494084],[72.14905034,9.21315418],[72.14537681,9.22136751],[72.14170328,9.22958083],[72.13802972,9.23779419],[72.13435616,9.24600753],[72.1306826,9.25422086],[72.12700902,9.26243423],[72.12333543,9.27064758],[72.11966184,9.27886093],[72.11598823,9.28707429],[72.11231463,9.29528763],[72.10864099,9.30350101],[72.10496736,9.31171438],[72.10129373,9.31992773],[72.09762007,9.32814112],[72.09394641,9.3363545],[72.09027274,9.34456788],[72.08659906,9.35278126],[72.08292538,9.36099462],[72.07925167,9.36920803],[72.07557797,9.37742142],[72.07190425,9.38563481],[72.06823053,9.39384821],[72.0645568,9.40206159],[72.06088305,9.41027501],[72.0572093,9.41848841],[72.05353554,9.4267018],[72.04986176,9.43491523],[72.04618798,9.44312864],[72.04251419,9.45134206],[72.03884039,9.45955548],[72.03516659,9.46776888],[72.03149276,9.47598232],[72.02781894,9.48419575],[72.02414511,9.49240917],[72.02047178,9.50062144],[72.01948791,9.50295584],[72.0186439,9.50477362],[72.01716462,9.50802238],[72.01633522,9.50988129],[72.01450553,9.51406749],[72.01418594,9.51480471],[72.01311014,9.51730691],[72.0100934,9.52384596],[72.00944914,9.5252641],[72.00577578,9.53347636],[72.00210188,9.54168983],[71.99842798,9.54990328],[71.99475408,9.55811672],[71.99108015,9.56633019],[71.98740622,9.57454365],[71.98373228,9.58275711],[71.98005833,9.59097058],[71.97638438,9.59918403],[71.9727104,9.60739752],[71.96903643,9.61561099],[71.96536244,9.62382447],[71.96168845,9.63203795],[71.95801445,9.64025142],[71.95434043,9.64846492],[71.95066641,9.65667841],[71.94699238,9.66489189],[71.94331833,9.6731054],[71.93964428,9.68131889],[71.93597022,9.6895324],[71.93229615,9.6977459],[71.92862208,9.70595939],[71.92494798,9.71417292],[71.92127389,9.72238643],[71.91759979,9.73059993],[71.91392566,9.73881346],[71.91025154,9.74702698],[71.9065774,9.75524051],[71.90290326,9.76345403],[71.89922911,9.77166755],[71.89555494,9.7798811],[71.89188077,9.78809463],[71.88820659,9.79630815],[71.88453239,9.80452171],[71.88085819,9.81273526],[71.87718398,9.8209488],[71.87350977,9.82916235],[71.86983554,9.83737589],[71.8661613,9.84558946],[71.86248871,9.85379933],[71.86203154,9.85483298],[71.86112597,9.85690412],[71.86067758,9.85794156],[71.85890168,9.8620987],[71.85803137,9.86418466],[71.85632625,9.86837085],[71.85549145,9.87047105],[71.8538576,9.8746851],[71.85344447,9.8757645],[71.85262757,9.8779268],[71.85220608,9.87905793],[71.85180456,9.88016566],[71.85097673,9.88248134],[71.85056816,9.88364105],[71.84892154,9.8883846],[71.8481206,9.890764],[71.84656371,9.89553725],[71.84580777,9.89793109],[71.84434117,9.90273239],[71.84363052,9.90513983],[71.84225472,9.90996749],[71.84158959,9.91238769],[71.84030509,9.91724002],[71.83968573,9.91967213],[71.83849297,9.92454743],[71.83791959,9.9269906],[71.83681901,9.93188718],[71.83654963,9.93311262],[71.83602244,9.93556599],[71.83576463,9.93679387],[71.83396529,9.94556902],[71.83216553,9.9543462],[71.83036575,9.96312339],[71.82856597,9.97190057],[71.82676617,9.98067776],[71.82496637,9.98945495],[71.82316656,9.99823213],[71.82136673,10.00700932],[71.81956689,10.01578652],[71.81776705,10.02456372],[71.81596719,10.03334091],[71.81416733,10.04211811],[71.81236746,10.05089529],[71.81056756,10.05967251],[71.80876767,10.06844972],[71.80696776,10.07722693],[71.80516784,10.08600414],[71.80336791,10.09478135],[71.80156798,10.10355856],[71.79976803,10.11233577],[71.79796807,10.12111299],[71.7961681,10.12989021],[71.79436812,10.13866743],[71.79256813,10.14744465],[71.79076814,10.15622187],[71.78896813,10.16499909],[71.78716811,10.17377632],[71.78536808,10.18255355],[71.78356804,10.19133078],[71.78176798,10.20010802],[71.77996793,10.20888525],[71.77816785,10.21766248],[71.77636777,10.22643972],[71.77456768,10.23521696],[71.77276758,10.24399421],[71.77096747,10.25277145],[71.76916734,10.26154869],[71.76736721,10.27032594],[71.76556707,10.27910319],[71.76376691,10.28788044],[71.76196675,10.29665769],[71.76016658,10.30543493],[71.75836639,10.3142122],[71.7565662,10.32298946],[71.75476599,10.33176672],[71.75296578,10.34054398],[71.75116555,10.34932125],[71.74936532,10.35809851],[71.74756507,10.36687578],[71.74576482,10.37565305],[71.74396455,10.38443032],[71.74216427,10.39320759],[71.74036398,10.40198487],[71.73856369,10.41076215],[71.73676338,10.41953942],[71.73496306,10.4283167],[71.73316273,10.43709399],[71.7313624,10.44587127],[71.72956205,10.45464856],[71.72776169,10.46342584],[71.72596132,10.47220313],[71.72416094,10.48098042],[71.72236055,10.48975772],[71.72056015,10.49853501],[71.71875974,10.50731231],[71.71695932,10.51608961],[71.71515888,10.52486691],[71.71335844,10.53364421],[71.71155799,10.54242151],[71.70975753,10.55119882],[71.70795706,10.55997611],[71.70615657,10.56875344],[71.70435608,10.57753075],[71.70255558,10.58630806],[71.70075506,10.59508538],[71.69895454,10.6038627],[71.697154,10.61264001],[71.69535346,10.62141734],[71.6935529,10.63019465],[71.69175234,10.63897198],[71.68995176,10.64774931],[71.68815117,10.65652664],[71.68635058,10.66530397],[71.68454997,10.6740813],[71.68274936,10.68285863],[71.68094873,10.69163596],[71.67914809,10.7004133],[71.67734744,10.70919064],[71.67554678,10.71796799],[71.67374611,10.72674533],[71.67194543,10.73552267],[71.67014474,10.74430001],[71.66834404,10.75307737],[71.66654333,10.76185472],[71.66474261,10.77063207],[71.66294188,10.77940942],[71.66114114,10.78818678],[71.65934039,10.79696413],[71.65753963,10.8057415],[71.65573886,10.81451884],[71.65393807,10.82329622],[71.65213728,10.83207359],[71.65033647,10.84085095],[71.64853566,10.84962832],[71.64673483,10.85840569],[71.644934,10.86718306],[71.64313315,10.87596044],[71.6413323,10.88473781],[71.63953143,10.89351519],[71.63773056,10.90229257],[71.63592967,10.91106995],[71.63412877,10.91984733],[71.63232787,10.92862472],[71.63052695,10.93740211],[71.62872602,10.94617949],[71.62692508,10.95495688],[71.62512413,10.96373428],[71.62332317,10.97251167],[71.6215222,10.98128907],[71.61972122,10.99006647],[71.61792023,10.99884386],[71.61611923,11.00762126],[71.61431822,11.01639867],[71.6125172,11.02517608],[71.61071617,11.03395348],[71.60891513,11.04273089],[71.60711407,11.0515083],[71.60531301,11.06028571],[71.60365299,11.06837569],[71.60091492,11.07609981],[71.5979241,11.08453689],[71.59493326,11.092974],[71.59194241,11.10141113],[71.58895156,11.10984823],[71.58596069,11.11828534],[71.58296981,11.12672248],[71.57997893,11.1351596],[71.57698804,11.14359671],[71.57399713,11.15203384],[71.57100621,11.16047098],[71.56801529,11.16890809],[71.56502436,11.17734522],[71.5620334,11.18578239],[71.55904246,11.19421951],[71.55605149,11.20265665],[71.55306051,11.21109381],[71.55006953,11.21953094],[71.54707854,11.2279681],[71.54408752,11.23640527],[71.54109652,11.2448424],[71.53810549,11.25327956],[71.53511445,11.26171674],[71.53212341,11.27015389],[71.52913236,11.27859105],[71.52614129,11.28702824],[71.52315022,11.29546539],[71.52015914,11.30390257],[71.51716804,11.31233976],[71.51417694,11.32077693],[71.51118583,11.3292141],[71.5081947,11.33765131],[71.50520357,11.34608848],[71.50221243,11.35452567],[71.49922127,11.36296288],[71.49623011,11.37140006],[71.49323894,11.37983725],[71.49024775,11.38827448],[71.48725656,11.39671166],[71.48426536,11.40514886],[71.48127414,11.41358609],[71.47828292,11.42202329],[71.47529169,11.43046051],[71.47230044,11.43889774],[71.4693092,11.44733494],[71.46631793,11.45577216],[71.46332665,11.46420941],[71.46033538,11.47264662],[71.45734408,11.48108385],[71.45435278,11.48952109],[71.45136147,11.49795831],[71.44837015,11.50639555],[71.44537881,11.51483281],[71.44238747,11.52327004],[71.43939612,11.53170728],[71.43640475,11.54014454],[71.43341338,11.5485818],[71.430422,11.55701904],[71.42743061,11.56545629],[71.42443921,11.57389357],[71.4214478,11.58233082],[71.41845638,11.59076808],[71.41546494,11.59920537],[71.41247351,11.60764261],[71.40948205,11.61607988],[71.40649058,11.62451718],[71.40349912,11.63295444],[71.40050764,11.64139173],[71.39751614,11.64982902],[71.39452465,11.65826629],[71.39153313,11.66670358],[71.3885416,11.67514089],[71.38555008,11.68357817],[71.38255854,11.69201546],[71.37956698,11.70045278],[71.37657542,11.70889007],[71.37358385,11.71732737],[71.37059227,11.72576469],[71.36760068,11.73420198],[71.36461043,11.74263547],[71.36422912,11.7437259],[71.36347601,11.74591],[71.36310422,11.74700363],[71.3616362,11.75138431],[71.36127396,11.75248106],[71.36055906,11.75467759],[71.3602064,11.75577736],[71.35766987,11.76380749],[71.35513229,11.7718409],[71.3525947,11.77987432],[71.35005709,11.78790777],[71.34751948,11.79594118],[71.34498186,11.80397462],[71.34244422,11.81200808],[71.33990659,11.82004149],[71.33736894,11.82807493],[71.33483128,11.83610839],[71.33229466,11.84413852],[71.331981,11.84514537],[71.33136169,11.84716151],[71.33105606,11.84817077],[71.32984964,11.85221243],[71.32926255,11.85423792],[71.32812071,11.85829774],[71.32756598,11.86033206],[71.32648901,11.86440906],[71.32596678,11.86645171],[71.32495496,11.87054486],[71.32446536,11.87259534],[71.32351893,11.87670365],[71.32283951,11.87982458],[71.32155627,11.8860815],[71.32091361,11.88943477],[71.32072228,11.89051555],[71.31896295,11.90061471],[71.3183393,11.90454403],[71.3172106,11.9124192],[71.31670555,11.91636501],[71.31605045,11.9221768],[71.31575508,11.92508619],[71.31522884,11.93091066],[71.31499797,11.9338257],[71.31460086,11.93966009],[71.31443461,11.94257939],[71.31416683,11.94842091],[71.31406529,11.9513431],[71.31392697,11.95718897],[71.31390007,11.9586837],[71.31386321,11.96167338],[71.3138532,11.96323433],[71.31385955,11.96459728],[71.31388764,11.96745506],[71.31390942,11.96888385],[71.31403021,11.9747301],[71.314123,11.97765256],[71.3143733,11.98349482],[71.31453083,11.98641459],[71.31491054,11.99225007],[71.31513274,11.99516576],[71.3156417,12.0009917],[71.31592846,12.00390192],[71.31656644,12.00971554],[71.31691764,12.01261891],[71.31768434,12.01841744],[71.31809982,12.02131257],[71.31899489,12.02709324],[71.31923202,12.02856939],[71.319723,12.03151901],[71.3199883,12.03305669],[71.3201848,12.03413111],[71.3206107,12.03640656],[71.32082863,12.03754337],[71.32174537,12.04221446],[71.32222481,12.04454599],[71.32322568,12.04920032],[71.3237471,12.0515231],[71.32483179,12.0561592],[71.32539505,12.0584725],[71.32656323,12.06308892],[71.32716814,12.06539201],[71.32841944,12.06998729],[71.32906582,12.07227944],[71.33039986,12.07685212],[71.33108751,12.07913262],[71.33250386,12.08368127],[71.33286309,12.0848169],[71.3335918,12.08708501],[71.33396126,12.08821745],[71.33677131,12.09670071],[71.33958015,12.10518033],[71.34238901,12.11366006],[71.34519767,12.12213922],[71.34800651,12.13061892],[71.35081521,12.13909825],[71.35362376,12.14757714],[71.3564325,12.15605665],[71.35924129,12.16453631],[71.36205003,12.17301586],[71.36341154,12.17699189],[71.36485857,12.18149484],[71.36631223,12.18576152],[71.36766734,12.18997457],[71.37047621,12.1984546],[71.37328481,12.20693384],[71.3760934,12.21541307],[71.37890196,12.22389225],[71.38171066,12.23237189],[71.38451933,12.24085145],[71.38732781,12.24933048],[71.39013635,12.25780971],[71.39294512,12.26628965],[71.39575385,12.27476952],[71.39856217,12.28324818],[71.40137072,12.29172753],[71.40417942,12.3002074],[71.40698794,12.30868674],[71.40979646,12.3171661],[71.41260497,12.32564547],[71.41541355,12.33412506],[71.41822193,12.3426041],[71.42103031,12.35108313],[71.42383903,12.35956326],[71.4266475,12.36804263],[71.42945599,12.37652211],[71.43226427,12.38500097],[71.43507276,12.3934805],[71.43788104,12.40195942],[71.44068964,12.41043935],[71.4434979,12.41891826],[71.44630634,12.42739777],[71.44911484,12.43587744],[71.45192326,12.44435693],[71.45473149,12.45283588],[71.45753975,12.46131493],[71.46034822,12.46979466],[71.46315667,12.47827434],[71.46596496,12.48675357],[71.46877332,12.49523304],[71.47158145,12.50371185],[71.47439115,12.51219545],[71.47474373,12.51324524],[71.47545771,12.51534197],[71.4758191,12.51638888],[71.47728223,12.52057052],[71.47766333,12.52164484],[71.47843482,12.52379029],[71.47884767,12.52492218],[71.47932889,12.52620274],[71.4803508,12.52888005],[71.48086903,12.53021601],[71.48301819,12.53566871],[71.48412308,12.53838351],[71.48639294,12.54378882],[71.48755791,12.54647928],[71.48994741,12.55183462],[71.49117192,12.55449947],[71.49367992,12.55980229],[71.4949634,12.56244023],[71.49758871,12.56768801],[71.49893054,12.5702978],[71.50167194,12.57548803],[71.50307149,12.57806843],[71.50592766,12.58319862],[71.50666368,12.58450331],[71.5081505,12.58710459],[71.50893167,12.58845292],[71.50963597,12.58963828],[71.51111875,12.59210473],[71.51186685,12.59333405],[71.51494847,12.59833688],[71.5165171,12.60082176],[71.51970928,12.60575732],[71.52133282,12.60820798],[71.52463405,12.6130739],[71.52631173,12.61548916],[71.52972044,12.62028313],[71.53145146,12.62266183],[71.53496603,12.62738157],[71.53674957,12.62972258],[71.54036834,12.63436582],[71.54220355,12.63666803],[71.5459248,12.64123256],[71.54687848,12.64238911],[71.54879892,12.64469175],[71.54980031,12.64587843],[71.55071046,12.64693334],[71.55261198,12.64911435],[71.55356869,12.65019983],[71.55748954,12.65460045],[71.55947444,12.65677973],[71.56349232,12.66109522],[71.56552528,12.66323142],[71.56753759,12.66530015],[71.56914121,12.66709992],[71.57112631,12.6692793],[71.57514438,12.67359479],[71.57717742,12.67573098],[71.58129061,12.67995929],[71.58337073,12.68205138],[71.58757708,12.68619047],[71.58970329,12.68823746],[71.59400081,12.69228537],[71.59617209,12.69428627],[71.60055872,12.69824107],[71.60277405,12.70019494],[71.60724771,12.70405473],[71.60838864,12.70502813],[71.61068146,12.70696248],[71.61186812,12.7079521],[71.61296119,12.7088437],[71.61522694,12.71067229],[71.61636481,12.71158059],[71.6210061,12.71524489],[71.62334713,12.71705214],[71.62806894,12.72061604],[71.63044967,12.72237266],[71.63524974,12.72583446],[71.63766904,12.72753962],[71.64254508,12.73089767],[71.6450018,12.73255054],[71.64995149,12.73580323],[71.65244444,12.73740303],[71.65746542,12.74054881],[71.65999343,12.74209478],[71.6650833,12.74513214],[71.66637515,12.74589347],[71.66896738,12.74740208],[71.67029839,12.74816674],[71.67154589,12.74886559],[71.67411001,12.75028448],[71.67539596,12.75098713],[71.68061631,12.75380337],[71.68324216,12.75518349],[71.68852403,12.75788712],[71.69118001,12.75921061],[71.69652087,12.76180033],[71.69920571,12.76306655],[71.70460301,12.76554114],[71.70731543,12.76674949],[71.7127666,12.76910775],[71.71550531,12.77025765],[71.72100773,12.77249847],[71.72377142,12.77358937],[71.72932248,12.77571166],[71.7307245,12.77623897],[71.73353441,12.7772784],[71.73496507,12.77779867],[71.73633319,12.7782796],[71.73912032,12.77924292],[71.74051653,12.77971716],[71.74615688,12.78159943],[71.74898753,12.78251032],[71.7546685,12.78427119],[71.75751878,12.78512117],[71.76323764,12.7867598],[71.76610619,12.78754846],[71.77186022,12.78906408],[71.77474566,12.78979104],[71.78053211,12.79118292],[71.78343307,12.79184783],[71.78924916,12.7931153],[71.79216426,12.79371785],[71.79800722,12.79486031],[71.79947561,12.7951392],[71.80241547,12.79568117],[71.80389905,12.79594634],[71.80534919,12.79618952],[71.80827637,12.79666445],[71.80974126,12.7968941],[71.81562957,12.79778495],[71.81857867,12.79819881],[71.82448544,12.79896319],[71.82744306,12.79931371],[71.83336546,12.79995125],[71.83633019,12.80023827],[71.84226539,12.80074867],[71.84523582,12.80097205],[71.85118097,12.80135506],[71.85415567,12.8015147],[71.86010795,12.80177014],[71.86308549,12.80186595],[71.86904204,12.8019937],[71.87202101,12.80202565],[71.87797899,12.80202565],[71.88095796,12.8019937],[71.88691451,12.80186595],[71.88989205,12.80177014],[71.89584433,12.8015147],[71.89881903,12.80135506],[71.90476418,12.80097205],[71.90773461,12.80074867],[71.91366981,12.80023827],[71.91663454,12.79995125],[71.92255694,12.79931371],[71.92551456,12.79896319],[71.93142133,12.79819881],[71.93437043,12.79778495],[71.94025874,12.7968941],[71.94172363,12.79666445],[71.94465081,12.79618952],[71.94610095,12.79594634],[71.94737052,12.79572045],[71.9498832,12.79526131],[71.95113843,12.79502596],[71.95613065,12.7940661],[71.95862217,12.79356333],[71.96359524,12.79251224],[71.96607676,12.79196393],[71.97102895,12.79082198],[71.97226567,12.79053081],[71.97473631,12.78993715],[71.9759702,12.78963468],[71.98152883,12.78824492],[71.98708806,12.78685502],[71.98873943,12.78643132],[71.99203665,12.78556366],[71.99368247,12.7851197],[72.00025371,12.78330358],[72.00352772,12.78235516],[72.0100505,12.78037814],[72.01329925,12.77934957],[72.01976948,12.77721291],[72.02137241,12.77667265],[72.02457133,12.77557261],[72.02614452,12.77502098],[72.02757516,12.77450071],[72.03038504,12.77346127],[72.03178704,12.77293397],[72.03733804,12.77081168],[72.0401017,12.76972078],[72.04560406,12.76747996],[72.04834274,12.76633006],[72.05379385,12.7639718],[72.05650624,12.76276345],[72.06190348,12.76028887],[72.0645883,12.75902264],[72.0699291,12.75643292],[72.07258505,12.75510943],[72.07786686,12.7524058],[72.08049268,12.75102568],[72.08571297,12.74820944],[72.08699891,12.74750679],[72.08956301,12.7460879],[72.09081051,12.74538904],[72.09207284,12.74466432],[72.0945286,12.74323702],[72.09575265,12.74251707],[72.1005732,12.73964798],[72.10296833,12.73818898],[72.10772734,12.73522268],[72.11009119,12.73371539],[72.11478663,12.73065314],[72.1171182,12.7290982],[72.12174806,12.72594132],[72.12404634,12.7243394],[72.12860866,12.72108923],[72.13087267,12.71944101],[72.13536548,12.71609896],[72.13759426,12.71440514],[72.14201566,12.71097263],[72.14311651,12.71010885],[72.14530909,12.70837017],[72.14640077,12.70749528],[72.153381,12.70184179],[72.16035832,12.69619066],[72.16733182,12.69054263],[72.17430636,12.68489376],[72.18128158,12.67924434],[72.1882577,12.6735942],[72.1952309,12.66794641],[72.20220576,12.66229729],[72.2091833,12.656646],[72.21010223,12.65589504],[72.21097598,12.65516845],[72.21213342,12.65419772],[72.21506315,12.65187447],[72.21639556,12.65080415],[72.2173536,12.6500246],[72.21803565,12.64946593],[72.21873187,12.64888796],[72.22107487,12.64692963],[72.2231301,12.64535013],[72.23010623,12.63969999],[72.23708,12.63405176],[72.2440569,12.628401],[72.2510342,12.62274992],[72.25800564,12.61710359],[72.26498145,12.61145371],[72.27195866,12.60580271]],[[73.03522715,8.06485108],[73.03774428,8.06481979],[73.04338146,8.06481979],[73.04522374,8.06483655],[73.04890769,8.06490357],[73.05258962,8.06503758],[73.05626831,8.06523854],[73.05994271,8.06550638],[73.06361159,8.06584101],[73.06727374,8.06624233],[73.07092793,8.06671019],[73.07275288,8.06696073],[73.07866313,8.06782696],[73.08008171,8.06804515],[73.08291563,8.0685016],[73.0843353,8.06874063],[73.08649411,8.0691441],[73.09081105,8.06999947],[73.09510826,8.07094845],[73.0993837,8.07199059],[73.10363533,8.07312538],[73.10786114,8.0743523],[73.11205911,8.07567076],[73.11622726,8.07708013],[73.11831179,8.07781042],[73.12036359,8.07857974],[73.12446614,8.08016889],[73.12853297,8.0818468],[73.13256214,8.0836127],[73.13655173,8.08546573],[73.14049985,8.08740502],[73.14440461,8.08942964],[73.14826417,8.09153863],[73.15019343,8.09262043],[73.15207669,8.093731],[73.15584036,8.09600569],[73.15955337,8.09836163],[73.16321398,8.1007977],[73.16682043,8.10331274],[73.17037102,8.10590554],[73.17386405,8.10857489],[73.17729787,8.11131952],[73.17901229,8.11272095],[73.18067083,8.1141381],[73.18398133,8.11702932],[73.18722781,8.11999178],[73.1904087,8.1230241],[73.19352251,8.12612481],[73.19656775,8.12929245],[73.19954296,8.13252551],[73.20244674,8.13582246],[73.20389314,8.13750159],[73.20455408,8.1382944],[73.20539263,8.13931079],[73.20646386,8.14031074],[73.20893848,8.14270103],[73.2113718,8.14513307],[73.21376312,8.14760615],[73.21611172,8.15011955],[73.21841694,8.15267254],[73.22067809,8.15526437],[73.22181014,8.15658482],[73.22319473,8.15826492],[73.22595166,8.16168489],[73.22863309,8.16516396],[73.23123777,8.16870048],[73.23376445,8.17229274],[73.23621192,8.17593906],[73.23857902,8.17963769],[73.24086462,8.18338688],[73.24199797,8.18529297],[73.24306763,8.18718484],[73.245187,8.19102977],[73.24722172,8.19491983],[73.24917083,8.19885319],[73.25103339,8.20282796],[73.2528085,8.20684226],[73.25449534,8.21089417],[73.25609309,8.21498178],[73.25687782,8.21705675],[73.25760098,8.21910313],[73.2590183,8.22325626],[73.26034437,8.2274392],[73.26157856,8.23164997],[73.26272028,8.23588654],[73.26303563,8.2370474],[73.26495719,8.24114084],[73.26673249,8.24515513],[73.26841949,8.24920703],[73.2700174,8.25329462],[73.27080225,8.25536969],[73.2713654,8.25695075],[73.27248091,8.26016745],[73.273025,8.26178048],[73.27582605,8.27032312],[73.27862754,8.27886705],[73.28142902,8.28741097],[73.28423051,8.29595489],[73.287032,8.30449881],[73.28983349,8.31304273],[73.292635,8.32158665],[73.29543651,8.33013059],[73.29823802,8.33867452],[73.30103953,8.34721844],[73.30384106,8.35576237],[73.30664258,8.36430631],[73.30944411,8.37285023],[73.31224565,8.38139416],[73.31504719,8.38993811],[73.31784874,8.39848204],[73.32065029,8.40702598],[73.32345184,8.41556992],[73.3262534,8.42411386],[73.32905497,8.4326578],[73.33185654,8.44120174],[73.33465811,8.44974569],[73.33745969,8.45828964],[73.34026128,8.46683359],[73.34306287,8.47537753],[73.34586446,8.48392147],[73.34866606,8.49246543],[73.35146767,8.50100939],[73.35426928,8.50955334],[73.35707089,8.51809729],[73.35987251,8.52664125],[73.36267413,8.53518521],[73.36547576,8.54372916],[73.36827739,8.55227312],[73.37107903,8.56081709],[73.37388068,8.56936105],[73.37668232,8.57790502],[73.37948398,8.58644898],[73.38228563,8.59499295],[73.38508729,8.60353691],[73.38788896,8.61208088],[73.39069064,8.62062485],[73.39349231,8.62916883],[73.39629399,8.6377128],[73.39909568,8.64625677],[73.40189737,8.65480074],[73.40469907,8.66334472],[73.40750077,8.6718887],[73.41030248,8.68043268],[73.41310419,8.68897667],[73.41590591,8.69752065],[73.41870763,8.70606463],[73.42150935,8.71460861],[73.42431108,8.72315259],[73.42711282,8.73169659],[73.42991456,8.74024058],[73.4327163,8.74878457],[73.43551805,8.75732856],[73.43831981,8.76587255],[73.44112157,8.77441654],[73.44392333,8.78296053],[73.4467251,8.79150454],[73.44952688,8.80004853],[73.45232866,8.80859253],[73.45513044,8.81713653],[73.45793223,8.82568053],[73.46073402,8.83422453],[73.46353583,8.84276854],[73.46633763,8.85131255],[73.46913944,8.85985655],[73.47194125,8.86840056],[73.47474307,8.87694457],[73.47754489,8.88548857],[73.48034672,8.89403259],[73.48314856,8.90257661],[73.48595039,8.91112062],[73.48875224,8.91966464],[73.49155408,8.92820866],[73.49435594,8.93675267],[73.49715779,8.94529669],[73.49995965,8.95384071],[73.50276152,8.96238474],[73.5055634,8.97092876],[73.50836527,8.97947279],[73.51116716,8.98801681],[73.51396904,8.99656083],[73.51677093,9.00510486],[73.51957283,9.0136489],[73.52237473,9.02219293],[73.52517664,9.03073696],[73.52797855,9.039281],[73.53078047,9.04782503],[73.53358238,9.05636906],[73.53638431,9.0649131],[73.53918625,9.07345715],[73.54198818,9.08200119],[73.54479012,9.09054523],[73.54759207,9.09908927],[73.55039402,9.10763332],[73.55319597,9.11617735],[73.55599793,9.1247214],[73.5587999,9.13326546],[73.56160187,9.14180951],[73.56440384,9.15035356],[73.56720582,9.15889761],[73.57000781,9.16744166],[73.5728098,9.17598571],[73.57561179,9.18452978],[73.57841379,9.19307383],[73.5812158,9.20161789],[73.58401781,9.21016195],[73.58681982,9.21870601],[73.58962184,9.22725007],[73.59242386,9.23579413],[73.59522589,9.2443382],[73.59802793,9.25288227],[73.60082997,9.26142634],[73.60363201,9.26997041],[73.60643405,9.27851447],[73.60923611,9.28705854],[73.61203817,9.29560262],[73.61484023,9.3041467],[73.6176423,9.31269077],[73.62044437,9.32123485],[73.62324645,9.32977893],[73.62604853,9.338323],[73.62885062,9.34686708],[73.63165272,9.35541117],[73.63445481,9.36395525],[73.63725692,9.37249934],[73.64005902,9.38104342],[73.64286114,9.38958751],[73.64566325,9.39813159],[73.64846537,9.40667568],[73.6512675,9.41521978],[73.65406964,9.42376387],[73.65687177,9.43230797],[73.65967392,9.44085206],[73.66247606,9.44939615],[73.66527821,9.45794025],[73.66808037,9.46648435],[73.67088253,9.47502845],[73.6736847,9.48357256],[73.67648687,9.49211666],[73.67928905,9.50066076],[73.68209123,9.50920486],[73.68489341,9.51774897],[73.68769561,9.52629308],[73.6904978,9.53483719],[73.6933,9.5433813],[73.69610221,9.55192542],[73.69890442,9.56046953],[73.70170663,9.56901363],[73.70450885,9.57755775],[73.70731108,9.58610188],[73.71011331,9.59464599],[73.71291555,9.60319011],[73.71571779,9.61173423],[73.71740386,9.61697277],[73.71852003,9.62027835],[73.71958638,9.62362887],[73.72059271,9.62699478],[73.72132228,9.62882247],[73.72412454,9.63736661],[73.7269268,9.64591073],[73.72972907,9.65445486],[73.73253134,9.66299899],[73.73533361,9.67154312],[73.73813589,9.68008724],[73.74093817,9.68863137],[73.74374047,9.69717552],[73.74654276,9.70571965],[73.74934506,9.71426379],[73.75214736,9.72280793],[73.75494967,9.73135206],[73.75775199,9.7398962],[73.76055431,9.74844034],[73.76335663,9.75698449],[73.76615896,9.76552863],[73.7689613,9.77407278],[73.77176364,9.78261693],[73.77456598,9.79116107],[73.77736833,9.79970521],[73.78017068,9.80824937],[73.78297304,9.81679353],[73.78577541,9.82533768],[73.78857778,9.83388183],[73.79138015,9.84242599],[73.79418252,9.85097014],[73.79698491,9.8595143],[73.7997873,9.86805847],[73.80258969,9.87660263],[73.80539209,9.88514679],[73.8081945,9.89369095],[73.8109969,9.90223512],[73.81379932,9.91077928],[73.81660173,9.91932344],[73.81940416,9.92786762],[73.82220659,9.93641179],[73.82500902,9.94495596],[73.82781146,9.95350014],[73.8306139,9.9620443],[73.83341635,9.97058848],[73.8362188,9.97913266],[73.83902126,9.98767684],[73.84182322,9.99621947],[73.84341968,10.00159093],[73.84630856,10.01241362],[73.84760096,10.01786483],[73.84942731,10.0266611],[73.85125388,10.03545844],[73.85308046,10.04425577],[73.85490704,10.05305312],[73.85673363,10.06185046],[73.85856022,10.07064779],[73.86038681,10.07944513],[73.86221341,10.08824247],[73.8640398,10.09703873],[73.86431422,10.09840851],[73.86484386,10.10115172],[73.86510448,10.10255551],[73.86558287,10.10549218],[73.8664608,10.11143923],[73.86715896,10.11740963],[73.86767671,10.12339804],[73.86789042,10.12639607],[73.86838942,10.13528492],[73.86888844,10.14417407],[73.86938747,10.15306322],[73.86988651,10.16195237],[73.87038555,10.17084153],[73.87088459,10.17973068],[73.87138364,10.18861982],[73.87188269,10.19750897],[73.87238175,10.20639812],[73.87288082,10.21528727],[73.87337989,10.22417642],[73.87387896,10.23306557],[73.87437805,10.24195473],[73.87487713,10.25084388],[73.87537622,10.25973303],[73.87587532,10.26862219],[73.87637442,10.27751134],[73.87687353,10.28640049],[73.87737264,10.29528964],[73.87787176,10.30417879],[73.87837088,10.31306795],[73.87887001,10.3219571],[73.87936914,10.33084626],[73.87986828,10.33973541],[73.88036742,10.34862457],[73.88086657,10.35751372],[73.88136572,10.36640289],[73.88186488,10.37529204],[73.88236404,10.38418119],[73.88286321,10.39307034],[73.88336239,10.4019595],[73.88386156,10.41084866],[73.88436075,10.41973781],[73.88485994,10.42862697],[73.88535913,10.43751613],[73.88585833,10.44640529],[73.88635754,10.45529445],[73.88685675,10.46418361],[73.88735597,10.47307277],[73.88785519,10.48196192],[73.88835441,10.49085108],[73.88885364,10.49974024],[73.88935288,10.5086294],[73.88985212,10.51751856],[73.89035137,10.52640772],[73.89085062,10.53529688],[73.89134988,10.54418604],[73.89184914,10.5530752],[73.89234841,10.56196437],[73.89284768,10.57085354],[73.89334696,10.57974269],[73.89384624,10.58863185],[73.89434553,10.59752101],[73.89484482,10.60641017],[73.89534412,10.61529934],[73.89584343,10.6241885],[73.89634274,10.63307766],[73.89684205,10.64196683],[73.89734137,10.65085599],[73.8978407,10.65974517],[73.89834003,10.66863433],[73.89883936,10.67752349],[73.8993387,10.68641265],[73.89983805,10.69530182],[73.9003374,10.70419098],[73.90083676,10.71308015],[73.90133612,10.72196931],[73.90183548,10.73085848],[73.90233486,10.73974765],[73.90283423,10.74863681],[73.90333362,10.75752599],[73.903833,10.76641516],[73.9043324,10.77530432],[73.90483179,10.78419349],[73.9053312,10.79308265],[73.90583059,10.80197151],[73.90594701,10.80472471],[73.9061035,10.81023328],[73.90614358,10.81302209],[73.90597705,10.81880648],[73.90592271,10.81974393],[73.90585733,10.82175884],[73.90573997,10.82445575],[73.90562062,10.82664325],[73.9055104,10.82832265],[73.90534262,10.83050972],[73.90510615,10.83320225],[73.90489018,10.83538469],[73.90470603,10.83705718],[73.90444218,10.83923277],[73.90408744,10.84191043],[73.90377508,10.84408365],[73.90351656,10.84575137],[73.90313929,10.84801245],[73.90265256,10.85072587],[73.90204436,10.85383117],[73.90168338,10.85552967],[73.90142214,10.85719912],[73.90055781,10.86150159],[73.89950441,10.86576268],[73.89798089,10.87138979],[73.89629302,10.87697089],[73.89444219,10.8825013],[73.89346533,10.88528287],[73.89269592,10.88730627],[73.89109017,10.89139498],[73.88939452,10.89544809],[73.88760976,10.89946367],[73.88573675,10.9034398],[73.88377637,10.90737458],[73.88172955,10.91126615],[73.87959726,10.91511265],[73.87849518,10.91704958],[73.87738053,10.91891224],[73.87508039,10.92266313],[73.87269795,10.92636351],[73.87023433,10.93001163],[73.86769071,10.93360574],[73.86506829,10.93714415],[73.86236833,10.94062515],[73.8595921,10.9440471],[73.85816834,10.94576281],[73.85674093,10.94740835],[73.85381616,10.95070732],[73.85081921,10.95394242],[73.84775148,10.95711212],[73.84461444,10.9602149],[73.84140958,10.96324928],[73.83813844,10.96621383],[73.83480255,10.96910712],[73.83310188,10.97054967],[73.83140353,10.97192778],[73.82794297,10.97467446],[73.82442253,10.97734586],[73.82243531,10.97878677],[73.8199451,10.98121313],[73.81354081,10.98745322],[73.80713562,10.99369418],[73.80073006,10.99993551],[73.79432582,11.00617556],[73.78792048,11.01241668],[73.78151507,11.01865787],[73.77511068,11.02489805],[73.76870646,11.03113809],[73.76230107,11.03737926],[73.75589584,11.04362028],[73.74949003,11.04986186],[73.74308569,11.05610202],[73.73668141,11.06234212],[73.73027608,11.06858324],[73.72387185,11.0748233],[73.71746664,11.0810643],[73.71106089,11.08730585],[73.70465705,11.09354553],[73.69825116,11.09978721],[73.69184666,11.10602753],[73.68544144,11.11226856],[73.67903765,11.11850819],[73.67263217,11.12474948],[73.666228,11.13098949],[73.65982297,11.13723035],[73.65341779,11.14347134],[73.64701349,11.14971148],[73.64060738,11.15595339],[73.63420321,11.16219341],[73.6277989,11.16843357],[73.62139324,11.17467504],[73.61498889,11.18091524],[73.60858349,11.18715647],[73.60217904,11.19339677],[73.59577399,11.19963766],[73.58937032,11.20587721],[73.58296512,11.21211824],[73.57656033,11.21835888],[73.57015532,11.22459974],[73.56375117,11.23083976],[73.55734517,11.23708158],[73.55093959,11.243323],[73.54453535,11.24956311],[73.53813123,11.25580311],[73.53172556,11.26204462],[73.52532112,11.26828493],[73.51891705,11.27452489],[73.51251152,11.28076626],[73.50610556,11.28700807],[73.49970197,11.29324755],[73.49329757,11.29948784],[73.48689238,11.3057289],[73.48048774,11.31196941],[73.4740824,11.31821062],[73.46767822,11.32445069],[73.46127314,11.33069165],[73.45486768,11.33693298],[73.44846366,11.3431729],[73.44205878,11.34941367],[73.43565458,11.35565377],[73.4292498,11.36189444],[73.42284455,11.36813557],[73.4164399,11.37437612],[73.41003463,11.38061727],[73.40362991,11.38685789],[73.39722412,11.39309956],[73.39081994,11.39933965],[73.38441592,11.4055796],[73.37801146,11.41181997],[73.37160704,11.41806031],[73.36520177,11.42430147],[73.35879681,11.43054234],[73.35239268,11.43678239],[73.34598803,11.44302296],[73.33958198,11.4492649],[73.33317907,11.45550377],[73.32677292,11.46174581],[73.32036901,11.46798566],[73.31396456,11.47422604],[73.3075591,11.48046741],[73.3011545,11.48670794],[73.29474965,11.49294871],[73.2883449,11.4991894],[73.28194026,11.50542998],[73.27553598,11.5116702],[73.2691302,11.5179119],[73.26272595,11.52415209],[73.25632259,11.53039142],[73.24991599,11.53663392],[73.24351162,11.54287424],[73.23710767,11.54911416],[73.23070285,11.55535492],[73.22429841,11.56159532],[73.21789351,11.56783617],[73.21148984,11.57407582],[73.20508444,11.58031715],[73.19867857,11.58655895],[73.19227533,11.59279818],[73.18587008,11.59903939],[73.17946493,11.60528049],[73.1730622,11.61151923],[73.16665527,11.61776207],[73.16200645,11.62229182],[73.16104452,11.62346365],[73.15991048,11.62482066],[73.15887513,11.62601855],[73.15674915,11.62843958],[73.15458429,11.63082691],[73.1523811,11.63317993],[73.15014013,11.63549803],[73.14786195,11.63778064],[73.14554714,11.64002717],[73.14319629,11.64223705],[73.14201193,11.64333275],[73.14018908,11.6449924],[73.13840595,11.64657792],[73.13480224,11.64970709],[73.1329638,11.65126554],[73.13126255,11.65264274],[73.12779389,11.65538939],[73.12426519,11.65806075],[73.12067815,11.66065556],[73.11703448,11.66317257],[73.1133359,11.66561058],[73.10958417,11.66796844],[73.10582987,11.67021582],[73.10502344,11.6708687],[73.09804379,11.67651929],[73.0910633,11.68217056],[73.08408431,11.68782063],[73.07710408,11.6934717],[73.07012307,11.69912339],[73.06314404,11.7047735],[73.05616468,11.71042386],[73.04918576,11.71607388],[73.04220488,11.72172547],[73.03522396,11.72737711],[73.02824488,11.73302725],[73.02126568,11.7386775],[73.01428495,11.74432898],[73.0073045,11.74998024],[73.00032493,11.75563079],[72.99334494,11.76128167],[72.98636554,11.76693208],[72.9793862,11.77258245],[72.97240485,11.77823444],[72.96542537,11.78388492],[72.95844583,11.78953545],[72.95146455,11.79518738],[72.9444856,11.80083743],[72.93750559,11.80648835],[72.93052681,11.81213827],[72.92354641,11.8177895],[72.91656619,11.82344058],[72.90958592,11.82909171],[72.90260642,11.83474222],[72.89562733,11.84039239],[72.88864692,11.84604364],[72.88166685,11.85169461],[72.87468797,11.85734461],[72.86770711,11.86299622],[72.86072704,11.8686472],[72.85374823,11.87429715],[72.84676793,11.87994831],[72.83978771,11.88559941],[72.83280748,11.89125052],[72.82582869,11.89690046],[72.81884817,11.9025518],[72.81186836,11.90820257],[72.80488757,11.91385414],[72.79790853,11.91950428],[72.79092776,11.92515584],[72.78394927,11.93080554],[72.77696995,11.93645593],[72.76998912,11.94210753],[72.76301054,11.94775731],[72.75603,11.95340867],[72.74904905,11.95906038],[72.74207096,11.96470977],[72.73508942,11.97036195],[72.72810975,11.97601262],[72.72112986,11.98166347],[72.71415026,11.98731408],[72.70717139,11.99296411],[72.70019131,11.99861512],[72.69321211,12.00426542],[72.68623035,12.00991778],[72.67925342,12.01556625],[72.67227161,12.02121866],[72.66529045,12.02687054],[72.65831197,12.03252026],[72.65133374,12.03816978],[72.6443521,12.04382205],[72.6373729,12.04947236],[72.63039321,12.05512306],[72.62341428,12.06077315],[72.61643582,12.06642286],[72.60945372,12.07207551],[72.60247409,12.07772617],[72.59549373,12.08337742],[72.58851475,12.08902755],[72.58153616,12.09467737],[72.57455536,12.10032898],[72.56761402,12.10594864],[72.56757525,12.10598003],[72.5605953,12.11163095],[72.55361466,12.11728244],[72.54663596,12.12293235],[72.5396567,12.12858272],[72.53267577,12.13423444],[72.52569602,12.13988521],[72.51871606,12.14553615],[72.51173739,12.15118604],[72.50475747,12.15683695],[72.49777745,12.16248794],[72.49079827,12.16813825],[72.48381799,12.17378945],[72.4768375,12.17944083],[72.46985757,12.18509175],[72.46287965,12.19074105],[72.45590041,12.19639141],[72.44891999,12.20204273],[72.44193987,12.20769381],[72.43495937,12.2133452],[72.42798093,12.21899492],[72.42100066,12.22464613],[72.4140206,12.23029717],[72.40704045,12.23594827],[72.40006121,12.24159865],[72.39308241,12.24724867],[72.38610238,12.25289968],[72.3791213,12.25855155],[72.3721428,12.26420133],[72.36516268,12.26985242],[72.35818335,12.27550287],[72.35120408,12.28115328],[72.34422397,12.28680437],[72.33724308,12.29245609],[72.33026445,12.29810598],[72.32328534,12.30375626],[72.31630522,12.30940736],[72.30932586,12.31505785],[72.306493,12.3172593],[72.30309685,12.32009789],[72.3023461,12.32070866],[72.2990623,12.32331178],[72.29536779,12.3263583],[72.28838644,12.33201039],[72.28140716,12.33766082],[72.27442709,12.34331188],[72.26744749,12.34896257],[72.26046755,12.35461354],[72.25348815,12.36026406],[72.24650975,12.36591378],[72.23952871,12.37156564],[72.23255091,12.37721487],[72.2255692,12.38286727],[72.21858987,12.38851775],[72.21161003,12.39416864],[72.20463014,12.39981957],[72.19765031,12.40547045],[72.19067149,12.41112052],[72.18369302,12.41677031],[72.17671183,12.4224223],[72.16973237,12.42807289],[72.16275312,12.4337233],[72.15577306,12.43937438],[72.148793,12.44502546],[72.14181408,12.45067562],[72.1348341,12.45632663],[72.12785487,12.46197704],[72.12087425,12.46762858],[72.11389575,12.4732784],[72.10691424,12.47893066],[72.09993572,12.4845805],[72.09295651,12.4902309],[72.08597641,12.49588202],[72.07899673,12.5015328],[72.07201833,12.50718254],[72.06503767,12.51283412],[72.05805853,12.51848447],[72.05107966,12.5241346],[72.04409815,12.52978687],[72.03711877,12.53543742],[72.03014001,12.54108746],[72.02316007,12.54673846],[72.016178,12.55239119],[72.0145339,12.55369443],[72.01121861,12.55626728],[72.00784988,12.5587723],[72.00442915,12.56120843],[72.00095789,12.5635746],[71.99743758,12.56586983],[71.99386971,12.56809313],[71.99025582,12.57024354],[71.98842051,12.57131008],[71.98649261,12.57237678],[71.98257925,12.57448754],[71.97861989,12.57651389],[71.9746164,12.57845486],[71.9705707,12.58030951],[71.96648471,12.58207697],[71.96437664,12.58284508],[71.9623366,12.58370137],[71.96026302,12.58454553],[71.95819457,12.58533355],[71.95609786,12.58612449],[71.9536916,12.58693731],[71.95187301,12.58754306],[71.94882648,12.58848195],[71.94760785,12.5888411],[71.94395768,12.59003345],[71.93903266,12.59139453],[71.93656147,12.5920448],[71.93100482,12.59343401],[71.925447,12.59482351],[71.92359534,12.59526842],[71.91988386,12.59612425],[71.91615677,12.59691198],[71.91241537,12.59763133],[71.91053452,12.59797504],[71.90833852,12.59833135],[71.90392561,12.59899899],[71.89949891,12.59957184],[71.89506052,12.60004963],[71.89061256,12.60043214],[71.88615715,12.60071918],[71.88169642,12.60091062],[71.8772325,12.60100636],[71.87276751,12.60100636],[71.86830358,12.60091062],[71.86384285,12.60071918],[71.85938744,12.60043214],[71.85493948,12.60004963],[71.85050109,12.59957184],[71.84607439,12.59899899],[71.84166148,12.59833135],[71.83946548,12.59797504],[71.83726448,12.59756926],[71.83288548,12.59671305],[71.82852657,12.59576316],[71.82418983,12.59472003],[71.81987733,12.59358415],[71.81559112,12.59235608],[71.81133325,12.59103638],[71.80710575,12.58962571],[71.8050125,12.58890222],[71.80291063,12.58812472],[71.7987499,12.58653413],[71.79462553,12.58485471],[71.79053951,12.58308725],[71.78649376,12.58123259],[71.78249023,12.57929163],[71.77853082,12.57726528],[71.77461742,12.57515452],[71.77268951,12.57408782],[71.77075189,12.57296034],[71.76693608,12.5706838],[71.7631718,12.56832598],[71.75946084,12.56588801],[71.75580499,12.56337104],[71.75220597,12.56077628],[71.7486655,12.55810497],[71.74518527,12.55535838],[71.7434798,12.5539824],[71.74176693,12.55253782],[71.73841212,12.54964463],[71.73512243,12.54668019],[71.73189943,12.54364592],[71.72874464,12.54054326],[71.72565958,12.5373737],[71.72264571,12.53413873],[71.71970446,12.53083991],[71.71830611,12.52923704],[71.71708503,12.52804343],[71.71400011,12.52487387],[71.71098638,12.5216389],[71.70804527,12.51834008],[71.70661239,12.51669755],[71.70517819,12.51497898],[71.70238648,12.51155719],[71.69967149,12.50807636],[71.6970345,12.50453814],[71.69447676,12.50094421],[71.69199949,12.49729629],[71.68960388,12.49359611],[71.68729104,12.48984545],[71.68617245,12.48798664],[71.6850621,12.48604608],[71.68291809,12.48219982],[71.68086005,12.47830849],[71.67888894,12.47437397],[71.67700571,12.47039811],[71.67521124,12.46638281],[71.67350639,12.46232999],[71.67189196,12.45824157],[71.67112005,12.45622274],[71.67054459,12.45462542],[71.66944519,12.45148995],[71.66890866,12.44991777],[71.6660928,12.44143467],[71.66327723,12.43295245],[71.66046221,12.42447194],[71.65764678,12.41599017],[71.65483151,12.40750891],[71.65201599,12.39902692],[71.64920077,12.39054582],[71.64638556,12.38206478],[71.64357007,12.37358291],[71.64075483,12.36510182],[71.63793948,12.3566204],[71.63512416,12.34813908],[71.63230888,12.33965789],[71.6294933,12.33117583],[71.62667814,12.32269504],[71.62386284,12.31421384],[71.62104747,12.30573245],[71.61823188,12.29725042],[71.6154164,12.2887687],[71.61260124,12.28028797],[71.60978582,12.2718065],[71.60697036,12.26332491],[71.60415491,12.25484335],[71.6013395,12.24636192],[71.59852427,12.23788106],[71.59570866,12.22939908],[71.59289319,12.22091751],[71.59007773,12.21243601],[71.58726225,12.20395445],[71.58444715,12.19547406],[71.58163136,12.18699159],[71.57881611,12.17851074],[71.57600065,12.17002931],[71.57318523,12.161548],[71.57036982,12.15306676],[71.56755424,12.14458498],[71.56473865,12.13610322],[71.56192331,12.12762219],[71.55910772,12.11914043],[71.55629236,12.11065939],[71.55472858,12.10594864],[71.55347691,12.10217809],[71.55066136,12.09369652],[71.54784587,12.08521512],[71.54503045,12.07673395],[71.5422148,12.0682521],[71.5393994,12.05977102],[71.53658368,12.05128899],[71.53376822,12.04280774],[71.53095252,12.03432582],[71.52813653,12.02584301],[71.5275889,12.02414229],[71.52652439,12.02073152],[71.52552157,12.01730268],[71.52458076,12.01385686],[71.52370224,12.01039515],[71.5228863,12.00691862],[71.52213319,12.00342839],[71.52144313,11.99992554],[71.52112034,11.99820714],[71.52075265,11.9960072],[71.5200782,11.99167215],[71.51949998,11.98732364],[71.51901828,11.98296375],[71.51863331,11.97859455],[71.51834525,11.97421812],[71.51815424,11.96983654],[71.51806036,11.9654519],[71.51803768,11.96329621],[71.51806365,11.96106629],[71.5181641,11.95668179],[71.51836167,11.95230049],[71.51865625,11.94792447],[71.5190477,11.94355582],[71.51953583,11.93919662],[71.52037807,11.93328962],[71.52166783,11.92585342],[71.52176811,11.9252851],[71.52272511,11.92060363],[71.52343282,11.9175219],[71.5241896,11.9144515],[71.52499527,11.91139318],[71.52584963,11.90834772],[71.52675247,11.90531584],[71.52721597,11.90380341],[71.52974693,11.89577317],[71.53227842,11.88774124],[71.5348099,11.87970932],[71.53734137,11.87167742],[71.53987285,11.86364549],[71.54240431,11.85561357],[71.54493577,11.84758167],[71.54746723,11.83954974],[71.54999869,11.83151783],[71.55253013,11.82348593],[71.55506105,11.81545569],[71.55559619,11.81380791],[71.55669516,11.81052166],[71.55725899,11.8088832],[71.56024343,11.80044956],[71.56322855,11.792014],[71.56621366,11.78357842],[71.56919878,11.77514285],[71.57218388,11.76670729],[71.57516898,11.75827172],[71.57815408,11.74983615],[71.58113916,11.7414006],[71.58412425,11.73296503],[71.58710934,11.72452947],[71.59009441,11.71609392],[71.59307948,11.70765835],[71.59606455,11.6992228],[71.5990496,11.69078725],[71.60203466,11.68235169],[71.60501971,11.67391613],[71.60800475,11.6654806],[71.6109898,11.65704504],[71.61397483,11.64860949],[71.61695986,11.64017395],[71.61994489,11.63173839],[71.62292991,11.62330285],[71.62591492,11.61486732],[71.62889994,11.60643177],[71.63188494,11.59799622],[71.63486994,11.58956069],[71.63785494,11.58112516],[71.64083993,11.57268961],[71.64382492,11.56425408],[71.6468099,11.55581855],[71.64979487,11.54738301],[71.65277984,11.53894748],[71.65576481,11.53051196],[71.65874977,11.52207642],[71.66173473,11.51364089],[71.66471968,11.50520538],[71.66770462,11.49676985],[71.67068957,11.48833432],[71.6736745,11.47989881],[71.67665943,11.47146328],[71.67964436,11.46302776],[71.68262928,11.45459225],[71.6856142,11.44615673],[71.68859911,11.43772121],[71.69158401,11.42928571],[71.69456892,11.42085019],[71.69755381,11.41241468],[71.7005387,11.40397917],[71.70352359,11.39554366],[71.70650847,11.38710815],[71.70949334,11.37867266],[71.71247822,11.37023714],[71.71546309,11.36180164],[71.71844795,11.35336614],[71.7214328,11.34493064],[71.72441766,11.33649514],[71.7274025,11.32805965],[71.73038735,11.31962414],[71.73337218,11.31118865],[71.73635701,11.30275317],[71.73934184,11.29431766],[71.74232666,11.28588217],[71.74531148,11.27744669],[71.74829629,11.2690112],[71.7512811,11.26057571],[71.7542659,11.25214023],[71.7572507,11.24370473],[71.76023549,11.23526925],[71.76322027,11.22683378],[71.76620506,11.21839829],[71.76918984,11.20996281],[71.77217461,11.20152734],[71.77515937,11.19309187],[71.77814414,11.18465638],[71.7811289,11.17622091],[71.78411365,11.16778545],[71.7870984,11.15934996],[71.79008314,11.15091449],[71.79306787,11.14247904],[71.79605261,11.13404356],[71.79903734,11.12560809],[71.80040184,11.12175173],[71.80122819,11.11771124],[71.80302312,11.10893485],[71.80481804,11.10015847],[71.80661295,11.09138208],[71.80840786,11.0826057],[71.81020276,11.07382931],[71.81199766,11.06505293],[71.81379255,11.05627655],[71.81558744,11.04750016],[71.81738232,11.03872378],[71.8191772,11.02994741],[71.82097207,11.02117103],[71.82276694,11.01239465],[71.8245618,11.00361827],[71.82635666,10.99484189],[71.82815151,10.98606552],[71.82994636,10.97728915],[71.8317412,10.96851277],[71.83353603,10.9597364],[71.83533086,10.95096003],[71.83712569,10.94218366],[71.83892051,10.93340729],[71.84071533,10.92463092],[71.84251013,10.91585455],[71.84430494,10.90707818],[71.84609974,10.89830182],[71.84789453,10.88952545],[71.84968932,10.88074909],[71.85148411,10.87197273],[71.85327889,10.86319636],[71.85507366,10.85441999],[71.85686843,10.84564364],[71.85866319,10.83686728],[71.86045795,10.82809092],[71.8622527,10.81931457],[71.86404745,10.81053821],[71.86584219,10.80176185],[71.86763693,10.7929855],[71.86943166,10.78420914],[71.87122639,10.77543279],[71.87302111,10.76665644],[71.87481583,10.75788009],[71.87661054,10.74910374],[71.87840525,10.74032739],[71.88019995,10.73155104],[71.88199464,10.72277469],[71.88378933,10.71399835],[71.88558402,10.705222],[71.8873787,10.69644566],[71.88917338,10.68766931],[71.89096805,10.67889297],[71.89276271,10.67011663],[71.89455737,10.66134029],[71.89635203,10.65256395],[71.89814668,10.64378761],[71.89994132,10.63501127],[71.90173596,10.62623493],[71.90353059,10.61745859],[71.90532522,10.60868226],[71.90711985,10.59990591],[71.90891446,10.59112959],[71.91070908,10.58235326],[71.91250369,10.57357692],[71.91429829,10.56480059],[71.91609289,10.55602427],[71.91788748,10.54724794],[71.91968207,10.53847161],[71.92147665,10.52969528],[71.92327123,10.52091895],[71.9250658,10.51214263],[71.92686037,10.5033663],[71.92865493,10.49458998],[71.93044948,10.48581366],[71.93224404,10.47703734],[71.93403858,10.46826101],[71.93583312,10.45948469],[71.93762766,10.45070838],[71.93942219,10.44193206],[71.94121672,10.43315574],[71.94301124,10.42437943],[71.94480575,10.41560311],[71.94660026,10.40682679],[71.94839477,10.39805048],[71.95018927,10.38927417],[71.95198376,10.38049786],[71.95377825,10.37172155],[71.95557274,10.36294524],[71.95736722,10.35416893],[71.95916169,10.34539261],[71.96095616,10.33661631],[71.96275062,10.32784001],[71.96454508,10.3190637],[71.96633954,10.3102874],[71.96813398,10.30151109],[71.96992843,10.29273479],[71.97172287,10.28395849],[71.9735173,10.27518219],[71.97531173,10.26640589],[71.97710615,10.25762959],[71.97890057,10.24885329],[71.98069498,10.240077],[71.98248939,10.2313007],[71.98428379,10.22252441],[71.98607819,10.21374811],[71.98787258,10.20497182],[71.98966697,10.19619553],[71.99146135,10.18741924],[71.99325572,10.17864295],[71.9950501,10.16986666],[71.99684446,10.16109037],[71.99863882,10.15231408],[72.00043318,10.14353779],[72.00222753,10.13476151],[72.00402188,10.12598523],[72.00581622,10.11720894],[72.00761055,10.10843266],[72.00940488,10.09965637],[72.01119921,10.09088009],[72.01299353,10.08210382],[72.01478784,10.07332754],[72.01658215,10.06455126],[72.01837646,10.05577498],[72.02017076,10.0469987],[72.02196505,10.03822243],[72.02375934,10.02944615],[72.02555363,10.02066988],[72.02734791,10.01189361],[72.02914218,10.00311734],[72.03093645,9.99434106],[72.03273071,9.98556479],[72.03452476,9.97678956],[72.0349191,9.9749493],[72.03574244,9.97127637],[72.03663494,9.96761936],[72.0375963,9.96397954],[72.03862618,9.96035819],[72.0397242,9.95675658],[72.04089,9.95317596],[72.04212315,9.94961759],[72.04274647,9.9478714],[72.04335501,9.9462584],[72.04457886,9.94309717],[72.04585621,9.93995682],[72.04718669,9.93683823],[72.04786517,9.9352845],[72.05153325,9.92707446],[72.05520218,9.91886255],[72.05887109,9.91065065],[72.06254,9.90243875],[72.0662089,9.89422684],[72.0698778,9.88601495],[72.0735467,9.87780304],[72.07721559,9.86959115],[72.08088448,9.86137925],[72.08455336,9.85316735],[72.08822223,9.84495547],[72.09189111,9.83674358],[72.09555997,9.82853169],[72.09922884,9.8203198],[72.1028977,9.8121079],[72.10656655,9.80389603],[72.1102354,9.79568414],[72.11390425,9.78747225],[72.11757308,9.77926038],[72.12124192,9.7710485],[72.12491075,9.76283662],[72.12857957,9.75462475],[72.1322484,9.74641286],[72.13591721,9.738201],[72.13958602,9.72998912],[72.14325483,9.72177725],[72.14692363,9.71356538],[72.15059243,9.70535352],[72.15426122,9.69714165],[72.15793001,9.68892979],[72.1615988,9.68071791],[72.16526757,9.67250606],[72.16893635,9.6642942],[72.17260512,9.65608234],[72.17627388,9.64787048],[72.17994264,9.63965862],[72.1836114,9.63144677],[72.18728015,9.62323492],[72.1909489,9.61502306],[72.19461764,9.60681122],[72.19828637,9.59859937],[72.2019551,9.59038752],[72.20562383,9.58217568],[72.20929256,9.57396382],[72.21296127,9.56575199],[72.21662999,9.55754015],[72.2202987,9.5493283],[72.2239674,9.54111647],[72.2276361,9.53290463],[72.2313048,9.5246928],[72.23497349,9.51648096],[72.23864218,9.50826912],[72.24231085,9.5000573],[72.24597953,9.49184547],[72.24964821,9.48363363],[72.25331687,9.47542181],[72.25429727,9.47351505],[72.25561387,9.4703522],[72.25698553,9.46720999],[72.25923372,9.46235298],[72.26065419,9.45899816],[72.26432284,9.45078634],[72.26799149,9.44257451],[72.27166014,9.4343627],[72.27532877,9.42615088],[72.27899741,9.41793907],[72.28266604,9.40972725],[72.28633467,9.40151543],[72.29000329,9.39330363],[72.2936719,9.38509182],[72.29734052,9.37688],[72.30100912,9.3686682],[72.30467772,9.36045639],[72.30834632,9.35224459],[72.31201491,9.34403278],[72.3156835,9.33582097],[72.31935208,9.32760918],[72.32302066,9.31939738],[72.32668924,9.31118558],[72.33035781,9.30297379],[72.33402637,9.29476199],[72.33769493,9.2865502],[72.34136349,9.27833841],[72.34503204,9.27012661],[72.34870059,9.26191483],[72.35236913,9.25370304],[72.35603767,9.24549125],[72.3597062,9.23727947],[72.36337473,9.22906769],[72.36704325,9.22085591],[72.37071177,9.21264413],[72.37438029,9.20443234],[72.37804879,9.19622057],[72.3817173,9.1880088],[72.3853858,9.17979702],[72.38905429,9.17158525],[72.39272279,9.16337347],[72.39639127,9.15516171],[72.40005975,9.14694994],[72.40372823,9.13873816],[72.4073967,9.13052641],[72.41106517,9.12231464],[72.41473363,9.11410288],[72.41840209,9.10589112],[72.42207055,9.09767935],[72.42573899,9.0894676],[72.42940744,9.08125585],[72.43307588,9.07304408],[72.43674431,9.06483234],[72.44041274,9.05662058],[72.44408117,9.04840883],[72.44774959,9.04019708],[72.45141801,9.03198533],[72.45508642,9.02377359],[72.45875483,9.01556185],[72.46242324,9.00735009],[72.46609163,8.99913836],[72.46976002,8.99092662],[72.47342841,8.98271488],[72.4770968,8.97450314],[72.48076518,8.9662914],[72.48443355,8.95807967],[72.48810192,8.94986794],[72.49177029,8.94165621],[72.49543828,8.93344532],[72.49663321,8.93093652],[72.49738158,8.92917673],[72.49875908,8.92602068],[72.49965945,8.92401787],[72.50121158,8.9206639],[72.50199909,8.91880501],[72.50277573,8.91702019],[72.50644371,8.90880929],[72.51011206,8.90059756],[72.51378039,8.89238585],[72.51744872,8.88417412],[72.52111705,8.8759624],[72.52478538,8.86775069],[72.5284537,8.85953896],[72.53212201,8.85132725],[72.53579032,8.84311554],[72.53945863,8.83490382],[72.54312693,8.82669211],[72.54679523,8.8184804],[72.55046352,8.8102687],[72.55413181,8.80205699],[72.5578001,8.79384527],[72.56146837,8.78563358],[72.56513664,8.77742188],[72.56880492,8.76921017],[72.57247318,8.76099848],[72.57614144,8.75278678],[72.57980969,8.74457508],[72.58347795,8.73636339],[72.5871462,8.72815168],[72.59081443,8.71994],[72.59448267,8.71172831],[72.5981509,8.70351662],[72.60181913,8.69530493],[72.60548736,8.68709324],[72.60915557,8.67888156],[72.61282379,8.67066988],[72.616492,8.66245819],[72.6201602,8.65424651],[72.6238284,8.64603483],[72.6274966,8.63782316],[72.63116479,8.62961148],[72.63483298,8.6213998],[72.63850116,8.61318813],[72.64216933,8.60497646],[72.64583751,8.59676478],[72.64950568,8.58855312],[72.65317384,8.58034145],[72.656842,8.57212979],[72.66051015,8.56391812],[72.66417831,8.55570645],[72.66784645,8.5474948],[72.67151459,8.53928314],[72.67518273,8.53107147],[72.67885086,8.52285982],[72.68251898,8.51464816],[72.6861871,8.50643651],[72.68985522,8.49822486],[72.69352334,8.4900132],[72.69719144,8.48180156],[72.70085955,8.47358991],[72.70452765,8.46537826],[72.70819574,8.45716662],[72.71186383,8.44895496],[72.71553192,8.44074333],[72.7192,8.43253169],[72.72286808,8.42432004],[72.72653615,8.41610841],[72.73020421,8.40789677],[72.73387228,8.39968514],[72.73754033,8.3914735],[72.74120839,8.38326186],[72.74487644,8.37505024],[72.74854448,8.36683861],[72.75221252,8.35862697],[72.75588055,8.35041536],[72.75954858,8.34220373],[72.76321661,8.33399211],[72.76688463,8.32578048],[72.77055265,8.31756886],[72.77422066,8.30935724],[72.77788867,8.30114563],[72.78155668,8.292934],[72.78522467,8.28472239],[72.78889266,8.27651078],[72.79256065,8.26829917],[72.79622864,8.26008756],[72.79989662,8.25187594],[72.80356459,8.24366434],[72.80723256,8.23545274],[72.81090053,8.22724113],[72.81456849,8.21902953],[72.81823645,8.21081792],[72.8219044,8.20260633],[72.82557166,8.19439629],[72.82668409,8.19199151],[72.82897211,8.18721194],[72.83138561,8.18249404],[72.83392291,8.17784109],[72.83521124,8.17555031],[72.83634455,8.17364424],[72.83863009,8.16989505],[72.84099713,8.16619642],[72.84344454,8.1625501],[72.84597116,8.15895783],[72.84857577,8.15542131],[72.85125714,8.15194224],[72.85401399,8.14852226],[72.85539857,8.14684214],[72.85684502,8.145163],[72.85974886,8.14186605],[72.86272415,8.13863299],[72.86576946,8.13546535],[72.86888334,8.13236464],[72.87206431,8.12933234],[72.87531086,8.12636987],[72.87862144,8.12347866],[72.88028,8.12206152],[72.88199448,8.12066007],[72.88542838,8.11791545],[72.88892149,8.11524611],[72.89247216,8.1126533],[72.8960787,8.11013827],[72.89973939,8.1077022],[72.90345249,8.10534627],[72.90721624,8.10307157],[72.90909954,8.10196101],[72.91102885,8.10087921],[72.9148885,8.09877022],[72.9179349,8.09725994],[72.92054023,8.09569785],[72.92211815,8.0947711],[72.92404742,8.0936893],[72.927907,8.09158031],[72.93181179,8.08955569],[72.93575992,8.0876164],[72.93974954,8.08576337],[72.94377872,8.08399747],[72.94784557,8.08231956],[72.95194815,8.08073042],[72.95399996,8.07996109],[72.95590487,8.07929173],[72.9597113,8.07799671],[72.96354285,8.07677754],[72.96739801,8.0756347],[72.96933128,8.07508242],[72.97816346,8.07265385],[72.98047585,8.07204728],[72.98511441,8.07088888],[72.98977919,8.06984032],[72.99446757,8.06890219],[72.99681299,8.06846156],[72.99867657,8.06815204],[73.00240051,8.06756918],[73.00613472,8.06705574],[73.00987789,8.06661188],[73.01175154,8.06640736],[73.01763923,8.06582007],[73.02014679,8.06560137],[73.02516662,8.06522634],[73.03019445,8.06497619],[73.03522715,8.06485108]]]]},"geometry_name":"the_geom","properties":{"mrgid":49426,"geoname":"Indian 24 NM","pol_type":"24NM","mrgid_ter1":2128,"territory1":"India","mrgid_sov1":2128,"sovereign1":"India","iso_ter1":"IND","x_1":76.59275,"y_1":14.42012,"mrgid_eez":8480,"area_km2":121276,"iso_sov1":"IND","un_sov1":356,"un_ter1":356}}],"totalFeatures":2,"numberMatched":2,"numberReturned":2,"timeStamp":"2026-09-10T12:42:05.140Z","crs":{"type":"name","properties":{"name":"urn:ogc:def:crs:EPSG::4326"}}}